item_id,restaurant_id,name,category,veg_flag,price,description,tags,historical_attach_rate
I00001,R0001,Chicken Chettinad,main,non-veg,392,Spicy Chettinad chicken,main|non-veg|South Indian|popular,0.0
I00002,R0001,Masala Dosa,main,veg,168,Crispy crepe with potato filling,main|veg|South Indian|popular,0.0
I00003,R0001,Tomato Chutney,side,veg,42,Tangy tomato chutney,side|veg|South Indian,0.392
I00004,R0001,Coconut Chutney,side,veg,42,Fresh coconut chutney,side|veg|South Indian,0.203
I00005,R0001,Kesari,dessert,veg,70,Semolina sweet,dessert|veg|South Indian,0.343
I00006,R0001,Payasam,dessert,veg,84,Sweet milk pudding,dessert|veg|South Indian,0.304
I00007,R0001,Buttermilk,beverage,veg,49,Spiced yogurt drink,beverage|veg|South Indian,0.235
I00008,R0001,Filter Coffee,beverage,veg,56,South Indian filter coffee,beverage|veg|South Indian,0.185
I00009,R0002,Sandwich,main,veg,110,Grilled sandwich,main|veg|Fast Food|popular,0.0
I00010,R0002,Veg Wrap,main,veg,143,Vegetable stuffed wrap,main|veg|Fast Food|popular,0.0
I00011,R0002,Chicken Wrap,main,non-veg,198,Chicken stuffed wrap,main|non-veg|Fast Food|popular,0.0
I00012,R0002,Frankie,main,veg,132,Stuffed roll,main|veg|Fast Food|popular,0.0
I00013,R0002,Onion Rings,side,veg,99,Crispy onion rings,side|veg|Fast Food,0.159
I00014,R0002,Fries,side,veg,88,Crispy fries,side|veg|Fast Food,0.327
I00015,R0002,Brownie,dessert,veg,110,Chocolate brownie,dessert|veg|Fast Food,0.194
I00016,R0002,Ice Cream,dessert,veg,66,Vanilla ice cream,dessert|veg|Fast Food,0.189
I00017,R0002,Soft Drink,beverage,veg,55,Refreshing beverage,beverage|veg|Fast Food,0.292
I00018,R0002,Cold Coffee,beverage,veg,132,Iced coffee,beverage|veg|Fast Food,0.161
I00019,R0003,Veg Wrap,main,veg,143,Vegetable stuffed wrap,main|veg|Italian|popular,0.0
I00020,R0003,Frankie,main,veg,132,Stuffed roll,main|veg|Italian|popular,0.0
I00021,R0003,Chicken Wrap,main,non-veg,198,Chicken stuffed wrap,main|non-veg|Italian|popular,0.0
I00022,R0003,Sandwich,main,veg,110,Grilled sandwich,main|veg|Italian|popular,0.0
I00023,R0003,Fries,side,veg,88,Crispy fries,side|veg|Italian,0.114
I00024,R0003,Onion Rings,side,veg,99,Crispy onion rings,side|veg|Italian,0.175
I00025,R0003,Brownie,dessert,veg,110,Chocolate brownie,dessert|veg|Italian,0.169
I00026,R0003,Ice Cream,dessert,veg,66,Vanilla ice cream,dessert|veg|Italian,0.321
I00027,R0003,Soft Drink,beverage,veg,55,Refreshing beverage,beverage|veg|Italian,0.148
I00028,R0003,Cold Coffee,beverage,veg,132,Iced coffee,beverage|veg|Italian,0.396
I00029,R0004,Frankie,main,veg,114,Stuffed roll,main|veg|Fast Food|popular,0.0
I00030,R0004,Chicken Wrap,main,non-veg,171,Chicken stuffed wrap,main|non-veg|Fast Food|popular,0.0
I00031,R0004,Sandwich,main,veg,95,Grilled sandwich,main|veg|Fast Food|popular,0.0
I00032,R0004,Veg Wrap,main,veg,123,Vegetable stuffed wrap,main|veg|Fast Food|popular,0.0
I00033,R0004,Onion Rings,side,veg,85,Crispy onion rings,side|veg|Fast Food,0.313
I00034,R0004,Fries,side,veg,76,Crispy fries,side|veg|Fast Food,0.26
I00035,R0004,Brownie,dessert,veg,95,Chocolate brownie,dessert|veg|Fast Food,0.196
I00036,R0004,Ice Cream,dessert,veg,57,Vanilla ice cream,dessert|veg|Fast Food,0.309
I00037,R0004,Cold Coffee,beverage,veg,114,Iced coffee,beverage|veg|Fast Food,0.317
I00038,R0004,Soft Drink,beverage,veg,47,Refreshing beverage,beverage|veg|Fast Food,0.139
I00039,R0005,Chilli Chicken,main,non-veg,286,Spicy chicken preparation,main|non-veg|Chinese|popular,0.0
I00040,R0005,Hakka Noodles,main,veg,187,Stir-fried noodles,main|veg|Chinese|popular,0.0
I00041,R0005,Fried Rice,main,veg,198,Stir-fried rice with vegetables,main|veg|Chinese|popular,0.0
I00042,R0005,Manchurian,main,veg,220,Vegetable balls in gravy,main|veg|Chinese|popular,0.0
I00043,R0005,Chilli Potato,side,veg,121,Spicy potato fingers,side|veg|Chinese,0.267
I00044,R0005,Spring Roll,side,veg,99,Crispy vegetable rolls,side|veg|Chinese,0.281
I00045,R0005,Momos,side,veg,132,Steamed dumplings,side|veg|Chinese,0.131
I00046,R0005,Honey Noodles,dessert,veg,88,Crispy noodles with honey,dessert|veg|Chinese,0.139
I00047,R0005,Date Pancake,dessert,veg,110,Sweet pancake with dates,dessert|veg|Chinese,0.297
I00048,R0005,Soft Drink,beverage,veg,55,Refreshing beverage,beverage|veg|Chinese,0.352
I00049,R0005,Green Tea,beverage,veg,44,Hot green tea,beverage|veg|Chinese,0.314
I00050,R0006,Veg Wrap,main,veg,143,Vegetable stuffed wrap,main|veg|Fast Food|popular,0.0
I00051,R0006,Chicken Wrap,main,non-veg,198,Chicken stuffed wrap,main|non-veg|Fast Food|popular,0.0
I00052,R0006,Sandwich,main,veg,110,Grilled sandwich,main|veg|Fast Food|popular,0.0
I00053,R0006,Frankie,main,veg,132,Stuffed roll,main|veg|Fast Food|popular,0.0
I00054,R0006,Fries,side,veg,88,Crispy fries,side|veg|Fast Food,0.105
I00055,R0006,Onion Rings,side,veg,99,Crispy onion rings,side|veg|Fast Food,0.216
I00056,R0006,Brownie,dessert,veg,110,Chocolate brownie,dessert|veg|Fast Food,0.207
I00057,R0006,Ice Cream,dessert,veg,66,Vanilla ice cream,dessert|veg|Fast Food,0.277
I00058,R0006,Cold Coffee,beverage,veg,132,Iced coffee,beverage|veg|Fast Food,0.206
I00059,R0006,Soft Drink,beverage,veg,55,Refreshing beverage,beverage|veg|Fast Food,0.238
I00060,R0007,Fish and Chips,main,non-veg,385,Classic fish and chips,main|non-veg|Continental|popular,0.0
I00061,R0007,Grilled Chicken,main,non-veg,352,Herb grilled chicken,main|non-veg|Continental|popular,0.0
I00062,R0007,Veg Steak,main,veg,308,Grilled vegetable steak,main|veg|Continental|popular,0.0
I00063,R0007,Pasta Arrabbiata,main,veg,264,Spicy tomato pasta,main|veg|Continental|popular,0.0
I00064,R0007,Caesar Salad,side,veg,154,Classic Caesar salad,side|veg|Continental,0.343
I00065,R0007,Garlic Bread,side,veg,99,Garlic bread,side|veg|Continental,0.305
I00066,R0007,Mashed Potatoes,side,veg,110,Creamy mashed potatoes,side|veg|Continental,0.209
I00067,R0007,Tiramisu,dessert,veg,198,Classic Italian dessert,dessert|veg|Continental,0.366
I00068,R0007,Panna Cotta,dessert,veg,176,Italian custard,dessert|veg|Continental,0.336
I00069,R0007,Lemonade,beverage,veg,77,Fresh lemonade,beverage|veg|Continental,0.287
I00070,R0007,Iced Tea,beverage,veg,88,Refreshing iced tea,beverage|veg|Continental,0.353
I00071,R0008,Chilli Chicken,main,non-veg,286,Spicy chicken preparation,main|non-veg|Chinese|popular,0.0
I00072,R0008,Fried Rice,main,veg,198,Stir-fried rice with vegetables,main|veg|Chinese|popular,0.0
I00073,R0008,Manchurian,main,veg,220,Vegetable balls in gravy,main|veg|Chinese|popular,0.0
I00074,R0008,Hakka Noodles,main,veg,187,Stir-fried noodles,main|veg|Chinese|popular,0.0
I00075,R0008,Spring Roll,side,veg,99,Crispy vegetable rolls,side|veg|Chinese,0.168
I00076,R0008,Chilli Potato,side,veg,121,Spicy potato fingers,side|veg|Chinese,0.19
I00077,R0008,Momos,side,veg,132,Steamed dumplings,side|veg|Chinese,0.28
I00078,R0008,Date Pancake,dessert,veg,110,Sweet pancake with dates,dessert|veg|Chinese,0.344
I00079,R0008,Honey Noodles,dessert,veg,88,Crispy noodles with honey,dessert|veg|Chinese,0.315
I00080,R0008,Soft Drink,beverage,veg,55,Refreshing beverage,beverage|veg|Chinese,0.351
I00081,R0008,Green Tea,beverage,veg,44,Hot green tea,beverage|veg|Chinese,0.243
I00082,R0009,Egg Biryani,main,non-veg,242,Rice with boiled eggs and spices,main|non-veg|Biryani|popular,0.0
I00083,R0009,Chicken Biryani,main,non-veg,308,Fragrant basmati rice with tender chicken pieces,main|non-veg|Biryani|popular,0.0
I00084,R0009,Veg Biryani,main,veg,220,Flavorful rice with mixed vegetables,main|veg|Biryani|popular,0.0
I00085,R0009,Mutton Biryani,main,non-veg,385,Aromatic rice with succulent mutton,main|non-veg|Biryani|popular,0.0
I00086,R0009,Salan,side,veg,66,Spicy curry accompaniment,side|veg|Biryani,0.282
I00087,R0009,Raita,side,veg,44,Cooling yogurt with cucumber and spices,side|veg|Biryani,0.165
I00088,R0009,Double Ka Meetha,side,veg,88,Sweet bread pudding,side|veg|Biryani,0.231
I00089,R0009,Gulab Jamun,dessert,veg,66,Soft milk dumplings in sugar syrup,dessert|veg|Biryani,0.247
I00090,R0009,Khubani Ka Meetha,dessert,veg,99,Apricot dessert,dessert|veg|Biryani,0.187
I00091,R0009,Soft Drink,beverage,veg,55,Refreshing carbonated beverage,beverage|veg|Biryani,0.164
I00092,R0009,Lassi,beverage,veg,77,Thick yogurt drink,beverage|veg|Biryani,0.148
I00093,R0010,Chicken Wrap,main,non-veg,251,Chicken stuffed wrap,main|non-veg|Italian|popular,0.0
I00094,R0010,Veg Wrap,main,veg,182,Vegetable stuffed wrap,main|veg|Italian|popular,0.0
I00095,R0010,Onion Rings,side,veg,125,Crispy onion rings,side|veg|Italian,0.267
I00096,R0010,Fries,side,veg,112,Crispy fries,side|veg|Italian,0.379
I00097,R0010,Brownie,dessert,veg,140,Chocolate brownie,dessert|veg|Italian,0.187
I00098,R0010,Ice Cream,dessert,veg,84,Vanilla ice cream,dessert|veg|Italian,0.162
I00099,R0010,Soft Drink,beverage,veg,70,Refreshing beverage,beverage|veg|Italian,0.32
I00100,R0010,Cold Coffee,beverage,veg,168,Iced coffee,beverage|veg|Italian,0.364
I00101,R0011,Pav Bhaji,main,veg,150,Mashed vegetable curry with bread,main|veg|Street Food|popular,0.0
I00102,R0011,Samosa,main,veg,37,Crispy pastry with filling,main|veg|Street Food|popular,0.0
I00103,R0011,Chole Bhature,main,veg,162,Chickpea curry with fried bread,main|veg|Street Food|popular,0.0
I00104,R0011,Papad,side,veg,25,Crispy papad,side|veg|Street Food,0.241
I00105,R0011,Extra Pav,side,veg,18,Extra bread,side|veg|Street Food,0.358
I00106,R0011,Rabri,dessert,veg,100,Thickened sweet milk,dessert|veg|Street Food,0.238
I00107,R0011,Jalebi,dessert,veg,62,Sweet fried spirals,dessert|veg|Street Food,0.166
I00108,R0011,Lassi,beverage,veg,75,Yogurt drink,beverage|veg|Street Food,0.358
I00109,R0011,Masala Chai,beverage,veg,37,Spiced tea,beverage|veg|Street Food,0.395
I00110,R0012,Sandwich,main,veg,110,Grilled sandwich,main|veg|Fast Food|popular,0.0
I00111,R0012,Chicken Wrap,main,non-veg,198,Chicken stuffed wrap,main|non-veg|Fast Food|popular,0.0
I00112,R0012,Veg Wrap,main,veg,143,Vegetable stuffed wrap,main|veg|Fast Food|popular,0.0
I00113,R0012,Frankie,main,veg,132,Stuffed roll,main|veg|Fast Food|popular,0.0
I00114,R0012,Onion Rings,side,veg,99,Crispy onion rings,side|veg|Fast Food,0.389
I00115,R0012,Fries,side,veg,88,Crispy fries,side|veg|Fast Food,0.142
I00116,R0012,Ice Cream,dessert,veg,66,Vanilla ice cream,dessert|veg|Fast Food,0.36
I00117,R0012,Brownie,dessert,veg,110,Chocolate brownie,dessert|veg|Fast Food,0.154
I00118,R0012,Soft Drink,beverage,veg,55,Refreshing beverage,beverage|veg|Fast Food,0.274
I00119,R0012,Cold Coffee,beverage,veg,132,Iced coffee,beverage|veg|Fast Food,0.378
I00120,R0013,Chicken Chettinad,main,non-veg,266,Spicy Chettinad chicken,main|non-veg|South Indian|popular,0.0
I00121,R0013,Vada,main,veg,66,Crispy fried lentil donuts,main|veg|South Indian|popular,0.0
I00122,R0013,Masala Dosa,main,veg,114,Crispy crepe with potato filling,main|veg|South Indian|popular,0.0
I00123,R0013,Idli Sambar,main,veg,76,Steamed rice cakes with lentil curry,main|veg|South Indian|popular,0.0
I00124,R0013,Sambar,side,veg,38,Lentil and vegetable curry,side|veg|South Indian,0.14
I00125,R0013,Tomato Chutney,side,veg,28,Tangy tomato chutney,side|veg|South Indian,0.178
I00126,R0013,Coconut Chutney,side,veg,28,Fresh coconut chutney,side|veg|South Indian,0.337
I00127,R0013,Payasam,dessert,veg,57,Sweet milk pudding,dessert|veg|South Indian,0.355
I00128,R0013,Kesari,dessert,veg,47,Semolina sweet,dessert|veg|South Indian,0.372
I00129,R0013,Buttermilk,beverage,veg,33,Spiced yogurt drink,beverage|veg|South Indian,0.271
I00130,R0013,Filter Coffee,beverage,veg,38,South Indian filter coffee,beverage|veg|South Indian,0.299
I00131,R0014,Pani Puri,main,veg,66,Crispy puris with flavored water,main|veg|Street Food|popular,0.0
I00132,R0014,Pav Bhaji,main,veg,132,Mashed vegetable curry with bread,main|veg|Street Food|popular,0.0
I00133,R0014,Chole Bhature,main,veg,143,Chickpea curry with fried bread,main|veg|Street Food|popular,0.0
I00134,R0014,Samosa,main,veg,33,Crispy pastry with filling,main|veg|Street Food|popular,0.0
I00135,R0014,Extra Pav,side,veg,16,Extra bread,side|veg|Street Food,0.263
I00136,R0014,Papad,side,veg,22,Crispy papad,side|veg|Street Food,0.397
I00137,R0014,Jalebi,dessert,veg,55,Sweet fried spirals,dessert|veg|Street Food,0.161
I00138,R0014,Rabri,dessert,veg,88,Thickened sweet milk,dessert|veg|Street Food,0.296
I00139,R0014,Lassi,beverage,veg,66,Yogurt drink,beverage|veg|Street Food,0.4
I00140,R0014,Masala Chai,beverage,veg,33,Spiced tea,beverage|veg|Street Food,0.256
I00141,R0015,Dal Makhani,main,veg,242,Creamy black lentils,main|veg|North Indian|popular,0.0
I00142,R0015,Rogan Josh,main,non-veg,418,Kashmiri lamb curry,main|non-veg|North Indian|popular,0.0
I00143,R0015,Butter Chicken,main,non-veg,352,Creamy tomato-based chicken curry,main|non-veg|North Indian|popular,0.0
I00144,R0015,Paneer Tikka,main,veg,308,Grilled cottage cheese,main|veg|North Indian|popular,0.0
I00145,R0015,Jeera Rice,side,veg,132,Cumin flavored rice,side|veg|North Indian,0.146
I00146,R0015,Garlic Naan,side,veg,66,Garlic flavored naan,side|veg|North Indian,0.178
I00147,R0015,Tandoori Roti,side,veg,27,Whole wheat flatbread,side|veg|North Indian,0.136
I00148,R0015,Butter Naan,side,veg,55,Buttery flatbread,side|veg|North Indian,0.362
I00149,R0015,Gulab Jamun,dessert,veg,66,Sweet milk dumplings,dessert|veg|North Indian,0.267
I00150,R0015,Rasmalai,dessert,veg,88,Soft cheese patties in milk,dessert|veg|North Indian,0.127
I00151,R0015,Lassi,beverage,veg,77,Sweet yogurt drink,beverage|veg|North Indian,0.268
I00152,R0015,Buttermilk,beverage,veg,44,Spiced yogurt drink,beverage|veg|North Indian,0.318
I00153,R0016,Paneer Tikka,main,veg,308,Grilled cottage cheese,main|veg|North Indian|popular,0.0
I00154,R0016,Rogan Josh,main,non-veg,418,Kashmiri lamb curry,main|non-veg|North Indian|popular,0.0
I00155,R0016,Dal Makhani,main,veg,242,Creamy black lentils,main|veg|North Indian|popular,0.0
I00156,R0016,Butter Chicken,main,non-veg,352,Creamy tomato-based chicken curry,main|non-veg|North Indian|popular,0.0
I00157,R0016,Butter Naan,side,veg,55,Buttery flatbread,side|veg|North Indian,0.274
I00158,R0016,Jeera Rice,side,veg,132,Cumin flavored rice,side|veg|North Indian,0.378
I00159,R0016,Garlic Naan,side,veg,66,Garlic flavored naan,side|veg|North Indian,0.321
I00160,R0016,Tandoori Roti,side,veg,27,Whole wheat flatbread,side|veg|North Indian,0.346
I00161,R0016,Rasmalai,dessert,veg,88,Soft cheese patties in milk,dessert|veg|North Indian,0.15
I00162,R0016,Gulab Jamun,dessert,veg,66,Sweet milk dumplings,dessert|veg|North Indian,0.287
I00163,R0016,Buttermilk,beverage,veg,44,Spiced yogurt drink,beverage|veg|North Indian,0.376
I00164,R0016,Lassi,beverage,veg,77,Sweet yogurt drink,beverage|veg|North Indian,0.163
I00165,R0017,Rogan Josh,main,non-veg,361,Kashmiri lamb curry,main|non-veg|North Indian|popular,0.0
I00166,R0017,Butter Chicken,main,non-veg,304,Creamy tomato-based chicken curry,main|non-veg|North Indian|popular,0.0
I00167,R0017,Paneer Tikka,main,veg,266,Grilled cottage cheese,main|veg|North Indian|popular,0.0
I00168,R0017,Dal Makhani,main,veg,209,Creamy black lentils,main|veg|North Indian|popular,0.0
I00169,R0017,Tandoori Roti,side,veg,23,Whole wheat flatbread,side|veg|North Indian,0.238
I00170,R0017,Butter Naan,side,veg,47,Buttery flatbread,side|veg|North Indian,0.256
I00171,R0017,Garlic Naan,side,veg,57,Garlic flavored naan,side|veg|North Indian,0.243
I00172,R0017,Jeera Rice,side,veg,114,Cumin flavored rice,side|veg|North Indian,0.21
I00173,R0017,Gulab Jamun,dessert,veg,57,Sweet milk dumplings,dessert|veg|North Indian,0.336
I00174,R0017,Rasmalai,dessert,veg,76,Soft cheese patties in milk,dessert|veg|North Indian,0.228
I00175,R0017,Lassi,beverage,veg,66,Sweet yogurt drink,beverage|veg|North Indian,0.127
I00176,R0017,Buttermilk,beverage,veg,38,Spiced yogurt drink,beverage|veg|North Indian,0.177
I00177,R0018,Pani Puri,main,veg,57,Crispy puris with flavored water,main|veg|Street Food|popular,0.0
I00178,R0018,Chole Bhature,main,veg,123,Chickpea curry with fried bread,main|veg|Street Food|popular,0.0
I00179,R0018,Pav Bhaji,main,veg,114,Mashed vegetable curry with bread,main|veg|Street Food|popular,0.0
I00180,R0018,Samosa,main,veg,28,Crispy pastry with filling,main|veg|Street Food|popular,0.0
I00181,R0018,Extra Pav,side,veg,14,Extra bread,side|veg|Street Food,0.154
I00182,R0018,Papad,side,veg,19,Crispy papad,side|veg|Street Food,0.336
I00183,R0018,Jalebi,dessert,veg,47,Sweet fried spirals,dessert|veg|Street Food,0.16
I00184,R0018,Rabri,dessert,veg,76,Thickened sweet milk,dessert|veg|Street Food,0.282
I00185,R0018,Lassi,beverage,veg,57,Yogurt drink,beverage|veg|Street Food,0.134
I00186,R0018,Masala Chai,beverage,veg,28,Spiced tea,beverage|veg|Street Food,0.36
I00187,R0019,Veg Wrap,main,veg,143,Vegetable stuffed wrap,main|veg|Fast Food|popular,0.0
I00188,R0019,Frankie,main,veg,132,Stuffed roll,main|veg|Fast Food|popular,0.0
I00189,R0019,Sandwich,main,veg,110,Grilled sandwich,main|veg|Fast Food|popular,0.0
I00190,R0019,Chicken Wrap,main,non-veg,198,Chicken stuffed wrap,main|non-veg|Fast Food|popular,0.0
I00191,R0019,Fries,side,veg,88,Crispy fries,side|veg|Fast Food,0.2
I00192,R0019,Onion Rings,side,veg,99,Crispy onion rings,side|veg|Fast Food,0.258
I00193,R0019,Ice Cream,dessert,veg,66,Vanilla ice cream,dessert|veg|Fast Food,0.185
I00194,R0019,Brownie,dessert,veg,110,Chocolate brownie,dessert|veg|Fast Food,0.325
I00195,R0019,Cold Coffee,beverage,veg,132,Iced coffee,beverage|veg|Fast Food,0.25
I00196,R0019,Soft Drink,beverage,veg,55,Refreshing beverage,beverage|veg|Fast Food,0.147
I00197,R0020,Veg Wrap,main,veg,143,Vegetable stuffed wrap,main|veg|Fast Food|popular,0.0
I00198,R0020,Chicken Wrap,main,non-veg,198,Chicken stuffed wrap,main|non-veg|Fast Food|popular,0.0
I00199,R0020,Frankie,main,veg,132,Stuffed roll,main|veg|Fast Food|popular,0.0
I00200,R0020,Sandwich,main,veg,110,Grilled sandwich,main|veg|Fast Food|popular,0.0
I00201,R0020,Fries,side,veg,88,Crispy fries,side|veg|Fast Food,0.129
I00202,R0020,Onion Rings,side,veg,99,Crispy onion rings,side|veg|Fast Food,0.38
I00203,R0020,Brownie,dessert,veg,110,Chocolate brownie,dessert|veg|Fast Food,0.311
I00204,R0020,Ice Cream,dessert,veg,66,Vanilla ice cream,dessert|veg|Fast Food,0.106
I00205,R0020,Soft Drink,beverage,veg,55,Refreshing beverage,beverage|veg|Fast Food,0.394
I00206,R0020,Cold Coffee,beverage,veg,132,Iced coffee,beverage|veg|Fast Food,0.244
I00207,R0021,Pani Puri,main,veg,57,Crispy puris with flavored water,main|veg|Street Food|popular,0.0
I00208,R0021,Pav Bhaji,main,veg,114,Mashed vegetable curry with bread,main|veg|Street Food|popular,0.0
I00209,R0021,Chole Bhature,main,veg,123,Chickpea curry with fried bread,main|veg|Street Food|popular,0.0
I00210,R0021,Samosa,main,veg,28,Crispy pastry with filling,main|veg|Street Food|popular,0.0
I00211,R0021,Papad,side,veg,19,Crispy papad,side|veg|Street Food,0.216
I00212,R0021,Extra Pav,side,veg,14,Extra bread,side|veg|Street Food,0.154
I00213,R0021,Jalebi,dessert,veg,47,Sweet fried spirals,dessert|veg|Street Food,0.135
I00214,R0021,Rabri,dessert,veg,76,Thickened sweet milk,dessert|veg|Street Food,0.34
I00215,R0021,Masala Chai,beverage,veg,28,Spiced tea,beverage|veg|Street Food,0.154
I00216,R0021,Lassi,beverage,veg,57,Yogurt drink,beverage|veg|Street Food,0.192
I00217,R0022,Pav Bhaji,main,veg,114,Mashed vegetable curry with bread,main|veg|Street Food|popular,0.0
I00218,R0022,Pani Puri,main,veg,57,Crispy puris with flavored water,main|veg|Street Food|popular,0.0
I00219,R0022,Samosa,main,veg,28,Crispy pastry with filling,main|veg|Street Food|popular,0.0
I00220,R0022,Chole Bhature,main,veg,123,Chickpea curry with fried bread,main|veg|Street Food|popular,0.0
I00221,R0022,Papad,side,veg,19,Crispy papad,side|veg|Street Food,0.369
I00222,R0022,Extra Pav,side,veg,14,Extra bread,side|veg|Street Food,0.373
I00223,R0022,Rabri,dessert,veg,76,Thickened sweet milk,dessert|veg|Street Food,0.299
I00224,R0022,Jalebi,dessert,veg,47,Sweet fried spirals,dessert|veg|Street Food,0.326
I00225,R0022,Lassi,beverage,veg,57,Yogurt drink,beverage|veg|Street Food,0.375
I00226,R0022,Masala Chai,beverage,veg,28,Spiced tea,beverage|veg|Street Food,0.233
I00227,R0023,Pasta Arrabbiata,main,veg,264,Spicy tomato pasta,main|veg|Continental|popular,0.0
I00228,R0023,Grilled Chicken,main,non-veg,352,Herb grilled chicken,main|non-veg|Continental|popular,0.0
I00229,R0023,Veg Steak,main,veg,308,Grilled vegetable steak,main|veg|Continental|popular,0.0
I00230,R0023,Fish and Chips,main,non-veg,385,Classic fish and chips,main|non-veg|Continental|popular,0.0
I00231,R0023,Mashed Potatoes,side,veg,110,Creamy mashed potatoes,side|veg|Continental,0.304
I00232,R0023,Caesar Salad,side,veg,154,Classic Caesar salad,side|veg|Continental,0.192
I00233,R0023,Garlic Bread,side,veg,99,Garlic bread,side|veg|Continental,0.286
I00234,R0023,Panna Cotta,dessert,veg,176,Italian custard,dessert|veg|Continental,0.162
I00235,R0023,Tiramisu,dessert,veg,198,Classic Italian dessert,dessert|veg|Continental,0.343
I00236,R0023,Lemonade,beverage,veg,77,Fresh lemonade,beverage|veg|Continental,0.345
I00237,R0023,Iced Tea,beverage,veg,88,Refreshing iced tea,beverage|veg|Continental,0.276
I00238,R0024,Sandwich,main,veg,95,Grilled sandwich,main|veg|Fast Food|popular,0.0
I00239,R0024,Chicken Wrap,main,non-veg,171,Chicken stuffed wrap,main|non-veg|Fast Food|popular,0.0
I00240,R0024,Frankie,main,veg,114,Stuffed roll,main|veg|Fast Food|popular,0.0
I00241,R0024,Veg Wrap,main,veg,123,Vegetable stuffed wrap,main|veg|Fast Food|popular,0.0
I00242,R0024,Fries,side,veg,76,Crispy fries,side|veg|Fast Food,0.302
I00243,R0024,Onion Rings,side,veg,85,Crispy onion rings,side|veg|Fast Food,0.242
I00244,R0024,Brownie,dessert,veg,95,Chocolate brownie,dessert|veg|Fast Food,0.396
I00245,R0024,Ice Cream,dessert,veg,57,Vanilla ice cream,dessert|veg|Fast Food,0.244
I00246,R0024,Cold Coffee,beverage,veg,114,Iced coffee,beverage|veg|Fast Food,0.385
I00247,R0024,Soft Drink,beverage,veg,47,Refreshing beverage,beverage|veg|Fast Food,0.375
I00248,R0025,Frankie,main,veg,132,Stuffed roll,main|veg|Fast Food|popular,0.0
I00249,R0025,Chicken Wrap,main,non-veg,198,Chicken stuffed wrap,main|non-veg|Fast Food|popular,0.0
I00250,R0025,Sandwich,main,veg,110,Grilled sandwich,main|veg|Fast Food|popular,0.0
I00251,R0025,Veg Wrap,main,veg,143,Vegetable stuffed wrap,main|veg|Fast Food|popular,0.0
I00252,R0025,Fries,side,veg,88,Crispy fries,side|veg|Fast Food,0.215
I00253,R0025,Onion Rings,side,veg,99,Crispy onion rings,side|veg|Fast Food,0.145
I00254,R0025,Brownie,dessert,veg,110,Chocolate brownie,dessert|veg|Fast Food,0.297
I00255,R0025,Ice Cream,dessert,veg,66,Vanilla ice cream,dessert|veg|Fast Food,0.366
I00256,R0025,Cold Coffee,beverage,veg,132,Iced coffee,beverage|veg|Fast Food,0.343
I00257,R0025,Soft Drink,beverage,veg,55,Refreshing beverage,beverage|veg|Fast Food,0.34
I00258,R0026,Pancake,main,veg,176,Fluffy pancakes,main|veg|Desserts|popular,0.0
I00259,R0026,Waffle,main,veg,198,Belgian waffle with toppings,main|veg|Desserts|popular,0.0
I00260,R0026,Ice Cream Sundae,main,veg,165,Loaded ice cream sundae,main|veg|Desserts|popular,0.0
I00261,R0026,Syrup Shot,side,veg,33,Extra syrup,side|veg|Desserts,0.286
I00262,R0026,Extra Toppings,side,veg,44,Additional toppings,side|veg|Desserts,0.346
I00263,R0026,Cheesecake,dessert,veg,198,Creamy cheesecake,dessert|veg|Desserts,0.323
I00264,R0026,Chocolate Cake,dessert,veg,132,Rich chocolate cake,dessert|veg|Desserts,0.205
I00265,R0026,Hot Chocolate,beverage,veg,110,Rich hot chocolate,beverage|veg|Desserts,0.356
I00266,R0026,Milkshake,beverage,veg,143,Thick milkshake,beverage|veg|Desserts,0.372
I00267,R0027,Mojito,main,veg,154,Refreshing mint drink,main|veg|Beverages|popular,0.0
I00268,R0027,Cold Coffee,main,veg,182,Iced coffee,main|veg|Beverages|popular,0.0
I00269,R0027,Extra Shot,side,veg,42,Extra coffee shot,side|veg|Beverages,0.107
I00270,R0027,Whipped Cream,side,veg,35,Extra whipped cream,side|veg|Beverages,0.209
I00271,R0027,Muffin,dessert,veg,84,Fresh muffin,dessert|veg|Beverages,0.151
I00272,R0027,Cookie,dessert,veg,70,Fresh baked cookie,dessert|veg|Beverages,0.294
I00273,R0027,Water Bottle,beverage,veg,28,Mineral water,beverage|veg|Beverages,0.194
I00274,R0027,Soft Drink,beverage,veg,70,Refreshing beverage,beverage|veg|Beverages,0.168
I00275,R0028,Veg Biryani,main,veg,250,Flavorful rice with mixed vegetables,main|veg|Biryani|popular,0.0
I00276,R0028,Mutton Biryani,main,non-veg,437,Aromatic rice with succulent mutton,main|non-veg|Biryani|popular,0.0
I00277,R0028,Chicken Biryani,main,non-veg,350,Fragrant basmati rice with tender chicken pieces,main|non-veg|Biryani|popular,0.0
I00278,R0028,Raita,side,veg,50,Cooling yogurt with cucumber and spices,side|veg|Biryani,0.184
I00279,R0028,Salan,side,veg,75,Spicy curry accompaniment,side|veg|Biryani,0.36
I00280,R0028,Double Ka Meetha,side,veg,100,Sweet bread pudding,side|veg|Biryani,0.11
I00281,R0028,Khubani Ka Meetha,dessert,veg,112,Apricot dessert,dessert|veg|Biryani,0.212
I00282,R0028,Gulab Jamun,dessert,veg,75,Soft milk dumplings in sugar syrup,dessert|veg|Biryani,0.26
I00283,R0028,Soft Drink,beverage,veg,62,Refreshing carbonated beverage,beverage|veg|Biryani,0.377
I00284,R0028,Lassi,beverage,veg,87,Thick yogurt drink,beverage|veg|Biryani,0.274
I00285,R0029,Ice Cream Sundae,main,veg,165,Loaded ice cream sundae,main|veg|Desserts|popular,0.0
I00286,R0029,Pancake,main,veg,176,Fluffy pancakes,main|veg|Desserts|popular,0.0
I00287,R0029,Waffle,main,veg,198,Belgian waffle with toppings,main|veg|Desserts|popular,0.0
I00288,R0029,Syrup Shot,side,veg,33,Extra syrup,side|veg|Desserts,0.191
I00289,R0029,Extra Toppings,side,veg,44,Additional toppings,side|veg|Desserts,0.322
I00290,R0029,Chocolate Cake,dessert,veg,132,Rich chocolate cake,dessert|veg|Desserts,0.343
I00291,R0029,Cheesecake,dessert,veg,198,Creamy cheesecake,dessert|veg|Desserts,0.109
I00292,R0029,Hot Chocolate,beverage,veg,110,Rich hot chocolate,beverage|veg|Desserts,0.163
I00293,R0029,Milkshake,beverage,veg,143,Thick milkshake,beverage|veg|Desserts,0.39
I00294,R0030,Manchurian,main,veg,250,Vegetable balls in gravy,main|veg|Chinese|popular,0.0
I00295,R0030,Fried Rice,main,veg,225,Stir-fried rice with vegetables,main|veg|Chinese|popular,0.0
I00296,R0030,Hakka Noodles,main,veg,212,Stir-fried noodles,main|veg|Chinese|popular,0.0
I00297,R0030,Spring Roll,side,veg,112,Crispy vegetable rolls,side|veg|Chinese,0.153
I00298,R0030,Momos,side,veg,150,Steamed dumplings,side|veg|Chinese,0.397
I00299,R0030,Chilli Potato,side,veg,137,Spicy potato fingers,side|veg|Chinese,0.177
I00300,R0030,Honey Noodles,dessert,veg,100,Crispy noodles with honey,dessert|veg|Chinese,0.131
I00301,R0030,Date Pancake,dessert,veg,125,Sweet pancake with dates,dessert|veg|Chinese,0.341
I00302,R0030,Soft Drink,beverage,veg,62,Refreshing beverage,beverage|veg|Chinese,0.208
I00303,R0030,Green Tea,beverage,veg,50,Hot green tea,beverage|veg|Chinese,0.169
I00304,R0031,Chicken Chettinad,main,non-veg,308,Spicy Chettinad chicken,main|non-veg|South Indian|popular,0.0
I00305,R0031,Vada,main,veg,77,Crispy fried lentil donuts,main|veg|South Indian|popular,0.0
I00306,R0031,Idli Sambar,main,veg,88,Steamed rice cakes with lentil curry,main|veg|South Indian|popular,0.0
I00307,R0031,Masala Dosa,main,veg,132,Crispy crepe with potato filling,main|veg|South Indian|popular,0.0
I00308,R0031,Coconut Chutney,side,veg,33,Fresh coconut chutney,side|veg|South Indian,0.24
I00309,R0031,Tomato Chutney,side,veg,33,Tangy tomato chutney,side|veg|South Indian,0.294
I00310,R0031,Sambar,side,veg,44,Lentil and vegetable curry,side|veg|South Indian,0.18
I00311,R0031,Kesari,dessert,veg,55,Semolina sweet,dessert|veg|South Indian,0.324
I00312,R0031,Payasam,dessert,veg,66,Sweet milk pudding,dessert|veg|South Indian,0.174
I00313,R0031,Filter Coffee,beverage,veg,44,South Indian filter coffee,beverage|veg|South Indian,0.159
I00314,R0031,Buttermilk,beverage,veg,38,Spiced yogurt drink,beverage|veg|South Indian,0.335
I00315,R0032,Egg Biryani,main,non-veg,242,Rice with boiled eggs and spices,main|non-veg|Biryani|popular,0.0
I00316,R0032,Mutton Biryani,main,non-veg,385,Aromatic rice with succulent mutton,main|non-veg|Biryani|popular,0.0
I00317,R0032,Chicken Biryani,main,non-veg,308,Fragrant basmati rice with tender chicken pieces,main|non-veg|Biryani|popular,0.0
I00318,R0032,Veg Biryani,main,veg,220,Flavorful rice with mixed vegetables,main|veg|Biryani|popular,0.0
I00319,R0032,Double Ka Meetha,side,veg,88,Sweet bread pudding,side|veg|Biryani,0.313
I00320,R0032,Raita,side,veg,44,Cooling yogurt with cucumber and spices,side|veg|Biryani,0.327
I00321,R0032,Salan,side,veg,66,Spicy curry accompaniment,side|veg|Biryani,0.185
I00322,R0032,Gulab Jamun,dessert,veg,66,Soft milk dumplings in sugar syrup,dessert|veg|Biryani,0.363
I00323,R0032,Khubani Ka Meetha,dessert,veg,99,Apricot dessert,dessert|veg|Biryani,0.106
I00324,R0032,Lassi,beverage,veg,77,Thick yogurt drink,beverage|veg|Biryani,0.113
I00325,R0032,Soft Drink,beverage,veg,55,Refreshing carbonated beverage,beverage|veg|Biryani,0.341
I00326,R0033,Butter Chicken,main,non-veg,352,Creamy tomato-based chicken curry,main|non-veg|North Indian|popular,0.0
I00327,R0033,Dal Makhani,main,veg,242,Creamy black lentils,main|veg|North Indian|popular,0.0
I00328,R0033,Paneer Tikka,main,veg,308,Grilled cottage cheese,main|veg|North Indian|popular,0.0
I00329,R0033,Rogan Josh,main,non-veg,418,Kashmiri lamb curry,main|non-veg|North Indian|popular,0.0
I00330,R0033,Tandoori Roti,side,veg,27,Whole wheat flatbread,side|veg|North Indian,0.243
I00331,R0033,Garlic Naan,side,veg,66,Garlic flavored naan,side|veg|North Indian,0.29
I00332,R0033,Jeera Rice,side,veg,132,Cumin flavored rice,side|veg|North Indian,0.161
I00333,R0033,Butter Naan,side,veg,55,Buttery flatbread,side|veg|North Indian,0.159
I00334,R0033,Gulab Jamun,dessert,veg,66,Sweet milk dumplings,dessert|veg|North Indian,0.228
I00335,R0033,Rasmalai,dessert,veg,88,Soft cheese patties in milk,dessert|veg|North Indian,0.179
I00336,R0033,Lassi,beverage,veg,77,Sweet yogurt drink,beverage|veg|North Indian,0.234
I00337,R0033,Buttermilk,beverage,veg,44,Spiced yogurt drink,beverage|veg|North Indian,0.297
I00338,R0034,Fish and Chips,main,non-veg,332,Classic fish and chips,main|non-veg|Continental|popular,0.0
I00339,R0034,Veg Steak,main,veg,266,Grilled vegetable steak,main|veg|Continental|popular,0.0
I00340,R0034,Pasta Arrabbiata,main,veg,228,Spicy tomato pasta,main|veg|Continental|popular,0.0
I00341,R0034,Grilled Chicken,main,non-veg,304,Herb grilled chicken,main|non-veg|Continental|popular,0.0
I00342,R0034,Garlic Bread,side,veg,85,Garlic bread,side|veg|Continental,0.301
I00343,R0034,Mashed Potatoes,side,veg,95,Creamy mashed potatoes,side|veg|Continental,0.331
I00344,R0034,Caesar Salad,side,veg,133,Classic Caesar salad,side|veg|Continental,0.306
I00345,R0034,Panna Cotta,dessert,veg,152,Italian custard,dessert|veg|Continental,0.156
I00346,R0034,Tiramisu,dessert,veg,171,Classic Italian dessert,dessert|veg|Continental,0.24
I00347,R0034,Lemonade,beverage,veg,66,Fresh lemonade,beverage|veg|Continental,0.2
I00348,R0034,Iced Tea,beverage,veg,76,Refreshing iced tea,beverage|veg|Continental,0.327
I00349,R0035,Veg Wrap,main,veg,143,Vegetable stuffed wrap,main|veg|Italian|popular,0.0
I00350,R0035,Chicken Wrap,main,non-veg,198,Chicken stuffed wrap,main|non-veg|Italian|popular,0.0
I00351,R0035,Frankie,main,veg,132,Stuffed roll,main|veg|Italian|popular,0.0
I00352,R0035,Sandwich,main,veg,110,Grilled sandwich,main|veg|Italian|popular,0.0
I00353,R0035,Fries,side,veg,88,Crispy fries,side|veg|Italian,0.172
I00354,R0035,Onion Rings,side,veg,99,Crispy onion rings,side|veg|Italian,0.316
I00355,R0035,Ice Cream,dessert,veg,66,Vanilla ice cream,dessert|veg|Italian,0.271
I00356,R0035,Brownie,dessert,veg,110,Chocolate brownie,dessert|veg|Italian,0.138
I00357,R0035,Cold Coffee,beverage,veg,132,Iced coffee,beverage|veg|Italian,0.176
I00358,R0035,Soft Drink,beverage,veg,55,Refreshing beverage,beverage|veg|Italian,0.279
I00359,R0036,Vada,main,veg,66,Crispy fried lentil donuts,main|veg|South Indian|popular,0.0
I00360,R0036,Chicken Chettinad,main,non-veg,266,Spicy Chettinad chicken,main|non-veg|South Indian|popular,0.0
I00361,R0036,Masala Dosa,main,veg,114,Crispy crepe with potato filling,main|veg|South Indian|popular,0.0
I00362,R0036,Idli Sambar,main,veg,76,Steamed rice cakes with lentil curry,main|veg|South Indian|popular,0.0
I00363,R0036,Coconut Chutney,side,veg,28,Fresh coconut chutney,side|veg|South Indian,0.381
I00364,R0036,Tomato Chutney,side,veg,28,Tangy tomato chutney,side|veg|South Indian,0.234
I00365,R0036,Sambar,side,veg,38,Lentil and vegetable curry,side|veg|South Indian,0.2
I00366,R0036,Payasam,dessert,veg,57,Sweet milk pudding,dessert|veg|South Indian,0.274
I00367,R0036,Kesari,dessert,veg,47,Semolina sweet,dessert|veg|South Indian,0.328
I00368,R0036,Buttermilk,beverage,veg,33,Spiced yogurt drink,beverage|veg|South Indian,0.136
I00369,R0036,Filter Coffee,beverage,veg,38,South Indian filter coffee,beverage|veg|South Indian,0.109
I00370,R0037,Chicken Chettinad,main,non-veg,308,Spicy Chettinad chicken,main|non-veg|South Indian|popular,0.0
I00371,R0037,Idli Sambar,main,veg,88,Steamed rice cakes with lentil curry,main|veg|South Indian|popular,0.0
I00372,R0037,Masala Dosa,main,veg,132,Crispy crepe with potato filling,main|veg|South Indian|popular,0.0
I00373,R0037,Vada,main,veg,77,Crispy fried lentil donuts,main|veg|South Indian|popular,0.0
I00374,R0037,Coconut Chutney,side,veg,33,Fresh coconut chutney,side|veg|South Indian,0.328
I00375,R0037,Tomato Chutney,side,veg,33,Tangy tomato chutney,side|veg|South Indian,0.304
I00376,R0037,Sambar,side,veg,44,Lentil and vegetable curry,side|veg|South Indian,0.19
I00377,R0037,Kesari,dessert,veg,55,Semolina sweet,dessert|veg|South Indian,0.342
I00378,R0037,Payasam,dessert,veg,66,Sweet milk pudding,dessert|veg|South Indian,0.168
I00379,R0037,Buttermilk,beverage,veg,38,Spiced yogurt drink,beverage|veg|South Indian,0.164
I00380,R0037,Filter Coffee,beverage,veg,44,South Indian filter coffee,beverage|veg|South Indian,0.379
I00381,R0038,Waffle,main,veg,198,Belgian waffle with toppings,main|veg|Desserts|popular,0.0
I00382,R0038,Pancake,main,veg,176,Fluffy pancakes,main|veg|Desserts|popular,0.0
I00383,R0038,Ice Cream Sundae,main,veg,165,Loaded ice cream sundae,main|veg|Desserts|popular,0.0
I00384,R0038,Syrup Shot,side,veg,33,Extra syrup,side|veg|Desserts,0.286
I00385,R0038,Extra Toppings,side,veg,44,Additional toppings,side|veg|Desserts,0.244
I00386,R0038,Chocolate Cake,dessert,veg,132,Rich chocolate cake,dessert|veg|Desserts,0.157
I00387,R0038,Cheesecake,dessert,veg,198,Creamy cheesecake,dessert|veg|Desserts,0.36
I00388,R0038,Hot Chocolate,beverage,veg,110,Rich hot chocolate,beverage|veg|Desserts,0.341
I00389,R0038,Milkshake,beverage,veg,143,Thick milkshake,beverage|veg|Desserts,0.177
I00390,R0039,Masala Dosa,main,veg,132,Crispy crepe with potato filling,main|veg|South Indian|popular,0.0
I00391,R0039,Idli Sambar,main,veg,88,Steamed rice cakes with lentil curry,main|veg|South Indian|popular,0.0
I00392,R0039,Vada,main,veg,77,Crispy fried lentil donuts,main|veg|South Indian|popular,0.0
I00393,R0039,Chicken Chettinad,main,non-veg,308,Spicy Chettinad chicken,main|non-veg|South Indian|popular,0.0
I00394,R0039,Sambar,side,veg,44,Lentil and vegetable curry,side|veg|South Indian,0.398
I00395,R0039,Tomato Chutney,side,veg,33,Tangy tomato chutney,side|veg|South Indian,0.367
I00396,R0039,Coconut Chutney,side,veg,33,Fresh coconut chutney,side|veg|South Indian,0.265
I00397,R0039,Kesari,dessert,veg,55,Semolina sweet,dessert|veg|South Indian,0.107
I00398,R0039,Payasam,dessert,veg,66,Sweet milk pudding,dessert|veg|South Indian,0.399
I00399,R0039,Filter Coffee,beverage,veg,44,South Indian filter coffee,beverage|veg|South Indian,0.288
I00400,R0039,Buttermilk,beverage,veg,38,Spiced yogurt drink,beverage|veg|South Indian,0.212
I00401,R0040,Ice Cream Sundae,main,veg,187,Loaded ice cream sundae,main|veg|Desserts|popular,0.0
I00402,R0040,Waffle,main,veg,225,Belgian waffle with toppings,main|veg|Desserts|popular,0.0
I00403,R0040,Pancake,main,veg,200,Fluffy pancakes,main|veg|Desserts|popular,0.0
I00404,R0040,Syrup Shot,side,veg,37,Extra syrup,side|veg|Desserts,0.137
I00405,R0040,Extra Toppings,side,veg,50,Additional toppings,side|veg|Desserts,0.208
I00406,R0040,Chocolate Cake,dessert,veg,150,Rich chocolate cake,dessert|veg|Desserts,0.37
I00407,R0040,Cheesecake,dessert,veg,225,Creamy cheesecake,dessert|veg|Desserts,0.282
I00408,R0040,Milkshake,beverage,veg,162,Thick milkshake,beverage|veg|Desserts,0.159
I00409,R0040,Hot Chocolate,beverage,veg,125,Rich hot chocolate,beverage|veg|Desserts,0.106
I00410,R0041,Smoothie,main,veg,187,Fruit smoothie,main|veg|Beverages|popular,0.0
I00411,R0041,Cold Coffee,main,veg,162,Iced coffee,main|veg|Beverages|popular,0.0
I00412,R0041,Mojito,main,veg,137,Refreshing mint drink,main|veg|Beverages|popular,0.0
I00413,R0041,Whipped Cream,side,veg,31,Extra whipped cream,side|veg|Beverages,0.206
I00414,R0041,Extra Shot,side,veg,37,Extra coffee shot,side|veg|Beverages,0.391
I00415,R0041,Cookie,dessert,veg,62,Fresh baked cookie,dessert|veg|Beverages,0.232
I00416,R0041,Muffin,dessert,veg,75,Fresh muffin,dessert|veg|Beverages,0.293
I00417,R0041,Soft Drink,beverage,veg,62,Refreshing beverage,beverage|veg|Beverages,0.183
I00418,R0041,Water Bottle,beverage,veg,25,Mineral water,beverage|veg|Beverages,0.338
I00419,R0042,Masala Dosa,main,veg,114,Crispy crepe with potato filling,main|veg|South Indian|popular,0.0
I00420,R0042,Chicken Chettinad,main,non-veg,266,Spicy Chettinad chicken,main|non-veg|South Indian|popular,0.0
I00421,R0042,Idli Sambar,main,veg,76,Steamed rice cakes with lentil curry,main|veg|South Indian|popular,0.0
I00422,R0042,Vada,main,veg,66,Crispy fried lentil donuts,main|veg|South Indian|popular,0.0
I00423,R0042,Coconut Chutney,side,veg,28,Fresh coconut chutney,side|veg|South Indian,0.144
I00424,R0042,Sambar,side,veg,38,Lentil and vegetable curry,side|veg|South Indian,0.392
I00425,R0042,Tomato Chutney,side,veg,28,Tangy tomato chutney,side|veg|South Indian,0.283
I00426,R0042,Payasam,dessert,veg,57,Sweet milk pudding,dessert|veg|South Indian,0.268
I00427,R0042,Kesari,dessert,veg,47,Semolina sweet,dessert|veg|South Indian,0.376
I00428,R0042,Filter Coffee,beverage,veg,38,South Indian filter coffee,beverage|veg|South Indian,0.188
I00429,R0042,Buttermilk,beverage,veg,33,Spiced yogurt drink,beverage|veg|South Indian,0.16
I00430,R0043,Mutton Biryani,main,non-veg,332,Aromatic rice with succulent mutton,main|non-veg|Biryani|popular,0.0
I00431,R0043,Veg Biryani,main,veg,190,Flavorful rice with mixed vegetables,main|veg|Biryani|popular,0.0
I00432,R0043,Chicken Biryani,main,non-veg,266,Fragrant basmati rice with tender chicken pieces,main|non-veg|Biryani|popular,0.0
I00433,R0043,Egg Biryani,main,non-veg,209,Rice with boiled eggs and spices,main|non-veg|Biryani|popular,0.0
I00434,R0043,Double Ka Meetha,side,veg,76,Sweet bread pudding,side|veg|Biryani,0.19
I00435,R0043,Raita,side,veg,38,Cooling yogurt with cucumber and spices,side|veg|Biryani,0.362
I00436,R0043,Salan,side,veg,57,Spicy curry accompaniment,side|veg|Biryani,0.335
I00437,R0043,Gulab Jamun,dessert,veg,57,Soft milk dumplings in sugar syrup,dessert|veg|Biryani,0.373
I00438,R0043,Khubani Ka Meetha,dessert,veg,85,Apricot dessert,dessert|veg|Biryani,0.117
I00439,R0043,Lassi,beverage,veg,66,Thick yogurt drink,beverage|veg|Biryani,0.259
I00440,R0043,Soft Drink,beverage,veg,47,Refreshing carbonated beverage,beverage|veg|Biryani,0.313
I00441,R0044,Chicken Wrap,main,non-veg,225,Chicken stuffed wrap,main|non-veg|Italian|popular,0.0
I00442,R0044,Sandwich,main,veg,125,Grilled sandwich,main|veg|Italian|popular,0.0
I00443,R0044,Frankie,main,veg,150,Stuffed roll,main|veg|Italian|popular,0.0
I00444,R0044,Onion Rings,side,veg,112,Crispy onion rings,side|veg|Italian,0.28
I00445,R0044,Fries,side,veg,100,Crispy fries,side|veg|Italian,0.365
I00446,R0044,Ice Cream,dessert,veg,75,Vanilla ice cream,dessert|veg|Italian,0.349
I00447,R0044,Brownie,dessert,veg,125,Chocolate brownie,dessert|veg|Italian,0.199
I00448,R0044,Cold Coffee,beverage,veg,150,Iced coffee,beverage|veg|Italian,0.258
I00449,R0044,Soft Drink,beverage,veg,62,Refreshing beverage,beverage|veg|Italian,0.131
I00450,R0045,Chicken Biryani,main,non-veg,308,Fragrant basmati rice with tender chicken pieces,main|non-veg|Biryani|popular,0.0
I00451,R0045,Veg Biryani,main,veg,220,Flavorful rice with mixed vegetables,main|veg|Biryani|popular,0.0
I00452,R0045,Egg Biryani,main,non-veg,242,Rice with boiled eggs and spices,main|non-veg|Biryani|popular,0.0
I00453,R0045,Mutton Biryani,main,non-veg,385,Aromatic rice with succulent mutton,main|non-veg|Biryani|popular,0.0
I00454,R0045,Raita,side,veg,44,Cooling yogurt with cucumber and spices,side|veg|Biryani,0.231
I00455,R0045,Double Ka Meetha,side,veg,88,Sweet bread pudding,side|veg|Biryani,0.182
I00456,R0045,Salan,side,veg,66,Spicy curry accompaniment,side|veg|Biryani,0.139
I00457,R0045,Khubani Ka Meetha,dessert,veg,99,Apricot dessert,dessert|veg|Biryani,0.251
I00458,R0045,Gulab Jamun,dessert,veg,66,Soft milk dumplings in sugar syrup,dessert|veg|Biryani,0.155
I00459,R0045,Lassi,beverage,veg,77,Thick yogurt drink,beverage|veg|Biryani,0.294
I00460,R0045,Soft Drink,beverage,veg,55,Refreshing carbonated beverage,beverage|veg|Biryani,0.306
I00461,R0046,Chicken Biryani,main,non-veg,350,Fragrant basmati rice with tender chicken pieces,main|non-veg|Biryani|popular,0.0
I00462,R0046,Mutton Biryani,main,non-veg,437,Aromatic rice with succulent mutton,main|non-veg|Biryani|popular,0.0
I00463,R0046,Veg Biryani,main,veg,250,Flavorful rice with mixed vegetables,main|veg|Biryani|popular,0.0
I00464,R0046,Double Ka Meetha,side,veg,100,Sweet bread pudding,side|veg|Biryani,0.116
I00465,R0046,Raita,side,veg,50,Cooling yogurt with cucumber and spices,side|veg|Biryani,0.254
I00466,R0046,Salan,side,veg,75,Spicy curry accompaniment,side|veg|Biryani,0.273
I00467,R0046,Khubani Ka Meetha,dessert,veg,112,Apricot dessert,dessert|veg|Biryani,0.179
I00468,R0046,Gulab Jamun,dessert,veg,75,Soft milk dumplings in sugar syrup,dessert|veg|Biryani,0.251
I00469,R0046,Lassi,beverage,veg,87,Thick yogurt drink,beverage|veg|Biryani,0.303
I00470,R0046,Soft Drink,beverage,veg,62,Refreshing carbonated beverage,beverage|veg|Biryani,0.202
I00471,R0047,Pancake,main,veg,152,Fluffy pancakes,main|veg|Desserts|popular,0.0
I00472,R0047,Waffle,main,veg,171,Belgian waffle with toppings,main|veg|Desserts|popular,0.0
I00473,R0047,Ice Cream Sundae,main,veg,142,Loaded ice cream sundae,main|veg|Desserts|popular,0.0
I00474,R0047,Extra Toppings,side,veg,38,Additional toppings,side|veg|Desserts,0.321
I00475,R0047,Syrup Shot,side,veg,28,Extra syrup,side|veg|Desserts,0.253
I00476,R0047,Chocolate Cake,dessert,veg,114,Rich chocolate cake,dessert|veg|Desserts,0.186
I00477,R0047,Cheesecake,dessert,veg,171,Creamy cheesecake,dessert|veg|Desserts,0.314
I00478,R0047,Hot Chocolate,beverage,veg,95,Rich hot chocolate,beverage|veg|Desserts,0.375
I00479,R0047,Milkshake,beverage,veg,123,Thick milkshake,beverage|veg|Desserts,0.108
I00480,R0048,Chilli Chicken,main,non-veg,286,Spicy chicken preparation,main|non-veg|Chinese|popular,0.0
I00481,R0048,Manchurian,main,veg,220,Vegetable balls in gravy,main|veg|Chinese|popular,0.0
I00482,R0048,Hakka Noodles,main,veg,187,Stir-fried noodles,main|veg|Chinese|popular,0.0
I00483,R0048,Fried Rice,main,veg,198,Stir-fried rice with vegetables,main|veg|Chinese|popular,0.0
I00484,R0048,Momos,side,veg,132,Steamed dumplings,side|veg|Chinese,0.358
I00485,R0048,Spring Roll,side,veg,99,Crispy vegetable rolls,side|veg|Chinese,0.252
I00486,R0048,Chilli Potato,side,veg,121,Spicy potato fingers,side|veg|Chinese,0.123
I00487,R0048,Honey Noodles,dessert,veg,88,Crispy noodles with honey,dessert|veg|Chinese,0.299
I00488,R0048,Date Pancake,dessert,veg,110,Sweet pancake with dates,dessert|veg|Chinese,0.234
I00489,R0048,Green Tea,beverage,veg,44,Hot green tea,beverage|veg|Chinese,0.234
I00490,R0048,Soft Drink,beverage,veg,55,Refreshing beverage,beverage|veg|Chinese,0.351
I00491,R0049,Chicken Chettinad,main,non-veg,350,Spicy Chettinad chicken,main|non-veg|South Indian|popular,0.0
I00492,R0049,Idli Sambar,main,veg,100,Steamed rice cakes with lentil curry,main|veg|South Indian|popular,0.0
I00493,R0049,Vada,main,veg,87,Crispy fried lentil donuts,main|veg|South Indian|popular,0.0
I00494,R0049,Tomato Chutney,side,veg,37,Tangy tomato chutney,side|veg|South Indian,0.185
I00495,R0049,Coconut Chutney,side,veg,37,Fresh coconut chutney,side|veg|South Indian,0.312
I00496,R0049,Sambar,side,veg,50,Lentil and vegetable curry,side|veg|South Indian,0.138
I00497,R0049,Kesari,dessert,veg,62,Semolina sweet,dessert|veg|South Indian,0.355
I00498,R0049,Payasam,dessert,veg,75,Sweet milk pudding,dessert|veg|South Indian,0.321
I00499,R0049,Filter Coffee,beverage,veg,50,South Indian filter coffee,beverage|veg|South Indian,0.279
I00500,R0049,Buttermilk,beverage,veg,43,Spiced yogurt drink,beverage|veg|South Indian,0.285
I00501,R0050,Chicken Biryani,main,non-veg,266,Fragrant basmati rice with tender chicken pieces,main|non-veg|Biryani|popular,0.0
I00502,R0050,Mutton Biryani,main,non-veg,332,Aromatic rice with succulent mutton,main|non-veg|Biryani|popular,0.0
I00503,R0050,Egg Biryani,main,non-veg,209,Rice with boiled eggs and spices,main|non-veg|Biryani|popular,0.0
I00504,R0050,Veg Biryani,main,veg,190,Flavorful rice with mixed vegetables,main|veg|Biryani|popular,0.0
I00505,R0050,Salan,side,veg,57,Spicy curry accompaniment,side|veg|Biryani,0.264
I00506,R0050,Double Ka Meetha,side,veg,76,Sweet bread pudding,side|veg|Biryani,0.193
I00507,R0050,Raita,side,veg,38,Cooling yogurt with cucumber and spices,side|veg|Biryani,0.306
I00508,R0050,Khubani Ka Meetha,dessert,veg,85,Apricot dessert,dessert|veg|Biryani,0.369
I00509,R0050,Gulab Jamun,dessert,veg,57,Soft milk dumplings in sugar syrup,dessert|veg|Biryani,0.377
I00510,R0050,Soft Drink,beverage,veg,47,Refreshing carbonated beverage,beverage|veg|Biryani,0.228
I00511,R0050,Lassi,beverage,veg,66,Thick yogurt drink,beverage|veg|Biryani,0.159
I00512,R0051,Manchurian,main,veg,250,Vegetable balls in gravy,main|veg|Chinese|popular,0.0
I00513,R0051,Hakka Noodles,main,veg,212,Stir-fried noodles,main|veg|Chinese|popular,0.0
I00514,R0051,Chilli Chicken,main,non-veg,325,Spicy chicken preparation,main|non-veg|Chinese|popular,0.0
I00515,R0051,Spring Roll,side,veg,112,Crispy vegetable rolls,side|veg|Chinese,0.209
I00516,R0051,Chilli Potato,side,veg,137,Spicy potato fingers,side|veg|Chinese,0.166
I00517,R0051,Momos,side,veg,150,Steamed dumplings,side|veg|Chinese,0.37
I00518,R0051,Honey Noodles,dessert,veg,100,Crispy noodles with honey,dessert|veg|Chinese,0.229
I00519,R0051,Date Pancake,dessert,veg,125,Sweet pancake with dates,dessert|veg|Chinese,0.179
I00520,R0051,Soft Drink,beverage,veg,62,Refreshing beverage,beverage|veg|Chinese,0.19
I00521,R0051,Green Tea,beverage,veg,50,Hot green tea,beverage|veg|Chinese,0.335
I00522,R0052,Hakka Noodles,main,veg,161,Stir-fried noodles,main|veg|Chinese|popular,0.0
I00523,R0052,Chilli Chicken,main,non-veg,247,Spicy chicken preparation,main|non-veg|Chinese|popular,0.0
I00524,R0052,Fried Rice,main,veg,171,Stir-fried rice with vegetables,main|veg|Chinese|popular,0.0
I00525,R0052,Manchurian,main,veg,190,Vegetable balls in gravy,main|veg|Chinese|popular,0.0
I00526,R0052,Momos,side,veg,114,Steamed dumplings,side|veg|Chinese,0.342
I00527,R0052,Chilli Potato,side,veg,104,Spicy potato fingers,side|veg|Chinese,0.383
I00528,R0052,Spring Roll,side,veg,85,Crispy vegetable rolls,side|veg|Chinese,0.345
I00529,R0052,Honey Noodles,dessert,veg,76,Crispy noodles with honey,dessert|veg|Chinese,0.183
I00530,R0052,Date Pancake,dessert,veg,95,Sweet pancake with dates,dessert|veg|Chinese,0.249
I00531,R0052,Soft Drink,beverage,veg,47,Refreshing beverage,beverage|veg|Chinese,0.202
I00532,R0052,Green Tea,beverage,veg,38,Hot green tea,beverage|veg|Chinese,0.388
I00533,R0053,Chole Bhature,main,veg,162,Chickpea curry with fried bread,main|veg|Street Food|popular,0.0
I00534,R0053,Samosa,main,veg,37,Crispy pastry with filling,main|veg|Street Food|popular,0.0
I00535,R0053,Pani Puri,main,veg,75,Crispy puris with flavored water,main|veg|Street Food|popular,0.0
I00536,R0053,Papad,side,veg,25,Crispy papad,side|veg|Street Food,0.207
I00537,R0053,Extra Pav,side,veg,18,Extra bread,side|veg|Street Food,0.389
I00538,R0053,Rabri,dessert,veg,100,Thickened sweet milk,dessert|veg|Street Food,0.34
I00539,R0053,Jalebi,dessert,veg,62,Sweet fried spirals,dessert|veg|Street Food,0.387
I00540,R0053,Lassi,beverage,veg,75,Yogurt drink,beverage|veg|Street Food,0.161
I00541,R0053,Masala Chai,beverage,veg,37,Spiced tea,beverage|veg|Street Food,0.338
I00542,R0054,Pancake,main,veg,224,Fluffy pancakes,main|veg|Desserts|popular,0.0
I00543,R0054,Waffle,main,veg,251,Belgian waffle with toppings,main|veg|Desserts|popular,0.0
I00544,R0054,Syrup Shot,side,veg,42,Extra syrup,side|veg|Desserts,0.253
I00545,R0054,Extra Toppings,side,veg,56,Additional toppings,side|veg|Desserts,0.268
I00546,R0054,Cheesecake,dessert,veg,251,Creamy cheesecake,dessert|veg|Desserts,0.19
I00547,R0054,Chocolate Cake,dessert,veg,168,Rich chocolate cake,dessert|veg|Desserts,0.341
I00548,R0054,Hot Chocolate,beverage,veg,140,Rich hot chocolate,beverage|veg|Desserts,0.251
I00549,R0054,Milkshake,beverage,veg,182,Thick milkshake,beverage|veg|Desserts,0.328
I00550,R0055,Cold Coffee,main,veg,143,Iced coffee,main|veg|Beverages|popular,0.0
I00551,R0055,Mojito,main,veg,121,Refreshing mint drink,main|veg|Beverages|popular,0.0
I00552,R0055,Smoothie,main,veg,165,Fruit smoothie,main|veg|Beverages|popular,0.0
I00553,R0055,Extra Shot,side,veg,33,Extra coffee shot,side|veg|Beverages,0.127
I00554,R0055,Whipped Cream,side,veg,27,Extra whipped cream,side|veg|Beverages,0.373
I00555,R0055,Muffin,dessert,veg,66,Fresh muffin,dessert|veg|Beverages,0.33
I00556,R0055,Cookie,dessert,veg,55,Fresh baked cookie,dessert|veg|Beverages,0.128
I00557,R0055,Water Bottle,beverage,veg,22,Mineral water,beverage|veg|Beverages,0.167
I00558,R0055,Soft Drink,beverage,veg,55,Refreshing beverage,beverage|veg|Beverages,0.267
I00559,R0056,Masala Dosa,main,veg,150,Crispy crepe with potato filling,main|veg|South Indian|popular,0.0
I00560,R0056,Vada,main,veg,87,Crispy fried lentil donuts,main|veg|South Indian|popular,0.0
I00561,R0056,Chicken Chettinad,main,non-veg,350,Spicy Chettinad chicken,main|non-veg|South Indian|popular,0.0
I00562,R0056,Coconut Chutney,side,veg,37,Fresh coconut chutney,side|veg|South Indian,0.257
I00563,R0056,Tomato Chutney,side,veg,37,Tangy tomato chutney,side|veg|South Indian,0.387
I00564,R0056,Sambar,side,veg,50,Lentil and vegetable curry,side|veg|South Indian,0.365
I00565,R0056,Kesari,dessert,veg,62,Semolina sweet,dessert|veg|South Indian,0.394
I00566,R0056,Payasam,dessert,veg,75,Sweet milk pudding,dessert|veg|South Indian,0.11
I00567,R0056,Buttermilk,beverage,veg,43,Spiced yogurt drink,beverage|veg|South Indian,0.279
I00568,R0056,Filter Coffee,beverage,veg,50,South Indian filter coffee,beverage|veg|South Indian,0.128
I00569,R0057,Mojito,main,veg,137,Refreshing mint drink,main|veg|Beverages|popular,0.0
I00570,R0057,Cold Coffee,main,veg,162,Iced coffee,main|veg|Beverages|popular,0.0
I00571,R0057,Smoothie,main,veg,187,Fruit smoothie,main|veg|Beverages|popular,0.0
I00572,R0057,Extra Shot,side,veg,37,Extra coffee shot,side|veg|Beverages,0.222
I00573,R0057,Whipped Cream,side,veg,31,Extra whipped cream,side|veg|Beverages,0.115
I00574,R0057,Cookie,dessert,veg,62,Fresh baked cookie,dessert|veg|Beverages,0.312
I00575,R0057,Muffin,dessert,veg,75,Fresh muffin,dessert|veg|Beverages,0.382
I00576,R0057,Water Bottle,beverage,veg,25,Mineral water,beverage|veg|Beverages,0.25
I00577,R0057,Soft Drink,beverage,veg,62,Refreshing beverage,beverage|veg|Beverages,0.113
I00578,R0058,Veg Wrap,main,veg,143,Vegetable stuffed wrap,main|veg|Italian|popular,0.0
I00579,R0058,Sandwich,main,veg,110,Grilled sandwich,main|veg|Italian|popular,0.0
I00580,R0058,Frankie,main,veg,132,Stuffed roll,main|veg|Italian|popular,0.0
I00581,R0058,Chicken Wrap,main,non-veg,198,Chicken stuffed wrap,main|non-veg|Italian|popular,0.0
I00582,R0058,Fries,side,veg,88,Crispy fries,side|veg|Italian,0.268
I00583,R0058,Onion Rings,side,veg,99,Crispy onion rings,side|veg|Italian,0.284
I00584,R0058,Brownie,dessert,veg,110,Chocolate brownie,dessert|veg|Italian,0.386
I00585,R0058,Ice Cream,dessert,veg,66,Vanilla ice cream,dessert|veg|Italian,0.235
I00586,R0058,Soft Drink,beverage,veg,55,Refreshing beverage,beverage|veg|Italian,0.332
I00587,R0058,Cold Coffee,beverage,veg,132,Iced coffee,beverage|veg|Italian,0.23
I00588,R0059,Ice Cream Sundae,main,veg,165,Loaded ice cream sundae,main|veg|Desserts|popular,0.0
I00589,R0059,Waffle,main,veg,198,Belgian waffle with toppings,main|veg|Desserts|popular,0.0
I00590,R0059,Pancake,main,veg,176,Fluffy pancakes,main|veg|Desserts|popular,0.0
I00591,R0059,Extra Toppings,side,veg,44,Additional toppings,side|veg|Desserts,0.19
I00592,R0059,Syrup Shot,side,veg,33,Extra syrup,side|veg|Desserts,0.31
I00593,R0059,Chocolate Cake,dessert,veg,132,Rich chocolate cake,dessert|veg|Desserts,0.156
I00594,R0059,Cheesecake,dessert,veg,198,Creamy cheesecake,dessert|veg|Desserts,0.33
I00595,R0059,Milkshake,beverage,veg,143,Thick milkshake,beverage|veg|Desserts,0.244
I00596,R0059,Hot Chocolate,beverage,veg,110,Rich hot chocolate,beverage|veg|Desserts,0.145
I00597,R0060,Chicken Chettinad,main,non-veg,308,Spicy Chettinad chicken,main|non-veg|South Indian|popular,0.0
I00598,R0060,Idli Sambar,main,veg,88,Steamed rice cakes with lentil curry,main|veg|South Indian|popular,0.0
I00599,R0060,Vada,main,veg,77,Crispy fried lentil donuts,main|veg|South Indian|popular,0.0
I00600,R0060,Masala Dosa,main,veg,132,Crispy crepe with potato filling,main|veg|South Indian|popular,0.0
I00601,R0060,Tomato Chutney,side,veg,33,Tangy tomato chutney,side|veg|South Indian,0.33
I00602,R0060,Sambar,side,veg,44,Lentil and vegetable curry,side|veg|South Indian,0.329
I00603,R0060,Coconut Chutney,side,veg,33,Fresh coconut chutney,side|veg|South Indian,0.328
I00604,R0060,Kesari,dessert,veg,55,Semolina sweet,dessert|veg|South Indian,0.172
I00605,R0060,Payasam,dessert,veg,66,Sweet milk pudding,dessert|veg|South Indian,0.278
I00606,R0060,Buttermilk,beverage,veg,38,Spiced yogurt drink,beverage|veg|South Indian,0.305
I00607,R0060,Filter Coffee,beverage,veg,44,South Indian filter coffee,beverage|veg|South Indian,0.265
I00608,R0061,Egg Biryani,main,non-veg,308,Rice with boiled eggs and spices,main|non-veg|Biryani|popular,0.0
I00609,R0061,Mutton Biryani,main,non-veg,489,Aromatic rice with succulent mutton,main|non-veg|Biryani|popular,0.0
I00610,R0061,Salan,side,veg,84,Spicy curry accompaniment,side|veg|Biryani,0.193
I00611,R0061,Raita,side,veg,56,Cooling yogurt with cucumber and spices,side|veg|Biryani,0.258
I00612,R0061,Gulab Jamun,dessert,veg,84,Soft milk dumplings in sugar syrup,dessert|veg|Biryani,0.38
I00613,R0061,Khubani Ka Meetha,dessert,veg,125,Apricot dessert,dessert|veg|Biryani,0.177
I00614,R0061,Soft Drink,beverage,veg,70,Refreshing carbonated beverage,beverage|veg|Biryani,0.175
I00615,R0061,Lassi,beverage,veg,98,Thick yogurt drink,beverage|veg|Biryani,0.343
I00616,R0062,Waffle,main,veg,198,Belgian waffle with toppings,main|veg|Desserts|popular,0.0
I00617,R0062,Pancake,main,veg,176,Fluffy pancakes,main|veg|Desserts|popular,0.0
I00618,R0062,Ice Cream Sundae,main,veg,165,Loaded ice cream sundae,main|veg|Desserts|popular,0.0
I00619,R0062,Syrup Shot,side,veg,33,Extra syrup,side|veg|Desserts,0.159
I00620,R0062,Extra Toppings,side,veg,44,Additional toppings,side|veg|Desserts,0.184
I00621,R0062,Chocolate Cake,dessert,veg,132,Rich chocolate cake,dessert|veg|Desserts,0.338
I00622,R0062,Cheesecake,dessert,veg,198,Creamy cheesecake,dessert|veg|Desserts,0.275
I00623,R0062,Hot Chocolate,beverage,veg,110,Rich hot chocolate,beverage|veg|Desserts,0.18
I00624,R0062,Milkshake,beverage,veg,143,Thick milkshake,beverage|veg|Desserts,0.387
I00625,R0063,Frankie,main,veg,114,Stuffed roll,main|veg|Fast Food|popular,0.0
I00626,R0063,Chicken Wrap,main,non-veg,171,Chicken stuffed wrap,main|non-veg|Fast Food|popular,0.0
I00627,R0063,Sandwich,main,veg,95,Grilled sandwich,main|veg|Fast Food|popular,0.0
I00628,R0063,Veg Wrap,main,veg,123,Vegetable stuffed wrap,main|veg|Fast Food|popular,0.0
I00629,R0063,Fries,side,veg,76,Crispy fries,side|veg|Fast Food,0.352
I00630,R0063,Onion Rings,side,veg,85,Crispy onion rings,side|veg|Fast Food,0.273
I00631,R0063,Ice Cream,dessert,veg,57,Vanilla ice cream,dessert|veg|Fast Food,0.299
I00632,R0063,Brownie,dessert,veg,95,Chocolate brownie,dessert|veg|Fast Food,0.295
I00633,R0063,Soft Drink,beverage,veg,47,Refreshing beverage,beverage|veg|Fast Food,0.215
I00634,R0063,Cold Coffee,beverage,veg,114,Iced coffee,beverage|veg|Fast Food,0.247
I00635,R0064,Chicken Wrap,main,non-veg,198,Chicken stuffed wrap,main|non-veg|Fast Food|popular,0.0
I00636,R0064,Veg Wrap,main,veg,143,Vegetable stuffed wrap,main|veg|Fast Food|popular,0.0
I00637,R0064,Sandwich,main,veg,110,Grilled sandwich,main|veg|Fast Food|popular,0.0
I00638,R0064,Frankie,main,veg,132,Stuffed roll,main|veg|Fast Food|popular,0.0
I00639,R0064,Fries,side,veg,88,Crispy fries,side|veg|Fast Food,0.246
I00640,R0064,Onion Rings,side,veg,99,Crispy onion rings,side|veg|Fast Food,0.267
I00641,R0064,Brownie,dessert,veg,110,Chocolate brownie,dessert|veg|Fast Food,0.394
I00642,R0064,Ice Cream,dessert,veg,66,Vanilla ice cream,dessert|veg|Fast Food,0.303
I00643,R0064,Soft Drink,beverage,veg,55,Refreshing beverage,beverage|veg|Fast Food,0.254
I00644,R0064,Cold Coffee,beverage,veg,132,Iced coffee,beverage|veg|Fast Food,0.248
I00645,R0065,Mojito,main,veg,121,Refreshing mint drink,main|veg|Beverages|popular,0.0
I00646,R0065,Smoothie,main,veg,165,Fruit smoothie,main|veg|Beverages|popular,0.0
I00647,R0065,Cold Coffee,main,veg,143,Iced coffee,main|veg|Beverages|popular,0.0
I00648,R0065,Extra Shot,side,veg,33,Extra coffee shot,side|veg|Beverages,0.378
I00649,R0065,Whipped Cream,side,veg,27,Extra whipped cream,side|veg|Beverages,0.336
I00650,R0065,Muffin,dessert,veg,66,Fresh muffin,dessert|veg|Beverages,0.306
I00651,R0065,Cookie,dessert,veg,55,Fresh baked cookie,dessert|veg|Beverages,0.374
I00652,R0065,Water Bottle,beverage,veg,22,Mineral water,beverage|veg|Beverages,0.299
I00653,R0065,Soft Drink,beverage,veg,55,Refreshing beverage,beverage|veg|Beverages,0.296
I00654,R0066,Fish and Chips,main,non-veg,385,Classic fish and chips,main|non-veg|Continental|popular,0.0
I00655,R0066,Pasta Arrabbiata,main,veg,264,Spicy tomato pasta,main|veg|Continental|popular,0.0
I00656,R0066,Veg Steak,main,veg,308,Grilled vegetable steak,main|veg|Continental|popular,0.0
I00657,R0066,Grilled Chicken,main,non-veg,352,Herb grilled chicken,main|non-veg|Continental|popular,0.0
I00658,R0066,Mashed Potatoes,side,veg,110,Creamy mashed potatoes,side|veg|Continental,0.12
I00659,R0066,Garlic Bread,side,veg,99,Garlic bread,side|veg|Continental,0.32
I00660,R0066,Caesar Salad,side,veg,154,Classic Caesar salad,side|veg|Continental,0.375
I00661,R0066,Panna Cotta,dessert,veg,176,Italian custard,dessert|veg|Continental,0.178
I00662,R0066,Tiramisu,dessert,veg,198,Classic Italian dessert,dessert|veg|Continental,0.177
I00663,R0066,Lemonade,beverage,veg,77,Fresh lemonade,beverage|veg|Continental,0.39
I00664,R0066,Iced Tea,beverage,veg,88,Refreshing iced tea,beverage|veg|Continental,0.375
I00665,R0067,Hakka Noodles,main,veg,187,Stir-fried noodles,main|veg|Chinese|popular,0.0
I00666,R0067,Chilli Chicken,main,non-veg,286,Spicy chicken preparation,main|non-veg|Chinese|popular,0.0
I00667,R0067,Fried Rice,main,veg,198,Stir-fried rice with vegetables,main|veg|Chinese|popular,0.0
I00668,R0067,Manchurian,main,veg,220,Vegetable balls in gravy,main|veg|Chinese|popular,0.0
I00669,R0067,Momos,side,veg,132,Steamed dumplings,side|veg|Chinese,0.389
I00670,R0067,Spring Roll,side,veg,99,Crispy vegetable rolls,side|veg|Chinese,0.207
I00671,R0067,Chilli Potato,side,veg,121,Spicy potato fingers,side|veg|Chinese,0.365
I00672,R0067,Date Pancake,dessert,veg,110,Sweet pancake with dates,dessert|veg|Chinese,0.113
I00673,R0067,Honey Noodles,dessert,veg,88,Crispy noodles with honey,dessert|veg|Chinese,0.188
I00674,R0067,Soft Drink,beverage,veg,55,Refreshing beverage,beverage|veg|Chinese,0.233
I00675,R0067,Green Tea,beverage,veg,44,Hot green tea,beverage|veg|Chinese,0.237
I00676,R0068,Veg Wrap,main,veg,162,Vegetable stuffed wrap,main|veg|Italian|popular,0.0
I00677,R0068,Chicken Wrap,main,non-veg,225,Chicken stuffed wrap,main|non-veg|Italian|popular,0.0
I00678,R0068,Frankie,main,veg,150,Stuffed roll,main|veg|Italian|popular,0.0
I00679,R0068,Fries,side,veg,100,Crispy fries,side|veg|Italian,0.198
I00680,R0068,Onion Rings,side,veg,112,Crispy onion rings,side|veg|Italian,0.289
I00681,R0068,Ice Cream,dessert,veg,75,Vanilla ice cream,dessert|veg|Italian,0.301
I00682,R0068,Brownie,dessert,veg,125,Chocolate brownie,dessert|veg|Italian,0.297
I00683,R0068,Cold Coffee,beverage,veg,150,Iced coffee,beverage|veg|Italian,0.212
I00684,R0068,Soft Drink,beverage,veg,62,Refreshing beverage,beverage|veg|Italian,0.13
I00685,R0069,Idli Sambar,main,veg,100,Steamed rice cakes with lentil curry,main|veg|South Indian|popular,0.0
I00686,R0069,Chicken Chettinad,main,non-veg,350,Spicy Chettinad chicken,main|non-veg|South Indian|popular,0.0
I00687,R0069,Vada,main,veg,87,Crispy fried lentil donuts,main|veg|South Indian|popular,0.0
I00688,R0069,Coconut Chutney,side,veg,37,Fresh coconut chutney,side|veg|South Indian,0.397
I00689,R0069,Sambar,side,veg,50,Lentil and vegetable curry,side|veg|South Indian,0.374
I00690,R0069,Tomato Chutney,side,veg,37,Tangy tomato chutney,side|veg|South Indian,0.35
I00691,R0069,Kesari,dessert,veg,62,Semolina sweet,dessert|veg|South Indian,0.223
I00692,R0069,Payasam,dessert,veg,75,Sweet milk pudding,dessert|veg|South Indian,0.399
I00693,R0069,Filter Coffee,beverage,veg,50,South Indian filter coffee,beverage|veg|South Indian,0.301
I00694,R0069,Buttermilk,beverage,veg,43,Spiced yogurt drink,beverage|veg|South Indian,0.308
I00695,R0070,Veg Wrap,main,veg,143,Vegetable stuffed wrap,main|veg|Fast Food|popular,0.0
I00696,R0070,Chicken Wrap,main,non-veg,198,Chicken stuffed wrap,main|non-veg|Fast Food|popular,0.0
I00697,R0070,Frankie,main,veg,132,Stuffed roll,main|veg|Fast Food|popular,0.0
I00698,R0070,Sandwich,main,veg,110,Grilled sandwich,main|veg|Fast Food|popular,0.0
I00699,R0070,Fries,side,veg,88,Crispy fries,side|veg|Fast Food,0.1
I00700,R0070,Onion Rings,side,veg,99,Crispy onion rings,side|veg|Fast Food,0.112
I00701,R0070,Ice Cream,dessert,veg,66,Vanilla ice cream,dessert|veg|Fast Food,0.113
I00702,R0070,Brownie,dessert,veg,110,Chocolate brownie,dessert|veg|Fast Food,0.209
I00703,R0070,Soft Drink,beverage,veg,55,Refreshing beverage,beverage|veg|Fast Food,0.259
I00704,R0070,Cold Coffee,beverage,veg,132,Iced coffee,beverage|veg|Fast Food,0.205
I00705,R0071,Smoothie,main,veg,210,Fruit smoothie,main|veg|Beverages|popular,0.0
I00706,R0071,Mojito,main,veg,154,Refreshing mint drink,main|veg|Beverages|popular,0.0
I00707,R0071,Whipped Cream,side,veg,35,Extra whipped cream,side|veg|Beverages,0.285
I00708,R0071,Extra Shot,side,veg,42,Extra coffee shot,side|veg|Beverages,0.106
I00709,R0071,Cookie,dessert,veg,70,Fresh baked cookie,dessert|veg|Beverages,0.106
I00710,R0071,Muffin,dessert,veg,84,Fresh muffin,dessert|veg|Beverages,0.154
I00711,R0071,Water Bottle,beverage,veg,28,Mineral water,beverage|veg|Beverages,0.387
I00712,R0071,Soft Drink,beverage,veg,70,Refreshing beverage,beverage|veg|Beverages,0.341
I00713,R0072,Chicken Wrap,main,non-veg,225,Chicken stuffed wrap,main|non-veg|Italian|popular,0.0
I00714,R0072,Frankie,main,veg,150,Stuffed roll,main|veg|Italian|popular,0.0
I00715,R0072,Veg Wrap,main,veg,162,Vegetable stuffed wrap,main|veg|Italian|popular,0.0
I00716,R0072,Fries,side,veg,100,Crispy fries,side|veg|Italian,0.383
I00717,R0072,Onion Rings,side,veg,112,Crispy onion rings,side|veg|Italian,0.102
I00718,R0072,Brownie,dessert,veg,125,Chocolate brownie,dessert|veg|Italian,0.319
I00719,R0072,Ice Cream,dessert,veg,75,Vanilla ice cream,dessert|veg|Italian,0.323
I00720,R0072,Cold Coffee,beverage,veg,150,Iced coffee,beverage|veg|Italian,0.166
I00721,R0072,Soft Drink,beverage,veg,62,Refreshing beverage,beverage|veg|Italian,0.228
I00722,R0073,Pani Puri,main,veg,66,Crispy puris with flavored water,main|veg|Street Food|popular,0.0
I00723,R0073,Chole Bhature,main,veg,143,Chickpea curry with fried bread,main|veg|Street Food|popular,0.0
I00724,R0073,Samosa,main,veg,33,Crispy pastry with filling,main|veg|Street Food|popular,0.0
I00725,R0073,Pav Bhaji,main,veg,132,Mashed vegetable curry with bread,main|veg|Street Food|popular,0.0
I00726,R0073,Extra Pav,side,veg,16,Extra bread,side|veg|Street Food,0.265
I00727,R0073,Papad,side,veg,22,Crispy papad,side|veg|Street Food,0.237
I00728,R0073,Rabri,dessert,veg,88,Thickened sweet milk,dessert|veg|Street Food,0.347
I00729,R0073,Jalebi,dessert,veg,55,Sweet fried spirals,dessert|veg|Street Food,0.133
I00730,R0073,Lassi,beverage,veg,66,Yogurt drink,beverage|veg|Street Food,0.39
I00731,R0073,Masala Chai,beverage,veg,33,Spiced tea,beverage|veg|Street Food,0.146
I00732,R0074,Vada,main,veg,66,Crispy fried lentil donuts,main|veg|South Indian|popular,0.0
I00733,R0074,Masala Dosa,main,veg,114,Crispy crepe with potato filling,main|veg|South Indian|popular,0.0
I00734,R0074,Chicken Chettinad,main,non-veg,266,Spicy Chettinad chicken,main|non-veg|South Indian|popular,0.0
I00735,R0074,Idli Sambar,main,veg,76,Steamed rice cakes with lentil curry,main|veg|South Indian|popular,0.0
I00736,R0074,Tomato Chutney,side,veg,28,Tangy tomato chutney,side|veg|South Indian,0.34
I00737,R0074,Sambar,side,veg,38,Lentil and vegetable curry,side|veg|South Indian,0.154
I00738,R0074,Coconut Chutney,side,veg,28,Fresh coconut chutney,side|veg|South Indian,0.227
I00739,R0074,Kesari,dessert,veg,47,Semolina sweet,dessert|veg|South Indian,0.357
I00740,R0074,Payasam,dessert,veg,57,Sweet milk pudding,dessert|veg|South Indian,0.153
I00741,R0074,Filter Coffee,beverage,veg,38,South Indian filter coffee,beverage|veg|South Indian,0.126
I00742,R0074,Buttermilk,beverage,veg,33,Spiced yogurt drink,beverage|veg|South Indian,0.224
I00743,R0075,Waffle,main,veg,198,Belgian waffle with toppings,main|veg|Desserts|popular,0.0
I00744,R0075,Pancake,main,veg,176,Fluffy pancakes,main|veg|Desserts|popular,0.0
I00745,R0075,Ice Cream Sundae,main,veg,165,Loaded ice cream sundae,main|veg|Desserts|popular,0.0
I00746,R0075,Syrup Shot,side,veg,33,Extra syrup,side|veg|Desserts,0.175
I00747,R0075,Extra Toppings,side,veg,44,Additional toppings,side|veg|Desserts,0.198
I00748,R0075,Cheesecake,dessert,veg,198,Creamy cheesecake,dessert|veg|Desserts,0.226
I00749,R0075,Chocolate Cake,dessert,veg,132,Rich chocolate cake,dessert|veg|Desserts,0.382
I00750,R0075,Hot Chocolate,beverage,veg,110,Rich hot chocolate,beverage|veg|Desserts,0.222
I00751,R0075,Milkshake,beverage,veg,143,Thick milkshake,beverage|veg|Desserts,0.367
I00752,R0076,Pani Puri,main,veg,66,Crispy puris with flavored water,main|veg|Street Food|popular,0.0
I00753,R0076,Samosa,main,veg,33,Crispy pastry with filling,main|veg|Street Food|popular,0.0
I00754,R0076,Pav Bhaji,main,veg,132,Mashed vegetable curry with bread,main|veg|Street Food|popular,0.0
I00755,R0076,Chole Bhature,main,veg,143,Chickpea curry with fried bread,main|veg|Street Food|popular,0.0
I00756,R0076,Extra Pav,side,veg,16,Extra bread,side|veg|Street Food,0.102
I00757,R0076,Papad,side,veg,22,Crispy papad,side|veg|Street Food,0.388
I00758,R0076,Rabri,dessert,veg,88,Thickened sweet milk,dessert|veg|Street Food,0.113
I00759,R0076,Jalebi,dessert,veg,55,Sweet fried spirals,dessert|veg|Street Food,0.274
I00760,R0076,Lassi,beverage,veg,66,Yogurt drink,beverage|veg|Street Food,0.387
I00761,R0076,Masala Chai,beverage,veg,33,Spiced tea,beverage|veg|Street Food,0.332
I00762,R0077,Ice Cream Sundae,main,veg,187,Loaded ice cream sundae,main|veg|Desserts|popular,0.0
I00763,R0077,Pancake,main,veg,200,Fluffy pancakes,main|veg|Desserts|popular,0.0
I00764,R0077,Waffle,main,veg,225,Belgian waffle with toppings,main|veg|Desserts|popular,0.0
I00765,R0077,Syrup Shot,side,veg,37,Extra syrup,side|veg|Desserts,0.361
I00766,R0077,Extra Toppings,side,veg,50,Additional toppings,side|veg|Desserts,0.28
I00767,R0077,Chocolate Cake,dessert,veg,150,Rich chocolate cake,dessert|veg|Desserts,0.209
I00768,R0077,Cheesecake,dessert,veg,225,Creamy cheesecake,dessert|veg|Desserts,0.339
I00769,R0077,Hot Chocolate,beverage,veg,125,Rich hot chocolate,beverage|veg|Desserts,0.105
I00770,R0077,Milkshake,beverage,veg,162,Thick milkshake,beverage|veg|Desserts,0.36
I00771,R0078,Sandwich,main,veg,110,Grilled sandwich,main|veg|Fast Food|popular,0.0
I00772,R0078,Frankie,main,veg,132,Stuffed roll,main|veg|Fast Food|popular,0.0
I00773,R0078,Chicken Wrap,main,non-veg,198,Chicken stuffed wrap,main|non-veg|Fast Food|popular,0.0
I00774,R0078,Veg Wrap,main,veg,143,Vegetable stuffed wrap,main|veg|Fast Food|popular,0.0
I00775,R0078,Fries,side,veg,88,Crispy fries,side|veg|Fast Food,0.199
I00776,R0078,Onion Rings,side,veg,99,Crispy onion rings,side|veg|Fast Food,0.345
I00777,R0078,Brownie,dessert,veg,110,Chocolate brownie,dessert|veg|Fast Food,0.157
I00778,R0078,Ice Cream,dessert,veg,66,Vanilla ice cream,dessert|veg|Fast Food,0.358
I00779,R0078,Soft Drink,beverage,veg,55,Refreshing beverage,beverage|veg|Fast Food,0.144
I00780,R0078,Cold Coffee,beverage,veg,132,Iced coffee,beverage|veg|Fast Food,0.153
I00781,R0079,Pancake,main,veg,152,Fluffy pancakes,main|veg|Desserts|popular,0.0
I00782,R0079,Waffle,main,veg,171,Belgian waffle with toppings,main|veg|Desserts|popular,0.0
I00783,R0079,Ice Cream Sundae,main,veg,142,Loaded ice cream sundae,main|veg|Desserts|popular,0.0
I00784,R0079,Syrup Shot,side,veg,28,Extra syrup,side|veg|Desserts,0.322
I00785,R0079,Extra Toppings,side,veg,38,Additional toppings,side|veg|Desserts,0.272
I00786,R0079,Chocolate Cake,dessert,veg,114,Rich chocolate cake,dessert|veg|Desserts,0.191
I00787,R0079,Cheesecake,dessert,veg,171,Creamy cheesecake,dessert|veg|Desserts,0.357
I00788,R0079,Hot Chocolate,beverage,veg,95,Rich hot chocolate,beverage|veg|Desserts,0.313
I00789,R0079,Milkshake,beverage,veg,123,Thick milkshake,beverage|veg|Desserts,0.263
I00790,R0080,Fried Rice,main,veg,198,Stir-fried rice with vegetables,main|veg|Chinese|popular,0.0
I00791,R0080,Hakka Noodles,main,veg,187,Stir-fried noodles,main|veg|Chinese|popular,0.0
I00792,R0080,Chilli Chicken,main,non-veg,286,Spicy chicken preparation,main|non-veg|Chinese|popular,0.0
I00793,R0080,Manchurian,main,veg,220,Vegetable balls in gravy,main|veg|Chinese|popular,0.0
I00794,R0080,Chilli Potato,side,veg,121,Spicy potato fingers,side|veg|Chinese,0.185
I00795,R0080,Spring Roll,side,veg,99,Crispy vegetable rolls,side|veg|Chinese,0.332
I00796,R0080,Momos,side,veg,132,Steamed dumplings,side|veg|Chinese,0.317
I00797,R0080,Honey Noodles,dessert,veg,88,Crispy noodles with honey,dessert|veg|Chinese,0.161
I00798,R0080,Date Pancake,dessert,veg,110,Sweet pancake with dates,dessert|veg|Chinese,0.171
I00799,R0080,Green Tea,beverage,veg,44,Hot green tea,beverage|veg|Chinese,0.313
I00800,R0080,Soft Drink,beverage,veg,55,Refreshing beverage,beverage|veg|Chinese,0.21
I00801,R0081,Vada,main,veg,98,Crispy fried lentil donuts,main|veg|South Indian|popular,0.0
I00802,R0081,Masala Dosa,main,veg,168,Crispy crepe with potato filling,main|veg|South Indian|popular,0.0
I00803,R0081,Tomato Chutney,side,veg,42,Tangy tomato chutney,side|veg|South Indian,0.101
I00804,R0081,Coconut Chutney,side,veg,42,Fresh coconut chutney,side|veg|South Indian,0.346
I00805,R0081,Kesari,dessert,veg,70,Semolina sweet,dessert|veg|South Indian,0.222
I00806,R0081,Payasam,dessert,veg,84,Sweet milk pudding,dessert|veg|South Indian,0.397
I00807,R0081,Filter Coffee,beverage,veg,56,South Indian filter coffee,beverage|veg|South Indian,0.379
I00808,R0081,Buttermilk,beverage,veg,49,Spiced yogurt drink,beverage|veg|South Indian,0.11
I00809,R0082,Smoothie,main,veg,165,Fruit smoothie,main|veg|Beverages|popular,0.0
I00810,R0082,Cold Coffee,main,veg,143,Iced coffee,main|veg|Beverages|popular,0.0
I00811,R0082,Mojito,main,veg,121,Refreshing mint drink,main|veg|Beverages|popular,0.0
I00812,R0082,Whipped Cream,side,veg,27,Extra whipped cream,side|veg|Beverages,0.349
I00813,R0082,Extra Shot,side,veg,33,Extra coffee shot,side|veg|Beverages,0.324
I00814,R0082,Muffin,dessert,veg,66,Fresh muffin,dessert|veg|Beverages,0.133
I00815,R0082,Cookie,dessert,veg,55,Fresh baked cookie,dessert|veg|Beverages,0.155
I00816,R0082,Soft Drink,beverage,veg,55,Refreshing beverage,beverage|veg|Beverages,0.359
I00817,R0082,Water Bottle,beverage,veg,22,Mineral water,beverage|veg|Beverages,0.376
I00818,R0083,Rogan Josh,main,non-veg,418,Kashmiri lamb curry,main|non-veg|North Indian|popular,0.0
I00819,R0083,Butter Chicken,main,non-veg,352,Creamy tomato-based chicken curry,main|non-veg|North Indian|popular,0.0
I00820,R0083,Paneer Tikka,main,veg,308,Grilled cottage cheese,main|veg|North Indian|popular,0.0
I00821,R0083,Dal Makhani,main,veg,242,Creamy black lentils,main|veg|North Indian|popular,0.0
I00822,R0083,Tandoori Roti,side,veg,27,Whole wheat flatbread,side|veg|North Indian,0.214
I00823,R0083,Jeera Rice,side,veg,132,Cumin flavored rice,side|veg|North Indian,0.233
I00824,R0083,Butter Naan,side,veg,55,Buttery flatbread,side|veg|North Indian,0.111
I00825,R0083,Garlic Naan,side,veg,66,Garlic flavored naan,side|veg|North Indian,0.281
I00826,R0083,Rasmalai,dessert,veg,88,Soft cheese patties in milk,dessert|veg|North Indian,0.39
I00827,R0083,Gulab Jamun,dessert,veg,66,Sweet milk dumplings,dessert|veg|North Indian,0.332
I00828,R0083,Lassi,beverage,veg,77,Sweet yogurt drink,beverage|veg|North Indian,0.329
I00829,R0083,Buttermilk,beverage,veg,44,Spiced yogurt drink,beverage|veg|North Indian,0.121
I00830,R0084,Grilled Chicken,main,non-veg,352,Herb grilled chicken,main|non-veg|Continental|popular,0.0
I00831,R0084,Fish and Chips,main,non-veg,385,Classic fish and chips,main|non-veg|Continental|popular,0.0
I00832,R0084,Pasta Arrabbiata,main,veg,264,Spicy tomato pasta,main|veg|Continental|popular,0.0
I00833,R0084,Veg Steak,main,veg,308,Grilled vegetable steak,main|veg|Continental|popular,0.0
I00834,R0084,Caesar Salad,side,veg,154,Classic Caesar salad,side|veg|Continental,0.282
I00835,R0084,Mashed Potatoes,side,veg,110,Creamy mashed potatoes,side|veg|Continental,0.264
I00836,R0084,Garlic Bread,side,veg,99,Garlic bread,side|veg|Continental,0.174
I00837,R0084,Tiramisu,dessert,veg,198,Classic Italian dessert,dessert|veg|Continental,0.277
I00838,R0084,Panna Cotta,dessert,veg,176,Italian custard,dessert|veg|Continental,0.399
I00839,R0084,Lemonade,beverage,veg,77,Fresh lemonade,beverage|veg|Continental,0.293
I00840,R0084,Iced Tea,beverage,veg,88,Refreshing iced tea,beverage|veg|Continental,0.108
I00841,R0085,Fish and Chips,main,non-veg,332,Classic fish and chips,main|non-veg|Continental|popular,0.0
I00842,R0085,Veg Steak,main,veg,266,Grilled vegetable steak,main|veg|Continental|popular,0.0
I00843,R0085,Pasta Arrabbiata,main,veg,228,Spicy tomato pasta,main|veg|Continental|popular,0.0
I00844,R0085,Grilled Chicken,main,non-veg,304,Herb grilled chicken,main|non-veg|Continental|popular,0.0
I00845,R0085,Garlic Bread,side,veg,85,Garlic bread,side|veg|Continental,0.378
I00846,R0085,Caesar Salad,side,veg,133,Classic Caesar salad,side|veg|Continental,0.361
I00847,R0085,Mashed Potatoes,side,veg,95,Creamy mashed potatoes,side|veg|Continental,0.348
I00848,R0085,Panna Cotta,dessert,veg,152,Italian custard,dessert|veg|Continental,0.379
I00849,R0085,Tiramisu,dessert,veg,171,Classic Italian dessert,dessert|veg|Continental,0.211
I00850,R0085,Iced Tea,beverage,veg,76,Refreshing iced tea,beverage|veg|Continental,0.356
I00851,R0085,Lemonade,beverage,veg,66,Fresh lemonade,beverage|veg|Continental,0.397
I00852,R0086,Dal Makhani,main,veg,275,Creamy black lentils,main|veg|North Indian|popular,0.0
I00853,R0086,Butter Chicken,main,non-veg,400,Creamy tomato-based chicken curry,main|non-veg|North Indian|popular,0.0
I00854,R0086,Paneer Tikka,main,veg,350,Grilled cottage cheese,main|veg|North Indian|popular,0.0
I00855,R0086,Tandoori Roti,side,veg,31,Whole wheat flatbread,side|veg|North Indian,0.241
I00856,R0086,Butter Naan,side,veg,62,Buttery flatbread,side|veg|North Indian,0.364
I00857,R0086,Jeera Rice,side,veg,150,Cumin flavored rice,side|veg|North Indian,0.196
I00858,R0086,Gulab Jamun,dessert,veg,75,Sweet milk dumplings,dessert|veg|North Indian,0.235
I00859,R0086,Rasmalai,dessert,veg,100,Soft cheese patties in milk,dessert|veg|North Indian,0.274
I00860,R0086,Lassi,beverage,veg,87,Sweet yogurt drink,beverage|veg|North Indian,0.108
I00861,R0086,Buttermilk,beverage,veg,50,Spiced yogurt drink,beverage|veg|North Indian,0.139
I00862,R0087,Frankie,main,veg,150,Stuffed roll,main|veg|Italian|popular,0.0
I00863,R0087,Sandwich,main,veg,125,Grilled sandwich,main|veg|Italian|popular,0.0
I00864,R0087,Veg Wrap,main,veg,162,Vegetable stuffed wrap,main|veg|Italian|popular,0.0
I00865,R0087,Fries,side,veg,100,Crispy fries,side|veg|Italian,0.254
I00866,R0087,Onion Rings,side,veg,112,Crispy onion rings,side|veg|Italian,0.36
I00867,R0087,Ice Cream,dessert,veg,75,Vanilla ice cream,dessert|veg|Italian,0.397
I00868,R0087,Brownie,dessert,veg,125,Chocolate brownie,dessert|veg|Italian,0.366
I00869,R0087,Soft Drink,beverage,veg,62,Refreshing beverage,beverage|veg|Italian,0.352
I00870,R0087,Cold Coffee,beverage,veg,150,Iced coffee,beverage|veg|Italian,0.276
I00871,R0088,Fried Rice,main,veg,198,Stir-fried rice with vegetables,main|veg|Chinese|popular,0.0
I00872,R0088,Manchurian,main,veg,220,Vegetable balls in gravy,main|veg|Chinese|popular,0.0
I00873,R0088,Hakka Noodles,main,veg,187,Stir-fried noodles,main|veg|Chinese|popular,0.0
I00874,R0088,Chilli Chicken,main,non-veg,286,Spicy chicken preparation,main|non-veg|Chinese|popular,0.0
I00875,R0088,Chilli Potato,side,veg,121,Spicy potato fingers,side|veg|Chinese,0.115
I00876,R0088,Spring Roll,side,veg,99,Crispy vegetable rolls,side|veg|Chinese,0.362
I00877,R0088,Momos,side,veg,132,Steamed dumplings,side|veg|Chinese,0.398
I00878,R0088,Date Pancake,dessert,veg,110,Sweet pancake with dates,dessert|veg|Chinese,0.3
I00879,R0088,Honey Noodles,dessert,veg,88,Crispy noodles with honey,dessert|veg|Chinese,0.258
I00880,R0088,Green Tea,beverage,veg,44,Hot green tea,beverage|veg|Chinese,0.239
I00881,R0088,Soft Drink,beverage,veg,55,Refreshing beverage,beverage|veg|Chinese,0.247
I00882,R0089,Chilli Chicken,main,non-veg,325,Spicy chicken preparation,main|non-veg|Chinese|popular,0.0
I00883,R0089,Fried Rice,main,veg,225,Stir-fried rice with vegetables,main|veg|Chinese|popular,0.0
I00884,R0089,Manchurian,main,veg,250,Vegetable balls in gravy,main|veg|Chinese|popular,0.0
I00885,R0089,Momos,side,veg,150,Steamed dumplings,side|veg|Chinese,0.309
I00886,R0089,Chilli Potato,side,veg,137,Spicy potato fingers,side|veg|Chinese,0.252
I00887,R0089,Spring Roll,side,veg,112,Crispy vegetable rolls,side|veg|Chinese,0.364
I00888,R0089,Honey Noodles,dessert,veg,100,Crispy noodles with honey,dessert|veg|Chinese,0.269
I00889,R0089,Date Pancake,dessert,veg,125,Sweet pancake with dates,dessert|veg|Chinese,0.228
I00890,R0089,Green Tea,beverage,veg,50,Hot green tea,beverage|veg|Chinese,0.23
I00891,R0089,Soft Drink,beverage,veg,62,Refreshing beverage,beverage|veg|Chinese,0.389
I00892,R0090,Frankie,main,veg,132,Stuffed roll,main|veg|Italian|popular,0.0
I00893,R0090,Veg Wrap,main,veg,143,Vegetable stuffed wrap,main|veg|Italian|popular,0.0
I00894,R0090,Chicken Wrap,main,non-veg,198,Chicken stuffed wrap,main|non-veg|Italian|popular,0.0
I00895,R0090,Sandwich,main,veg,110,Grilled sandwich,main|veg|Italian|popular,0.0
I00896,R0090,Onion Rings,side,veg,99,Crispy onion rings,side|veg|Italian,0.397
I00897,R0090,Fries,side,veg,88,Crispy fries,side|veg|Italian,0.345
I00898,R0090,Ice Cream,dessert,veg,66,Vanilla ice cream,dessert|veg|Italian,0.206
I00899,R0090,Brownie,dessert,veg,110,Chocolate brownie,dessert|veg|Italian,0.345
I00900,R0090,Soft Drink,beverage,veg,55,Refreshing beverage,beverage|veg|Italian,0.211
I00901,R0090,Cold Coffee,beverage,veg,132,Iced coffee,beverage|veg|Italian,0.172
I00902,R0091,Chilli Chicken,main,non-veg,286,Spicy chicken preparation,main|non-veg|Chinese|popular,0.0
I00903,R0091,Hakka Noodles,main,veg,187,Stir-fried noodles,main|veg|Chinese|popular,0.0
I00904,R0091,Fried Rice,main,veg,198,Stir-fried rice with vegetables,main|veg|Chinese|popular,0.0
I00905,R0091,Manchurian,main,veg,220,Vegetable balls in gravy,main|veg|Chinese|popular,0.0
I00906,R0091,Spring Roll,side,veg,99,Crispy vegetable rolls,side|veg|Chinese,0.207
I00907,R0091,Chilli Potato,side,veg,121,Spicy potato fingers,side|veg|Chinese,0.227
I00908,R0091,Momos,side,veg,132,Steamed dumplings,side|veg|Chinese,0.324
I00909,R0091,Date Pancake,dessert,veg,110,Sweet pancake with dates,dessert|veg|Chinese,0.157
I00910,R0091,Honey Noodles,dessert,veg,88,Crispy noodles with honey,dessert|veg|Chinese,0.262
I00911,R0091,Soft Drink,beverage,veg,55,Refreshing beverage,beverage|veg|Chinese,0.247
I00912,R0091,Green Tea,beverage,veg,44,Hot green tea,beverage|veg|Chinese,0.249
I00913,R0092,Egg Biryani,main,non-veg,275,Rice with boiled eggs and spices,main|non-veg|Biryani|popular,0.0
I00914,R0092,Mutton Biryani,main,non-veg,437,Aromatic rice with succulent mutton,main|non-veg|Biryani|popular,0.0
I00915,R0092,Veg Biryani,main,veg,250,Flavorful rice with mixed vegetables,main|veg|Biryani|popular,0.0
I00916,R0092,Salan,side,veg,75,Spicy curry accompaniment,side|veg|Biryani,0.359
I00917,R0092,Raita,side,veg,50,Cooling yogurt with cucumber and spices,side|veg|Biryani,0.284
I00918,R0092,Double Ka Meetha,side,veg,100,Sweet bread pudding,side|veg|Biryani,0.287
I00919,R0092,Khubani Ka Meetha,dessert,veg,112,Apricot dessert,dessert|veg|Biryani,0.165
I00920,R0092,Gulab Jamun,dessert,veg,75,Soft milk dumplings in sugar syrup,dessert|veg|Biryani,0.171
I00921,R0092,Lassi,beverage,veg,87,Thick yogurt drink,beverage|veg|Biryani,0.326
I00922,R0092,Soft Drink,beverage,veg,62,Refreshing carbonated beverage,beverage|veg|Biryani,0.153
I00923,R0093,Paneer Tikka,main,veg,266,Grilled cottage cheese,main|veg|North Indian|popular,0.0
I00924,R0093,Butter Chicken,main,non-veg,304,Creamy tomato-based chicken curry,main|non-veg|North Indian|popular,0.0
I00925,R0093,Dal Makhani,main,veg,209,Creamy black lentils,main|veg|North Indian|popular,0.0
I00926,R0093,Rogan Josh,main,non-veg,361,Kashmiri lamb curry,main|non-veg|North Indian|popular,0.0
I00927,R0093,Butter Naan,side,veg,47,Buttery flatbread,side|veg|North Indian,0.228
I00928,R0093,Jeera Rice,side,veg,114,Cumin flavored rice,side|veg|North Indian,0.273
I00929,R0093,Garlic Naan,side,veg,57,Garlic flavored naan,side|veg|North Indian,0.145
I00930,R0093,Tandoori Roti,side,veg,23,Whole wheat flatbread,side|veg|North Indian,0.343
I00931,R0093,Gulab Jamun,dessert,veg,57,Sweet milk dumplings,dessert|veg|North Indian,0.271
I00932,R0093,Rasmalai,dessert,veg,76,Soft cheese patties in milk,dessert|veg|North Indian,0.389
I00933,R0093,Lassi,beverage,veg,66,Sweet yogurt drink,beverage|veg|North Indian,0.211
I00934,R0093,Buttermilk,beverage,veg,38,Spiced yogurt drink,beverage|veg|North Indian,0.303
I00935,R0094,Cold Coffee,main,veg,162,Iced coffee,main|veg|Beverages|popular,0.0
I00936,R0094,Smoothie,main,veg,187,Fruit smoothie,main|veg|Beverages|popular,0.0
I00937,R0094,Mojito,main,veg,137,Refreshing mint drink,main|veg|Beverages|popular,0.0
I00938,R0094,Whipped Cream,side,veg,31,Extra whipped cream,side|veg|Beverages,0.112
I00939,R0094,Extra Shot,side,veg,37,Extra coffee shot,side|veg|Beverages,0.292
I00940,R0094,Cookie,dessert,veg,62,Fresh baked cookie,dessert|veg|Beverages,0.212
I00941,R0094,Muffin,dessert,veg,75,Fresh muffin,dessert|veg|Beverages,0.171
I00942,R0094,Water Bottle,beverage,veg,25,Mineral water,beverage|veg|Beverages,0.227
I00943,R0094,Soft Drink,beverage,veg,62,Refreshing beverage,beverage|veg|Beverages,0.151
I00944,R0095,Pasta Arrabbiata,main,veg,300,Spicy tomato pasta,main|veg|Continental|popular,0.0
I00945,R0095,Fish and Chips,main,non-veg,437,Classic fish and chips,main|non-veg|Continental|popular,0.0
I00946,R0095,Veg Steak,main,veg,350,Grilled vegetable steak,main|veg|Continental|popular,0.0
I00947,R0095,Caesar Salad,side,veg,175,Classic Caesar salad,side|veg|Continental,0.244
I00948,R0095,Garlic Bread,side,veg,112,Garlic bread,side|veg|Continental,0.137
I00949,R0095,Mashed Potatoes,side,veg,125,Creamy mashed potatoes,side|veg|Continental,0.156
I00950,R0095,Tiramisu,dessert,veg,225,Classic Italian dessert,dessert|veg|Continental,0.277
I00951,R0095,Panna Cotta,dessert,veg,200,Italian custard,dessert|veg|Continental,0.299
I00952,R0095,Iced Tea,beverage,veg,100,Refreshing iced tea,beverage|veg|Continental,0.324
I00953,R0095,Lemonade,beverage,veg,87,Fresh lemonade,beverage|veg|Continental,0.137
I00954,R0096,Ice Cream Sundae,main,veg,165,Loaded ice cream sundae,main|veg|Desserts|popular,0.0
I00955,R0096,Pancake,main,veg,176,Fluffy pancakes,main|veg|Desserts|popular,0.0
I00956,R0096,Waffle,main,veg,198,Belgian waffle with toppings,main|veg|Desserts|popular,0.0
I00957,R0096,Extra Toppings,side,veg,44,Additional toppings,side|veg|Desserts,0.125
I00958,R0096,Syrup Shot,side,veg,33,Extra syrup,side|veg|Desserts,0.293
I00959,R0096,Cheesecake,dessert,veg,198,Creamy cheesecake,dessert|veg|Desserts,0.372
I00960,R0096,Chocolate Cake,dessert,veg,132,Rich chocolate cake,dessert|veg|Desserts,0.102
I00961,R0096,Hot Chocolate,beverage,veg,110,Rich hot chocolate,beverage|veg|Desserts,0.306
I00962,R0096,Milkshake,beverage,veg,143,Thick milkshake,beverage|veg|Desserts,0.343
I00963,R0097,Frankie,main,veg,114,Stuffed roll,main|veg|Fast Food|popular,0.0
I00964,R0097,Chicken Wrap,main,non-veg,171,Chicken stuffed wrap,main|non-veg|Fast Food|popular,0.0
I00965,R0097,Veg Wrap,main,veg,123,Vegetable stuffed wrap,main|veg|Fast Food|popular,0.0
I00966,R0097,Sandwich,main,veg,95,Grilled sandwich,main|veg|Fast Food|popular,0.0
I00967,R0097,Onion Rings,side,veg,85,Crispy onion rings,side|veg|Fast Food,0.308
I00968,R0097,Fries,side,veg,76,Crispy fries,side|veg|Fast Food,0.248
I00969,R0097,Brownie,dessert,veg,95,Chocolate brownie,dessert|veg|Fast Food,0.238
I00970,R0097,Ice Cream,dessert,veg,57,Vanilla ice cream,dessert|veg|Fast Food,0.161
I00971,R0097,Soft Drink,beverage,veg,47,Refreshing beverage,beverage|veg|Fast Food,0.164
I00972,R0097,Cold Coffee,beverage,veg,114,Iced coffee,beverage|veg|Fast Food,0.292
I00973,R0098,Cold Coffee,main,veg,123,Iced coffee,main|veg|Beverages|popular,0.0
I00974,R0098,Mojito,main,veg,104,Refreshing mint drink,main|veg|Beverages|popular,0.0
I00975,R0098,Smoothie,main,veg,142,Fruit smoothie,main|veg|Beverages|popular,0.0
I00976,R0098,Extra Shot,side,veg,28,Extra coffee shot,side|veg|Beverages,0.307
I00977,R0098,Whipped Cream,side,veg,23,Extra whipped cream,side|veg|Beverages,0.248
I00978,R0098,Cookie,dessert,veg,47,Fresh baked cookie,dessert|veg|Beverages,0.37
I00979,R0098,Muffin,dessert,veg,57,Fresh muffin,dessert|veg|Beverages,0.238
I00980,R0098,Soft Drink,beverage,veg,47,Refreshing beverage,beverage|veg|Beverages,0.255
I00981,R0098,Water Bottle,beverage,veg,19,Mineral water,beverage|veg|Beverages,0.32
I00982,R0099,Paneer Tikka,main,veg,308,Grilled cottage cheese,main|veg|North Indian|popular,0.0
I00983,R0099,Rogan Josh,main,non-veg,418,Kashmiri lamb curry,main|non-veg|North Indian|popular,0.0
I00984,R0099,Dal Makhani,main,veg,242,Creamy black lentils,main|veg|North Indian|popular,0.0
I00985,R0099,Butter Chicken,main,non-veg,352,Creamy tomato-based chicken curry,main|non-veg|North Indian|popular,0.0
I00986,R0099,Jeera Rice,side,veg,132,Cumin flavored rice,side|veg|North Indian,0.159
I00987,R0099,Garlic Naan,side,veg,66,Garlic flavored naan,side|veg|North Indian,0.273
I00988,R0099,Butter Naan,side,veg,55,Buttery flatbread,side|veg|North Indian,0.222
I00989,R0099,Tandoori Roti,side,veg,27,Whole wheat flatbread,side|veg|North Indian,0.213
I00990,R0099,Rasmalai,dessert,veg,88,Soft cheese patties in milk,dessert|veg|North Indian,0.342
I00991,R0099,Gulab Jamun,dessert,veg,66,Sweet milk dumplings,dessert|veg|North Indian,0.261
I00992,R0099,Buttermilk,beverage,veg,44,Spiced yogurt drink,beverage|veg|North Indian,0.22
I00993,R0099,Lassi,beverage,veg,77,Sweet yogurt drink,beverage|veg|North Indian,0.328
I00994,R0100,Idli Sambar,main,veg,100,Steamed rice cakes with lentil curry,main|veg|South Indian|popular,0.0
I00995,R0100,Vada,main,veg,87,Crispy fried lentil donuts,main|veg|South Indian|popular,0.0
I00996,R0100,Chicken Chettinad,main,non-veg,350,Spicy Chettinad chicken,main|non-veg|South Indian|popular,0.0
I00997,R0100,Tomato Chutney,side,veg,37,Tangy tomato chutney,side|veg|South Indian,0.336
I00998,R0100,Coconut Chutney,side,veg,37,Fresh coconut chutney,side|veg|South Indian,0.12
I00999,R0100,Sambar,side,veg,50,Lentil and vegetable curry,side|veg|South Indian,0.19
I01000,R0100,Kesari,dessert,veg,62,Semolina sweet,dessert|veg|South Indian,0.178
I01001,R0100,Payasam,dessert,veg,75,Sweet milk pudding,dessert|veg|South Indian,0.158
I01002,R0100,Buttermilk,beverage,veg,43,Spiced yogurt drink,beverage|veg|South Indian,0.134
I01003,R0100,Filter Coffee,beverage,veg,50,South Indian filter coffee,beverage|veg|South Indian,0.387
I01004,R0101,Butter Chicken,main,non-veg,352,Creamy tomato-based chicken curry,main|non-veg|North Indian|popular,0.0
I01005,R0101,Dal Makhani,main,veg,242,Creamy black lentils,main|veg|North Indian|popular,0.0
I01006,R0101,Rogan Josh,main,non-veg,418,Kashmiri lamb curry,main|non-veg|North Indian|popular,0.0
I01007,R0101,Paneer Tikka,main,veg,308,Grilled cottage cheese,main|veg|North Indian|popular,0.0
I01008,R0101,Butter Naan,side,veg,55,Buttery flatbread,side|veg|North Indian,0.211
I01009,R0101,Tandoori Roti,side,veg,27,Whole wheat flatbread,side|veg|North Indian,0.391
I01010,R0101,Jeera Rice,side,veg,132,Cumin flavored rice,side|veg|North Indian,0.196
I01011,R0101,Garlic Naan,side,veg,66,Garlic flavored naan,side|veg|North Indian,0.259
I01012,R0101,Gulab Jamun,dessert,veg,66,Sweet milk dumplings,dessert|veg|North Indian,0.127
I01013,R0101,Rasmalai,dessert,veg,88,Soft cheese patties in milk,dessert|veg|North Indian,0.315
I01014,R0101,Lassi,beverage,veg,77,Sweet yogurt drink,beverage|veg|North Indian,0.19
I01015,R0101,Buttermilk,beverage,veg,44,Spiced yogurt drink,beverage|veg|North Indian,0.211
I01016,R0102,Cold Coffee,main,veg,143,Iced coffee,main|veg|Beverages|popular,0.0
I01017,R0102,Smoothie,main,veg,165,Fruit smoothie,main|veg|Beverages|popular,0.0
I01018,R0102,Mojito,main,veg,121,Refreshing mint drink,main|veg|Beverages|popular,0.0
I01019,R0102,Whipped Cream,side,veg,27,Extra whipped cream,side|veg|Beverages,0.215
I01020,R0102,Extra Shot,side,veg,33,Extra coffee shot,side|veg|Beverages,0.191
I01021,R0102,Muffin,dessert,veg,66,Fresh muffin,dessert|veg|Beverages,0.185
I01022,R0102,Cookie,dessert,veg,55,Fresh baked cookie,dessert|veg|Beverages,0.397
I01023,R0102,Soft Drink,beverage,veg,55,Refreshing beverage,beverage|veg|Beverages,0.388
I01024,R0102,Water Bottle,beverage,veg,22,Mineral water,beverage|veg|Beverages,0.349
I01025,R0103,Vada,main,veg,77,Crispy fried lentil donuts,main|veg|South Indian|popular,0.0
I01026,R0103,Chicken Chettinad,main,non-veg,308,Spicy Chettinad chicken,main|non-veg|South Indian|popular,0.0
I01027,R0103,Idli Sambar,main,veg,88,Steamed rice cakes with lentil curry,main|veg|South Indian|popular,0.0
I01028,R0103,Masala Dosa,main,veg,132,Crispy crepe with potato filling,main|veg|South Indian|popular,0.0
I01029,R0103,Sambar,side,veg,44,Lentil and vegetable curry,side|veg|South Indian,0.299
I01030,R0103,Coconut Chutney,side,veg,33,Fresh coconut chutney,side|veg|South Indian,0.271
I01031,R0103,Tomato Chutney,side,veg,33,Tangy tomato chutney,side|veg|South Indian,0.101
I01032,R0103,Payasam,dessert,veg,66,Sweet milk pudding,dessert|veg|South Indian,0.174
I01033,R0103,Kesari,dessert,veg,55,Semolina sweet,dessert|veg|South Indian,0.189
I01034,R0103,Buttermilk,beverage,veg,38,Spiced yogurt drink,beverage|veg|South Indian,0.215
I01035,R0103,Filter Coffee,beverage,veg,44,South Indian filter coffee,beverage|veg|South Indian,0.119
I01036,R0104,Sandwich,main,veg,95,Grilled sandwich,main|veg|Fast Food|popular,0.0
I01037,R0104,Chicken Wrap,main,non-veg,171,Chicken stuffed wrap,main|non-veg|Fast Food|popular,0.0
I01038,R0104,Frankie,main,veg,114,Stuffed roll,main|veg|Fast Food|popular,0.0
I01039,R0104,Veg Wrap,main,veg,123,Vegetable stuffed wrap,main|veg|Fast Food|popular,0.0
I01040,R0104,Fries,side,veg,76,Crispy fries,side|veg|Fast Food,0.115
I01041,R0104,Onion Rings,side,veg,85,Crispy onion rings,side|veg|Fast Food,0.337
I01042,R0104,Ice Cream,dessert,veg,57,Vanilla ice cream,dessert|veg|Fast Food,0.232
I01043,R0104,Brownie,dessert,veg,95,Chocolate brownie,dessert|veg|Fast Food,0.399
I01044,R0104,Cold Coffee,beverage,veg,114,Iced coffee,beverage|veg|Fast Food,0.217
I01045,R0104,Soft Drink,beverage,veg,47,Refreshing beverage,beverage|veg|Fast Food,0.201
I01046,R0105,Chicken Biryani,main,non-veg,350,Fragrant basmati rice with tender chicken pieces,main|non-veg|Biryani|popular,0.0
I01047,R0105,Mutton Biryani,main,non-veg,437,Aromatic rice with succulent mutton,main|non-veg|Biryani|popular,0.0
I01048,R0105,Egg Biryani,main,non-veg,275,Rice with boiled eggs and spices,main|non-veg|Biryani|popular,0.0
I01049,R0105,Double Ka Meetha,side,veg,100,Sweet bread pudding,side|veg|Biryani,0.374
I01050,R0105,Raita,side,veg,50,Cooling yogurt with cucumber and spices,side|veg|Biryani,0.15
I01051,R0105,Salan,side,veg,75,Spicy curry accompaniment,side|veg|Biryani,0.29
I01052,R0105,Khubani Ka Meetha,dessert,veg,112,Apricot dessert,dessert|veg|Biryani,0.22
I01053,R0105,Gulab Jamun,dessert,veg,75,Soft milk dumplings in sugar syrup,dessert|veg|Biryani,0.215
I01054,R0105,Soft Drink,beverage,veg,62,Refreshing carbonated beverage,beverage|veg|Biryani,0.231
I01055,R0105,Lassi,beverage,veg,87,Thick yogurt drink,beverage|veg|Biryani,0.299
I01056,R0106,Fried Rice,main,veg,171,Stir-fried rice with vegetables,main|veg|Chinese|popular,0.0
I01057,R0106,Manchurian,main,veg,190,Vegetable balls in gravy,main|veg|Chinese|popular,0.0
I01058,R0106,Hakka Noodles,main,veg,161,Stir-fried noodles,main|veg|Chinese|popular,0.0
I01059,R0106,Chilli Chicken,main,non-veg,247,Spicy chicken preparation,main|non-veg|Chinese|popular,0.0
I01060,R0106,Spring Roll,side,veg,85,Crispy vegetable rolls,side|veg|Chinese,0.302
I01061,R0106,Chilli Potato,side,veg,104,Spicy potato fingers,side|veg|Chinese,0.23
I01062,R0106,Momos,side,veg,114,Steamed dumplings,side|veg|Chinese,0.208
I01063,R0106,Honey Noodles,dessert,veg,76,Crispy noodles with honey,dessert|veg|Chinese,0.255
I01064,R0106,Date Pancake,dessert,veg,95,Sweet pancake with dates,dessert|veg|Chinese,0.394
I01065,R0106,Soft Drink,beverage,veg,47,Refreshing beverage,beverage|veg|Chinese,0.371
I01066,R0106,Green Tea,beverage,veg,38,Hot green tea,beverage|veg|Chinese,0.309
I01067,R0107,Vada,main,veg,87,Crispy fried lentil donuts,main|veg|South Indian|popular,0.0
I01068,R0107,Chicken Chettinad,main,non-veg,350,Spicy Chettinad chicken,main|non-veg|South Indian|popular,0.0
I01069,R0107,Masala Dosa,main,veg,150,Crispy crepe with potato filling,main|veg|South Indian|popular,0.0
I01070,R0107,Tomato Chutney,side,veg,37,Tangy tomato chutney,side|veg|South Indian,0.318
I01071,R0107,Coconut Chutney,side,veg,37,Fresh coconut chutney,side|veg|South Indian,0.265
I01072,R0107,Sambar,side,veg,50,Lentil and vegetable curry,side|veg|South Indian,0.27
I01073,R0107,Kesari,dessert,veg,62,Semolina sweet,dessert|veg|South Indian,0.321
I01074,R0107,Payasam,dessert,veg,75,Sweet milk pudding,dessert|veg|South Indian,0.191
I01075,R0107,Filter Coffee,beverage,veg,50,South Indian filter coffee,beverage|veg|South Indian,0.126
I01076,R0107,Buttermilk,beverage,veg,43,Spiced yogurt drink,beverage|veg|South Indian,0.275
I01077,R0108,Fried Rice,main,veg,198,Stir-fried rice with vegetables,main|veg|Chinese|popular,0.0
I01078,R0108,Manchurian,main,veg,220,Vegetable balls in gravy,main|veg|Chinese|popular,0.0
I01079,R0108,Chilli Chicken,main,non-veg,286,Spicy chicken preparation,main|non-veg|Chinese|popular,0.0
I01080,R0108,Hakka Noodles,main,veg,187,Stir-fried noodles,main|veg|Chinese|popular,0.0
I01081,R0108,Spring Roll,side,veg,99,Crispy vegetable rolls,side|veg|Chinese,0.187
I01082,R0108,Momos,side,veg,132,Steamed dumplings,side|veg|Chinese,0.185
I01083,R0108,Chilli Potato,side,veg,121,Spicy potato fingers,side|veg|Chinese,0.325
I01084,R0108,Honey Noodles,dessert,veg,88,Crispy noodles with honey,dessert|veg|Chinese,0.308
I01085,R0108,Date Pancake,dessert,veg,110,Sweet pancake with dates,dessert|veg|Chinese,0.219
I01086,R0108,Soft Drink,beverage,veg,55,Refreshing beverage,beverage|veg|Chinese,0.185
I01087,R0108,Green Tea,beverage,veg,44,Hot green tea,beverage|veg|Chinese,0.151
I01088,R0109,Waffle,main,veg,171,Belgian waffle with toppings,main|veg|Desserts|popular,0.0
I01089,R0109,Ice Cream Sundae,main,veg,142,Loaded ice cream sundae,main|veg|Desserts|popular,0.0
I01090,R0109,Pancake,main,veg,152,Fluffy pancakes,main|veg|Desserts|popular,0.0
I01091,R0109,Extra Toppings,side,veg,38,Additional toppings,side|veg|Desserts,0.346
I01092,R0109,Syrup Shot,side,veg,28,Extra syrup,side|veg|Desserts,0.109
I01093,R0109,Cheesecake,dessert,veg,171,Creamy cheesecake,dessert|veg|Desserts,0.367
I01094,R0109,Chocolate Cake,dessert,veg,114,Rich chocolate cake,dessert|veg|Desserts,0.146
I01095,R0109,Milkshake,beverage,veg,123,Thick milkshake,beverage|veg|Desserts,0.231
I01096,R0109,Hot Chocolate,beverage,veg,95,Rich hot chocolate,beverage|veg|Desserts,0.394
I01097,R0110,Chicken Chettinad,main,non-veg,350,Spicy Chettinad chicken,main|non-veg|South Indian|popular,0.0
I01098,R0110,Idli Sambar,main,veg,100,Steamed rice cakes with lentil curry,main|veg|South Indian|popular,0.0
I01099,R0110,Vada,main,veg,87,Crispy fried lentil donuts,main|veg|South Indian|popular,0.0
I01100,R0110,Sambar,side,veg,50,Lentil and vegetable curry,side|veg|South Indian,0.307
I01101,R0110,Tomato Chutney,side,veg,37,Tangy tomato chutney,side|veg|South Indian,0.144
I01102,R0110,Coconut Chutney,side,veg,37,Fresh coconut chutney,side|veg|South Indian,0.156
I01103,R0110,Payasam,dessert,veg,75,Sweet milk pudding,dessert|veg|South Indian,0.299
I01104,R0110,Kesari,dessert,veg,62,Semolina sweet,dessert|veg|South Indian,0.237
I01105,R0110,Buttermilk,beverage,veg,43,Spiced yogurt drink,beverage|veg|South Indian,0.374
I01106,R0110,Filter Coffee,beverage,veg,50,South Indian filter coffee,beverage|veg|South Indian,0.194
I01107,R0111,Veg Biryani,main,veg,220,Flavorful rice with mixed vegetables,main|veg|Biryani|popular,0.0
I01108,R0111,Egg Biryani,main,non-veg,242,Rice with boiled eggs and spices,main|non-veg|Biryani|popular,0.0
I01109,R0111,Chicken Biryani,main,non-veg,308,Fragrant basmati rice with tender chicken pieces,main|non-veg|Biryani|popular,0.0
I01110,R0111,Mutton Biryani,main,non-veg,385,Aromatic rice with succulent mutton,main|non-veg|Biryani|popular,0.0
I01111,R0111,Raita,side,veg,44,Cooling yogurt with cucumber and spices,side|veg|Biryani,0.268
I01112,R0111,Double Ka Meetha,side,veg,88,Sweet bread pudding,side|veg|Biryani,0.108
I01113,R0111,Salan,side,veg,66,Spicy curry accompaniment,side|veg|Biryani,0.129
I01114,R0111,Gulab Jamun,dessert,veg,66,Soft milk dumplings in sugar syrup,dessert|veg|Biryani,0.255
I01115,R0111,Khubani Ka Meetha,dessert,veg,99,Apricot dessert,dessert|veg|Biryani,0.365
I01116,R0111,Soft Drink,beverage,veg,55,Refreshing carbonated beverage,beverage|veg|Biryani,0.208
I01117,R0111,Lassi,beverage,veg,77,Thick yogurt drink,beverage|veg|Biryani,0.349
I01118,R0112,Paneer Tikka,main,veg,350,Grilled cottage cheese,main|veg|North Indian|popular,0.0
I01119,R0112,Butter Chicken,main,non-veg,400,Creamy tomato-based chicken curry,main|non-veg|North Indian|popular,0.0
I01120,R0112,Rogan Josh,main,non-veg,475,Kashmiri lamb curry,main|non-veg|North Indian|popular,0.0
I01121,R0112,Garlic Naan,side,veg,75,Garlic flavored naan,side|veg|North Indian,0.38
I01122,R0112,Jeera Rice,side,veg,150,Cumin flavored rice,side|veg|North Indian,0.392
I01123,R0112,Tandoori Roti,side,veg,31,Whole wheat flatbread,side|veg|North Indian,0.318
I01124,R0112,Gulab Jamun,dessert,veg,75,Sweet milk dumplings,dessert|veg|North Indian,0.218
I01125,R0112,Rasmalai,dessert,veg,100,Soft cheese patties in milk,dessert|veg|North Indian,0.383
I01126,R0112,Buttermilk,beverage,veg,50,Spiced yogurt drink,beverage|veg|North Indian,0.289
I01127,R0112,Lassi,beverage,veg,87,Sweet yogurt drink,beverage|veg|North Indian,0.4
I01128,R0113,Pav Bhaji,main,veg,114,Mashed vegetable curry with bread,main|veg|Street Food|popular,0.0
I01129,R0113,Pani Puri,main,veg,57,Crispy puris with flavored water,main|veg|Street Food|popular,0.0
I01130,R0113,Chole Bhature,main,veg,123,Chickpea curry with fried bread,main|veg|Street Food|popular,0.0
I01131,R0113,Samosa,main,veg,28,Crispy pastry with filling,main|veg|Street Food|popular,0.0
I01132,R0113,Extra Pav,side,veg,14,Extra bread,side|veg|Street Food,0.148
I01133,R0113,Papad,side,veg,19,Crispy papad,side|veg|Street Food,0.261
I01134,R0113,Rabri,dessert,veg,76,Thickened sweet milk,dessert|veg|Street Food,0.344
I01135,R0113,Jalebi,dessert,veg,47,Sweet fried spirals,dessert|veg|Street Food,0.242
I01136,R0113,Masala Chai,beverage,veg,28,Spiced tea,beverage|veg|Street Food,0.332
I01137,R0113,Lassi,beverage,veg,57,Yogurt drink,beverage|veg|Street Food,0.286
I01138,R0114,Smoothie,main,veg,187,Fruit smoothie,main|veg|Beverages|popular,0.0
I01139,R0114,Cold Coffee,main,veg,162,Iced coffee,main|veg|Beverages|popular,0.0
I01140,R0114,Mojito,main,veg,137,Refreshing mint drink,main|veg|Beverages|popular,0.0
I01141,R0114,Whipped Cream,side,veg,31,Extra whipped cream,side|veg|Beverages,0.373
I01142,R0114,Extra Shot,side,veg,37,Extra coffee shot,side|veg|Beverages,0.191
I01143,R0114,Muffin,dessert,veg,75,Fresh muffin,dessert|veg|Beverages,0.359
I01144,R0114,Cookie,dessert,veg,62,Fresh baked cookie,dessert|veg|Beverages,0.123
I01145,R0114,Water Bottle,beverage,veg,25,Mineral water,beverage|veg|Beverages,0.154
I01146,R0114,Soft Drink,beverage,veg,62,Refreshing beverage,beverage|veg|Beverages,0.188
I01147,R0115,Pani Puri,main,veg,75,Crispy puris with flavored water,main|veg|Street Food|popular,0.0
I01148,R0115,Samosa,main,veg,37,Crispy pastry with filling,main|veg|Street Food|popular,0.0
I01149,R0115,Chole Bhature,main,veg,162,Chickpea curry with fried bread,main|veg|Street Food|popular,0.0
I01150,R0115,Extra Pav,side,veg,18,Extra bread,side|veg|Street Food,0.365
I01151,R0115,Papad,side,veg,25,Crispy papad,side|veg|Street Food,0.211
I01152,R0115,Jalebi,dessert,veg,62,Sweet fried spirals,dessert|veg|Street Food,0.306
I01153,R0115,Rabri,dessert,veg,100,Thickened sweet milk,dessert|veg|Street Food,0.344
I01154,R0115,Lassi,beverage,veg,75,Yogurt drink,beverage|veg|Street Food,0.185
I01155,R0115,Masala Chai,beverage,veg,37,Spiced tea,beverage|veg|Street Food,0.239
I01156,R0116,Pasta Arrabbiata,main,veg,228,Spicy tomato pasta,main|veg|Continental|popular,0.0
I01157,R0116,Veg Steak,main,veg,266,Grilled vegetable steak,main|veg|Continental|popular,0.0
I01158,R0116,Fish and Chips,main,non-veg,332,Classic fish and chips,main|non-veg|Continental|popular,0.0
I01159,R0116,Grilled Chicken,main,non-veg,304,Herb grilled chicken,main|non-veg|Continental|popular,0.0
I01160,R0116,Garlic Bread,side,veg,85,Garlic bread,side|veg|Continental,0.366
I01161,R0116,Caesar Salad,side,veg,133,Classic Caesar salad,side|veg|Continental,0.231
I01162,R0116,Mashed Potatoes,side,veg,95,Creamy mashed potatoes,side|veg|Continental,0.343
I01163,R0116,Tiramisu,dessert,veg,171,Classic Italian dessert,dessert|veg|Continental,0.246
I01164,R0116,Panna Cotta,dessert,veg,152,Italian custard,dessert|veg|Continental,0.353
I01165,R0116,Iced Tea,beverage,veg,76,Refreshing iced tea,beverage|veg|Continental,0.31
I01166,R0116,Lemonade,beverage,veg,66,Fresh lemonade,beverage|veg|Continental,0.166
I01167,R0117,Smoothie,main,veg,187,Fruit smoothie,main|veg|Beverages|popular,0.0
I01168,R0117,Cold Coffee,main,veg,162,Iced coffee,main|veg|Beverages|popular,0.0
I01169,R0117,Mojito,main,veg,137,Refreshing mint drink,main|veg|Beverages|popular,0.0
I01170,R0117,Extra Shot,side,veg,37,Extra coffee shot,side|veg|Beverages,0.294
I01171,R0117,Whipped Cream,side,veg,31,Extra whipped cream,side|veg|Beverages,0.391
I01172,R0117,Cookie,dessert,veg,62,Fresh baked cookie,dessert|veg|Beverages,0.265
I01173,R0117,Muffin,dessert,veg,75,Fresh muffin,dessert|veg|Beverages,0.228
I01174,R0117,Soft Drink,beverage,veg,62,Refreshing beverage,beverage|veg|Beverages,0.365
I01175,R0117,Water Bottle,beverage,veg,25,Mineral water,beverage|veg|Beverages,0.321
I01176,R0118,Cold Coffee,main,veg,162,Iced coffee,main|veg|Beverages|popular,0.0
I01177,R0118,Mojito,main,veg,137,Refreshing mint drink,main|veg|Beverages|popular,0.0
I01178,R0118,Smoothie,main,veg,187,Fruit smoothie,main|veg|Beverages|popular,0.0
I01179,R0118,Extra Shot,side,veg,37,Extra coffee shot,side|veg|Beverages,0.371
I01180,R0118,Whipped Cream,side,veg,31,Extra whipped cream,side|veg|Beverages,0.237
I01181,R0118,Cookie,dessert,veg,62,Fresh baked cookie,dessert|veg|Beverages,0.256
I01182,R0118,Muffin,dessert,veg,75,Fresh muffin,dessert|veg|Beverages,0.281
I01183,R0118,Soft Drink,beverage,veg,62,Refreshing beverage,beverage|veg|Beverages,0.346
I01184,R0118,Water Bottle,beverage,veg,25,Mineral water,beverage|veg|Beverages,0.318
I01185,R0119,Pav Bhaji,main,veg,114,Mashed vegetable curry with bread,main|veg|Street Food|popular,0.0
I01186,R0119,Chole Bhature,main,veg,123,Chickpea curry with fried bread,main|veg|Street Food|popular,0.0
I01187,R0119,Pani Puri,main,veg,57,Crispy puris with flavored water,main|veg|Street Food|popular,0.0
I01188,R0119,Samosa,main,veg,28,Crispy pastry with filling,main|veg|Street Food|popular,0.0
I01189,R0119,Papad,side,veg,19,Crispy papad,side|veg|Street Food,0.194
I01190,R0119,Extra Pav,side,veg,14,Extra bread,side|veg|Street Food,0.24
I01191,R0119,Jalebi,dessert,veg,47,Sweet fried spirals,dessert|veg|Street Food,0.102
I01192,R0119,Rabri,dessert,veg,76,Thickened sweet milk,dessert|veg|Street Food,0.241
I01193,R0119,Masala Chai,beverage,veg,28,Spiced tea,beverage|veg|Street Food,0.244
I01194,R0119,Lassi,beverage,veg,57,Yogurt drink,beverage|veg|Street Food,0.102
I01195,R0120,Manchurian,main,veg,220,Vegetable balls in gravy,main|veg|Chinese|popular,0.0
I01196,R0120,Chilli Chicken,main,non-veg,286,Spicy chicken preparation,main|non-veg|Chinese|popular,0.0
I01197,R0120,Hakka Noodles,main,veg,187,Stir-fried noodles,main|veg|Chinese|popular,0.0
I01198,R0120,Fried Rice,main,veg,198,Stir-fried rice with vegetables,main|veg|Chinese|popular,0.0
I01199,R0120,Spring Roll,side,veg,99,Crispy vegetable rolls,side|veg|Chinese,0.213
I01200,R0120,Momos,side,veg,132,Steamed dumplings,side|veg|Chinese,0.225
I01201,R0120,Chilli Potato,side,veg,121,Spicy potato fingers,side|veg|Chinese,0.387
I01202,R0120,Honey Noodles,dessert,veg,88,Crispy noodles with honey,dessert|veg|Chinese,0.171
I01203,R0120,Date Pancake,dessert,veg,110,Sweet pancake with dates,dessert|veg|Chinese,0.38
I01204,R0120,Green Tea,beverage,veg,44,Hot green tea,beverage|veg|Chinese,0.122
I01205,R0120,Soft Drink,beverage,veg,55,Refreshing beverage,beverage|veg|Chinese,0.334
I01206,R0121,Waffle,main,veg,251,Belgian waffle with toppings,main|veg|Desserts|popular,0.0
I01207,R0121,Pancake,main,veg,224,Fluffy pancakes,main|veg|Desserts|popular,0.0
I01208,R0121,Syrup Shot,side,veg,42,Extra syrup,side|veg|Desserts,0.324
I01209,R0121,Extra Toppings,side,veg,56,Additional toppings,side|veg|Desserts,0.149
I01210,R0121,Cheesecake,dessert,veg,251,Creamy cheesecake,dessert|veg|Desserts,0.201
I01211,R0121,Chocolate Cake,dessert,veg,168,Rich chocolate cake,dessert|veg|Desserts,0.159
I01212,R0121,Hot Chocolate,beverage,veg,140,Rich hot chocolate,beverage|veg|Desserts,0.323
I01213,R0121,Milkshake,beverage,veg,182,Thick milkshake,beverage|veg|Desserts,0.284
I01214,R0122,Dal Makhani,main,veg,242,Creamy black lentils,main|veg|North Indian|popular,0.0
I01215,R0122,Paneer Tikka,main,veg,308,Grilled cottage cheese,main|veg|North Indian|popular,0.0
I01216,R0122,Butter Chicken,main,non-veg,352,Creamy tomato-based chicken curry,main|non-veg|North Indian|popular,0.0
I01217,R0122,Rogan Josh,main,non-veg,418,Kashmiri lamb curry,main|non-veg|North Indian|popular,0.0
I01218,R0122,Garlic Naan,side,veg,66,Garlic flavored naan,side|veg|North Indian,0.376
I01219,R0122,Jeera Rice,side,veg,132,Cumin flavored rice,side|veg|North Indian,0.311
I01220,R0122,Tandoori Roti,side,veg,27,Whole wheat flatbread,side|veg|North Indian,0.375
I01221,R0122,Butter Naan,side,veg,55,Buttery flatbread,side|veg|North Indian,0.108
I01222,R0122,Rasmalai,dessert,veg,88,Soft cheese patties in milk,dessert|veg|North Indian,0.193
I01223,R0122,Gulab Jamun,dessert,veg,66,Sweet milk dumplings,dessert|veg|North Indian,0.132
I01224,R0122,Lassi,beverage,veg,77,Sweet yogurt drink,beverage|veg|North Indian,0.169
I01225,R0122,Buttermilk,beverage,veg,44,Spiced yogurt drink,beverage|veg|North Indian,0.327
I01226,R0123,Grilled Chicken,main,non-veg,352,Herb grilled chicken,main|non-veg|Continental|popular,0.0
I01227,R0123,Pasta Arrabbiata,main,veg,264,Spicy tomato pasta,main|veg|Continental|popular,0.0
I01228,R0123,Veg Steak,main,veg,308,Grilled vegetable steak,main|veg|Continental|popular,0.0
I01229,R0123,Fish and Chips,main,non-veg,385,Classic fish and chips,main|non-veg|Continental|popular,0.0
I01230,R0123,Mashed Potatoes,side,veg,110,Creamy mashed potatoes,side|veg|Continental,0.249
I01231,R0123,Garlic Bread,side,veg,99,Garlic bread,side|veg|Continental,0.376
I01232,R0123,Caesar Salad,side,veg,154,Classic Caesar salad,side|veg|Continental,0.143
I01233,R0123,Tiramisu,dessert,veg,198,Classic Italian dessert,dessert|veg|Continental,0.14
I01234,R0123,Panna Cotta,dessert,veg,176,Italian custard,dessert|veg|Continental,0.36
I01235,R0123,Lemonade,beverage,veg,77,Fresh lemonade,beverage|veg|Continental,0.361
I01236,R0123,Iced Tea,beverage,veg,88,Refreshing iced tea,beverage|veg|Continental,0.387
I01237,R0124,Chicken Wrap,main,non-veg,198,Chicken stuffed wrap,main|non-veg|Italian|popular,0.0
I01238,R0124,Sandwich,main,veg,110,Grilled sandwich,main|veg|Italian|popular,0.0
I01239,R0124,Veg Wrap,main,veg,143,Vegetable stuffed wrap,main|veg|Italian|popular,0.0
I01240,R0124,Frankie,main,veg,132,Stuffed roll,main|veg|Italian|popular,0.0
I01241,R0124,Fries,side,veg,88,Crispy fries,side|veg|Italian,0.255
I01242,R0124,Onion Rings,side,veg,99,Crispy onion rings,side|veg|Italian,0.232
I01243,R0124,Ice Cream,dessert,veg,66,Vanilla ice cream,dessert|veg|Italian,0.383
I01244,R0124,Brownie,dessert,veg,110,Chocolate brownie,dessert|veg|Italian,0.192
I01245,R0124,Cold Coffee,beverage,veg,132,Iced coffee,beverage|veg|Italian,0.363
I01246,R0124,Soft Drink,beverage,veg,55,Refreshing beverage,beverage|veg|Italian,0.386
I01247,R0125,Chicken Biryani,main,non-veg,308,Fragrant basmati rice with tender chicken pieces,main|non-veg|Biryani|popular,0.0
I01248,R0125,Egg Biryani,main,non-veg,242,Rice with boiled eggs and spices,main|non-veg|Biryani|popular,0.0
I01249,R0125,Veg Biryani,main,veg,220,Flavorful rice with mixed vegetables,main|veg|Biryani|popular,0.0
I01250,R0125,Mutton Biryani,main,non-veg,385,Aromatic rice with succulent mutton,main|non-veg|Biryani|popular,0.0
I01251,R0125,Double Ka Meetha,side,veg,88,Sweet bread pudding,side|veg|Biryani,0.173
I01252,R0125,Salan,side,veg,66,Spicy curry accompaniment,side|veg|Biryani,0.357
I01253,R0125,Raita,side,veg,44,Cooling yogurt with cucumber and spices,side|veg|Biryani,0.367
I01254,R0125,Gulab Jamun,dessert,veg,66,Soft milk dumplings in sugar syrup,dessert|veg|Biryani,0.126
I01255,R0125,Khubani Ka Meetha,dessert,veg,99,Apricot dessert,dessert|veg|Biryani,0.282
I01256,R0125,Soft Drink,beverage,veg,55,Refreshing carbonated beverage,beverage|veg|Biryani,0.397
I01257,R0125,Lassi,beverage,veg,77,Thick yogurt drink,beverage|veg|Biryani,0.132
I01258,R0126,Masala Dosa,main,veg,114,Crispy crepe with potato filling,main|veg|South Indian|popular,0.0
I01259,R0126,Vada,main,veg,66,Crispy fried lentil donuts,main|veg|South Indian|popular,0.0
I01260,R0126,Idli Sambar,main,veg,76,Steamed rice cakes with lentil curry,main|veg|South Indian|popular,0.0
I01261,R0126,Chicken Chettinad,main,non-veg,266,Spicy Chettinad chicken,main|non-veg|South Indian|popular,0.0
I01262,R0126,Coconut Chutney,side,veg,28,Fresh coconut chutney,side|veg|South Indian,0.32
I01263,R0126,Sambar,side,veg,38,Lentil and vegetable curry,side|veg|South Indian,0.2
I01264,R0126,Tomato Chutney,side,veg,28,Tangy tomato chutney,side|veg|South Indian,0.391
I01265,R0126,Kesari,dessert,veg,47,Semolina sweet,dessert|veg|South Indian,0.108
I01266,R0126,Payasam,dessert,veg,57,Sweet milk pudding,dessert|veg|South Indian,0.344
I01267,R0126,Filter Coffee,beverage,veg,38,South Indian filter coffee,beverage|veg|South Indian,0.173
I01268,R0126,Buttermilk,beverage,veg,33,Spiced yogurt drink,beverage|veg|South Indian,0.225
I01269,R0127,Dal Makhani,main,veg,275,Creamy black lentils,main|veg|North Indian|popular,0.0
I01270,R0127,Rogan Josh,main,non-veg,475,Kashmiri lamb curry,main|non-veg|North Indian|popular,0.0
I01271,R0127,Butter Chicken,main,non-veg,400,Creamy tomato-based chicken curry,main|non-veg|North Indian|popular,0.0
I01272,R0127,Butter Naan,side,veg,62,Buttery flatbread,side|veg|North Indian,0.12
I01273,R0127,Tandoori Roti,side,veg,31,Whole wheat flatbread,side|veg|North Indian,0.146
I01274,R0127,Jeera Rice,side,veg,150,Cumin flavored rice,side|veg|North Indian,0.123
I01275,R0127,Rasmalai,dessert,veg,100,Soft cheese patties in milk,dessert|veg|North Indian,0.263
I01276,R0127,Gulab Jamun,dessert,veg,75,Sweet milk dumplings,dessert|veg|North Indian,0.234
I01277,R0127,Lassi,beverage,veg,87,Sweet yogurt drink,beverage|veg|North Indian,0.392
I01278,R0127,Buttermilk,beverage,veg,50,Spiced yogurt drink,beverage|veg|North Indian,0.119
I01279,R0128,Egg Biryani,main,non-veg,275,Rice with boiled eggs and spices,main|non-veg|Biryani|popular,0.0
I01280,R0128,Veg Biryani,main,veg,250,Flavorful rice with mixed vegetables,main|veg|Biryani|popular,0.0
I01281,R0128,Mutton Biryani,main,non-veg,437,Aromatic rice with succulent mutton,main|non-veg|Biryani|popular,0.0
I01282,R0128,Double Ka Meetha,side,veg,100,Sweet bread pudding,side|veg|Biryani,0.328
I01283,R0128,Raita,side,veg,50,Cooling yogurt with cucumber and spices,side|veg|Biryani,0.184
I01284,R0128,Salan,side,veg,75,Spicy curry accompaniment,side|veg|Biryani,0.282
I01285,R0128,Khubani Ka Meetha,dessert,veg,112,Apricot dessert,dessert|veg|Biryani,0.163
I01286,R0128,Gulab Jamun,dessert,veg,75,Soft milk dumplings in sugar syrup,dessert|veg|Biryani,0.139
I01287,R0128,Soft Drink,beverage,veg,62,Refreshing carbonated beverage,beverage|veg|Biryani,0.156
I01288,R0128,Lassi,beverage,veg,87,Thick yogurt drink,beverage|veg|Biryani,0.193
I01289,R0129,Egg Biryani,main,non-veg,275,Rice with boiled eggs and spices,main|non-veg|Biryani|popular,0.0
I01290,R0129,Mutton Biryani,main,non-veg,437,Aromatic rice with succulent mutton,main|non-veg|Biryani|popular,0.0
I01291,R0129,Chicken Biryani,main,non-veg,350,Fragrant basmati rice with tender chicken pieces,main|non-veg|Biryani|popular,0.0
I01292,R0129,Double Ka Meetha,side,veg,100,Sweet bread pudding,side|veg|Biryani,0.192
I01293,R0129,Raita,side,veg,50,Cooling yogurt with cucumber and spices,side|veg|Biryani,0.131
I01294,R0129,Salan,side,veg,75,Spicy curry accompaniment,side|veg|Biryani,0.223
I01295,R0129,Gulab Jamun,dessert,veg,75,Soft milk dumplings in sugar syrup,dessert|veg|Biryani,0.341
I01296,R0129,Khubani Ka Meetha,dessert,veg,112,Apricot dessert,dessert|veg|Biryani,0.188
I01297,R0129,Lassi,beverage,veg,87,Thick yogurt drink,beverage|veg|Biryani,0.12
I01298,R0129,Soft Drink,beverage,veg,62,Refreshing carbonated beverage,beverage|veg|Biryani,0.289
I01299,R0130,Ice Cream Sundae,main,veg,210,Loaded ice cream sundae,main|veg|Desserts|popular,0.0
I01300,R0130,Pancake,main,veg,224,Fluffy pancakes,main|veg|Desserts|popular,0.0
I01301,R0130,Extra Toppings,side,veg,56,Additional toppings,side|veg|Desserts,0.201
I01302,R0130,Syrup Shot,side,veg,42,Extra syrup,side|veg|Desserts,0.2
I01303,R0130,Cheesecake,dessert,veg,251,Creamy cheesecake,dessert|veg|Desserts,0.14
I01304,R0130,Chocolate Cake,dessert,veg,168,Rich chocolate cake,dessert|veg|Desserts,0.316
I01305,R0130,Hot Chocolate,beverage,veg,140,Rich hot chocolate,beverage|veg|Desserts,0.304
I01306,R0130,Milkshake,beverage,veg,182,Thick milkshake,beverage|veg|Desserts,0.279
I01307,R0131,Dal Makhani,main,veg,275,Creamy black lentils,main|veg|North Indian|popular,0.0
I01308,R0131,Paneer Tikka,main,veg,350,Grilled cottage cheese,main|veg|North Indian|popular,0.0
I01309,R0131,Rogan Josh,main,non-veg,475,Kashmiri lamb curry,main|non-veg|North Indian|popular,0.0
I01310,R0131,Garlic Naan,side,veg,75,Garlic flavored naan,side|veg|North Indian,0.247
I01311,R0131,Jeera Rice,side,veg,150,Cumin flavored rice,side|veg|North Indian,0.338
I01312,R0131,Butter Naan,side,veg,62,Buttery flatbread,side|veg|North Indian,0.123
I01313,R0131,Rasmalai,dessert,veg,100,Soft cheese patties in milk,dessert|veg|North Indian,0.247
I01314,R0131,Gulab Jamun,dessert,veg,75,Sweet milk dumplings,dessert|veg|North Indian,0.243
I01315,R0131,Buttermilk,beverage,veg,50,Spiced yogurt drink,beverage|veg|North Indian,0.359
I01316,R0131,Lassi,beverage,veg,87,Sweet yogurt drink,beverage|veg|North Indian,0.165
I01317,R0132,Waffle,main,veg,198,Belgian waffle with toppings,main|veg|Desserts|popular,0.0
I01318,R0132,Pancake,main,veg,176,Fluffy pancakes,main|veg|Desserts|popular,0.0
I01319,R0132,Ice Cream Sundae,main,veg,165,Loaded ice cream sundae,main|veg|Desserts|popular,0.0
I01320,R0132,Extra Toppings,side,veg,44,Additional toppings,side|veg|Desserts,0.282
I01321,R0132,Syrup Shot,side,veg,33,Extra syrup,side|veg|Desserts,0.125
I01322,R0132,Chocolate Cake,dessert,veg,132,Rich chocolate cake,dessert|veg|Desserts,0.293
I01323,R0132,Cheesecake,dessert,veg,198,Creamy cheesecake,dessert|veg|Desserts,0.34
I01324,R0132,Hot Chocolate,beverage,veg,110,Rich hot chocolate,beverage|veg|Desserts,0.252
I01325,R0132,Milkshake,beverage,veg,143,Thick milkshake,beverage|veg|Desserts,0.167
I01326,R0133,Mojito,main,veg,121,Refreshing mint drink,main|veg|Beverages|popular,0.0
I01327,R0133,Smoothie,main,veg,165,Fruit smoothie,main|veg|Beverages|popular,0.0
I01328,R0133,Cold Coffee,main,veg,143,Iced coffee,main|veg|Beverages|popular,0.0
I01329,R0133,Whipped Cream,side,veg,27,Extra whipped cream,side|veg|Beverages,0.202
I01330,R0133,Extra Shot,side,veg,33,Extra coffee shot,side|veg|Beverages,0.25
I01331,R0133,Cookie,dessert,veg,55,Fresh baked cookie,dessert|veg|Beverages,0.348
I01332,R0133,Muffin,dessert,veg,66,Fresh muffin,dessert|veg|Beverages,0.167
I01333,R0133,Soft Drink,beverage,veg,55,Refreshing beverage,beverage|veg|Beverages,0.25
I01334,R0133,Water Bottle,beverage,veg,22,Mineral water,beverage|veg|Beverages,0.392
I01335,R0134,Pancake,main,veg,176,Fluffy pancakes,main|veg|Desserts|popular,0.0
I01336,R0134,Waffle,main,veg,198,Belgian waffle with toppings,main|veg|Desserts|popular,0.0
I01337,R0134,Ice Cream Sundae,main,veg,165,Loaded ice cream sundae,main|veg|Desserts|popular,0.0
I01338,R0134,Extra Toppings,side,veg,44,Additional toppings,side|veg|Desserts,0.288
I01339,R0134,Syrup Shot,side,veg,33,Extra syrup,side|veg|Desserts,0.339
I01340,R0134,Cheesecake,dessert,veg,198,Creamy cheesecake,dessert|veg|Desserts,0.341
I01341,R0134,Chocolate Cake,dessert,veg,132,Rich chocolate cake,dessert|veg|Desserts,0.253
I01342,R0134,Hot Chocolate,beverage,veg,110,Rich hot chocolate,beverage|veg|Desserts,0.33
I01343,R0134,Milkshake,beverage,veg,143,Thick milkshake,beverage|veg|Desserts,0.262
I01344,R0135,Waffle,main,veg,198,Belgian waffle with toppings,main|veg|Desserts|popular,0.0
I01345,R0135,Ice Cream Sundae,main,veg,165,Loaded ice cream sundae,main|veg|Desserts|popular,0.0
I01346,R0135,Pancake,main,veg,176,Fluffy pancakes,main|veg|Desserts|popular,0.0
I01347,R0135,Extra Toppings,side,veg,44,Additional toppings,side|veg|Desserts,0.209
I01348,R0135,Syrup Shot,side,veg,33,Extra syrup,side|veg|Desserts,0.184
I01349,R0135,Cheesecake,dessert,veg,198,Creamy cheesecake,dessert|veg|Desserts,0.33
I01350,R0135,Chocolate Cake,dessert,veg,132,Rich chocolate cake,dessert|veg|Desserts,0.275
I01351,R0135,Milkshake,beverage,veg,143,Thick milkshake,beverage|veg|Desserts,0.302
I01352,R0135,Hot Chocolate,beverage,veg,110,Rich hot chocolate,beverage|veg|Desserts,0.195
I01353,R0136,Veg Wrap,main,veg,162,Vegetable stuffed wrap,main|veg|Italian|popular,0.0
I01354,R0136,Chicken Wrap,main,non-veg,225,Chicken stuffed wrap,main|non-veg|Italian|popular,0.0
I01355,R0136,Frankie,main,veg,150,Stuffed roll,main|veg|Italian|popular,0.0
I01356,R0136,Onion Rings,side,veg,112,Crispy onion rings,side|veg|Italian,0.369
I01357,R0136,Fries,side,veg,100,Crispy fries,side|veg|Italian,0.103
I01358,R0136,Ice Cream,dessert,veg,75,Vanilla ice cream,dessert|veg|Italian,0.389
I01359,R0136,Brownie,dessert,veg,125,Chocolate brownie,dessert|veg|Italian,0.122
I01360,R0136,Cold Coffee,beverage,veg,150,Iced coffee,beverage|veg|Italian,0.238
I01361,R0136,Soft Drink,beverage,veg,62,Refreshing beverage,beverage|veg|Italian,0.297
I01362,R0137,Mutton Biryani,main,non-veg,332,Aromatic rice with succulent mutton,main|non-veg|Biryani|popular,0.0
I01363,R0137,Chicken Biryani,main,non-veg,266,Fragrant basmati rice with tender chicken pieces,main|non-veg|Biryani|popular,0.0
I01364,R0137,Egg Biryani,main,non-veg,209,Rice with boiled eggs and spices,main|non-veg|Biryani|popular,0.0
I01365,R0137,Veg Biryani,main,veg,190,Flavorful rice with mixed vegetables,main|veg|Biryani|popular,0.0
I01366,R0137,Double Ka Meetha,side,veg,76,Sweet bread pudding,side|veg|Biryani,0.327
I01367,R0137,Salan,side,veg,57,Spicy curry accompaniment,side|veg|Biryani,0.302
I01368,R0137,Raita,side,veg,38,Cooling yogurt with cucumber and spices,side|veg|Biryani,0.18
I01369,R0137,Gulab Jamun,dessert,veg,57,Soft milk dumplings in sugar syrup,dessert|veg|Biryani,0.328
I01370,R0137,Khubani Ka Meetha,dessert,veg,85,Apricot dessert,dessert|veg|Biryani,0.376
I01371,R0137,Lassi,beverage,veg,66,Thick yogurt drink,beverage|veg|Biryani,0.24
I01372,R0137,Soft Drink,beverage,veg,47,Refreshing carbonated beverage,beverage|veg|Biryani,0.39
I01373,R0138,Pav Bhaji,main,veg,114,Mashed vegetable curry with bread,main|veg|Street Food|popular,0.0
I01374,R0138,Chole Bhature,main,veg,123,Chickpea curry with fried bread,main|veg|Street Food|popular,0.0
I01375,R0138,Pani Puri,main,veg,57,Crispy puris with flavored water,main|veg|Street Food|popular,0.0
I01376,R0138,Samosa,main,veg,28,Crispy pastry with filling,main|veg|Street Food|popular,0.0
I01377,R0138,Extra Pav,side,veg,14,Extra bread,side|veg|Street Food,0.237
I01378,R0138,Papad,side,veg,19,Crispy papad,side|veg|Street Food,0.142
I01379,R0138,Jalebi,dessert,veg,47,Sweet fried spirals,dessert|veg|Street Food,0.106
I01380,R0138,Rabri,dessert,veg,76,Thickened sweet milk,dessert|veg|Street Food,0.327
I01381,R0138,Lassi,beverage,veg,57,Yogurt drink,beverage|veg|Street Food,0.328
I01382,R0138,Masala Chai,beverage,veg,28,Spiced tea,beverage|veg|Street Food,0.12
I01383,R0139,Ice Cream Sundae,main,veg,165,Loaded ice cream sundae,main|veg|Desserts|popular,0.0
I01384,R0139,Pancake,main,veg,176,Fluffy pancakes,main|veg|Desserts|popular,0.0
I01385,R0139,Waffle,main,veg,198,Belgian waffle with toppings,main|veg|Desserts|popular,0.0
I01386,R0139,Syrup Shot,side,veg,33,Extra syrup,side|veg|Desserts,0.306
I01387,R0139,Extra Toppings,side,veg,44,Additional toppings,side|veg|Desserts,0.21
I01388,R0139,Cheesecake,dessert,veg,198,Creamy cheesecake,dessert|veg|Desserts,0.368
I01389,R0139,Chocolate Cake,dessert,veg,132,Rich chocolate cake,dessert|veg|Desserts,0.184
I01390,R0139,Hot Chocolate,beverage,veg,110,Rich hot chocolate,beverage|veg|Desserts,0.266
I01391,R0139,Milkshake,beverage,veg,143,Thick milkshake,beverage|veg|Desserts,0.223
I01392,R0140,Grilled Chicken,main,non-veg,352,Herb grilled chicken,main|non-veg|Continental|popular,0.0
I01393,R0140,Fish and Chips,main,non-veg,385,Classic fish and chips,main|non-veg|Continental|popular,0.0
I01394,R0140,Pasta Arrabbiata,main,veg,264,Spicy tomato pasta,main|veg|Continental|popular,0.0
I01395,R0140,Veg Steak,main,veg,308,Grilled vegetable steak,main|veg|Continental|popular,0.0
I01396,R0140,Garlic Bread,side,veg,99,Garlic bread,side|veg|Continental,0.138
I01397,R0140,Mashed Potatoes,side,veg,110,Creamy mashed potatoes,side|veg|Continental,0.188
I01398,R0140,Caesar Salad,side,veg,154,Classic Caesar salad,side|veg|Continental,0.347
I01399,R0140,Panna Cotta,dessert,veg,176,Italian custard,dessert|veg|Continental,0.309
I01400,R0140,Tiramisu,dessert,veg,198,Classic Italian dessert,dessert|veg|Continental,0.269
I01401,R0140,Lemonade,beverage,veg,77,Fresh lemonade,beverage|veg|Continental,0.125
I01402,R0140,Iced Tea,beverage,veg,88,Refreshing iced tea,beverage|veg|Continental,0.342
I01403,R0141,Fried Rice,main,veg,225,Stir-fried rice with vegetables,main|veg|Chinese|popular,0.0
I01404,R0141,Manchurian,main,veg,250,Vegetable balls in gravy,main|veg|Chinese|popular,0.0
I01405,R0141,Hakka Noodles,main,veg,212,Stir-fried noodles,main|veg|Chinese|popular,0.0
I01406,R0141,Momos,side,veg,150,Steamed dumplings,side|veg|Chinese,0.173
I01407,R0141,Spring Roll,side,veg,112,Crispy vegetable rolls,side|veg|Chinese,0.198
I01408,R0141,Chilli Potato,side,veg,137,Spicy potato fingers,side|veg|Chinese,0.333
I01409,R0141,Date Pancake,dessert,veg,125,Sweet pancake with dates,dessert|veg|Chinese,0.167
I01410,R0141,Honey Noodles,dessert,veg,100,Crispy noodles with honey,dessert|veg|Chinese,0.326
I01411,R0141,Green Tea,beverage,veg,50,Hot green tea,beverage|veg|Chinese,0.14
I01412,R0141,Soft Drink,beverage,veg,62,Refreshing beverage,beverage|veg|Chinese,0.352
I01413,R0142,Egg Biryani,main,non-veg,242,Rice with boiled eggs and spices,main|non-veg|Biryani|popular,0.0
I01414,R0142,Veg Biryani,main,veg,220,Flavorful rice with mixed vegetables,main|veg|Biryani|popular,0.0
I01415,R0142,Mutton Biryani,main,non-veg,385,Aromatic rice with succulent mutton,main|non-veg|Biryani|popular,0.0
I01416,R0142,Chicken Biryani,main,non-veg,308,Fragrant basmati rice with tender chicken pieces,main|non-veg|Biryani|popular,0.0
I01417,R0142,Double Ka Meetha,side,veg,88,Sweet bread pudding,side|veg|Biryani,0.292
I01418,R0142,Raita,side,veg,44,Cooling yogurt with cucumber and spices,side|veg|Biryani,0.117
I01419,R0142,Salan,side,veg,66,Spicy curry accompaniment,side|veg|Biryani,0.339
I01420,R0142,Gulab Jamun,dessert,veg,66,Soft milk dumplings in sugar syrup,dessert|veg|Biryani,0.341
I01421,R0142,Khubani Ka Meetha,dessert,veg,99,Apricot dessert,dessert|veg|Biryani,0.233
I01422,R0142,Soft Drink,beverage,veg,55,Refreshing carbonated beverage,beverage|veg|Biryani,0.221
I01423,R0142,Lassi,beverage,veg,77,Thick yogurt drink,beverage|veg|Biryani,0.272
I01424,R0143,Dal Makhani,main,veg,242,Creamy black lentils,main|veg|North Indian|popular,0.0
I01425,R0143,Paneer Tikka,main,veg,308,Grilled cottage cheese,main|veg|North Indian|popular,0.0
I01426,R0143,Butter Chicken,main,non-veg,352,Creamy tomato-based chicken curry,main|non-veg|North Indian|popular,0.0
I01427,R0143,Rogan Josh,main,non-veg,418,Kashmiri lamb curry,main|non-veg|North Indian|popular,0.0
I01428,R0143,Butter Naan,side,veg,55,Buttery flatbread,side|veg|North Indian,0.128
I01429,R0143,Tandoori Roti,side,veg,27,Whole wheat flatbread,side|veg|North Indian,0.228
I01430,R0143,Jeera Rice,side,veg,132,Cumin flavored rice,side|veg|North Indian,0.393
I01431,R0143,Garlic Naan,side,veg,66,Garlic flavored naan,side|veg|North Indian,0.174
I01432,R0143,Gulab Jamun,dessert,veg,66,Sweet milk dumplings,dessert|veg|North Indian,0.344
I01433,R0143,Rasmalai,dessert,veg,88,Soft cheese patties in milk,dessert|veg|North Indian,0.377
I01434,R0143,Buttermilk,beverage,veg,44,Spiced yogurt drink,beverage|veg|North Indian,0.129
I01435,R0143,Lassi,beverage,veg,77,Sweet yogurt drink,beverage|veg|North Indian,0.336
I01436,R0144,Chicken Wrap,main,non-veg,171,Chicken stuffed wrap,main|non-veg|Italian|popular,0.0
I01437,R0144,Frankie,main,veg,114,Stuffed roll,main|veg|Italian|popular,0.0
I01438,R0144,Sandwich,main,veg,95,Grilled sandwich,main|veg|Italian|popular,0.0
I01439,R0144,Veg Wrap,main,veg,123,Vegetable stuffed wrap,main|veg|Italian|popular,0.0
I01440,R0144,Onion Rings,side,veg,85,Crispy onion rings,side|veg|Italian,0.106
I01441,R0144,Fries,side,veg,76,Crispy fries,side|veg|Italian,0.181
I01442,R0144,Brownie,dessert,veg,95,Chocolate brownie,dessert|veg|Italian,0.159
I01443,R0144,Ice Cream,dessert,veg,57,Vanilla ice cream,dessert|veg|Italian,0.353
I01444,R0144,Cold Coffee,beverage,veg,114,Iced coffee,beverage|veg|Italian,0.342
I01445,R0144,Soft Drink,beverage,veg,47,Refreshing beverage,beverage|veg|Italian,0.241
I01446,R0145,Chicken Biryani,main,non-veg,266,Fragrant basmati rice with tender chicken pieces,main|non-veg|Biryani|popular,0.0
I01447,R0145,Veg Biryani,main,veg,190,Flavorful rice with mixed vegetables,main|veg|Biryani|popular,0.0
I01448,R0145,Mutton Biryani,main,non-veg,332,Aromatic rice with succulent mutton,main|non-veg|Biryani|popular,0.0
I01449,R0145,Egg Biryani,main,non-veg,209,Rice with boiled eggs and spices,main|non-veg|Biryani|popular,0.0
I01450,R0145,Salan,side,veg,57,Spicy curry accompaniment,side|veg|Biryani,0.127
I01451,R0145,Raita,side,veg,38,Cooling yogurt with cucumber and spices,side|veg|Biryani,0.295
I01452,R0145,Double Ka Meetha,side,veg,76,Sweet bread pudding,side|veg|Biryani,0.146
I01453,R0145,Gulab Jamun,dessert,veg,57,Soft milk dumplings in sugar syrup,dessert|veg|Biryani,0.346
I01454,R0145,Khubani Ka Meetha,dessert,veg,85,Apricot dessert,dessert|veg|Biryani,0.177
I01455,R0145,Soft Drink,beverage,veg,47,Refreshing carbonated beverage,beverage|veg|Biryani,0.278
I01456,R0145,Lassi,beverage,veg,66,Thick yogurt drink,beverage|veg|Biryani,0.376
I01457,R0146,Butter Chicken,main,non-veg,352,Creamy tomato-based chicken curry,main|non-veg|North Indian|popular,0.0
I01458,R0146,Dal Makhani,main,veg,242,Creamy black lentils,main|veg|North Indian|popular,0.0
I01459,R0146,Rogan Josh,main,non-veg,418,Kashmiri lamb curry,main|non-veg|North Indian|popular,0.0
I01460,R0146,Paneer Tikka,main,veg,308,Grilled cottage cheese,main|veg|North Indian|popular,0.0
I01461,R0146,Tandoori Roti,side,veg,27,Whole wheat flatbread,side|veg|North Indian,0.174
I01462,R0146,Butter Naan,side,veg,55,Buttery flatbread,side|veg|North Indian,0.221
I01463,R0146,Garlic Naan,side,veg,66,Garlic flavored naan,side|veg|North Indian,0.275
I01464,R0146,Jeera Rice,side,veg,132,Cumin flavored rice,side|veg|North Indian,0.116
I01465,R0146,Gulab Jamun,dessert,veg,66,Sweet milk dumplings,dessert|veg|North Indian,0.361
I01466,R0146,Rasmalai,dessert,veg,88,Soft cheese patties in milk,dessert|veg|North Indian,0.153
I01467,R0146,Buttermilk,beverage,veg,44,Spiced yogurt drink,beverage|veg|North Indian,0.149
I01468,R0146,Lassi,beverage,veg,77,Sweet yogurt drink,beverage|veg|North Indian,0.359
I01469,R0147,Chilli Chicken,main,non-veg,325,Spicy chicken preparation,main|non-veg|Chinese|popular,0.0
I01470,R0147,Manchurian,main,veg,250,Vegetable balls in gravy,main|veg|Chinese|popular,0.0
I01471,R0147,Fried Rice,main,veg,225,Stir-fried rice with vegetables,main|veg|Chinese|popular,0.0
I01472,R0147,Chilli Potato,side,veg,137,Spicy potato fingers,side|veg|Chinese,0.268
I01473,R0147,Momos,side,veg,150,Steamed dumplings,side|veg|Chinese,0.301
I01474,R0147,Spring Roll,side,veg,112,Crispy vegetable rolls,side|veg|Chinese,0.195
I01475,R0147,Date Pancake,dessert,veg,125,Sweet pancake with dates,dessert|veg|Chinese,0.137
I01476,R0147,Honey Noodles,dessert,veg,100,Crispy noodles with honey,dessert|veg|Chinese,0.223
I01477,R0147,Green Tea,beverage,veg,50,Hot green tea,beverage|veg|Chinese,0.181
I01478,R0147,Soft Drink,beverage,veg,62,Refreshing beverage,beverage|veg|Chinese,0.143
I01479,R0148,Veg Wrap,main,veg,143,Vegetable stuffed wrap,main|veg|Fast Food|popular,0.0
I01480,R0148,Sandwich,main,veg,110,Grilled sandwich,main|veg|Fast Food|popular,0.0
I01481,R0148,Chicken Wrap,main,non-veg,198,Chicken stuffed wrap,main|non-veg|Fast Food|popular,0.0
I01482,R0148,Frankie,main,veg,132,Stuffed roll,main|veg|Fast Food|popular,0.0
I01483,R0148,Onion Rings,side,veg,99,Crispy onion rings,side|veg|Fast Food,0.232
I01484,R0148,Fries,side,veg,88,Crispy fries,side|veg|Fast Food,0.332
I01485,R0148,Brownie,dessert,veg,110,Chocolate brownie,dessert|veg|Fast Food,0.22
I01486,R0148,Ice Cream,dessert,veg,66,Vanilla ice cream,dessert|veg|Fast Food,0.138
I01487,R0148,Cold Coffee,beverage,veg,132,Iced coffee,beverage|veg|Fast Food,0.26
I01488,R0148,Soft Drink,beverage,veg,55,Refreshing beverage,beverage|veg|Fast Food,0.181
I01489,R0149,Vada,main,veg,77,Crispy fried lentil donuts,main|veg|South Indian|popular,0.0
I01490,R0149,Masala Dosa,main,veg,132,Crispy crepe with potato filling,main|veg|South Indian|popular,0.0
I01491,R0149,Chicken Chettinad,main,non-veg,308,Spicy Chettinad chicken,main|non-veg|South Indian|popular,0.0
I01492,R0149,Idli Sambar,main,veg,88,Steamed rice cakes with lentil curry,main|veg|South Indian|popular,0.0
I01493,R0149,Coconut Chutney,side,veg,33,Fresh coconut chutney,side|veg|South Indian,0.267
I01494,R0149,Sambar,side,veg,44,Lentil and vegetable curry,side|veg|South Indian,0.278
I01495,R0149,Tomato Chutney,side,veg,33,Tangy tomato chutney,side|veg|South Indian,0.348
I01496,R0149,Payasam,dessert,veg,66,Sweet milk pudding,dessert|veg|South Indian,0.385
I01497,R0149,Kesari,dessert,veg,55,Semolina sweet,dessert|veg|South Indian,0.321
I01498,R0149,Buttermilk,beverage,veg,38,Spiced yogurt drink,beverage|veg|South Indian,0.252
I01499,R0149,Filter Coffee,beverage,veg,44,South Indian filter coffee,beverage|veg|South Indian,0.109
I01500,R0150,Fried Rice,main,veg,198,Stir-fried rice with vegetables,main|veg|Chinese|popular,0.0
I01501,R0150,Hakka Noodles,main,veg,187,Stir-fried noodles,main|veg|Chinese|popular,0.0
I01502,R0150,Manchurian,main,veg,220,Vegetable balls in gravy,main|veg|Chinese|popular,0.0
I01503,R0150,Chilli Chicken,main,non-veg,286,Spicy chicken preparation,main|non-veg|Chinese|popular,0.0
I01504,R0150,Momos,side,veg,132,Steamed dumplings,side|veg|Chinese,0.342
I01505,R0150,Spring Roll,side,veg,99,Crispy vegetable rolls,side|veg|Chinese,0.208
I01506,R0150,Chilli Potato,side,veg,121,Spicy potato fingers,side|veg|Chinese,0.337
I01507,R0150,Date Pancake,dessert,veg,110,Sweet pancake with dates,dessert|veg|Chinese,0.207
I01508,R0150,Honey Noodles,dessert,veg,88,Crispy noodles with honey,dessert|veg|Chinese,0.184
I01509,R0150,Green Tea,beverage,veg,44,Hot green tea,beverage|veg|Chinese,0.247
I01510,R0150,Soft Drink,beverage,veg,55,Refreshing beverage,beverage|veg|Chinese,0.176
I01511,R0151,Manchurian,main,veg,250,Vegetable balls in gravy,main|veg|Chinese|popular,0.0
I01512,R0151,Chilli Chicken,main,non-veg,325,Spicy chicken preparation,main|non-veg|Chinese|popular,0.0
I01513,R0151,Hakka Noodles,main,veg,212,Stir-fried noodles,main|veg|Chinese|popular,0.0
I01514,R0151,Momos,side,veg,150,Steamed dumplings,side|veg|Chinese,0.192
I01515,R0151,Spring Roll,side,veg,112,Crispy vegetable rolls,side|veg|Chinese,0.185
I01516,R0151,Chilli Potato,side,veg,137,Spicy potato fingers,side|veg|Chinese,0.116
I01517,R0151,Date Pancake,dessert,veg,125,Sweet pancake with dates,dessert|veg|Chinese,0.216
I01518,R0151,Honey Noodles,dessert,veg,100,Crispy noodles with honey,dessert|veg|Chinese,0.26
I01519,R0151,Soft Drink,beverage,veg,62,Refreshing beverage,beverage|veg|Chinese,0.189
I01520,R0151,Green Tea,beverage,veg,50,Hot green tea,beverage|veg|Chinese,0.23
I01521,R0152,Chicken Chettinad,main,non-veg,350,Spicy Chettinad chicken,main|non-veg|South Indian|popular,0.0
I01522,R0152,Idli Sambar,main,veg,100,Steamed rice cakes with lentil curry,main|veg|South Indian|popular,0.0
I01523,R0152,Vada,main,veg,87,Crispy fried lentil donuts,main|veg|South Indian|popular,0.0
I01524,R0152,Coconut Chutney,side,veg,37,Fresh coconut chutney,side|veg|South Indian,0.278
I01525,R0152,Tomato Chutney,side,veg,37,Tangy tomato chutney,side|veg|South Indian,0.336
I01526,R0152,Sambar,side,veg,50,Lentil and vegetable curry,side|veg|South Indian,0.345
I01527,R0152,Kesari,dessert,veg,62,Semolina sweet,dessert|veg|South Indian,0.296
I01528,R0152,Payasam,dessert,veg,75,Sweet milk pudding,dessert|veg|South Indian,0.214
I01529,R0152,Filter Coffee,beverage,veg,50,South Indian filter coffee,beverage|veg|South Indian,0.136
I01530,R0152,Buttermilk,beverage,veg,43,Spiced yogurt drink,beverage|veg|South Indian,0.366
I01531,R0153,Dal Makhani,main,veg,242,Creamy black lentils,main|veg|North Indian|popular,0.0
I01532,R0153,Butter Chicken,main,non-veg,352,Creamy tomato-based chicken curry,main|non-veg|North Indian|popular,0.0
I01533,R0153,Paneer Tikka,main,veg,308,Grilled cottage cheese,main|veg|North Indian|popular,0.0
I01534,R0153,Rogan Josh,main,non-veg,418,Kashmiri lamb curry,main|non-veg|North Indian|popular,0.0
I01535,R0153,Jeera Rice,side,veg,132,Cumin flavored rice,side|veg|North Indian,0.281
I01536,R0153,Garlic Naan,side,veg,66,Garlic flavored naan,side|veg|North Indian,0.113
I01537,R0153,Tandoori Roti,side,veg,27,Whole wheat flatbread,side|veg|North Indian,0.327
I01538,R0153,Butter Naan,side,veg,55,Buttery flatbread,side|veg|North Indian,0.118
I01539,R0153,Gulab Jamun,dessert,veg,66,Sweet milk dumplings,dessert|veg|North Indian,0.353
I01540,R0153,Rasmalai,dessert,veg,88,Soft cheese patties in milk,dessert|veg|North Indian,0.323
I01541,R0153,Buttermilk,beverage,veg,44,Spiced yogurt drink,beverage|veg|North Indian,0.232
I01542,R0153,Lassi,beverage,veg,77,Sweet yogurt drink,beverage|veg|North Indian,0.143
I01543,R0154,Mutton Biryani,main,non-veg,385,Aromatic rice with succulent mutton,main|non-veg|Biryani|popular,0.0
I01544,R0154,Egg Biryani,main,non-veg,242,Rice with boiled eggs and spices,main|non-veg|Biryani|popular,0.0
I01545,R0154,Chicken Biryani,main,non-veg,308,Fragrant basmati rice with tender chicken pieces,main|non-veg|Biryani|popular,0.0
I01546,R0154,Veg Biryani,main,veg,220,Flavorful rice with mixed vegetables,main|veg|Biryani|popular,0.0
I01547,R0154,Salan,side,veg,66,Spicy curry accompaniment,side|veg|Biryani,0.306
I01548,R0154,Raita,side,veg,44,Cooling yogurt with cucumber and spices,side|veg|Biryani,0.332
I01549,R0154,Double Ka Meetha,side,veg,88,Sweet bread pudding,side|veg|Biryani,0.165
I01550,R0154,Khubani Ka Meetha,dessert,veg,99,Apricot dessert,dessert|veg|Biryani,0.295
I01551,R0154,Gulab Jamun,dessert,veg,66,Soft milk dumplings in sugar syrup,dessert|veg|Biryani,0.169
I01552,R0154,Lassi,beverage,veg,77,Thick yogurt drink,beverage|veg|Biryani,0.302
I01553,R0154,Soft Drink,beverage,veg,55,Refreshing carbonated beverage,beverage|veg|Biryani,0.279
I01554,R0155,Chole Bhature,main,veg,182,Chickpea curry with fried bread,main|veg|Street Food|popular,0.0
I01555,R0155,Pav Bhaji,main,veg,168,Mashed vegetable curry with bread,main|veg|Street Food|popular,0.0
I01556,R0155,Extra Pav,side,veg,21,Extra bread,side|veg|Street Food,0.267
I01557,R0155,Papad,side,veg,28,Crispy papad,side|veg|Street Food,0.207
I01558,R0155,Jalebi,dessert,veg,70,Sweet fried spirals,dessert|veg|Street Food,0.127
I01559,R0155,Rabri,dessert,veg,112,Thickened sweet milk,dessert|veg|Street Food,0.355
I01560,R0155,Lassi,beverage,veg,84,Yogurt drink,beverage|veg|Street Food,0.318
I01561,R0155,Masala Chai,beverage,veg,42,Spiced tea,beverage|veg|Street Food,0.201
I01562,R0156,Sandwich,main,veg,125,Grilled sandwich,main|veg|Italian|popular,0.0
I01563,R0156,Frankie,main,veg,150,Stuffed roll,main|veg|Italian|popular,0.0
I01564,R0156,Chicken Wrap,main,non-veg,225,Chicken stuffed wrap,main|non-veg|Italian|popular,0.0
I01565,R0156,Onion Rings,side,veg,112,Crispy onion rings,side|veg|Italian,0.32
I01566,R0156,Fries,side,veg,100,Crispy fries,side|veg|Italian,0.363
I01567,R0156,Ice Cream,dessert,veg,75,Vanilla ice cream,dessert|veg|Italian,0.318
I01568,R0156,Brownie,dessert,veg,125,Chocolate brownie,dessert|veg|Italian,0.318
I01569,R0156,Cold Coffee,beverage,veg,150,Iced coffee,beverage|veg|Italian,0.304
I01570,R0156,Soft Drink,beverage,veg,62,Refreshing beverage,beverage|veg|Italian,0.359
I01571,R0157,Chicken Wrap,main,non-veg,171,Chicken stuffed wrap,main|non-veg|Fast Food|popular,0.0
I01572,R0157,Frankie,main,veg,114,Stuffed roll,main|veg|Fast Food|popular,0.0
I01573,R0157,Veg Wrap,main,veg,123,Vegetable stuffed wrap,main|veg|Fast Food|popular,0.0
I01574,R0157,Sandwich,main,veg,95,Grilled sandwich,main|veg|Fast Food|popular,0.0
I01575,R0157,Fries,side,veg,76,Crispy fries,side|veg|Fast Food,0.38
I01576,R0157,Onion Rings,side,veg,85,Crispy onion rings,side|veg|Fast Food,0.184
I01577,R0157,Ice Cream,dessert,veg,57,Vanilla ice cream,dessert|veg|Fast Food,0.164
I01578,R0157,Brownie,dessert,veg,95,Chocolate brownie,dessert|veg|Fast Food,0.389
I01579,R0157,Cold Coffee,beverage,veg,114,Iced coffee,beverage|veg|Fast Food,0.243
I01580,R0157,Soft Drink,beverage,veg,47,Refreshing beverage,beverage|veg|Fast Food,0.131
I01581,R0158,Chilli Chicken,main,non-veg,286,Spicy chicken preparation,main|non-veg|Chinese|popular,0.0
I01582,R0158,Hakka Noodles,main,veg,187,Stir-fried noodles,main|veg|Chinese|popular,0.0
I01583,R0158,Fried Rice,main,veg,198,Stir-fried rice with vegetables,main|veg|Chinese|popular,0.0
I01584,R0158,Manchurian,main,veg,220,Vegetable balls in gravy,main|veg|Chinese|popular,0.0
I01585,R0158,Spring Roll,side,veg,99,Crispy vegetable rolls,side|veg|Chinese,0.201
I01586,R0158,Momos,side,veg,132,Steamed dumplings,side|veg|Chinese,0.21
I01587,R0158,Chilli Potato,side,veg,121,Spicy potato fingers,side|veg|Chinese,0.124
I01588,R0158,Date Pancake,dessert,veg,110,Sweet pancake with dates,dessert|veg|Chinese,0.251
I01589,R0158,Honey Noodles,dessert,veg,88,Crispy noodles with honey,dessert|veg|Chinese,0.387
I01590,R0158,Soft Drink,beverage,veg,55,Refreshing beverage,beverage|veg|Chinese,0.102
I01591,R0158,Green Tea,beverage,veg,44,Hot green tea,beverage|veg|Chinese,0.141
I01592,R0159,Pasta Arrabbiata,main,veg,300,Spicy tomato pasta,main|veg|Continental|popular,0.0
I01593,R0159,Fish and Chips,main,non-veg,437,Classic fish and chips,main|non-veg|Continental|popular,0.0
I01594,R0159,Grilled Chicken,main,non-veg,400,Herb grilled chicken,main|non-veg|Continental|popular,0.0
I01595,R0159,Mashed Potatoes,side,veg,125,Creamy mashed potatoes,side|veg|Continental,0.304
I01596,R0159,Garlic Bread,side,veg,112,Garlic bread,side|veg|Continental,0.202
I01597,R0159,Caesar Salad,side,veg,175,Classic Caesar salad,side|veg|Continental,0.207
I01598,R0159,Tiramisu,dessert,veg,225,Classic Italian dessert,dessert|veg|Continental,0.334
I01599,R0159,Panna Cotta,dessert,veg,200,Italian custard,dessert|veg|Continental,0.37
I01600,R0159,Lemonade,beverage,veg,87,Fresh lemonade,beverage|veg|Continental,0.338
I01601,R0159,Iced Tea,beverage,veg,100,Refreshing iced tea,beverage|veg|Continental,0.155
I01602,R0160,Pav Bhaji,main,veg,132,Mashed vegetable curry with bread,main|veg|Street Food|popular,0.0
I01603,R0160,Samosa,main,veg,33,Crispy pastry with filling,main|veg|Street Food|popular,0.0
I01604,R0160,Chole Bhature,main,veg,143,Chickpea curry with fried bread,main|veg|Street Food|popular,0.0
I01605,R0160,Pani Puri,main,veg,66,Crispy puris with flavored water,main|veg|Street Food|popular,0.0
I01606,R0160,Extra Pav,side,veg,16,Extra bread,side|veg|Street Food,0.158
I01607,R0160,Papad,side,veg,22,Crispy papad,side|veg|Street Food,0.336
I01608,R0160,Rabri,dessert,veg,88,Thickened sweet milk,dessert|veg|Street Food,0.282
I01609,R0160,Jalebi,dessert,veg,55,Sweet fried spirals,dessert|veg|Street Food,0.331
I01610,R0160,Masala Chai,beverage,veg,33,Spiced tea,beverage|veg|Street Food,0.347
I01611,R0160,Lassi,beverage,veg,66,Yogurt drink,beverage|veg|Street Food,0.203
I01612,R0161,Cold Coffee,main,veg,162,Iced coffee,main|veg|Beverages|popular,0.0
I01613,R0161,Smoothie,main,veg,187,Fruit smoothie,main|veg|Beverages|popular,0.0
I01614,R0161,Mojito,main,veg,137,Refreshing mint drink,main|veg|Beverages|popular,0.0
I01615,R0161,Whipped Cream,side,veg,31,Extra whipped cream,side|veg|Beverages,0.247
I01616,R0161,Extra Shot,side,veg,37,Extra coffee shot,side|veg|Beverages,0.327
I01617,R0161,Cookie,dessert,veg,62,Fresh baked cookie,dessert|veg|Beverages,0.158
I01618,R0161,Muffin,dessert,veg,75,Fresh muffin,dessert|veg|Beverages,0.288
I01619,R0161,Water Bottle,beverage,veg,25,Mineral water,beverage|veg|Beverages,0.387
I01620,R0161,Soft Drink,beverage,veg,62,Refreshing beverage,beverage|veg|Beverages,0.271
I01621,R0162,Veg Steak,main,veg,308,Grilled vegetable steak,main|veg|Continental|popular,0.0
I01622,R0162,Pasta Arrabbiata,main,veg,264,Spicy tomato pasta,main|veg|Continental|popular,0.0
I01623,R0162,Grilled Chicken,main,non-veg,352,Herb grilled chicken,main|non-veg|Continental|popular,0.0
I01624,R0162,Fish and Chips,main,non-veg,385,Classic fish and chips,main|non-veg|Continental|popular,0.0
I01625,R0162,Mashed Potatoes,side,veg,110,Creamy mashed potatoes,side|veg|Continental,0.243
I01626,R0162,Garlic Bread,side,veg,99,Garlic bread,side|veg|Continental,0.133
I01627,R0162,Caesar Salad,side,veg,154,Classic Caesar salad,side|veg|Continental,0.108
I01628,R0162,Tiramisu,dessert,veg,198,Classic Italian dessert,dessert|veg|Continental,0.268
I01629,R0162,Panna Cotta,dessert,veg,176,Italian custard,dessert|veg|Continental,0.268
I01630,R0162,Iced Tea,beverage,veg,88,Refreshing iced tea,beverage|veg|Continental,0.167
I01631,R0162,Lemonade,beverage,veg,77,Fresh lemonade,beverage|veg|Continental,0.3
I01632,R0163,Vada,main,veg,87,Crispy fried lentil donuts,main|veg|South Indian|popular,0.0
I01633,R0163,Masala Dosa,main,veg,150,Crispy crepe with potato filling,main|veg|South Indian|popular,0.0
I01634,R0163,Idli Sambar,main,veg,100,Steamed rice cakes with lentil curry,main|veg|South Indian|popular,0.0
I01635,R0163,Sambar,side,veg,50,Lentil and vegetable curry,side|veg|South Indian,0.24
I01636,R0163,Coconut Chutney,side,veg,37,Fresh coconut chutney,side|veg|South Indian,0.355
I01637,R0163,Tomato Chutney,side,veg,37,Tangy tomato chutney,side|veg|South Indian,0.371
I01638,R0163,Payasam,dessert,veg,75,Sweet milk pudding,dessert|veg|South Indian,0.284
I01639,R0163,Kesari,dessert,veg,62,Semolina sweet,dessert|veg|South Indian,0.397
I01640,R0163,Buttermilk,beverage,veg,43,Spiced yogurt drink,beverage|veg|South Indian,0.323
I01641,R0163,Filter Coffee,beverage,veg,50,South Indian filter coffee,beverage|veg|South Indian,0.255
I01642,R0164,Fried Rice,main,veg,198,Stir-fried rice with vegetables,main|veg|Chinese|popular,0.0
I01643,R0164,Chilli Chicken,main,non-veg,286,Spicy chicken preparation,main|non-veg|Chinese|popular,0.0
I01644,R0164,Hakka Noodles,main,veg,187,Stir-fried noodles,main|veg|Chinese|popular,0.0
I01645,R0164,Manchurian,main,veg,220,Vegetable balls in gravy,main|veg|Chinese|popular,0.0
I01646,R0164,Chilli Potato,side,veg,121,Spicy potato fingers,side|veg|Chinese,0.224
I01647,R0164,Spring Roll,side,veg,99,Crispy vegetable rolls,side|veg|Chinese,0.315
I01648,R0164,Momos,side,veg,132,Steamed dumplings,side|veg|Chinese,0.1
I01649,R0164,Honey Noodles,dessert,veg,88,Crispy noodles with honey,dessert|veg|Chinese,0.145
I01650,R0164,Date Pancake,dessert,veg,110,Sweet pancake with dates,dessert|veg|Chinese,0.108
I01651,R0164,Green Tea,beverage,veg,44,Hot green tea,beverage|veg|Chinese,0.361
I01652,R0164,Soft Drink,beverage,veg,55,Refreshing beverage,beverage|veg|Chinese,0.383
I01653,R0165,Cold Coffee,main,veg,123,Iced coffee,main|veg|Beverages|popular,0.0
I01654,R0165,Mojito,main,veg,104,Refreshing mint drink,main|veg|Beverages|popular,0.0
I01655,R0165,Smoothie,main,veg,142,Fruit smoothie,main|veg|Beverages|popular,0.0
I01656,R0165,Extra Shot,side,veg,28,Extra coffee shot,side|veg|Beverages,0.279
I01657,R0165,Whipped Cream,side,veg,23,Extra whipped cream,side|veg|Beverages,0.293
I01658,R0165,Muffin,dessert,veg,57,Fresh muffin,dessert|veg|Beverages,0.332
I01659,R0165,Cookie,dessert,veg,47,Fresh baked cookie,dessert|veg|Beverages,0.139
I01660,R0165,Soft Drink,beverage,veg,47,Refreshing beverage,beverage|veg|Beverages,0.344
I01661,R0165,Water Bottle,beverage,veg,19,Mineral water,beverage|veg|Beverages,0.343
I01662,R0166,Smoothie,main,veg,187,Fruit smoothie,main|veg|Beverages|popular,0.0
I01663,R0166,Mojito,main,veg,137,Refreshing mint drink,main|veg|Beverages|popular,0.0
I01664,R0166,Cold Coffee,main,veg,162,Iced coffee,main|veg|Beverages|popular,0.0
I01665,R0166,Extra Shot,side,veg,37,Extra coffee shot,side|veg|Beverages,0.208
I01666,R0166,Whipped Cream,side,veg,31,Extra whipped cream,side|veg|Beverages,0.337
I01667,R0166,Cookie,dessert,veg,62,Fresh baked cookie,dessert|veg|Beverages,0.15
I01668,R0166,Muffin,dessert,veg,75,Fresh muffin,dessert|veg|Beverages,0.104
I01669,R0166,Soft Drink,beverage,veg,62,Refreshing beverage,beverage|veg|Beverages,0.359
I01670,R0166,Water Bottle,beverage,veg,25,Mineral water,beverage|veg|Beverages,0.366
I01671,R0167,Sandwich,main,veg,95,Grilled sandwich,main|veg|Fast Food|popular,0.0
I01672,R0167,Veg Wrap,main,veg,123,Vegetable stuffed wrap,main|veg|Fast Food|popular,0.0
I01673,R0167,Chicken Wrap,main,non-veg,171,Chicken stuffed wrap,main|non-veg|Fast Food|popular,0.0
I01674,R0167,Frankie,main,veg,114,Stuffed roll,main|veg|Fast Food|popular,0.0
I01675,R0167,Fries,side,veg,76,Crispy fries,side|veg|Fast Food,0.386
I01676,R0167,Onion Rings,side,veg,85,Crispy onion rings,side|veg|Fast Food,0.32
I01677,R0167,Ice Cream,dessert,veg,57,Vanilla ice cream,dessert|veg|Fast Food,0.38
I01678,R0167,Brownie,dessert,veg,95,Chocolate brownie,dessert|veg|Fast Food,0.114
I01679,R0167,Cold Coffee,beverage,veg,114,Iced coffee,beverage|veg|Fast Food,0.295
I01680,R0167,Soft Drink,beverage,veg,47,Refreshing beverage,beverage|veg|Fast Food,0.255
I01681,R0168,Mojito,main,veg,137,Refreshing mint drink,main|veg|Beverages|popular,0.0
I01682,R0168,Smoothie,main,veg,187,Fruit smoothie,main|veg|Beverages|popular,0.0
I01683,R0168,Cold Coffee,main,veg,162,Iced coffee,main|veg|Beverages|popular,0.0
I01684,R0168,Whipped Cream,side,veg,31,Extra whipped cream,side|veg|Beverages,0.276
I01685,R0168,Extra Shot,side,veg,37,Extra coffee shot,side|veg|Beverages,0.273
I01686,R0168,Cookie,dessert,veg,62,Fresh baked cookie,dessert|veg|Beverages,0.201
I01687,R0168,Muffin,dessert,veg,75,Fresh muffin,dessert|veg|Beverages,0.189
I01688,R0168,Water Bottle,beverage,veg,25,Mineral water,beverage|veg|Beverages,0.37
I01689,R0168,Soft Drink,beverage,veg,62,Refreshing beverage,beverage|veg|Beverages,0.217
I01690,R0169,Pancake,main,veg,152,Fluffy pancakes,main|veg|Desserts|popular,0.0
I01691,R0169,Waffle,main,veg,171,Belgian waffle with toppings,main|veg|Desserts|popular,0.0
I01692,R0169,Ice Cream Sundae,main,veg,142,Loaded ice cream sundae,main|veg|Desserts|popular,0.0
I01693,R0169,Extra Toppings,side,veg,38,Additional toppings,side|veg|Desserts,0.153
I01694,R0169,Syrup Shot,side,veg,28,Extra syrup,side|veg|Desserts,0.229
I01695,R0169,Cheesecake,dessert,veg,171,Creamy cheesecake,dessert|veg|Desserts,0.262
I01696,R0169,Chocolate Cake,dessert,veg,114,Rich chocolate cake,dessert|veg|Desserts,0.137
I01697,R0169,Hot Chocolate,beverage,veg,95,Rich hot chocolate,beverage|veg|Desserts,0.193
I01698,R0169,Milkshake,beverage,veg,123,Thick milkshake,beverage|veg|Desserts,0.39
I01699,R0170,Cold Coffee,main,veg,162,Iced coffee,main|veg|Beverages|popular,0.0
I01700,R0170,Mojito,main,veg,137,Refreshing mint drink,main|veg|Beverages|popular,0.0
I01701,R0170,Smoothie,main,veg,187,Fruit smoothie,main|veg|Beverages|popular,0.0
I01702,R0170,Extra Shot,side,veg,37,Extra coffee shot,side|veg|Beverages,0.372
I01703,R0170,Whipped Cream,side,veg,31,Extra whipped cream,side|veg|Beverages,0.144
I01704,R0170,Muffin,dessert,veg,75,Fresh muffin,dessert|veg|Beverages,0.178
I01705,R0170,Cookie,dessert,veg,62,Fresh baked cookie,dessert|veg|Beverages,0.158
I01706,R0170,Water Bottle,beverage,veg,25,Mineral water,beverage|veg|Beverages,0.357
I01707,R0170,Soft Drink,beverage,veg,62,Refreshing beverage,beverage|veg|Beverages,0.371
I01708,R0171,Masala Dosa,main,veg,114,Crispy crepe with potato filling,main|veg|South Indian|popular,0.0
I01709,R0171,Idli Sambar,main,veg,76,Steamed rice cakes with lentil curry,main|veg|South Indian|popular,0.0
I01710,R0171,Vada,main,veg,66,Crispy fried lentil donuts,main|veg|South Indian|popular,0.0
I01711,R0171,Chicken Chettinad,main,non-veg,266,Spicy Chettinad chicken,main|non-veg|South Indian|popular,0.0
I01712,R0171,Tomato Chutney,side,veg,28,Tangy tomato chutney,side|veg|South Indian,0.267
I01713,R0171,Coconut Chutney,side,veg,28,Fresh coconut chutney,side|veg|South Indian,0.304
I01714,R0171,Sambar,side,veg,38,Lentil and vegetable curry,side|veg|South Indian,0.302
I01715,R0171,Kesari,dessert,veg,47,Semolina sweet,dessert|veg|South Indian,0.26
I01716,R0171,Payasam,dessert,veg,57,Sweet milk pudding,dessert|veg|South Indian,0.234
I01717,R0171,Filter Coffee,beverage,veg,38,South Indian filter coffee,beverage|veg|South Indian,0.116
I01718,R0171,Buttermilk,beverage,veg,33,Spiced yogurt drink,beverage|veg|South Indian,0.294
I01719,R0172,Egg Biryani,main,non-veg,242,Rice with boiled eggs and spices,main|non-veg|Biryani|popular,0.0
I01720,R0172,Mutton Biryani,main,non-veg,385,Aromatic rice with succulent mutton,main|non-veg|Biryani|popular,0.0
I01721,R0172,Chicken Biryani,main,non-veg,308,Fragrant basmati rice with tender chicken pieces,main|non-veg|Biryani|popular,0.0
I01722,R0172,Veg Biryani,main,veg,220,Flavorful rice with mixed vegetables,main|veg|Biryani|popular,0.0
I01723,R0172,Salan,side,veg,66,Spicy curry accompaniment,side|veg|Biryani,0.287
I01724,R0172,Raita,side,veg,44,Cooling yogurt with cucumber and spices,side|veg|Biryani,0.296
I01725,R0172,Double Ka Meetha,side,veg,88,Sweet bread pudding,side|veg|Biryani,0.235
I01726,R0172,Khubani Ka Meetha,dessert,veg,99,Apricot dessert,dessert|veg|Biryani,0.236
I01727,R0172,Gulab Jamun,dessert,veg,66,Soft milk dumplings in sugar syrup,dessert|veg|Biryani,0.116
I01728,R0172,Soft Drink,beverage,veg,55,Refreshing carbonated beverage,beverage|veg|Biryani,0.272
I01729,R0172,Lassi,beverage,veg,77,Thick yogurt drink,beverage|veg|Biryani,0.364
I01730,R0173,Masala Dosa,main,veg,132,Crispy crepe with potato filling,main|veg|South Indian|popular,0.0
I01731,R0173,Idli Sambar,main,veg,88,Steamed rice cakes with lentil curry,main|veg|South Indian|popular,0.0
I01732,R0173,Vada,main,veg,77,Crispy fried lentil donuts,main|veg|South Indian|popular,0.0
I01733,R0173,Chicken Chettinad,main,non-veg,308,Spicy Chettinad chicken,main|non-veg|South Indian|popular,0.0
I01734,R0173,Sambar,side,veg,44,Lentil and vegetable curry,side|veg|South Indian,0.395
I01735,R0173,Coconut Chutney,side,veg,33,Fresh coconut chutney,side|veg|South Indian,0.396
I01736,R0173,Tomato Chutney,side,veg,33,Tangy tomato chutney,side|veg|South Indian,0.232
I01737,R0173,Payasam,dessert,veg,66,Sweet milk pudding,dessert|veg|South Indian,0.232
I01738,R0173,Kesari,dessert,veg,55,Semolina sweet,dessert|veg|South Indian,0.188
I01739,R0173,Buttermilk,beverage,veg,38,Spiced yogurt drink,beverage|veg|South Indian,0.217
I01740,R0173,Filter Coffee,beverage,veg,44,South Indian filter coffee,beverage|veg|South Indian,0.12
I01741,R0174,Chicken Chettinad,main,non-veg,350,Spicy Chettinad chicken,main|non-veg|South Indian|popular,0.0
I01742,R0174,Idli Sambar,main,veg,100,Steamed rice cakes with lentil curry,main|veg|South Indian|popular,0.0
I01743,R0174,Vada,main,veg,87,Crispy fried lentil donuts,main|veg|South Indian|popular,0.0
I01744,R0174,Sambar,side,veg,50,Lentil and vegetable curry,side|veg|South Indian,0.37
I01745,R0174,Coconut Chutney,side,veg,37,Fresh coconut chutney,side|veg|South Indian,0.371
I01746,R0174,Tomato Chutney,side,veg,37,Tangy tomato chutney,side|veg|South Indian,0.142
I01747,R0174,Payasam,dessert,veg,75,Sweet milk pudding,dessert|veg|South Indian,0.3
I01748,R0174,Kesari,dessert,veg,62,Semolina sweet,dessert|veg|South Indian,0.385
I01749,R0174,Filter Coffee,beverage,veg,50,South Indian filter coffee,beverage|veg|South Indian,0.386
I01750,R0174,Buttermilk,beverage,veg,43,Spiced yogurt drink,beverage|veg|South Indian,0.389
I01751,R0175,Mojito,main,veg,137,Refreshing mint drink,main|veg|Beverages|popular,0.0
I01752,R0175,Cold Coffee,main,veg,162,Iced coffee,main|veg|Beverages|popular,0.0
I01753,R0175,Smoothie,main,veg,187,Fruit smoothie,main|veg|Beverages|popular,0.0
I01754,R0175,Whipped Cream,side,veg,31,Extra whipped cream,side|veg|Beverages,0.367
I01755,R0175,Extra Shot,side,veg,37,Extra coffee shot,side|veg|Beverages,0.397
I01756,R0175,Cookie,dessert,veg,62,Fresh baked cookie,dessert|veg|Beverages,0.356
I01757,R0175,Muffin,dessert,veg,75,Fresh muffin,dessert|veg|Beverages,0.101
I01758,R0175,Water Bottle,beverage,veg,25,Mineral water,beverage|veg|Beverages,0.298
I01759,R0175,Soft Drink,beverage,veg,62,Refreshing beverage,beverage|veg|Beverages,0.359
I01760,R0176,Mojito,main,veg,104,Refreshing mint drink,main|veg|Beverages|popular,0.0
I01761,R0176,Cold Coffee,main,veg,123,Iced coffee,main|veg|Beverages|popular,0.0
I01762,R0176,Smoothie,main,veg,142,Fruit smoothie,main|veg|Beverages|popular,0.0
I01763,R0176,Extra Shot,side,veg,28,Extra coffee shot,side|veg|Beverages,0.312
I01764,R0176,Whipped Cream,side,veg,23,Extra whipped cream,side|veg|Beverages,0.154
I01765,R0176,Muffin,dessert,veg,57,Fresh muffin,dessert|veg|Beverages,0.106
I01766,R0176,Cookie,dessert,veg,47,Fresh baked cookie,dessert|veg|Beverages,0.274
I01767,R0176,Soft Drink,beverage,veg,47,Refreshing beverage,beverage|veg|Beverages,0.375
I01768,R0176,Water Bottle,beverage,veg,19,Mineral water,beverage|veg|Beverages,0.343
I01769,R0177,Paneer Tikka,main,veg,308,Grilled cottage cheese,main|veg|North Indian|popular,0.0
I01770,R0177,Rogan Josh,main,non-veg,418,Kashmiri lamb curry,main|non-veg|North Indian|popular,0.0
I01771,R0177,Butter Chicken,main,non-veg,352,Creamy tomato-based chicken curry,main|non-veg|North Indian|popular,0.0
I01772,R0177,Dal Makhani,main,veg,242,Creamy black lentils,main|veg|North Indian|popular,0.0
I01773,R0177,Butter Naan,side,veg,55,Buttery flatbread,side|veg|North Indian,0.346
I01774,R0177,Tandoori Roti,side,veg,27,Whole wheat flatbread,side|veg|North Indian,0.393
I01775,R0177,Garlic Naan,side,veg,66,Garlic flavored naan,side|veg|North Indian,0.347
I01776,R0177,Jeera Rice,side,veg,132,Cumin flavored rice,side|veg|North Indian,0.222
I01777,R0177,Gulab Jamun,dessert,veg,66,Sweet milk dumplings,dessert|veg|North Indian,0.276
I01778,R0177,Rasmalai,dessert,veg,88,Soft cheese patties in milk,dessert|veg|North Indian,0.197
I01779,R0177,Buttermilk,beverage,veg,44,Spiced yogurt drink,beverage|veg|North Indian,0.36
I01780,R0177,Lassi,beverage,veg,77,Sweet yogurt drink,beverage|veg|North Indian,0.341
I01781,R0178,Masala Dosa,main,veg,132,Crispy crepe with potato filling,main|veg|South Indian|popular,0.0
I01782,R0178,Vada,main,veg,77,Crispy fried lentil donuts,main|veg|South Indian|popular,0.0
I01783,R0178,Idli Sambar,main,veg,88,Steamed rice cakes with lentil curry,main|veg|South Indian|popular,0.0
I01784,R0178,Chicken Chettinad,main,non-veg,308,Spicy Chettinad chicken,main|non-veg|South Indian|popular,0.0
I01785,R0178,Tomato Chutney,side,veg,33,Tangy tomato chutney,side|veg|South Indian,0.25
I01786,R0178,Coconut Chutney,side,veg,33,Fresh coconut chutney,side|veg|South Indian,0.382
I01787,R0178,Sambar,side,veg,44,Lentil and vegetable curry,side|veg|South Indian,0.13
I01788,R0178,Kesari,dessert,veg,55,Semolina sweet,dessert|veg|South Indian,0.174
I01789,R0178,Payasam,dessert,veg,66,Sweet milk pudding,dessert|veg|South Indian,0.234
I01790,R0178,Filter Coffee,beverage,veg,44,South Indian filter coffee,beverage|veg|South Indian,0.32
I01791,R0178,Buttermilk,beverage,veg,38,Spiced yogurt drink,beverage|veg|South Indian,0.124
I01792,R0179,Frankie,main,veg,132,Stuffed roll,main|veg|Fast Food|popular,0.0
I01793,R0179,Chicken Wrap,main,non-veg,198,Chicken stuffed wrap,main|non-veg|Fast Food|popular,0.0
I01794,R0179,Sandwich,main,veg,110,Grilled sandwich,main|veg|Fast Food|popular,0.0
I01795,R0179,Veg Wrap,main,veg,143,Vegetable stuffed wrap,main|veg|Fast Food|popular,0.0
I01796,R0179,Onion Rings,side,veg,99,Crispy onion rings,side|veg|Fast Food,0.125
I01797,R0179,Fries,side,veg,88,Crispy fries,side|veg|Fast Food,0.318
I01798,R0179,Brownie,dessert,veg,110,Chocolate brownie,dessert|veg|Fast Food,0.251
I01799,R0179,Ice Cream,dessert,veg,66,Vanilla ice cream,dessert|veg|Fast Food,0.311
I01800,R0179,Cold Coffee,beverage,veg,132,Iced coffee,beverage|veg|Fast Food,0.362
I01801,R0179,Soft Drink,beverage,veg,55,Refreshing beverage,beverage|veg|Fast Food,0.372
I01802,R0180,Waffle,main,veg,225,Belgian waffle with toppings,main|veg|Desserts|popular,0.0
I01803,R0180,Pancake,main,veg,200,Fluffy pancakes,main|veg|Desserts|popular,0.0
I01804,R0180,Ice Cream Sundae,main,veg,187,Loaded ice cream sundae,main|veg|Desserts|popular,0.0
I01805,R0180,Extra Toppings,side,veg,50,Additional toppings,side|veg|Desserts,0.176
I01806,R0180,Syrup Shot,side,veg,37,Extra syrup,side|veg|Desserts,0.212
I01807,R0180,Cheesecake,dessert,veg,225,Creamy cheesecake,dessert|veg|Desserts,0.137
I01808,R0180,Chocolate Cake,dessert,veg,150,Rich chocolate cake,dessert|veg|Desserts,0.145
I01809,R0180,Milkshake,beverage,veg,162,Thick milkshake,beverage|veg|Desserts,0.12
I01810,R0180,Hot Chocolate,beverage,veg,125,Rich hot chocolate,beverage|veg|Desserts,0.151
I01811,R0181,Chole Bhature,main,veg,162,Chickpea curry with fried bread,main|veg|Street Food|popular,0.0
I01812,R0181,Pani Puri,main,veg,75,Crispy puris with flavored water,main|veg|Street Food|popular,0.0
I01813,R0181,Samosa,main,veg,37,Crispy pastry with filling,main|veg|Street Food|popular,0.0
I01814,R0181,Papad,side,veg,25,Crispy papad,side|veg|Street Food,0.318
I01815,R0181,Extra Pav,side,veg,18,Extra bread,side|veg|Street Food,0.281
I01816,R0181,Rabri,dessert,veg,100,Thickened sweet milk,dessert|veg|Street Food,0.225
I01817,R0181,Jalebi,dessert,veg,62,Sweet fried spirals,dessert|veg|Street Food,0.313
I01818,R0181,Masala Chai,beverage,veg,37,Spiced tea,beverage|veg|Street Food,0.29
I01819,R0181,Lassi,beverage,veg,75,Yogurt drink,beverage|veg|Street Food,0.141
I01820,R0182,Pav Bhaji,main,veg,168,Mashed vegetable curry with bread,main|veg|Street Food|popular,0.0
I01821,R0182,Chole Bhature,main,veg,182,Chickpea curry with fried bread,main|veg|Street Food|popular,0.0
I01822,R0182,Extra Pav,side,veg,21,Extra bread,side|veg|Street Food,0.194
I01823,R0182,Papad,side,veg,28,Crispy papad,side|veg|Street Food,0.336
I01824,R0182,Jalebi,dessert,veg,70,Sweet fried spirals,dessert|veg|Street Food,0.31
I01825,R0182,Rabri,dessert,veg,112,Thickened sweet milk,dessert|veg|Street Food,0.137
I01826,R0182,Masala Chai,beverage,veg,42,Spiced tea,beverage|veg|Street Food,0.187
I01827,R0182,Lassi,beverage,veg,84,Yogurt drink,beverage|veg|Street Food,0.182
I01828,R0183,Smoothie,main,veg,142,Fruit smoothie,main|veg|Beverages|popular,0.0
I01829,R0183,Mojito,main,veg,104,Refreshing mint drink,main|veg|Beverages|popular,0.0
I01830,R0183,Cold Coffee,main,veg,123,Iced coffee,main|veg|Beverages|popular,0.0
I01831,R0183,Whipped Cream,side,veg,23,Extra whipped cream,side|veg|Beverages,0.377
I01832,R0183,Extra Shot,side,veg,28,Extra coffee shot,side|veg|Beverages,0.245
I01833,R0183,Muffin,dessert,veg,57,Fresh muffin,dessert|veg|Beverages,0.133
I01834,R0183,Cookie,dessert,veg,47,Fresh baked cookie,dessert|veg|Beverages,0.385
I01835,R0183,Water Bottle,beverage,veg,19,Mineral water,beverage|veg|Beverages,0.102
I01836,R0183,Soft Drink,beverage,veg,47,Refreshing beverage,beverage|veg|Beverages,0.195
I01837,R0184,Chicken Wrap,main,non-veg,171,Chicken stuffed wrap,main|non-veg|Fast Food|popular,0.0
I01838,R0184,Sandwich,main,veg,95,Grilled sandwich,main|veg|Fast Food|popular,0.0
I01839,R0184,Veg Wrap,main,veg,123,Vegetable stuffed wrap,main|veg|Fast Food|popular,0.0
I01840,R0184,Frankie,main,veg,114,Stuffed roll,main|veg|Fast Food|popular,0.0
I01841,R0184,Onion Rings,side,veg,85,Crispy onion rings,side|veg|Fast Food,0.211
I01842,R0184,Fries,side,veg,76,Crispy fries,side|veg|Fast Food,0.296
I01843,R0184,Brownie,dessert,veg,95,Chocolate brownie,dessert|veg|Fast Food,0.326
I01844,R0184,Ice Cream,dessert,veg,57,Vanilla ice cream,dessert|veg|Fast Food,0.22
I01845,R0184,Cold Coffee,beverage,veg,114,Iced coffee,beverage|veg|Fast Food,0.316
I01846,R0184,Soft Drink,beverage,veg,47,Refreshing beverage,beverage|veg|Fast Food,0.215
I01847,R0185,Waffle,main,veg,225,Belgian waffle with toppings,main|veg|Desserts|popular,0.0
I01848,R0185,Pancake,main,veg,200,Fluffy pancakes,main|veg|Desserts|popular,0.0
I01849,R0185,Ice Cream Sundae,main,veg,187,Loaded ice cream sundae,main|veg|Desserts|popular,0.0
I01850,R0185,Extra Toppings,side,veg,50,Additional toppings,side|veg|Desserts,0.138
I01851,R0185,Syrup Shot,side,veg,37,Extra syrup,side|veg|Desserts,0.25
I01852,R0185,Cheesecake,dessert,veg,225,Creamy cheesecake,dessert|veg|Desserts,0.276
I01853,R0185,Chocolate Cake,dessert,veg,150,Rich chocolate cake,dessert|veg|Desserts,0.193
I01854,R0185,Milkshake,beverage,veg,162,Thick milkshake,beverage|veg|Desserts,0.121
I01855,R0185,Hot Chocolate,beverage,veg,125,Rich hot chocolate,beverage|veg|Desserts,0.209
I01856,R0186,Vada,main,veg,77,Crispy fried lentil donuts,main|veg|South Indian|popular,0.0
I01857,R0186,Chicken Chettinad,main,non-veg,308,Spicy Chettinad chicken,main|non-veg|South Indian|popular,0.0
I01858,R0186,Idli Sambar,main,veg,88,Steamed rice cakes with lentil curry,main|veg|South Indian|popular,0.0
I01859,R0186,Masala Dosa,main,veg,132,Crispy crepe with potato filling,main|veg|South Indian|popular,0.0
I01860,R0186,Sambar,side,veg,44,Lentil and vegetable curry,side|veg|South Indian,0.24
I01861,R0186,Tomato Chutney,side,veg,33,Tangy tomato chutney,side|veg|South Indian,0.19
I01862,R0186,Coconut Chutney,side,veg,33,Fresh coconut chutney,side|veg|South Indian,0.183
I01863,R0186,Payasam,dessert,veg,66,Sweet milk pudding,dessert|veg|South Indian,0.229
I01864,R0186,Kesari,dessert,veg,55,Semolina sweet,dessert|veg|South Indian,0.306
I01865,R0186,Buttermilk,beverage,veg,38,Spiced yogurt drink,beverage|veg|South Indian,0.224
I01866,R0186,Filter Coffee,beverage,veg,44,South Indian filter coffee,beverage|veg|South Indian,0.282
I01867,R0187,Pancake,main,veg,224,Fluffy pancakes,main|veg|Desserts|popular,0.0
I01868,R0187,Waffle,main,veg,251,Belgian waffle with toppings,main|veg|Desserts|popular,0.0
I01869,R0187,Extra Toppings,side,veg,56,Additional toppings,side|veg|Desserts,0.336
I01870,R0187,Syrup Shot,side,veg,42,Extra syrup,side|veg|Desserts,0.183
I01871,R0187,Chocolate Cake,dessert,veg,168,Rich chocolate cake,dessert|veg|Desserts,0.34
I01872,R0187,Cheesecake,dessert,veg,251,Creamy cheesecake,dessert|veg|Desserts,0.142
I01873,R0187,Milkshake,beverage,veg,182,Thick milkshake,beverage|veg|Desserts,0.161
I01874,R0187,Hot Chocolate,beverage,veg,140,Rich hot chocolate,beverage|veg|Desserts,0.111
I01875,R0188,Chicken Wrap,main,non-veg,198,Chicken stuffed wrap,main|non-veg|Italian|popular,0.0
I01876,R0188,Veg Wrap,main,veg,143,Vegetable stuffed wrap,main|veg|Italian|popular,0.0
I01877,R0188,Frankie,main,veg,132,Stuffed roll,main|veg|Italian|popular,0.0
I01878,R0188,Sandwich,main,veg,110,Grilled sandwich,main|veg|Italian|popular,0.0
I01879,R0188,Fries,side,veg,88,Crispy fries,side|veg|Italian,0.127
I01880,R0188,Onion Rings,side,veg,99,Crispy onion rings,side|veg|Italian,0.309
I01881,R0188,Ice Cream,dessert,veg,66,Vanilla ice cream,dessert|veg|Italian,0.346
I01882,R0188,Brownie,dessert,veg,110,Chocolate brownie,dessert|veg|Italian,0.369
I01883,R0188,Soft Drink,beverage,veg,55,Refreshing beverage,beverage|veg|Italian,0.34
I01884,R0188,Cold Coffee,beverage,veg,132,Iced coffee,beverage|veg|Italian,0.252
I01885,R0189,Masala Dosa,main,veg,168,Crispy crepe with potato filling,main|veg|South Indian|popular,0.0
I01886,R0189,Idli Sambar,main,veg,112,Steamed rice cakes with lentil curry,main|veg|South Indian|popular,0.0
I01887,R0189,Tomato Chutney,side,veg,42,Tangy tomato chutney,side|veg|South Indian,0.251
I01888,R0189,Sambar,side,veg,56,Lentil and vegetable curry,side|veg|South Indian,0.197
I01889,R0189,Kesari,dessert,veg,70,Semolina sweet,dessert|veg|South Indian,0.211
I01890,R0189,Payasam,dessert,veg,84,Sweet milk pudding,dessert|veg|South Indian,0.309
I01891,R0189,Buttermilk,beverage,veg,49,Spiced yogurt drink,beverage|veg|South Indian,0.271
I01892,R0189,Filter Coffee,beverage,veg,56,South Indian filter coffee,beverage|veg|South Indian,0.131
I01893,R0190,Ice Cream Sundae,main,veg,142,Loaded ice cream sundae,main|veg|Desserts|popular,0.0
I01894,R0190,Waffle,main,veg,171,Belgian waffle with toppings,main|veg|Desserts|popular,0.0
I01895,R0190,Pancake,main,veg,152,Fluffy pancakes,main|veg|Desserts|popular,0.0
I01896,R0190,Syrup Shot,side,veg,28,Extra syrup,side|veg|Desserts,0.381
I01897,R0190,Extra Toppings,side,veg,38,Additional toppings,side|veg|Desserts,0.204
I01898,R0190,Chocolate Cake,dessert,veg,114,Rich chocolate cake,dessert|veg|Desserts,0.122
I01899,R0190,Cheesecake,dessert,veg,171,Creamy cheesecake,dessert|veg|Desserts,0.236
I01900,R0190,Hot Chocolate,beverage,veg,95,Rich hot chocolate,beverage|veg|Desserts,0.314
I01901,R0190,Milkshake,beverage,veg,123,Thick milkshake,beverage|veg|Desserts,0.127
I01902,R0191,Chicken Wrap,main,non-veg,171,Chicken stuffed wrap,main|non-veg|Italian|popular,0.0
I01903,R0191,Frankie,main,veg,114,Stuffed roll,main|veg|Italian|popular,0.0
I01904,R0191,Sandwich,main,veg,95,Grilled sandwich,main|veg|Italian|popular,0.0
I01905,R0191,Veg Wrap,main,veg,123,Vegetable stuffed wrap,main|veg|Italian|popular,0.0
I01906,R0191,Onion Rings,side,veg,85,Crispy onion rings,side|veg|Italian,0.392
I01907,R0191,Fries,side,veg,76,Crispy fries,side|veg|Italian,0.174
I01908,R0191,Ice Cream,dessert,veg,57,Vanilla ice cream,dessert|veg|Italian,0.313
I01909,R0191,Brownie,dessert,veg,95,Chocolate brownie,dessert|veg|Italian,0.323
I01910,R0191,Cold Coffee,beverage,veg,114,Iced coffee,beverage|veg|Italian,0.12
I01911,R0191,Soft Drink,beverage,veg,47,Refreshing beverage,beverage|veg|Italian,0.296
I01912,R0192,Cold Coffee,main,veg,162,Iced coffee,main|veg|Beverages|popular,0.0
I01913,R0192,Mojito,main,veg,137,Refreshing mint drink,main|veg|Beverages|popular,0.0
I01914,R0192,Smoothie,main,veg,187,Fruit smoothie,main|veg|Beverages|popular,0.0
I01915,R0192,Extra Shot,side,veg,37,Extra coffee shot,side|veg|Beverages,0.28
I01916,R0192,Whipped Cream,side,veg,31,Extra whipped cream,side|veg|Beverages,0.325
I01917,R0192,Cookie,dessert,veg,62,Fresh baked cookie,dessert|veg|Beverages,0.139
I01918,R0192,Muffin,dessert,veg,75,Fresh muffin,dessert|veg|Beverages,0.358
I01919,R0192,Water Bottle,beverage,veg,25,Mineral water,beverage|veg|Beverages,0.226
I01920,R0192,Soft Drink,beverage,veg,62,Refreshing beverage,beverage|veg|Beverages,0.385
I01921,R0193,Hakka Noodles,main,veg,161,Stir-fried noodles,main|veg|Chinese|popular,0.0
I01922,R0193,Chilli Chicken,main,non-veg,247,Spicy chicken preparation,main|non-veg|Chinese|popular,0.0
I01923,R0193,Manchurian,main,veg,190,Vegetable balls in gravy,main|veg|Chinese|popular,0.0
I01924,R0193,Fried Rice,main,veg,171,Stir-fried rice with vegetables,main|veg|Chinese|popular,0.0
I01925,R0193,Momos,side,veg,114,Steamed dumplings,side|veg|Chinese,0.246
I01926,R0193,Chilli Potato,side,veg,104,Spicy potato fingers,side|veg|Chinese,0.277
I01927,R0193,Spring Roll,side,veg,85,Crispy vegetable rolls,side|veg|Chinese,0.157
I01928,R0193,Date Pancake,dessert,veg,95,Sweet pancake with dates,dessert|veg|Chinese,0.127
I01929,R0193,Honey Noodles,dessert,veg,76,Crispy noodles with honey,dessert|veg|Chinese,0.363
I01930,R0193,Soft Drink,beverage,veg,47,Refreshing beverage,beverage|veg|Chinese,0.344
I01931,R0193,Green Tea,beverage,veg,38,Hot green tea,beverage|veg|Chinese,0.282
I01932,R0194,Pani Puri,main,veg,84,Crispy puris with flavored water,main|veg|Street Food|popular,0.0
I01933,R0194,Chole Bhature,main,veg,182,Chickpea curry with fried bread,main|veg|Street Food|popular,0.0
I01934,R0194,Papad,side,veg,28,Crispy papad,side|veg|Street Food,0.351
I01935,R0194,Extra Pav,side,veg,21,Extra bread,side|veg|Street Food,0.156
I01936,R0194,Rabri,dessert,veg,112,Thickened sweet milk,dessert|veg|Street Food,0.13
I01937,R0194,Jalebi,dessert,veg,70,Sweet fried spirals,dessert|veg|Street Food,0.139
I01938,R0194,Lassi,beverage,veg,84,Yogurt drink,beverage|veg|Street Food,0.272
I01939,R0194,Masala Chai,beverage,veg,42,Spiced tea,beverage|veg|Street Food,0.29
I01940,R0195,Sandwich,main,veg,140,Grilled sandwich,main|veg|Italian|popular,0.0
I01941,R0195,Frankie,main,veg,168,Stuffed roll,main|veg|Italian|popular,0.0
I01942,R0195,Onion Rings,side,veg,125,Crispy onion rings,side|veg|Italian,0.348
I01943,R0195,Fries,side,veg,112,Crispy fries,side|veg|Italian,0.345
I01944,R0195,Brownie,dessert,veg,140,Chocolate brownie,dessert|veg|Italian,0.307
I01945,R0195,Ice Cream,dessert,veg,84,Vanilla ice cream,dessert|veg|Italian,0.145
I01946,R0195,Soft Drink,beverage,veg,70,Refreshing beverage,beverage|veg|Italian,0.201
I01947,R0195,Cold Coffee,beverage,veg,168,Iced coffee,beverage|veg|Italian,0.222
I01948,R0196,Pancake,main,veg,176,Fluffy pancakes,main|veg|Desserts|popular,0.0
I01949,R0196,Ice Cream Sundae,main,veg,165,Loaded ice cream sundae,main|veg|Desserts|popular,0.0
I01950,R0196,Waffle,main,veg,198,Belgian waffle with toppings,main|veg|Desserts|popular,0.0
I01951,R0196,Syrup Shot,side,veg,33,Extra syrup,side|veg|Desserts,0.257
I01952,R0196,Extra Toppings,side,veg,44,Additional toppings,side|veg|Desserts,0.186
I01953,R0196,Chocolate Cake,dessert,veg,132,Rich chocolate cake,dessert|veg|Desserts,0.138
I01954,R0196,Cheesecake,dessert,veg,198,Creamy cheesecake,dessert|veg|Desserts,0.172
I01955,R0196,Hot Chocolate,beverage,veg,110,Rich hot chocolate,beverage|veg|Desserts,0.104
I01956,R0196,Milkshake,beverage,veg,143,Thick milkshake,beverage|veg|Desserts,0.116
I01957,R0197,Veg Steak,main,veg,308,Grilled vegetable steak,main|veg|Continental|popular,0.0
I01958,R0197,Pasta Arrabbiata,main,veg,264,Spicy tomato pasta,main|veg|Continental|popular,0.0
I01959,R0197,Fish and Chips,main,non-veg,385,Classic fish and chips,main|non-veg|Continental|popular,0.0
I01960,R0197,Grilled Chicken,main,non-veg,352,Herb grilled chicken,main|non-veg|Continental|popular,0.0
I01961,R0197,Mashed Potatoes,side,veg,110,Creamy mashed potatoes,side|veg|Continental,0.118
I01962,R0197,Garlic Bread,side,veg,99,Garlic bread,side|veg|Continental,0.365
I01963,R0197,Caesar Salad,side,veg,154,Classic Caesar salad,side|veg|Continental,0.259
I01964,R0197,Tiramisu,dessert,veg,198,Classic Italian dessert,dessert|veg|Continental,0.115
I01965,R0197,Panna Cotta,dessert,veg,176,Italian custard,dessert|veg|Continental,0.184
I01966,R0197,Iced Tea,beverage,veg,88,Refreshing iced tea,beverage|veg|Continental,0.321
I01967,R0197,Lemonade,beverage,veg,77,Fresh lemonade,beverage|veg|Continental,0.174
I01968,R0198,Idli Sambar,main,veg,100,Steamed rice cakes with lentil curry,main|veg|South Indian|popular,0.0
I01969,R0198,Vada,main,veg,87,Crispy fried lentil donuts,main|veg|South Indian|popular,0.0
I01970,R0198,Masala Dosa,main,veg,150,Crispy crepe with potato filling,main|veg|South Indian|popular,0.0
I01971,R0198,Sambar,side,veg,50,Lentil and vegetable curry,side|veg|South Indian,0.142
I01972,R0198,Tomato Chutney,side,veg,37,Tangy tomato chutney,side|veg|South Indian,0.181
I01973,R0198,Coconut Chutney,side,veg,37,Fresh coconut chutney,side|veg|South Indian,0.191
I01974,R0198,Payasam,dessert,veg,75,Sweet milk pudding,dessert|veg|South Indian,0.107
I01975,R0198,Kesari,dessert,veg,62,Semolina sweet,dessert|veg|South Indian,0.286
I01976,R0198,Buttermilk,beverage,veg,43,Spiced yogurt drink,beverage|veg|South Indian,0.129
I01977,R0198,Filter Coffee,beverage,veg,50,South Indian filter coffee,beverage|veg|South Indian,0.267
I01978,R0199,Ice Cream Sundae,main,veg,187,Loaded ice cream sundae,main|veg|Desserts|popular,0.0
I01979,R0199,Waffle,main,veg,225,Belgian waffle with toppings,main|veg|Desserts|popular,0.0
I01980,R0199,Pancake,main,veg,200,Fluffy pancakes,main|veg|Desserts|popular,0.0
I01981,R0199,Extra Toppings,side,veg,50,Additional toppings,side|veg|Desserts,0.242
I01982,R0199,Syrup Shot,side,veg,37,Extra syrup,side|veg|Desserts,0.293
I01983,R0199,Cheesecake,dessert,veg,225,Creamy cheesecake,dessert|veg|Desserts,0.206
I01984,R0199,Chocolate Cake,dessert,veg,150,Rich chocolate cake,dessert|veg|Desserts,0.177
I01985,R0199,Milkshake,beverage,veg,162,Thick milkshake,beverage|veg|Desserts,0.231
I01986,R0199,Hot Chocolate,beverage,veg,125,Rich hot chocolate,beverage|veg|Desserts,0.233
I01987,R0200,Veg Steak,main,veg,308,Grilled vegetable steak,main|veg|Continental|popular,0.0
I01988,R0200,Grilled Chicken,main,non-veg,352,Herb grilled chicken,main|non-veg|Continental|popular,0.0
I01989,R0200,Pasta Arrabbiata,main,veg,264,Spicy tomato pasta,main|veg|Continental|popular,0.0
I01990,R0200,Fish and Chips,main,non-veg,385,Classic fish and chips,main|non-veg|Continental|popular,0.0
I01991,R0200,Garlic Bread,side,veg,99,Garlic bread,side|veg|Continental,0.24
I01992,R0200,Mashed Potatoes,side,veg,110,Creamy mashed potatoes,side|veg|Continental,0.129
I01993,R0200,Caesar Salad,side,veg,154,Classic Caesar salad,side|veg|Continental,0.373
I01994,R0200,Panna Cotta,dessert,veg,176,Italian custard,dessert|veg|Continental,0.132
I01995,R0200,Tiramisu,dessert,veg,198,Classic Italian dessert,dessert|veg|Continental,0.367
I01996,R0200,Iced Tea,beverage,veg,88,Refreshing iced tea,beverage|veg|Continental,0.34
I01997,R0200,Lemonade,beverage,veg,77,Fresh lemonade,beverage|veg|Continental,0.273
I01998,R0201,Mutton Biryani,main,non-veg,385,Aromatic rice with succulent mutton,main|non-veg|Biryani|popular,0.0
I01999,R0201,Veg Biryani,main,veg,220,Flavorful rice with mixed vegetables,main|veg|Biryani|popular,0.0
I02000,R0201,Egg Biryani,main,non-veg,242,Rice with boiled eggs and spices,main|non-veg|Biryani|popular,0.0
I02001,R0201,Chicken Biryani,main,non-veg,308,Fragrant basmati rice with tender chicken pieces,main|non-veg|Biryani|popular,0.0
I02002,R0201,Salan,side,veg,66,Spicy curry accompaniment,side|veg|Biryani,0.389
I02003,R0201,Raita,side,veg,44,Cooling yogurt with cucumber and spices,side|veg|Biryani,0.204
I02004,R0201,Double Ka Meetha,side,veg,88,Sweet bread pudding,side|veg|Biryani,0.38
I02005,R0201,Gulab Jamun,dessert,veg,66,Soft milk dumplings in sugar syrup,dessert|veg|Biryani,0.365
I02006,R0201,Khubani Ka Meetha,dessert,veg,99,Apricot dessert,dessert|veg|Biryani,0.349
I02007,R0201,Soft Drink,beverage,veg,55,Refreshing carbonated beverage,beverage|veg|Biryani,0.271
I02008,R0201,Lassi,beverage,veg,77,Thick yogurt drink,beverage|veg|Biryani,0.231
I02009,R0202,Samosa,main,veg,28,Crispy pastry with filling,main|veg|Street Food|popular,0.0
I02010,R0202,Chole Bhature,main,veg,123,Chickpea curry with fried bread,main|veg|Street Food|popular,0.0
I02011,R0202,Pav Bhaji,main,veg,114,Mashed vegetable curry with bread,main|veg|Street Food|popular,0.0
I02012,R0202,Pani Puri,main,veg,57,Crispy puris with flavored water,main|veg|Street Food|popular,0.0
I02013,R0202,Papad,side,veg,19,Crispy papad,side|veg|Street Food,0.242
I02014,R0202,Extra Pav,side,veg,14,Extra bread,side|veg|Street Food,0.165
I02015,R0202,Jalebi,dessert,veg,47,Sweet fried spirals,dessert|veg|Street Food,0.281
I02016,R0202,Rabri,dessert,veg,76,Thickened sweet milk,dessert|veg|Street Food,0.281
I02017,R0202,Masala Chai,beverage,veg,28,Spiced tea,beverage|veg|Street Food,0.235
I02018,R0202,Lassi,beverage,veg,57,Yogurt drink,beverage|veg|Street Food,0.134
I02019,R0203,Chicken Biryani,main,non-veg,308,Fragrant basmati rice with tender chicken pieces,main|non-veg|Biryani|popular,0.0
I02020,R0203,Egg Biryani,main,non-veg,242,Rice with boiled eggs and spices,main|non-veg|Biryani|popular,0.0
I02021,R0203,Mutton Biryani,main,non-veg,385,Aromatic rice with succulent mutton,main|non-veg|Biryani|popular,0.0
I02022,R0203,Veg Biryani,main,veg,220,Flavorful rice with mixed vegetables,main|veg|Biryani|popular,0.0
I02023,R0203,Double Ka Meetha,side,veg,88,Sweet bread pudding,side|veg|Biryani,0.195
I02024,R0203,Raita,side,veg,44,Cooling yogurt with cucumber and spices,side|veg|Biryani,0.3
I02025,R0203,Salan,side,veg,66,Spicy curry accompaniment,side|veg|Biryani,0.126
I02026,R0203,Khubani Ka Meetha,dessert,veg,99,Apricot dessert,dessert|veg|Biryani,0.125
I02027,R0203,Gulab Jamun,dessert,veg,66,Soft milk dumplings in sugar syrup,dessert|veg|Biryani,0.322
I02028,R0203,Lassi,beverage,veg,77,Thick yogurt drink,beverage|veg|Biryani,0.395
I02029,R0203,Soft Drink,beverage,veg,55,Refreshing carbonated beverage,beverage|veg|Biryani,0.11
I02030,R0204,Smoothie,main,veg,210,Fruit smoothie,main|veg|Beverages|popular,0.0
I02031,R0204,Mojito,main,veg,154,Refreshing mint drink,main|veg|Beverages|popular,0.0
I02032,R0204,Whipped Cream,side,veg,35,Extra whipped cream,side|veg|Beverages,0.114
I02033,R0204,Extra Shot,side,veg,42,Extra coffee shot,side|veg|Beverages,0.315
I02034,R0204,Muffin,dessert,veg,84,Fresh muffin,dessert|veg|Beverages,0.218
I02035,R0204,Cookie,dessert,veg,70,Fresh baked cookie,dessert|veg|Beverages,0.363
I02036,R0204,Water Bottle,beverage,veg,28,Mineral water,beverage|veg|Beverages,0.187
I02037,R0204,Soft Drink,beverage,veg,70,Refreshing beverage,beverage|veg|Beverages,0.163
I02038,R0205,Idli Sambar,main,veg,88,Steamed rice cakes with lentil curry,main|veg|South Indian|popular,0.0
I02039,R0205,Vada,main,veg,77,Crispy fried lentil donuts,main|veg|South Indian|popular,0.0
I02040,R0205,Chicken Chettinad,main,non-veg,308,Spicy Chettinad chicken,main|non-veg|South Indian|popular,0.0
I02041,R0205,Masala Dosa,main,veg,132,Crispy crepe with potato filling,main|veg|South Indian|popular,0.0
I02042,R0205,Tomato Chutney,side,veg,33,Tangy tomato chutney,side|veg|South Indian,0.307
I02043,R0205,Coconut Chutney,side,veg,33,Fresh coconut chutney,side|veg|South Indian,0.394
I02044,R0205,Sambar,side,veg,44,Lentil and vegetable curry,side|veg|South Indian,0.312
I02045,R0205,Payasam,dessert,veg,66,Sweet milk pudding,dessert|veg|South Indian,0.289
I02046,R0205,Kesari,dessert,veg,55,Semolina sweet,dessert|veg|South Indian,0.15
I02047,R0205,Buttermilk,beverage,veg,38,Spiced yogurt drink,beverage|veg|South Indian,0.315
I02048,R0205,Filter Coffee,beverage,veg,44,South Indian filter coffee,beverage|veg|South Indian,0.172
I02049,R0206,Mutton Biryani,main,non-veg,332,Aromatic rice with succulent mutton,main|non-veg|Biryani|popular,0.0
I02050,R0206,Egg Biryani,main,non-veg,209,Rice with boiled eggs and spices,main|non-veg|Biryani|popular,0.0
I02051,R0206,Chicken Biryani,main,non-veg,266,Fragrant basmati rice with tender chicken pieces,main|non-veg|Biryani|popular,0.0
I02052,R0206,Veg Biryani,main,veg,190,Flavorful rice with mixed vegetables,main|veg|Biryani|popular,0.0
I02053,R0206,Double Ka Meetha,side,veg,76,Sweet bread pudding,side|veg|Biryani,0.132
I02054,R0206,Salan,side,veg,57,Spicy curry accompaniment,side|veg|Biryani,0.28
I02055,R0206,Raita,side,veg,38,Cooling yogurt with cucumber and spices,side|veg|Biryani,0.165
I02056,R0206,Khubani Ka Meetha,dessert,veg,85,Apricot dessert,dessert|veg|Biryani,0.112
I02057,R0206,Gulab Jamun,dessert,veg,57,Soft milk dumplings in sugar syrup,dessert|veg|Biryani,0.113
I02058,R0206,Soft Drink,beverage,veg,47,Refreshing carbonated beverage,beverage|veg|Biryani,0.3
I02059,R0206,Lassi,beverage,veg,66,Thick yogurt drink,beverage|veg|Biryani,0.164
I02060,R0207,Pav Bhaji,main,veg,150,Mashed vegetable curry with bread,main|veg|Street Food|popular,0.0
I02061,R0207,Samosa,main,veg,37,Crispy pastry with filling,main|veg|Street Food|popular,0.0
I02062,R0207,Chole Bhature,main,veg,162,Chickpea curry with fried bread,main|veg|Street Food|popular,0.0
I02063,R0207,Papad,side,veg,25,Crispy papad,side|veg|Street Food,0.365
I02064,R0207,Extra Pav,side,veg,18,Extra bread,side|veg|Street Food,0.185
I02065,R0207,Rabri,dessert,veg,100,Thickened sweet milk,dessert|veg|Street Food,0.136
I02066,R0207,Jalebi,dessert,veg,62,Sweet fried spirals,dessert|veg|Street Food,0.15
I02067,R0207,Lassi,beverage,veg,75,Yogurt drink,beverage|veg|Street Food,0.296
I02068,R0207,Masala Chai,beverage,veg,37,Spiced tea,beverage|veg|Street Food,0.172
I02069,R0208,Manchurian,main,veg,220,Vegetable balls in gravy,main|veg|Chinese|popular,0.0
I02070,R0208,Hakka Noodles,main,veg,187,Stir-fried noodles,main|veg|Chinese|popular,0.0
I02071,R0208,Fried Rice,main,veg,198,Stir-fried rice with vegetables,main|veg|Chinese|popular,0.0
I02072,R0208,Chilli Chicken,main,non-veg,286,Spicy chicken preparation,main|non-veg|Chinese|popular,0.0
I02073,R0208,Spring Roll,side,veg,99,Crispy vegetable rolls,side|veg|Chinese,0.206
I02074,R0208,Momos,side,veg,132,Steamed dumplings,side|veg|Chinese,0.337
I02075,R0208,Chilli Potato,side,veg,121,Spicy potato fingers,side|veg|Chinese,0.328
I02076,R0208,Date Pancake,dessert,veg,110,Sweet pancake with dates,dessert|veg|Chinese,0.381
I02077,R0208,Honey Noodles,dessert,veg,88,Crispy noodles with honey,dessert|veg|Chinese,0.331
I02078,R0208,Green Tea,beverage,veg,44,Hot green tea,beverage|veg|Chinese,0.325
I02079,R0208,Soft Drink,beverage,veg,55,Refreshing beverage,beverage|veg|Chinese,0.32
I02080,R0209,Sandwich,main,veg,110,Grilled sandwich,main|veg|Italian|popular,0.0
I02081,R0209,Veg Wrap,main,veg,143,Vegetable stuffed wrap,main|veg|Italian|popular,0.0
I02082,R0209,Chicken Wrap,main,non-veg,198,Chicken stuffed wrap,main|non-veg|Italian|popular,0.0
I02083,R0209,Frankie,main,veg,132,Stuffed roll,main|veg|Italian|popular,0.0
I02084,R0209,Onion Rings,side,veg,99,Crispy onion rings,side|veg|Italian,0.194
I02085,R0209,Fries,side,veg,88,Crispy fries,side|veg|Italian,0.396
I02086,R0209,Ice Cream,dessert,veg,66,Vanilla ice cream,dessert|veg|Italian,0.132
I02087,R0209,Brownie,dessert,veg,110,Chocolate brownie,dessert|veg|Italian,0.319
I02088,R0209,Cold Coffee,beverage,veg,132,Iced coffee,beverage|veg|Italian,0.271
I02089,R0209,Soft Drink,beverage,veg,55,Refreshing beverage,beverage|veg|Italian,0.216
I02090,R0210,Pancake,main,veg,176,Fluffy pancakes,main|veg|Desserts|popular,0.0
I02091,R0210,Waffle,main,veg,198,Belgian waffle with toppings,main|veg|Desserts|popular,0.0
I02092,R0210,Ice Cream Sundae,main,veg,165,Loaded ice cream sundae,main|veg|Desserts|popular,0.0
I02093,R0210,Syrup Shot,side,veg,33,Extra syrup,side|veg|Desserts,0.104
I02094,R0210,Extra Toppings,side,veg,44,Additional toppings,side|veg|Desserts,0.336
I02095,R0210,Chocolate Cake,dessert,veg,132,Rich chocolate cake,dessert|veg|Desserts,0.234
I02096,R0210,Cheesecake,dessert,veg,198,Creamy cheesecake,dessert|veg|Desserts,0.194
I02097,R0210,Hot Chocolate,beverage,veg,110,Rich hot chocolate,beverage|veg|Desserts,0.321
I02098,R0210,Milkshake,beverage,veg,143,Thick milkshake,beverage|veg|Desserts,0.255
I02099,R0211,Chicken Wrap,main,non-veg,225,Chicken stuffed wrap,main|non-veg|Fast Food|popular,0.0
I02100,R0211,Veg Wrap,main,veg,162,Vegetable stuffed wrap,main|veg|Fast Food|popular,0.0
I02101,R0211,Sandwich,main,veg,125,Grilled sandwich,main|veg|Fast Food|popular,0.0
I02102,R0211,Fries,side,veg,100,Crispy fries,side|veg|Fast Food,0.391
I02103,R0211,Onion Rings,side,veg,112,Crispy onion rings,side|veg|Fast Food,0.138
I02104,R0211,Ice Cream,dessert,veg,75,Vanilla ice cream,dessert|veg|Fast Food,0.202
I02105,R0211,Brownie,dessert,veg,125,Chocolate brownie,dessert|veg|Fast Food,0.244
I02106,R0211,Cold Coffee,beverage,veg,150,Iced coffee,beverage|veg|Fast Food,0.236
I02107,R0211,Soft Drink,beverage,veg,62,Refreshing beverage,beverage|veg|Fast Food,0.139
I02108,R0212,Rogan Josh,main,non-veg,361,Kashmiri lamb curry,main|non-veg|North Indian|popular,0.0
I02109,R0212,Paneer Tikka,main,veg,266,Grilled cottage cheese,main|veg|North Indian|popular,0.0
I02110,R0212,Dal Makhani,main,veg,209,Creamy black lentils,main|veg|North Indian|popular,0.0
I02111,R0212,Butter Chicken,main,non-veg,304,Creamy tomato-based chicken curry,main|non-veg|North Indian|popular,0.0
I02112,R0212,Jeera Rice,side,veg,114,Cumin flavored rice,side|veg|North Indian,0.381
I02113,R0212,Butter Naan,side,veg,47,Buttery flatbread,side|veg|North Indian,0.192
I02114,R0212,Garlic Naan,side,veg,57,Garlic flavored naan,side|veg|North Indian,0.117
I02115,R0212,Tandoori Roti,side,veg,23,Whole wheat flatbread,side|veg|North Indian,0.286
I02116,R0212,Rasmalai,dessert,veg,76,Soft cheese patties in milk,dessert|veg|North Indian,0.264
I02117,R0212,Gulab Jamun,dessert,veg,57,Sweet milk dumplings,dessert|veg|North Indian,0.166
I02118,R0212,Buttermilk,beverage,veg,38,Spiced yogurt drink,beverage|veg|North Indian,0.154
I02119,R0212,Lassi,beverage,veg,66,Sweet yogurt drink,beverage|veg|North Indian,0.268
I02120,R0213,Veg Wrap,main,veg,143,Vegetable stuffed wrap,main|veg|Fast Food|popular,0.0
I02121,R0213,Frankie,main,veg,132,Stuffed roll,main|veg|Fast Food|popular,0.0
I02122,R0213,Sandwich,main,veg,110,Grilled sandwich,main|veg|Fast Food|popular,0.0
I02123,R0213,Chicken Wrap,main,non-veg,198,Chicken stuffed wrap,main|non-veg|Fast Food|popular,0.0
I02124,R0213,Fries,side,veg,88,Crispy fries,side|veg|Fast Food,0.368
I02125,R0213,Onion Rings,side,veg,99,Crispy onion rings,side|veg|Fast Food,0.301
I02126,R0213,Ice Cream,dessert,veg,66,Vanilla ice cream,dessert|veg|Fast Food,0.282
I02127,R0213,Brownie,dessert,veg,110,Chocolate brownie,dessert|veg|Fast Food,0.211
I02128,R0213,Soft Drink,beverage,veg,55,Refreshing beverage,beverage|veg|Fast Food,0.27
I02129,R0213,Cold Coffee,beverage,veg,132,Iced coffee,beverage|veg|Fast Food,0.369
I02130,R0214,Sandwich,main,veg,125,Grilled sandwich,main|veg|Italian|popular,0.0
I02131,R0214,Veg Wrap,main,veg,162,Vegetable stuffed wrap,main|veg|Italian|popular,0.0
I02132,R0214,Chicken Wrap,main,non-veg,225,Chicken stuffed wrap,main|non-veg|Italian|popular,0.0
I02133,R0214,Onion Rings,side,veg,112,Crispy onion rings,side|veg|Italian,0.159
I02134,R0214,Fries,side,veg,100,Crispy fries,side|veg|Italian,0.116
I02135,R0214,Brownie,dessert,veg,125,Chocolate brownie,dessert|veg|Italian,0.298
I02136,R0214,Ice Cream,dessert,veg,75,Vanilla ice cream,dessert|veg|Italian,0.297
I02137,R0214,Cold Coffee,beverage,veg,150,Iced coffee,beverage|veg|Italian,0.237
I02138,R0214,Soft Drink,beverage,veg,62,Refreshing beverage,beverage|veg|Italian,0.287
I02139,R0215,Chicken Biryani,main,non-veg,266,Fragrant basmati rice with tender chicken pieces,main|non-veg|Biryani|popular,0.0
I02140,R0215,Mutton Biryani,main,non-veg,332,Aromatic rice with succulent mutton,main|non-veg|Biryani|popular,0.0
I02141,R0215,Egg Biryani,main,non-veg,209,Rice with boiled eggs and spices,main|non-veg|Biryani|popular,0.0
I02142,R0215,Veg Biryani,main,veg,190,Flavorful rice with mixed vegetables,main|veg|Biryani|popular,0.0
I02143,R0215,Salan,side,veg,57,Spicy curry accompaniment,side|veg|Biryani,0.394
I02144,R0215,Double Ka Meetha,side,veg,76,Sweet bread pudding,side|veg|Biryani,0.213
I02145,R0215,Raita,side,veg,38,Cooling yogurt with cucumber and spices,side|veg|Biryani,0.193
I02146,R0215,Gulab Jamun,dessert,veg,57,Soft milk dumplings in sugar syrup,dessert|veg|Biryani,0.379
I02147,R0215,Khubani Ka Meetha,dessert,veg,85,Apricot dessert,dessert|veg|Biryani,0.346
I02148,R0215,Lassi,beverage,veg,66,Thick yogurt drink,beverage|veg|Biryani,0.255
I02149,R0215,Soft Drink,beverage,veg,47,Refreshing carbonated beverage,beverage|veg|Biryani,0.252
I02150,R0216,Chole Bhature,main,veg,143,Chickpea curry with fried bread,main|veg|Street Food|popular,0.0
I02151,R0216,Samosa,main,veg,33,Crispy pastry with filling,main|veg|Street Food|popular,0.0
I02152,R0216,Pani Puri,main,veg,66,Crispy puris with flavored water,main|veg|Street Food|popular,0.0
I02153,R0216,Pav Bhaji,main,veg,132,Mashed vegetable curry with bread,main|veg|Street Food|popular,0.0
I02154,R0216,Papad,side,veg,22,Crispy papad,side|veg|Street Food,0.2
I02155,R0216,Extra Pav,side,veg,16,Extra bread,side|veg|Street Food,0.29
I02156,R0216,Jalebi,dessert,veg,55,Sweet fried spirals,dessert|veg|Street Food,0.338
I02157,R0216,Rabri,dessert,veg,88,Thickened sweet milk,dessert|veg|Street Food,0.213
I02158,R0216,Masala Chai,beverage,veg,33,Spiced tea,beverage|veg|Street Food,0.342
I02159,R0216,Lassi,beverage,veg,66,Yogurt drink,beverage|veg|Street Food,0.333
I02160,R0217,Dal Makhani,main,veg,275,Creamy black lentils,main|veg|North Indian|popular,0.0
I02161,R0217,Paneer Tikka,main,veg,350,Grilled cottage cheese,main|veg|North Indian|popular,0.0
I02162,R0217,Butter Chicken,main,non-veg,400,Creamy tomato-based chicken curry,main|non-veg|North Indian|popular,0.0
I02163,R0217,Tandoori Roti,side,veg,31,Whole wheat flatbread,side|veg|North Indian,0.315
I02164,R0217,Butter Naan,side,veg,62,Buttery flatbread,side|veg|North Indian,0.365
I02165,R0217,Garlic Naan,side,veg,75,Garlic flavored naan,side|veg|North Indian,0.377
I02166,R0217,Gulab Jamun,dessert,veg,75,Sweet milk dumplings,dessert|veg|North Indian,0.388
I02167,R0217,Rasmalai,dessert,veg,100,Soft cheese patties in milk,dessert|veg|North Indian,0.318
I02168,R0217,Buttermilk,beverage,veg,50,Spiced yogurt drink,beverage|veg|North Indian,0.153
I02169,R0217,Lassi,beverage,veg,87,Sweet yogurt drink,beverage|veg|North Indian,0.334
I02170,R0218,Mutton Biryani,main,non-veg,437,Aromatic rice with succulent mutton,main|non-veg|Biryani|popular,0.0
I02171,R0218,Egg Biryani,main,non-veg,275,Rice with boiled eggs and spices,main|non-veg|Biryani|popular,0.0
I02172,R0218,Veg Biryani,main,veg,250,Flavorful rice with mixed vegetables,main|veg|Biryani|popular,0.0
I02173,R0218,Salan,side,veg,75,Spicy curry accompaniment,side|veg|Biryani,0.132
I02174,R0218,Double Ka Meetha,side,veg,100,Sweet bread pudding,side|veg|Biryani,0.206
I02175,R0218,Raita,side,veg,50,Cooling yogurt with cucumber and spices,side|veg|Biryani,0.381
I02176,R0218,Khubani Ka Meetha,dessert,veg,112,Apricot dessert,dessert|veg|Biryani,0.126
I02177,R0218,Gulab Jamun,dessert,veg,75,Soft milk dumplings in sugar syrup,dessert|veg|Biryani,0.114
I02178,R0218,Lassi,beverage,veg,87,Thick yogurt drink,beverage|veg|Biryani,0.151
I02179,R0218,Soft Drink,beverage,veg,62,Refreshing carbonated beverage,beverage|veg|Biryani,0.344
I02180,R0219,Waffle,main,veg,225,Belgian waffle with toppings,main|veg|Desserts|popular,0.0
I02181,R0219,Pancake,main,veg,200,Fluffy pancakes,main|veg|Desserts|popular,0.0
I02182,R0219,Ice Cream Sundae,main,veg,187,Loaded ice cream sundae,main|veg|Desserts|popular,0.0
I02183,R0219,Syrup Shot,side,veg,37,Extra syrup,side|veg|Desserts,0.281
I02184,R0219,Extra Toppings,side,veg,50,Additional toppings,side|veg|Desserts,0.395
I02185,R0219,Chocolate Cake,dessert,veg,150,Rich chocolate cake,dessert|veg|Desserts,0.304
I02186,R0219,Cheesecake,dessert,veg,225,Creamy cheesecake,dessert|veg|Desserts,0.339
I02187,R0219,Milkshake,beverage,veg,162,Thick milkshake,beverage|veg|Desserts,0.256
I02188,R0219,Hot Chocolate,beverage,veg,125,Rich hot chocolate,beverage|veg|Desserts,0.228
I02189,R0220,Vada,main,veg,87,Crispy fried lentil donuts,main|veg|South Indian|popular,0.0
I02190,R0220,Idli Sambar,main,veg,100,Steamed rice cakes with lentil curry,main|veg|South Indian|popular,0.0
I02191,R0220,Masala Dosa,main,veg,150,Crispy crepe with potato filling,main|veg|South Indian|popular,0.0
I02192,R0220,Coconut Chutney,side,veg,37,Fresh coconut chutney,side|veg|South Indian,0.114
I02193,R0220,Tomato Chutney,side,veg,37,Tangy tomato chutney,side|veg|South Indian,0.268
I02194,R0220,Sambar,side,veg,50,Lentil and vegetable curry,side|veg|South Indian,0.262
I02195,R0220,Payasam,dessert,veg,75,Sweet milk pudding,dessert|veg|South Indian,0.263
I02196,R0220,Kesari,dessert,veg,62,Semolina sweet,dessert|veg|South Indian,0.263
I02197,R0220,Filter Coffee,beverage,veg,50,South Indian filter coffee,beverage|veg|South Indian,0.274
I02198,R0220,Buttermilk,beverage,veg,43,Spiced yogurt drink,beverage|veg|South Indian,0.157
I02199,R0221,Chilli Chicken,main,non-veg,286,Spicy chicken preparation,main|non-veg|Chinese|popular,0.0
I02200,R0221,Hakka Noodles,main,veg,187,Stir-fried noodles,main|veg|Chinese|popular,0.0
I02201,R0221,Fried Rice,main,veg,198,Stir-fried rice with vegetables,main|veg|Chinese|popular,0.0
I02202,R0221,Manchurian,main,veg,220,Vegetable balls in gravy,main|veg|Chinese|popular,0.0
I02203,R0221,Chilli Potato,side,veg,121,Spicy potato fingers,side|veg|Chinese,0.39
I02204,R0221,Spring Roll,side,veg,99,Crispy vegetable rolls,side|veg|Chinese,0.281
I02205,R0221,Momos,side,veg,132,Steamed dumplings,side|veg|Chinese,0.336
I02206,R0221,Honey Noodles,dessert,veg,88,Crispy noodles with honey,dessert|veg|Chinese,0.333
I02207,R0221,Date Pancake,dessert,veg,110,Sweet pancake with dates,dessert|veg|Chinese,0.363
I02208,R0221,Soft Drink,beverage,veg,55,Refreshing beverage,beverage|veg|Chinese,0.123
I02209,R0221,Green Tea,beverage,veg,44,Hot green tea,beverage|veg|Chinese,0.165
I02210,R0222,Sandwich,main,veg,125,Grilled sandwich,main|veg|Italian|popular,0.0
I02211,R0222,Veg Wrap,main,veg,162,Vegetable stuffed wrap,main|veg|Italian|popular,0.0
I02212,R0222,Frankie,main,veg,150,Stuffed roll,main|veg|Italian|popular,0.0
I02213,R0222,Fries,side,veg,100,Crispy fries,side|veg|Italian,0.172
I02214,R0222,Onion Rings,side,veg,112,Crispy onion rings,side|veg|Italian,0.13
I02215,R0222,Ice Cream,dessert,veg,75,Vanilla ice cream,dessert|veg|Italian,0.122
I02216,R0222,Brownie,dessert,veg,125,Chocolate brownie,dessert|veg|Italian,0.158
I02217,R0222,Cold Coffee,beverage,veg,150,Iced coffee,beverage|veg|Italian,0.304
I02218,R0222,Soft Drink,beverage,veg,62,Refreshing beverage,beverage|veg|Italian,0.187
I02219,R0223,Chicken Biryani,main,non-veg,392,Fragrant basmati rice with tender chicken pieces,main|non-veg|Biryani|popular,0.0
I02220,R0223,Veg Biryani,main,veg,280,Flavorful rice with mixed vegetables,main|veg|Biryani|popular,0.0
I02221,R0223,Double Ka Meetha,side,veg,112,Sweet bread pudding,side|veg|Biryani,0.124
I02222,R0223,Raita,side,veg,56,Cooling yogurt with cucumber and spices,side|veg|Biryani,0.246
I02223,R0223,Gulab Jamun,dessert,veg,84,Soft milk dumplings in sugar syrup,dessert|veg|Biryani,0.137
I02224,R0223,Khubani Ka Meetha,dessert,veg,125,Apricot dessert,dessert|veg|Biryani,0.278
I02225,R0223,Lassi,beverage,veg,98,Thick yogurt drink,beverage|veg|Biryani,0.156
I02226,R0223,Soft Drink,beverage,veg,70,Refreshing carbonated beverage,beverage|veg|Biryani,0.35
I02227,R0224,Mutton Biryani,main,non-veg,385,Aromatic rice with succulent mutton,main|non-veg|Biryani|popular,0.0
I02228,R0224,Veg Biryani,main,veg,220,Flavorful rice with mixed vegetables,main|veg|Biryani|popular,0.0
I02229,R0224,Egg Biryani,main,non-veg,242,Rice with boiled eggs and spices,main|non-veg|Biryani|popular,0.0
I02230,R0224,Chicken Biryani,main,non-veg,308,Fragrant basmati rice with tender chicken pieces,main|non-veg|Biryani|popular,0.0
I02231,R0224,Raita,side,veg,44,Cooling yogurt with cucumber and spices,side|veg|Biryani,0.246
I02232,R0224,Double Ka Meetha,side,veg,88,Sweet bread pudding,side|veg|Biryani,0.196
I02233,R0224,Salan,side,veg,66,Spicy curry accompaniment,side|veg|Biryani,0.371
I02234,R0224,Gulab Jamun,dessert,veg,66,Soft milk dumplings in sugar syrup,dessert|veg|Biryani,0.31
I02235,R0224,Khubani Ka Meetha,dessert,veg,99,Apricot dessert,dessert|veg|Biryani,0.307
I02236,R0224,Soft Drink,beverage,veg,55,Refreshing carbonated beverage,beverage|veg|Biryani,0.213
I02237,R0224,Lassi,beverage,veg,77,Thick yogurt drink,beverage|veg|Biryani,0.203
I02238,R0225,Cold Coffee,main,veg,143,Iced coffee,main|veg|Beverages|popular,0.0
I02239,R0225,Smoothie,main,veg,165,Fruit smoothie,main|veg|Beverages|popular,0.0
I02240,R0225,Mojito,main,veg,121,Refreshing mint drink,main|veg|Beverages|popular,0.0
I02241,R0225,Whipped Cream,side,veg,27,Extra whipped cream,side|veg|Beverages,0.177
I02242,R0225,Extra Shot,side,veg,33,Extra coffee shot,side|veg|Beverages,0.166
I02243,R0225,Muffin,dessert,veg,66,Fresh muffin,dessert|veg|Beverages,0.212
I02244,R0225,Cookie,dessert,veg,55,Fresh baked cookie,dessert|veg|Beverages,0.122
I02245,R0225,Water Bottle,beverage,veg,22,Mineral water,beverage|veg|Beverages,0.191
I02246,R0225,Soft Drink,beverage,veg,55,Refreshing beverage,beverage|veg|Beverages,0.286
I02247,R0226,Chicken Biryani,main,non-veg,350,Fragrant basmati rice with tender chicken pieces,main|non-veg|Biryani|popular,0.0
I02248,R0226,Mutton Biryani,main,non-veg,437,Aromatic rice with succulent mutton,main|non-veg|Biryani|popular,0.0
I02249,R0226,Egg Biryani,main,non-veg,275,Rice with boiled eggs and spices,main|non-veg|Biryani|popular,0.0
I02250,R0226,Double Ka Meetha,side,veg,100,Sweet bread pudding,side|veg|Biryani,0.14
I02251,R0226,Salan,side,veg,75,Spicy curry accompaniment,side|veg|Biryani,0.142
I02252,R0226,Raita,side,veg,50,Cooling yogurt with cucumber and spices,side|veg|Biryani,0.39
I02253,R0226,Gulab Jamun,dessert,veg,75,Soft milk dumplings in sugar syrup,dessert|veg|Biryani,0.116
I02254,R0226,Khubani Ka Meetha,dessert,veg,112,Apricot dessert,dessert|veg|Biryani,0.287
I02255,R0226,Soft Drink,beverage,veg,62,Refreshing carbonated beverage,beverage|veg|Biryani,0.185
I02256,R0226,Lassi,beverage,veg,87,Thick yogurt drink,beverage|veg|Biryani,0.314
I02257,R0227,Chicken Biryani,main,non-veg,308,Fragrant basmati rice with tender chicken pieces,main|non-veg|Biryani|popular,0.0
I02258,R0227,Egg Biryani,main,non-veg,242,Rice with boiled eggs and spices,main|non-veg|Biryani|popular,0.0
I02259,R0227,Veg Biryani,main,veg,220,Flavorful rice with mixed vegetables,main|veg|Biryani|popular,0.0
I02260,R0227,Mutton Biryani,main,non-veg,385,Aromatic rice with succulent mutton,main|non-veg|Biryani|popular,0.0
I02261,R0227,Raita,side,veg,44,Cooling yogurt with cucumber and spices,side|veg|Biryani,0.108
I02262,R0227,Salan,side,veg,66,Spicy curry accompaniment,side|veg|Biryani,0.358
I02263,R0227,Double Ka Meetha,side,veg,88,Sweet bread pudding,side|veg|Biryani,0.361
I02264,R0227,Gulab Jamun,dessert,veg,66,Soft milk dumplings in sugar syrup,dessert|veg|Biryani,0.18
I02265,R0227,Khubani Ka Meetha,dessert,veg,99,Apricot dessert,dessert|veg|Biryani,0.123
I02266,R0227,Soft Drink,beverage,veg,55,Refreshing carbonated beverage,beverage|veg|Biryani,0.305
I02267,R0227,Lassi,beverage,veg,77,Thick yogurt drink,beverage|veg|Biryani,0.326
I02268,R0228,Idli Sambar,main,veg,76,Steamed rice cakes with lentil curry,main|veg|South Indian|popular,0.0
I02269,R0228,Vada,main,veg,66,Crispy fried lentil donuts,main|veg|South Indian|popular,0.0
I02270,R0228,Chicken Chettinad,main,non-veg,266,Spicy Chettinad chicken,main|non-veg|South Indian|popular,0.0
I02271,R0228,Masala Dosa,main,veg,114,Crispy crepe with potato filling,main|veg|South Indian|popular,0.0
I02272,R0228,Coconut Chutney,side,veg,28,Fresh coconut chutney,side|veg|South Indian,0.297
I02273,R0228,Tomato Chutney,side,veg,28,Tangy tomato chutney,side|veg|South Indian,0.113
I02274,R0228,Sambar,side,veg,38,Lentil and vegetable curry,side|veg|South Indian,0.149
I02275,R0228,Payasam,dessert,veg,57,Sweet milk pudding,dessert|veg|South Indian,0.13
I02276,R0228,Kesari,dessert,veg,47,Semolina sweet,dessert|veg|South Indian,0.24
I02277,R0228,Buttermilk,beverage,veg,33,Spiced yogurt drink,beverage|veg|South Indian,0.15
I02278,R0228,Filter Coffee,beverage,veg,38,South Indian filter coffee,beverage|veg|South Indian,0.386
I02279,R0229,Smoothie,main,veg,210,Fruit smoothie,main|veg|Beverages|popular,0.0
I02280,R0229,Cold Coffee,main,veg,182,Iced coffee,main|veg|Beverages|popular,0.0
I02281,R0229,Extra Shot,side,veg,42,Extra coffee shot,side|veg|Beverages,0.248
I02282,R0229,Whipped Cream,side,veg,35,Extra whipped cream,side|veg|Beverages,0.108
I02283,R0229,Cookie,dessert,veg,70,Fresh baked cookie,dessert|veg|Beverages,0.234
I02284,R0229,Muffin,dessert,veg,84,Fresh muffin,dessert|veg|Beverages,0.133
I02285,R0229,Water Bottle,beverage,veg,28,Mineral water,beverage|veg|Beverages,0.338
I02286,R0229,Soft Drink,beverage,veg,70,Refreshing beverage,beverage|veg|Beverages,0.323
I02287,R0230,Waffle,main,veg,225,Belgian waffle with toppings,main|veg|Desserts|popular,0.0
I02288,R0230,Ice Cream Sundae,main,veg,187,Loaded ice cream sundae,main|veg|Desserts|popular,0.0
I02289,R0230,Pancake,main,veg,200,Fluffy pancakes,main|veg|Desserts|popular,0.0
I02290,R0230,Extra Toppings,side,veg,50,Additional toppings,side|veg|Desserts,0.129
I02291,R0230,Syrup Shot,side,veg,37,Extra syrup,side|veg|Desserts,0.157
I02292,R0230,Cheesecake,dessert,veg,225,Creamy cheesecake,dessert|veg|Desserts,0.326
I02293,R0230,Chocolate Cake,dessert,veg,150,Rich chocolate cake,dessert|veg|Desserts,0.23
I02294,R0230,Hot Chocolate,beverage,veg,125,Rich hot chocolate,beverage|veg|Desserts,0.151
I02295,R0230,Milkshake,beverage,veg,162,Thick milkshake,beverage|veg|Desserts,0.112
I02296,R0231,Dal Makhani,main,veg,275,Creamy black lentils,main|veg|North Indian|popular,0.0
I02297,R0231,Butter Chicken,main,non-veg,400,Creamy tomato-based chicken curry,main|non-veg|North Indian|popular,0.0
I02298,R0231,Paneer Tikka,main,veg,350,Grilled cottage cheese,main|veg|North Indian|popular,0.0
I02299,R0231,Jeera Rice,side,veg,150,Cumin flavored rice,side|veg|North Indian,0.185
I02300,R0231,Butter Naan,side,veg,62,Buttery flatbread,side|veg|North Indian,0.302
I02301,R0231,Tandoori Roti,side,veg,31,Whole wheat flatbread,side|veg|North Indian,0.208
I02302,R0231,Gulab Jamun,dessert,veg,75,Sweet milk dumplings,dessert|veg|North Indian,0.283
I02303,R0231,Rasmalai,dessert,veg,100,Soft cheese patties in milk,dessert|veg|North Indian,0.184
I02304,R0231,Lassi,beverage,veg,87,Sweet yogurt drink,beverage|veg|North Indian,0.299
I02305,R0231,Buttermilk,beverage,veg,50,Spiced yogurt drink,beverage|veg|North Indian,0.108
I02306,R0232,Mojito,main,veg,121,Refreshing mint drink,main|veg|Beverages|popular,0.0
I02307,R0232,Smoothie,main,veg,165,Fruit smoothie,main|veg|Beverages|popular,0.0
I02308,R0232,Cold Coffee,main,veg,143,Iced coffee,main|veg|Beverages|popular,0.0
I02309,R0232,Whipped Cream,side,veg,27,Extra whipped cream,side|veg|Beverages,0.149
I02310,R0232,Extra Shot,side,veg,33,Extra coffee shot,side|veg|Beverages,0.187
I02311,R0232,Muffin,dessert,veg,66,Fresh muffin,dessert|veg|Beverages,0.119
I02312,R0232,Cookie,dessert,veg,55,Fresh baked cookie,dessert|veg|Beverages,0.335
I02313,R0232,Water Bottle,beverage,veg,22,Mineral water,beverage|veg|Beverages,0.236
I02314,R0232,Soft Drink,beverage,veg,55,Refreshing beverage,beverage|veg|Beverages,0.248
I02315,R0233,Masala Dosa,main,veg,168,Crispy crepe with potato filling,main|veg|South Indian|popular,0.0
I02316,R0233,Vada,main,veg,98,Crispy fried lentil donuts,main|veg|South Indian|popular,0.0
I02317,R0233,Sambar,side,veg,56,Lentil and vegetable curry,side|veg|South Indian,0.399
I02318,R0233,Coconut Chutney,side,veg,42,Fresh coconut chutney,side|veg|South Indian,0.295
I02319,R0233,Kesari,dessert,veg,70,Semolina sweet,dessert|veg|South Indian,0.298
I02320,R0233,Payasam,dessert,veg,84,Sweet milk pudding,dessert|veg|South Indian,0.349
I02321,R0233,Buttermilk,beverage,veg,49,Spiced yogurt drink,beverage|veg|South Indian,0.197
I02322,R0233,Filter Coffee,beverage,veg,56,South Indian filter coffee,beverage|veg|South Indian,0.315
I02323,R0234,Veg Wrap,main,veg,162,Vegetable stuffed wrap,main|veg|Fast Food|popular,0.0
I02324,R0234,Frankie,main,veg,150,Stuffed roll,main|veg|Fast Food|popular,0.0
I02325,R0234,Chicken Wrap,main,non-veg,225,Chicken stuffed wrap,main|non-veg|Fast Food|popular,0.0
I02326,R0234,Fries,side,veg,100,Crispy fries,side|veg|Fast Food,0.15
I02327,R0234,Onion Rings,side,veg,112,Crispy onion rings,side|veg|Fast Food,0.292
I02328,R0234,Brownie,dessert,veg,125,Chocolate brownie,dessert|veg|Fast Food,0.379
I02329,R0234,Ice Cream,dessert,veg,75,Vanilla ice cream,dessert|veg|Fast Food,0.141
I02330,R0234,Soft Drink,beverage,veg,62,Refreshing beverage,beverage|veg|Fast Food,0.135
I02331,R0234,Cold Coffee,beverage,veg,150,Iced coffee,beverage|veg|Fast Food,0.307
I02332,R0235,Paneer Tikka,main,veg,308,Grilled cottage cheese,main|veg|North Indian|popular,0.0
I02333,R0235,Butter Chicken,main,non-veg,352,Creamy tomato-based chicken curry,main|non-veg|North Indian|popular,0.0
I02334,R0235,Dal Makhani,main,veg,242,Creamy black lentils,main|veg|North Indian|popular,0.0
I02335,R0235,Rogan Josh,main,non-veg,418,Kashmiri lamb curry,main|non-veg|North Indian|popular,0.0
I02336,R0235,Butter Naan,side,veg,55,Buttery flatbread,side|veg|North Indian,0.348
I02337,R0235,Tandoori Roti,side,veg,27,Whole wheat flatbread,side|veg|North Indian,0.177
I02338,R0235,Jeera Rice,side,veg,132,Cumin flavored rice,side|veg|North Indian,0.228
I02339,R0235,Garlic Naan,side,veg,66,Garlic flavored naan,side|veg|North Indian,0.159
I02340,R0235,Rasmalai,dessert,veg,88,Soft cheese patties in milk,dessert|veg|North Indian,0.122
I02341,R0235,Gulab Jamun,dessert,veg,66,Sweet milk dumplings,dessert|veg|North Indian,0.285
I02342,R0235,Lassi,beverage,veg,77,Sweet yogurt drink,beverage|veg|North Indian,0.109
I02343,R0235,Buttermilk,beverage,veg,44,Spiced yogurt drink,beverage|veg|North Indian,0.191
I02344,R0236,Chilli Chicken,main,non-veg,325,Spicy chicken preparation,main|non-veg|Chinese|popular,0.0
I02345,R0236,Hakka Noodles,main,veg,212,Stir-fried noodles,main|veg|Chinese|popular,0.0
I02346,R0236,Fried Rice,main,veg,225,Stir-fried rice with vegetables,main|veg|Chinese|popular,0.0
I02347,R0236,Spring Roll,side,veg,112,Crispy vegetable rolls,side|veg|Chinese,0.357
I02348,R0236,Momos,side,veg,150,Steamed dumplings,side|veg|Chinese,0.242
I02349,R0236,Chilli Potato,side,veg,137,Spicy potato fingers,side|veg|Chinese,0.123
I02350,R0236,Honey Noodles,dessert,veg,100,Crispy noodles with honey,dessert|veg|Chinese,0.115
I02351,R0236,Date Pancake,dessert,veg,125,Sweet pancake with dates,dessert|veg|Chinese,0.218
I02352,R0236,Green Tea,beverage,veg,50,Hot green tea,beverage|veg|Chinese,0.27
I02353,R0236,Soft Drink,beverage,veg,62,Refreshing beverage,beverage|veg|Chinese,0.374
I02354,R0237,Chicken Chettinad,main,non-veg,350,Spicy Chettinad chicken,main|non-veg|South Indian|popular,0.0
I02355,R0237,Masala Dosa,main,veg,150,Crispy crepe with potato filling,main|veg|South Indian|popular,0.0
I02356,R0237,Vada,main,veg,87,Crispy fried lentil donuts,main|veg|South Indian|popular,0.0
I02357,R0237,Coconut Chutney,side,veg,37,Fresh coconut chutney,side|veg|South Indian,0.234
I02358,R0237,Tomato Chutney,side,veg,37,Tangy tomato chutney,side|veg|South Indian,0.298
I02359,R0237,Sambar,side,veg,50,Lentil and vegetable curry,side|veg|South Indian,0.108
I02360,R0237,Kesari,dessert,veg,62,Semolina sweet,dessert|veg|South Indian,0.382
I02361,R0237,Payasam,dessert,veg,75,Sweet milk pudding,dessert|veg|South Indian,0.263
I02362,R0237,Filter Coffee,beverage,veg,50,South Indian filter coffee,beverage|veg|South Indian,0.374
I02363,R0237,Buttermilk,beverage,veg,43,Spiced yogurt drink,beverage|veg|South Indian,0.13
I02364,R0238,Manchurian,main,veg,220,Vegetable balls in gravy,main|veg|Chinese|popular,0.0
I02365,R0238,Hakka Noodles,main,veg,187,Stir-fried noodles,main|veg|Chinese|popular,0.0
I02366,R0238,Chilli Chicken,main,non-veg,286,Spicy chicken preparation,main|non-veg|Chinese|popular,0.0
I02367,R0238,Fried Rice,main,veg,198,Stir-fried rice with vegetables,main|veg|Chinese|popular,0.0
I02368,R0238,Chilli Potato,side,veg,121,Spicy potato fingers,side|veg|Chinese,0.232
I02369,R0238,Momos,side,veg,132,Steamed dumplings,side|veg|Chinese,0.371
I02370,R0238,Spring Roll,side,veg,99,Crispy vegetable rolls,side|veg|Chinese,0.275
I02371,R0238,Date Pancake,dessert,veg,110,Sweet pancake with dates,dessert|veg|Chinese,0.18
I02372,R0238,Honey Noodles,dessert,veg,88,Crispy noodles with honey,dessert|veg|Chinese,0.22
I02373,R0238,Soft Drink,beverage,veg,55,Refreshing beverage,beverage|veg|Chinese,0.245
I02374,R0238,Green Tea,beverage,veg,44,Hot green tea,beverage|veg|Chinese,0.27
I02375,R0239,Ice Cream Sundae,main,veg,142,Loaded ice cream sundae,main|veg|Desserts|popular,0.0
I02376,R0239,Waffle,main,veg,171,Belgian waffle with toppings,main|veg|Desserts|popular,0.0
I02377,R0239,Pancake,main,veg,152,Fluffy pancakes,main|veg|Desserts|popular,0.0
I02378,R0239,Syrup Shot,side,veg,28,Extra syrup,side|veg|Desserts,0.123
I02379,R0239,Extra Toppings,side,veg,38,Additional toppings,side|veg|Desserts,0.37
I02380,R0239,Cheesecake,dessert,veg,171,Creamy cheesecake,dessert|veg|Desserts,0.139
I02381,R0239,Chocolate Cake,dessert,veg,114,Rich chocolate cake,dessert|veg|Desserts,0.146
I02382,R0239,Hot Chocolate,beverage,veg,95,Rich hot chocolate,beverage|veg|Desserts,0.175
I02383,R0239,Milkshake,beverage,veg,123,Thick milkshake,beverage|veg|Desserts,0.396
I02384,R0240,Pav Bhaji,main,veg,114,Mashed vegetable curry with bread,main|veg|Street Food|popular,0.0
I02385,R0240,Samosa,main,veg,28,Crispy pastry with filling,main|veg|Street Food|popular,0.0
I02386,R0240,Chole Bhature,main,veg,123,Chickpea curry with fried bread,main|veg|Street Food|popular,0.0
I02387,R0240,Pani Puri,main,veg,57,Crispy puris with flavored water,main|veg|Street Food|popular,0.0
I02388,R0240,Papad,side,veg,19,Crispy papad,side|veg|Street Food,0.297
I02389,R0240,Extra Pav,side,veg,14,Extra bread,side|veg|Street Food,0.197
I02390,R0240,Jalebi,dessert,veg,47,Sweet fried spirals,dessert|veg|Street Food,0.118
I02391,R0240,Rabri,dessert,veg,76,Thickened sweet milk,dessert|veg|Street Food,0.375
I02392,R0240,Masala Chai,beverage,veg,28,Spiced tea,beverage|veg|Street Food,0.257
I02393,R0240,Lassi,beverage,veg,57,Yogurt drink,beverage|veg|Street Food,0.267
I02394,R0241,Hakka Noodles,main,veg,187,Stir-fried noodles,main|veg|Chinese|popular,0.0
I02395,R0241,Chilli Chicken,main,non-veg,286,Spicy chicken preparation,main|non-veg|Chinese|popular,0.0
I02396,R0241,Manchurian,main,veg,220,Vegetable balls in gravy,main|veg|Chinese|popular,0.0
I02397,R0241,Fried Rice,main,veg,198,Stir-fried rice with vegetables,main|veg|Chinese|popular,0.0
I02398,R0241,Momos,side,veg,132,Steamed dumplings,side|veg|Chinese,0.164
I02399,R0241,Spring Roll,side,veg,99,Crispy vegetable rolls,side|veg|Chinese,0.317
I02400,R0241,Chilli Potato,side,veg,121,Spicy potato fingers,side|veg|Chinese,0.31
I02401,R0241,Honey Noodles,dessert,veg,88,Crispy noodles with honey,dessert|veg|Chinese,0.31
I02402,R0241,Date Pancake,dessert,veg,110,Sweet pancake with dates,dessert|veg|Chinese,0.176
I02403,R0241,Soft Drink,beverage,veg,55,Refreshing beverage,beverage|veg|Chinese,0.3
I02404,R0241,Green Tea,beverage,veg,44,Hot green tea,beverage|veg|Chinese,0.159
I02405,R0242,Dal Makhani,main,veg,275,Creamy black lentils,main|veg|North Indian|popular,0.0
I02406,R0242,Paneer Tikka,main,veg,350,Grilled cottage cheese,main|veg|North Indian|popular,0.0
I02407,R0242,Rogan Josh,main,non-veg,475,Kashmiri lamb curry,main|non-veg|North Indian|popular,0.0
I02408,R0242,Jeera Rice,side,veg,150,Cumin flavored rice,side|veg|North Indian,0.303
I02409,R0242,Garlic Naan,side,veg,75,Garlic flavored naan,side|veg|North Indian,0.175
I02410,R0242,Butter Naan,side,veg,62,Buttery flatbread,side|veg|North Indian,0.267
I02411,R0242,Rasmalai,dessert,veg,100,Soft cheese patties in milk,dessert|veg|North Indian,0.339
I02412,R0242,Gulab Jamun,dessert,veg,75,Sweet milk dumplings,dessert|veg|North Indian,0.204
I02413,R0242,Lassi,beverage,veg,87,Sweet yogurt drink,beverage|veg|North Indian,0.266
I02414,R0242,Buttermilk,beverage,veg,50,Spiced yogurt drink,beverage|veg|North Indian,0.266
I02415,R0243,Samosa,main,veg,33,Crispy pastry with filling,main|veg|Street Food|popular,0.0
I02416,R0243,Pav Bhaji,main,veg,132,Mashed vegetable curry with bread,main|veg|Street Food|popular,0.0
I02417,R0243,Pani Puri,main,veg,66,Crispy puris with flavored water,main|veg|Street Food|popular,0.0
I02418,R0243,Chole Bhature,main,veg,143,Chickpea curry with fried bread,main|veg|Street Food|popular,0.0
I02419,R0243,Papad,side,veg,22,Crispy papad,side|veg|Street Food,0.2
I02420,R0243,Extra Pav,side,veg,16,Extra bread,side|veg|Street Food,0.394
I02421,R0243,Jalebi,dessert,veg,55,Sweet fried spirals,dessert|veg|Street Food,0.357
I02422,R0243,Rabri,dessert,veg,88,Thickened sweet milk,dessert|veg|Street Food,0.368
I02423,R0243,Lassi,beverage,veg,66,Yogurt drink,beverage|veg|Street Food,0.117
I02424,R0243,Masala Chai,beverage,veg,33,Spiced tea,beverage|veg|Street Food,0.131
I02425,R0244,Waffle,main,veg,198,Belgian waffle with toppings,main|veg|Desserts|popular,0.0
I02426,R0244,Ice Cream Sundae,main,veg,165,Loaded ice cream sundae,main|veg|Desserts|popular,0.0
I02427,R0244,Pancake,main,veg,176,Fluffy pancakes,main|veg|Desserts|popular,0.0
I02428,R0244,Syrup Shot,side,veg,33,Extra syrup,side|veg|Desserts,0.135
I02429,R0244,Extra Toppings,side,veg,44,Additional toppings,side|veg|Desserts,0.307
I02430,R0244,Chocolate Cake,dessert,veg,132,Rich chocolate cake,dessert|veg|Desserts,0.212
I02431,R0244,Cheesecake,dessert,veg,198,Creamy cheesecake,dessert|veg|Desserts,0.307
I02432,R0244,Milkshake,beverage,veg,143,Thick milkshake,beverage|veg|Desserts,0.153
I02433,R0244,Hot Chocolate,beverage,veg,110,Rich hot chocolate,beverage|veg|Desserts,0.362
I02434,R0245,Chicken Wrap,main,non-veg,198,Chicken stuffed wrap,main|non-veg|Fast Food|popular,0.0
I02435,R0245,Frankie,main,veg,132,Stuffed roll,main|veg|Fast Food|popular,0.0
I02436,R0245,Veg Wrap,main,veg,143,Vegetable stuffed wrap,main|veg|Fast Food|popular,0.0
I02437,R0245,Sandwich,main,veg,110,Grilled sandwich,main|veg|Fast Food|popular,0.0
I02438,R0245,Fries,side,veg,88,Crispy fries,side|veg|Fast Food,0.158
I02439,R0245,Onion Rings,side,veg,99,Crispy onion rings,side|veg|Fast Food,0.238
I02440,R0245,Brownie,dessert,veg,110,Chocolate brownie,dessert|veg|Fast Food,0.18
I02441,R0245,Ice Cream,dessert,veg,66,Vanilla ice cream,dessert|veg|Fast Food,0.209
I02442,R0245,Soft Drink,beverage,veg,55,Refreshing beverage,beverage|veg|Fast Food,0.161
I02443,R0245,Cold Coffee,beverage,veg,132,Iced coffee,beverage|veg|Fast Food,0.361
I02444,R0246,Pav Bhaji,main,veg,132,Mashed vegetable curry with bread,main|veg|Street Food|popular,0.0
I02445,R0246,Pani Puri,main,veg,66,Crispy puris with flavored water,main|veg|Street Food|popular,0.0
I02446,R0246,Chole Bhature,main,veg,143,Chickpea curry with fried bread,main|veg|Street Food|popular,0.0
I02447,R0246,Samosa,main,veg,33,Crispy pastry with filling,main|veg|Street Food|popular,0.0
I02448,R0246,Papad,side,veg,22,Crispy papad,side|veg|Street Food,0.18
I02449,R0246,Extra Pav,side,veg,16,Extra bread,side|veg|Street Food,0.273
I02450,R0246,Rabri,dessert,veg,88,Thickened sweet milk,dessert|veg|Street Food,0.243
I02451,R0246,Jalebi,dessert,veg,55,Sweet fried spirals,dessert|veg|Street Food,0.187
I02452,R0246,Masala Chai,beverage,veg,33,Spiced tea,beverage|veg|Street Food,0.154
I02453,R0246,Lassi,beverage,veg,66,Yogurt drink,beverage|veg|Street Food,0.288
I02454,R0247,Veg Biryani,main,veg,250,Flavorful rice with mixed vegetables,main|veg|Biryani|popular,0.0
I02455,R0247,Mutton Biryani,main,non-veg,437,Aromatic rice with succulent mutton,main|non-veg|Biryani|popular,0.0
I02456,R0247,Chicken Biryani,main,non-veg,350,Fragrant basmati rice with tender chicken pieces,main|non-veg|Biryani|popular,0.0
I02457,R0247,Double Ka Meetha,side,veg,100,Sweet bread pudding,side|veg|Biryani,0.122
I02458,R0247,Raita,side,veg,50,Cooling yogurt with cucumber and spices,side|veg|Biryani,0.287
I02459,R0247,Salan,side,veg,75,Spicy curry accompaniment,side|veg|Biryani,0.137
I02460,R0247,Khubani Ka Meetha,dessert,veg,112,Apricot dessert,dessert|veg|Biryani,0.326
I02461,R0247,Gulab Jamun,dessert,veg,75,Soft milk dumplings in sugar syrup,dessert|veg|Biryani,0.293
I02462,R0247,Soft Drink,beverage,veg,62,Refreshing carbonated beverage,beverage|veg|Biryani,0.298
I02463,R0247,Lassi,beverage,veg,87,Thick yogurt drink,beverage|veg|Biryani,0.186
I02464,R0248,Smoothie,main,veg,187,Fruit smoothie,main|veg|Beverages|popular,0.0
I02465,R0248,Mojito,main,veg,137,Refreshing mint drink,main|veg|Beverages|popular,0.0
I02466,R0248,Cold Coffee,main,veg,162,Iced coffee,main|veg|Beverages|popular,0.0
I02467,R0248,Whipped Cream,side,veg,31,Extra whipped cream,side|veg|Beverages,0.319
I02468,R0248,Extra Shot,side,veg,37,Extra coffee shot,side|veg|Beverages,0.197
I02469,R0248,Muffin,dessert,veg,75,Fresh muffin,dessert|veg|Beverages,0.329
I02470,R0248,Cookie,dessert,veg,62,Fresh baked cookie,dessert|veg|Beverages,0.271
I02471,R0248,Soft Drink,beverage,veg,62,Refreshing beverage,beverage|veg|Beverages,0.172
I02472,R0248,Water Bottle,beverage,veg,25,Mineral water,beverage|veg|Beverages,0.101
I02473,R0249,Samosa,main,veg,28,Crispy pastry with filling,main|veg|Street Food|popular,0.0
I02474,R0249,Pav Bhaji,main,veg,114,Mashed vegetable curry with bread,main|veg|Street Food|popular,0.0
I02475,R0249,Pani Puri,main,veg,57,Crispy puris with flavored water,main|veg|Street Food|popular,0.0
I02476,R0249,Chole Bhature,main,veg,123,Chickpea curry with fried bread,main|veg|Street Food|popular,0.0
I02477,R0249,Papad,side,veg,19,Crispy papad,side|veg|Street Food,0.339
I02478,R0249,Extra Pav,side,veg,14,Extra bread,side|veg|Street Food,0.166
I02479,R0249,Rabri,dessert,veg,76,Thickened sweet milk,dessert|veg|Street Food,0.365
I02480,R0249,Jalebi,dessert,veg,47,Sweet fried spirals,dessert|veg|Street Food,0.153
I02481,R0249,Masala Chai,beverage,veg,28,Spiced tea,beverage|veg|Street Food,0.202
I02482,R0249,Lassi,beverage,veg,57,Yogurt drink,beverage|veg|Street Food,0.24
I02483,R0250,Chicken Wrap,main,non-veg,171,Chicken stuffed wrap,main|non-veg|Fast Food|popular,0.0
I02484,R0250,Frankie,main,veg,114,Stuffed roll,main|veg|Fast Food|popular,0.0
I02485,R0250,Sandwich,main,veg,95,Grilled sandwich,main|veg|Fast Food|popular,0.0
I02486,R0250,Veg Wrap,main,veg,123,Vegetable stuffed wrap,main|veg|Fast Food|popular,0.0
I02487,R0250,Fries,side,veg,76,Crispy fries,side|veg|Fast Food,0.317
I02488,R0250,Onion Rings,side,veg,85,Crispy onion rings,side|veg|Fast Food,0.128
I02489,R0250,Brownie,dessert,veg,95,Chocolate brownie,dessert|veg|Fast Food,0.394
I02490,R0250,Ice Cream,dessert,veg,57,Vanilla ice cream,dessert|veg|Fast Food,0.371
I02491,R0250,Soft Drink,beverage,veg,47,Refreshing beverage,beverage|veg|Fast Food,0.261
I02492,R0250,Cold Coffee,beverage,veg,114,Iced coffee,beverage|veg|Fast Food,0.304
I02493,R0251,Veg Steak,main,veg,350,Grilled vegetable steak,main|veg|Continental|popular,0.0
I02494,R0251,Grilled Chicken,main,non-veg,400,Herb grilled chicken,main|non-veg|Continental|popular,0.0
I02495,R0251,Pasta Arrabbiata,main,veg,300,Spicy tomato pasta,main|veg|Continental|popular,0.0
I02496,R0251,Mashed Potatoes,side,veg,125,Creamy mashed potatoes,side|veg|Continental,0.376
I02497,R0251,Caesar Salad,side,veg,175,Classic Caesar salad,side|veg|Continental,0.29
I02498,R0251,Garlic Bread,side,veg,112,Garlic bread,side|veg|Continental,0.104
I02499,R0251,Panna Cotta,dessert,veg,200,Italian custard,dessert|veg|Continental,0.134
I02500,R0251,Tiramisu,dessert,veg,225,Classic Italian dessert,dessert|veg|Continental,0.108
I02501,R0251,Lemonade,beverage,veg,87,Fresh lemonade,beverage|veg|Continental,0.325
I02502,R0251,Iced Tea,beverage,veg,100,Refreshing iced tea,beverage|veg|Continental,0.374
I02503,R0252,Chicken Biryani,main,non-veg,308,Fragrant basmati rice with tender chicken pieces,main|non-veg|Biryani|popular,0.0
I02504,R0252,Egg Biryani,main,non-veg,242,Rice with boiled eggs and spices,main|non-veg|Biryani|popular,0.0
I02505,R0252,Veg Biryani,main,veg,220,Flavorful rice with mixed vegetables,main|veg|Biryani|popular,0.0
I02506,R0252,Mutton Biryani,main,non-veg,385,Aromatic rice with succulent mutton,main|non-veg|Biryani|popular,0.0
I02507,R0252,Double Ka Meetha,side,veg,88,Sweet bread pudding,side|veg|Biryani,0.201
I02508,R0252,Raita,side,veg,44,Cooling yogurt with cucumber and spices,side|veg|Biryani,0.227
I02509,R0252,Salan,side,veg,66,Spicy curry accompaniment,side|veg|Biryani,0.355
I02510,R0252,Khubani Ka Meetha,dessert,veg,99,Apricot dessert,dessert|veg|Biryani,0.125
I02511,R0252,Gulab Jamun,dessert,veg,66,Soft milk dumplings in sugar syrup,dessert|veg|Biryani,0.274
I02512,R0252,Soft Drink,beverage,veg,55,Refreshing carbonated beverage,beverage|veg|Biryani,0.37
I02513,R0252,Lassi,beverage,veg,77,Thick yogurt drink,beverage|veg|Biryani,0.196
I02514,R0253,Chicken Wrap,main,non-veg,251,Chicken stuffed wrap,main|non-veg|Italian|popular,0.0
I02515,R0253,Sandwich,main,veg,140,Grilled sandwich,main|veg|Italian|popular,0.0
I02516,R0253,Fries,side,veg,112,Crispy fries,side|veg|Italian,0.225
I02517,R0253,Onion Rings,side,veg,125,Crispy onion rings,side|veg|Italian,0.1
I02518,R0253,Brownie,dessert,veg,140,Chocolate brownie,dessert|veg|Italian,0.156
I02519,R0253,Ice Cream,dessert,veg,84,Vanilla ice cream,dessert|veg|Italian,0.395
I02520,R0253,Soft Drink,beverage,veg,70,Refreshing beverage,beverage|veg|Italian,0.337
I02521,R0253,Cold Coffee,beverage,veg,168,Iced coffee,beverage|veg|Italian,0.389
I02522,R0254,Chicken Wrap,main,non-veg,225,Chicken stuffed wrap,main|non-veg|Fast Food|popular,0.0
I02523,R0254,Sandwich,main,veg,125,Grilled sandwich,main|veg|Fast Food|popular,0.0
I02524,R0254,Veg Wrap,main,veg,162,Vegetable stuffed wrap,main|veg|Fast Food|popular,0.0
I02525,R0254,Fries,side,veg,100,Crispy fries,side|veg|Fast Food,0.118
I02526,R0254,Onion Rings,side,veg,112,Crispy onion rings,side|veg|Fast Food,0.217
I02527,R0254,Ice Cream,dessert,veg,75,Vanilla ice cream,dessert|veg|Fast Food,0.324
I02528,R0254,Brownie,dessert,veg,125,Chocolate brownie,dessert|veg|Fast Food,0.285
I02529,R0254,Cold Coffee,beverage,veg,150,Iced coffee,beverage|veg|Fast Food,0.212
I02530,R0254,Soft Drink,beverage,veg,62,Refreshing beverage,beverage|veg|Fast Food,0.355
I02531,R0255,Egg Biryani,main,non-veg,209,Rice with boiled eggs and spices,main|non-veg|Biryani|popular,0.0
I02532,R0255,Mutton Biryani,main,non-veg,332,Aromatic rice with succulent mutton,main|non-veg|Biryani|popular,0.0
I02533,R0255,Veg Biryani,main,veg,190,Flavorful rice with mixed vegetables,main|veg|Biryani|popular,0.0
I02534,R0255,Chicken Biryani,main,non-veg,266,Fragrant basmati rice with tender chicken pieces,main|non-veg|Biryani|popular,0.0
I02535,R0255,Raita,side,veg,38,Cooling yogurt with cucumber and spices,side|veg|Biryani,0.294
I02536,R0255,Double Ka Meetha,side,veg,76,Sweet bread pudding,side|veg|Biryani,0.186
I02537,R0255,Salan,side,veg,57,Spicy curry accompaniment,side|veg|Biryani,0.183
I02538,R0255,Khubani Ka Meetha,dessert,veg,85,Apricot dessert,dessert|veg|Biryani,0.177
I02539,R0255,Gulab Jamun,dessert,veg,57,Soft milk dumplings in sugar syrup,dessert|veg|Biryani,0.104
I02540,R0255,Lassi,beverage,veg,66,Thick yogurt drink,beverage|veg|Biryani,0.353
I02541,R0255,Soft Drink,beverage,veg,47,Refreshing carbonated beverage,beverage|veg|Biryani,0.151
I02542,R0256,Samosa,main,veg,37,Crispy pastry with filling,main|veg|Street Food|popular,0.0
I02543,R0256,Pani Puri,main,veg,75,Crispy puris with flavored water,main|veg|Street Food|popular,0.0
I02544,R0256,Pav Bhaji,main,veg,150,Mashed vegetable curry with bread,main|veg|Street Food|popular,0.0
I02545,R0256,Papad,side,veg,25,Crispy papad,side|veg|Street Food,0.256
I02546,R0256,Extra Pav,side,veg,18,Extra bread,side|veg|Street Food,0.378
I02547,R0256,Rabri,dessert,veg,100,Thickened sweet milk,dessert|veg|Street Food,0.237
I02548,R0256,Jalebi,dessert,veg,62,Sweet fried spirals,dessert|veg|Street Food,0.197
I02549,R0256,Lassi,beverage,veg,75,Yogurt drink,beverage|veg|Street Food,0.164
I02550,R0256,Masala Chai,beverage,veg,37,Spiced tea,beverage|veg|Street Food,0.326
I02551,R0257,Chicken Chettinad,main,non-veg,308,Spicy Chettinad chicken,main|non-veg|South Indian|popular,0.0
I02552,R0257,Vada,main,veg,77,Crispy fried lentil donuts,main|veg|South Indian|popular,0.0
I02553,R0257,Masala Dosa,main,veg,132,Crispy crepe with potato filling,main|veg|South Indian|popular,0.0
I02554,R0257,Idli Sambar,main,veg,88,Steamed rice cakes with lentil curry,main|veg|South Indian|popular,0.0
I02555,R0257,Coconut Chutney,side,veg,33,Fresh coconut chutney,side|veg|South Indian,0.25
I02556,R0257,Tomato Chutney,side,veg,33,Tangy tomato chutney,side|veg|South Indian,0.272
I02557,R0257,Sambar,side,veg,44,Lentil and vegetable curry,side|veg|South Indian,0.298
I02558,R0257,Payasam,dessert,veg,66,Sweet milk pudding,dessert|veg|South Indian,0.233
I02559,R0257,Kesari,dessert,veg,55,Semolina sweet,dessert|veg|South Indian,0.105
I02560,R0257,Buttermilk,beverage,veg,38,Spiced yogurt drink,beverage|veg|South Indian,0.112
I02561,R0257,Filter Coffee,beverage,veg,44,South Indian filter coffee,beverage|veg|South Indian,0.276
I02562,R0258,Smoothie,main,veg,187,Fruit smoothie,main|veg|Beverages|popular,0.0
I02563,R0258,Mojito,main,veg,137,Refreshing mint drink,main|veg|Beverages|popular,0.0
I02564,R0258,Cold Coffee,main,veg,162,Iced coffee,main|veg|Beverages|popular,0.0
I02565,R0258,Whipped Cream,side,veg,31,Extra whipped cream,side|veg|Beverages,0.332
I02566,R0258,Extra Shot,side,veg,37,Extra coffee shot,side|veg|Beverages,0.345
I02567,R0258,Cookie,dessert,veg,62,Fresh baked cookie,dessert|veg|Beverages,0.393
I02568,R0258,Muffin,dessert,veg,75,Fresh muffin,dessert|veg|Beverages,0.202
I02569,R0258,Water Bottle,beverage,veg,25,Mineral water,beverage|veg|Beverages,0.362
I02570,R0258,Soft Drink,beverage,veg,62,Refreshing beverage,beverage|veg|Beverages,0.259
I02571,R0259,Chilli Chicken,main,non-veg,286,Spicy chicken preparation,main|non-veg|Chinese|popular,0.0
I02572,R0259,Manchurian,main,veg,220,Vegetable balls in gravy,main|veg|Chinese|popular,0.0
I02573,R0259,Hakka Noodles,main,veg,187,Stir-fried noodles,main|veg|Chinese|popular,0.0
I02574,R0259,Fried Rice,main,veg,198,Stir-fried rice with vegetables,main|veg|Chinese|popular,0.0
I02575,R0259,Chilli Potato,side,veg,121,Spicy potato fingers,side|veg|Chinese,0.163
I02576,R0259,Spring Roll,side,veg,99,Crispy vegetable rolls,side|veg|Chinese,0.192
I02577,R0259,Momos,side,veg,132,Steamed dumplings,side|veg|Chinese,0.24
I02578,R0259,Date Pancake,dessert,veg,110,Sweet pancake with dates,dessert|veg|Chinese,0.372
I02579,R0259,Honey Noodles,dessert,veg,88,Crispy noodles with honey,dessert|veg|Chinese,0.198
I02580,R0259,Soft Drink,beverage,veg,55,Refreshing beverage,beverage|veg|Chinese,0.126
I02581,R0259,Green Tea,beverage,veg,44,Hot green tea,beverage|veg|Chinese,0.127
I02582,R0260,Manchurian,main,veg,190,Vegetable balls in gravy,main|veg|Chinese|popular,0.0
I02583,R0260,Fried Rice,main,veg,171,Stir-fried rice with vegetables,main|veg|Chinese|popular,0.0
I02584,R0260,Hakka Noodles,main,veg,161,Stir-fried noodles,main|veg|Chinese|popular,0.0
I02585,R0260,Chilli Chicken,main,non-veg,247,Spicy chicken preparation,main|non-veg|Chinese|popular,0.0
I02586,R0260,Chilli Potato,side,veg,104,Spicy potato fingers,side|veg|Chinese,0.193
I02587,R0260,Spring Roll,side,veg,85,Crispy vegetable rolls,side|veg|Chinese,0.297
I02588,R0260,Momos,side,veg,114,Steamed dumplings,side|veg|Chinese,0.374
I02589,R0260,Honey Noodles,dessert,veg,76,Crispy noodles with honey,dessert|veg|Chinese,0.356
I02590,R0260,Date Pancake,dessert,veg,95,Sweet pancake with dates,dessert|veg|Chinese,0.204
I02591,R0260,Green Tea,beverage,veg,38,Hot green tea,beverage|veg|Chinese,0.251
I02592,R0260,Soft Drink,beverage,veg,47,Refreshing beverage,beverage|veg|Chinese,0.395
I02593,R0261,Chicken Wrap,main,non-veg,225,Chicken stuffed wrap,main|non-veg|Fast Food|popular,0.0
I02594,R0261,Frankie,main,veg,150,Stuffed roll,main|veg|Fast Food|popular,0.0
I02595,R0261,Sandwich,main,veg,125,Grilled sandwich,main|veg|Fast Food|popular,0.0
I02596,R0261,Onion Rings,side,veg,112,Crispy onion rings,side|veg|Fast Food,0.201
I02597,R0261,Fries,side,veg,100,Crispy fries,side|veg|Fast Food,0.34
I02598,R0261,Ice Cream,dessert,veg,75,Vanilla ice cream,dessert|veg|Fast Food,0.332
I02599,R0261,Brownie,dessert,veg,125,Chocolate brownie,dessert|veg|Fast Food,0.329
I02600,R0261,Cold Coffee,beverage,veg,150,Iced coffee,beverage|veg|Fast Food,0.347
I02601,R0261,Soft Drink,beverage,veg,62,Refreshing beverage,beverage|veg|Fast Food,0.317
I02602,R0262,Frankie,main,veg,132,Stuffed roll,main|veg|Italian|popular,0.0
I02603,R0262,Sandwich,main,veg,110,Grilled sandwich,main|veg|Italian|popular,0.0
I02604,R0262,Chicken Wrap,main,non-veg,198,Chicken stuffed wrap,main|non-veg|Italian|popular,0.0
I02605,R0262,Veg Wrap,main,veg,143,Vegetable stuffed wrap,main|veg|Italian|popular,0.0
I02606,R0262,Onion Rings,side,veg,99,Crispy onion rings,side|veg|Italian,0.246
I02607,R0262,Fries,side,veg,88,Crispy fries,side|veg|Italian,0.358
I02608,R0262,Brownie,dessert,veg,110,Chocolate brownie,dessert|veg|Italian,0.199
I02609,R0262,Ice Cream,dessert,veg,66,Vanilla ice cream,dessert|veg|Italian,0.151
I02610,R0262,Cold Coffee,beverage,veg,132,Iced coffee,beverage|veg|Italian,0.226
I02611,R0262,Soft Drink,beverage,veg,55,Refreshing beverage,beverage|veg|Italian,0.338
I02612,R0263,Grilled Chicken,main,non-veg,352,Herb grilled chicken,main|non-veg|Continental|popular,0.0
I02613,R0263,Veg Steak,main,veg,308,Grilled vegetable steak,main|veg|Continental|popular,0.0
I02614,R0263,Pasta Arrabbiata,main,veg,264,Spicy tomato pasta,main|veg|Continental|popular,0.0
I02615,R0263,Fish and Chips,main,non-veg,385,Classic fish and chips,main|non-veg|Continental|popular,0.0
I02616,R0263,Mashed Potatoes,side,veg,110,Creamy mashed potatoes,side|veg|Continental,0.277
I02617,R0263,Caesar Salad,side,veg,154,Classic Caesar salad,side|veg|Continental,0.29
I02618,R0263,Garlic Bread,side,veg,99,Garlic bread,side|veg|Continental,0.153
I02619,R0263,Panna Cotta,dessert,veg,176,Italian custard,dessert|veg|Continental,0.198
I02620,R0263,Tiramisu,dessert,veg,198,Classic Italian dessert,dessert|veg|Continental,0.149
I02621,R0263,Lemonade,beverage,veg,77,Fresh lemonade,beverage|veg|Continental,0.176
I02622,R0263,Iced Tea,beverage,veg,88,Refreshing iced tea,beverage|veg|Continental,0.362
I02623,R0264,Fried Rice,main,veg,171,Stir-fried rice with vegetables,main|veg|Chinese|popular,0.0
I02624,R0264,Chilli Chicken,main,non-veg,247,Spicy chicken preparation,main|non-veg|Chinese|popular,0.0
I02625,R0264,Manchurian,main,veg,190,Vegetable balls in gravy,main|veg|Chinese|popular,0.0
I02626,R0264,Hakka Noodles,main,veg,161,Stir-fried noodles,main|veg|Chinese|popular,0.0
I02627,R0264,Chilli Potato,side,veg,104,Spicy potato fingers,side|veg|Chinese,0.111
I02628,R0264,Momos,side,veg,114,Steamed dumplings,side|veg|Chinese,0.1
I02629,R0264,Spring Roll,side,veg,85,Crispy vegetable rolls,side|veg|Chinese,0.268
I02630,R0264,Honey Noodles,dessert,veg,76,Crispy noodles with honey,dessert|veg|Chinese,0.271
I02631,R0264,Date Pancake,dessert,veg,95,Sweet pancake with dates,dessert|veg|Chinese,0.125
I02632,R0264,Soft Drink,beverage,veg,47,Refreshing beverage,beverage|veg|Chinese,0.143
I02633,R0264,Green Tea,beverage,veg,38,Hot green tea,beverage|veg|Chinese,0.269
I02634,R0265,Mojito,main,veg,154,Refreshing mint drink,main|veg|Beverages|popular,0.0
I02635,R0265,Smoothie,main,veg,210,Fruit smoothie,main|veg|Beverages|popular,0.0
I02636,R0265,Whipped Cream,side,veg,35,Extra whipped cream,side|veg|Beverages,0.351
I02637,R0265,Extra Shot,side,veg,42,Extra coffee shot,side|veg|Beverages,0.263
I02638,R0265,Cookie,dessert,veg,70,Fresh baked cookie,dessert|veg|Beverages,0.303
I02639,R0265,Muffin,dessert,veg,84,Fresh muffin,dessert|veg|Beverages,0.282
I02640,R0265,Water Bottle,beverage,veg,28,Mineral water,beverage|veg|Beverages,0.312
I02641,R0265,Soft Drink,beverage,veg,70,Refreshing beverage,beverage|veg|Beverages,0.2
I02642,R0266,Sandwich,main,veg,110,Grilled sandwich,main|veg|Fast Food|popular,0.0
I02643,R0266,Chicken Wrap,main,non-veg,198,Chicken stuffed wrap,main|non-veg|Fast Food|popular,0.0
I02644,R0266,Veg Wrap,main,veg,143,Vegetable stuffed wrap,main|veg|Fast Food|popular,0.0
I02645,R0266,Frankie,main,veg,132,Stuffed roll,main|veg|Fast Food|popular,0.0
I02646,R0266,Fries,side,veg,88,Crispy fries,side|veg|Fast Food,0.324
I02647,R0266,Onion Rings,side,veg,99,Crispy onion rings,side|veg|Fast Food,0.107
I02648,R0266,Ice Cream,dessert,veg,66,Vanilla ice cream,dessert|veg|Fast Food,0.142
I02649,R0266,Brownie,dessert,veg,110,Chocolate brownie,dessert|veg|Fast Food,0.219
I02650,R0266,Soft Drink,beverage,veg,55,Refreshing beverage,beverage|veg|Fast Food,0.179
I02651,R0266,Cold Coffee,beverage,veg,132,Iced coffee,beverage|veg|Fast Food,0.222
I02652,R0267,Chicken Biryani,main,non-veg,308,Fragrant basmati rice with tender chicken pieces,main|non-veg|Biryani|popular,0.0
I02653,R0267,Veg Biryani,main,veg,220,Flavorful rice with mixed vegetables,main|veg|Biryani|popular,0.0
I02654,R0267,Mutton Biryani,main,non-veg,385,Aromatic rice with succulent mutton,main|non-veg|Biryani|popular,0.0
I02655,R0267,Egg Biryani,main,non-veg,242,Rice with boiled eggs and spices,main|non-veg|Biryani|popular,0.0
I02656,R0267,Raita,side,veg,44,Cooling yogurt with cucumber and spices,side|veg|Biryani,0.256
I02657,R0267,Salan,side,veg,66,Spicy curry accompaniment,side|veg|Biryani,0.295
I02658,R0267,Double Ka Meetha,side,veg,88,Sweet bread pudding,side|veg|Biryani,0.371
I02659,R0267,Gulab Jamun,dessert,veg,66,Soft milk dumplings in sugar syrup,dessert|veg|Biryani,0.307
I02660,R0267,Khubani Ka Meetha,dessert,veg,99,Apricot dessert,dessert|veg|Biryani,0.112
I02661,R0267,Soft Drink,beverage,veg,55,Refreshing carbonated beverage,beverage|veg|Biryani,0.244
I02662,R0267,Lassi,beverage,veg,77,Thick yogurt drink,beverage|veg|Biryani,0.341
I02663,R0268,Veg Steak,main,veg,350,Grilled vegetable steak,main|veg|Continental|popular,0.0
I02664,R0268,Grilled Chicken,main,non-veg,400,Herb grilled chicken,main|non-veg|Continental|popular,0.0
I02665,R0268,Fish and Chips,main,non-veg,437,Classic fish and chips,main|non-veg|Continental|popular,0.0
I02666,R0268,Mashed Potatoes,side,veg,125,Creamy mashed potatoes,side|veg|Continental,0.251
I02667,R0268,Caesar Salad,side,veg,175,Classic Caesar salad,side|veg|Continental,0.212
I02668,R0268,Garlic Bread,side,veg,112,Garlic bread,side|veg|Continental,0.184
I02669,R0268,Panna Cotta,dessert,veg,200,Italian custard,dessert|veg|Continental,0.226
I02670,R0268,Tiramisu,dessert,veg,225,Classic Italian dessert,dessert|veg|Continental,0.341
I02671,R0268,Lemonade,beverage,veg,87,Fresh lemonade,beverage|veg|Continental,0.299
I02672,R0268,Iced Tea,beverage,veg,100,Refreshing iced tea,beverage|veg|Continental,0.303
I02673,R0269,Pasta Arrabbiata,main,veg,336,Spicy tomato pasta,main|veg|Continental|popular,0.0
I02674,R0269,Grilled Chicken,main,non-veg,448,Herb grilled chicken,main|non-veg|Continental|popular,0.0
I02675,R0269,Mashed Potatoes,side,veg,140,Creamy mashed potatoes,side|veg|Continental,0.373
I02676,R0269,Garlic Bread,side,veg,125,Garlic bread,side|veg|Continental,0.262
I02677,R0269,Tiramisu,dessert,veg,251,Classic Italian dessert,dessert|veg|Continental,0.109
I02678,R0269,Panna Cotta,dessert,veg,224,Italian custard,dessert|veg|Continental,0.172
I02679,R0269,Lemonade,beverage,veg,98,Fresh lemonade,beverage|veg|Continental,0.317
I02680,R0269,Iced Tea,beverage,veg,112,Refreshing iced tea,beverage|veg|Continental,0.317
I02681,R0270,Waffle,main,veg,225,Belgian waffle with toppings,main|veg|Desserts|popular,0.0
I02682,R0270,Pancake,main,veg,200,Fluffy pancakes,main|veg|Desserts|popular,0.0
I02683,R0270,Ice Cream Sundae,main,veg,187,Loaded ice cream sundae,main|veg|Desserts|popular,0.0
I02684,R0270,Syrup Shot,side,veg,37,Extra syrup,side|veg|Desserts,0.172
I02685,R0270,Extra Toppings,side,veg,50,Additional toppings,side|veg|Desserts,0.225
I02686,R0270,Cheesecake,dessert,veg,225,Creamy cheesecake,dessert|veg|Desserts,0.193
I02687,R0270,Chocolate Cake,dessert,veg,150,Rich chocolate cake,dessert|veg|Desserts,0.205
I02688,R0270,Milkshake,beverage,veg,162,Thick milkshake,beverage|veg|Desserts,0.162
I02689,R0270,Hot Chocolate,beverage,veg,125,Rich hot chocolate,beverage|veg|Desserts,0.37
I02690,R0271,Grilled Chicken,main,non-veg,352,Herb grilled chicken,main|non-veg|Continental|popular,0.0
I02691,R0271,Fish and Chips,main,non-veg,385,Classic fish and chips,main|non-veg|Continental|popular,0.0
I02692,R0271,Pasta Arrabbiata,main,veg,264,Spicy tomato pasta,main|veg|Continental|popular,0.0
I02693,R0271,Veg Steak,main,veg,308,Grilled vegetable steak,main|veg|Continental|popular,0.0
I02694,R0271,Mashed Potatoes,side,veg,110,Creamy mashed potatoes,side|veg|Continental,0.132
I02695,R0271,Garlic Bread,side,veg,99,Garlic bread,side|veg|Continental,0.115
I02696,R0271,Caesar Salad,side,veg,154,Classic Caesar salad,side|veg|Continental,0.215
I02697,R0271,Tiramisu,dessert,veg,198,Classic Italian dessert,dessert|veg|Continental,0.211
I02698,R0271,Panna Cotta,dessert,veg,176,Italian custard,dessert|veg|Continental,0.171
I02699,R0271,Iced Tea,beverage,veg,88,Refreshing iced tea,beverage|veg|Continental,0.158
I02700,R0271,Lemonade,beverage,veg,77,Fresh lemonade,beverage|veg|Continental,0.175
I02701,R0272,Pancake,main,veg,176,Fluffy pancakes,main|veg|Desserts|popular,0.0
I02702,R0272,Ice Cream Sundae,main,veg,165,Loaded ice cream sundae,main|veg|Desserts|popular,0.0
I02703,R0272,Waffle,main,veg,198,Belgian waffle with toppings,main|veg|Desserts|popular,0.0
I02704,R0272,Syrup Shot,side,veg,33,Extra syrup,side|veg|Desserts,0.193
I02705,R0272,Extra Toppings,side,veg,44,Additional toppings,side|veg|Desserts,0.296
I02706,R0272,Cheesecake,dessert,veg,198,Creamy cheesecake,dessert|veg|Desserts,0.324
I02707,R0272,Chocolate Cake,dessert,veg,132,Rich chocolate cake,dessert|veg|Desserts,0.109
I02708,R0272,Hot Chocolate,beverage,veg,110,Rich hot chocolate,beverage|veg|Desserts,0.213
I02709,R0272,Milkshake,beverage,veg,143,Thick milkshake,beverage|veg|Desserts,0.105
I02710,R0273,Mutton Biryani,main,non-veg,489,Aromatic rice with succulent mutton,main|non-veg|Biryani|popular,0.0
I02711,R0273,Egg Biryani,main,non-veg,308,Rice with boiled eggs and spices,main|non-veg|Biryani|popular,0.0
I02712,R0273,Raita,side,veg,56,Cooling yogurt with cucumber and spices,side|veg|Biryani,0.232
I02713,R0273,Salan,side,veg,84,Spicy curry accompaniment,side|veg|Biryani,0.315
I02714,R0273,Khubani Ka Meetha,dessert,veg,125,Apricot dessert,dessert|veg|Biryani,0.324
I02715,R0273,Gulab Jamun,dessert,veg,84,Soft milk dumplings in sugar syrup,dessert|veg|Biryani,0.189
I02716,R0273,Lassi,beverage,veg,98,Thick yogurt drink,beverage|veg|Biryani,0.147
I02717,R0273,Soft Drink,beverage,veg,70,Refreshing carbonated beverage,beverage|veg|Biryani,0.38
I02718,R0274,Chilli Chicken,main,non-veg,286,Spicy chicken preparation,main|non-veg|Chinese|popular,0.0
I02719,R0274,Hakka Noodles,main,veg,187,Stir-fried noodles,main|veg|Chinese|popular,0.0
I02720,R0274,Fried Rice,main,veg,198,Stir-fried rice with vegetables,main|veg|Chinese|popular,0.0
I02721,R0274,Manchurian,main,veg,220,Vegetable balls in gravy,main|veg|Chinese|popular,0.0
I02722,R0274,Chilli Potato,side,veg,121,Spicy potato fingers,side|veg|Chinese,0.309
I02723,R0274,Spring Roll,side,veg,99,Crispy vegetable rolls,side|veg|Chinese,0.351
I02724,R0274,Momos,side,veg,132,Steamed dumplings,side|veg|Chinese,0.274
I02725,R0274,Honey Noodles,dessert,veg,88,Crispy noodles with honey,dessert|veg|Chinese,0.152
I02726,R0274,Date Pancake,dessert,veg,110,Sweet pancake with dates,dessert|veg|Chinese,0.185
I02727,R0274,Green Tea,beverage,veg,44,Hot green tea,beverage|veg|Chinese,0.348
I02728,R0274,Soft Drink,beverage,veg,55,Refreshing beverage,beverage|veg|Chinese,0.375
I02729,R0275,Veg Biryani,main,veg,190,Flavorful rice with mixed vegetables,main|veg|Biryani|popular,0.0
I02730,R0275,Chicken Biryani,main,non-veg,266,Fragrant basmati rice with tender chicken pieces,main|non-veg|Biryani|popular,0.0
I02731,R0275,Egg Biryani,main,non-veg,209,Rice with boiled eggs and spices,main|non-veg|Biryani|popular,0.0
I02732,R0275,Mutton Biryani,main,non-veg,332,Aromatic rice with succulent mutton,main|non-veg|Biryani|popular,0.0
I02733,R0275,Raita,side,veg,38,Cooling yogurt with cucumber and spices,side|veg|Biryani,0.236
I02734,R0275,Salan,side,veg,57,Spicy curry accompaniment,side|veg|Biryani,0.331
I02735,R0275,Double Ka Meetha,side,veg,76,Sweet bread pudding,side|veg|Biryani,0.148
I02736,R0275,Gulab Jamun,dessert,veg,57,Soft milk dumplings in sugar syrup,dessert|veg|Biryani,0.259
I02737,R0275,Khubani Ka Meetha,dessert,veg,85,Apricot dessert,dessert|veg|Biryani,0.33
I02738,R0275,Soft Drink,beverage,veg,47,Refreshing carbonated beverage,beverage|veg|Biryani,0.349
I02739,R0275,Lassi,beverage,veg,66,Thick yogurt drink,beverage|veg|Biryani,0.207
I02740,R0276,Veg Wrap,main,veg,143,Vegetable stuffed wrap,main|veg|Fast Food|popular,0.0
I02741,R0276,Chicken Wrap,main,non-veg,198,Chicken stuffed wrap,main|non-veg|Fast Food|popular,0.0
I02742,R0276,Sandwich,main,veg,110,Grilled sandwich,main|veg|Fast Food|popular,0.0
I02743,R0276,Frankie,main,veg,132,Stuffed roll,main|veg|Fast Food|popular,0.0
I02744,R0276,Onion Rings,side,veg,99,Crispy onion rings,side|veg|Fast Food,0.351
I02745,R0276,Fries,side,veg,88,Crispy fries,side|veg|Fast Food,0.218
I02746,R0276,Brownie,dessert,veg,110,Chocolate brownie,dessert|veg|Fast Food,0.23
I02747,R0276,Ice Cream,dessert,veg,66,Vanilla ice cream,dessert|veg|Fast Food,0.33
I02748,R0276,Soft Drink,beverage,veg,55,Refreshing beverage,beverage|veg|Fast Food,0.347
I02749,R0276,Cold Coffee,beverage,veg,132,Iced coffee,beverage|veg|Fast Food,0.102
I02750,R0277,Fish and Chips,main,non-veg,385,Classic fish and chips,main|non-veg|Continental|popular,0.0
I02751,R0277,Grilled Chicken,main,non-veg,352,Herb grilled chicken,main|non-veg|Continental|popular,0.0
I02752,R0277,Pasta Arrabbiata,main,veg,264,Spicy tomato pasta,main|veg|Continental|popular,0.0
I02753,R0277,Veg Steak,main,veg,308,Grilled vegetable steak,main|veg|Continental|popular,0.0
I02754,R0277,Garlic Bread,side,veg,99,Garlic bread,side|veg|Continental,0.249
I02755,R0277,Mashed Potatoes,side,veg,110,Creamy mashed potatoes,side|veg|Continental,0.21
I02756,R0277,Caesar Salad,side,veg,154,Classic Caesar salad,side|veg|Continental,0.177
I02757,R0277,Tiramisu,dessert,veg,198,Classic Italian dessert,dessert|veg|Continental,0.251
I02758,R0277,Panna Cotta,dessert,veg,176,Italian custard,dessert|veg|Continental,0.241
I02759,R0277,Lemonade,beverage,veg,77,Fresh lemonade,beverage|veg|Continental,0.329
I02760,R0277,Iced Tea,beverage,veg,88,Refreshing iced tea,beverage|veg|Continental,0.137
I02761,R0278,Vada,main,veg,66,Crispy fried lentil donuts,main|veg|South Indian|popular,0.0
I02762,R0278,Idli Sambar,main,veg,76,Steamed rice cakes with lentil curry,main|veg|South Indian|popular,0.0
I02763,R0278,Chicken Chettinad,main,non-veg,266,Spicy Chettinad chicken,main|non-veg|South Indian|popular,0.0
I02764,R0278,Masala Dosa,main,veg,114,Crispy crepe with potato filling,main|veg|South Indian|popular,0.0
I02765,R0278,Sambar,side,veg,38,Lentil and vegetable curry,side|veg|South Indian,0.247
I02766,R0278,Coconut Chutney,side,veg,28,Fresh coconut chutney,side|veg|South Indian,0.328
I02767,R0278,Tomato Chutney,side,veg,28,Tangy tomato chutney,side|veg|South Indian,0.386
I02768,R0278,Payasam,dessert,veg,57,Sweet milk pudding,dessert|veg|South Indian,0.372
I02769,R0278,Kesari,dessert,veg,47,Semolina sweet,dessert|veg|South Indian,0.309
I02770,R0278,Filter Coffee,beverage,veg,38,South Indian filter coffee,beverage|veg|South Indian,0.3
I02771,R0278,Buttermilk,beverage,veg,33,Spiced yogurt drink,beverage|veg|South Indian,0.238
I02772,R0279,Veg Wrap,main,veg,123,Vegetable stuffed wrap,main|veg|Fast Food|popular,0.0
I02773,R0279,Sandwich,main,veg,95,Grilled sandwich,main|veg|Fast Food|popular,0.0
I02774,R0279,Chicken Wrap,main,non-veg,171,Chicken stuffed wrap,main|non-veg|Fast Food|popular,0.0
I02775,R0279,Frankie,main,veg,114,Stuffed roll,main|veg|Fast Food|popular,0.0
I02776,R0279,Onion Rings,side,veg,85,Crispy onion rings,side|veg|Fast Food,0.113
I02777,R0279,Fries,side,veg,76,Crispy fries,side|veg|Fast Food,0.174
I02778,R0279,Brownie,dessert,veg,95,Chocolate brownie,dessert|veg|Fast Food,0.166
I02779,R0279,Ice Cream,dessert,veg,57,Vanilla ice cream,dessert|veg|Fast Food,0.189
I02780,R0279,Cold Coffee,beverage,veg,114,Iced coffee,beverage|veg|Fast Food,0.341
I02781,R0279,Soft Drink,beverage,veg,47,Refreshing beverage,beverage|veg|Fast Food,0.324
I02782,R0280,Rogan Josh,main,non-veg,475,Kashmiri lamb curry,main|non-veg|North Indian|popular,0.0
I02783,R0280,Paneer Tikka,main,veg,350,Grilled cottage cheese,main|veg|North Indian|popular,0.0
I02784,R0280,Dal Makhani,main,veg,275,Creamy black lentils,main|veg|North Indian|popular,0.0
I02785,R0280,Tandoori Roti,side,veg,31,Whole wheat flatbread,side|veg|North Indian,0.246
I02786,R0280,Garlic Naan,side,veg,75,Garlic flavored naan,side|veg|North Indian,0.187
I02787,R0280,Butter Naan,side,veg,62,Buttery flatbread,side|veg|North Indian,0.154
I02788,R0280,Gulab Jamun,dessert,veg,75,Sweet milk dumplings,dessert|veg|North Indian,0.328
I02789,R0280,Rasmalai,dessert,veg,100,Soft cheese patties in milk,dessert|veg|North Indian,0.326
I02790,R0280,Buttermilk,beverage,veg,50,Spiced yogurt drink,beverage|veg|North Indian,0.376
I02791,R0280,Lassi,beverage,veg,87,Sweet yogurt drink,beverage|veg|North Indian,0.388
I02792,R0281,Fried Rice,main,veg,198,Stir-fried rice with vegetables,main|veg|Chinese|popular,0.0
I02793,R0281,Hakka Noodles,main,veg,187,Stir-fried noodles,main|veg|Chinese|popular,0.0
I02794,R0281,Manchurian,main,veg,220,Vegetable balls in gravy,main|veg|Chinese|popular,0.0
I02795,R0281,Chilli Chicken,main,non-veg,286,Spicy chicken preparation,main|non-veg|Chinese|popular,0.0
I02796,R0281,Momos,side,veg,132,Steamed dumplings,side|veg|Chinese,0.133
I02797,R0281,Chilli Potato,side,veg,121,Spicy potato fingers,side|veg|Chinese,0.198
I02798,R0281,Spring Roll,side,veg,99,Crispy vegetable rolls,side|veg|Chinese,0.351
I02799,R0281,Date Pancake,dessert,veg,110,Sweet pancake with dates,dessert|veg|Chinese,0.358
I02800,R0281,Honey Noodles,dessert,veg,88,Crispy noodles with honey,dessert|veg|Chinese,0.224
I02801,R0281,Green Tea,beverage,veg,44,Hot green tea,beverage|veg|Chinese,0.27
I02802,R0281,Soft Drink,beverage,veg,55,Refreshing beverage,beverage|veg|Chinese,0.226
I02803,R0282,Pancake,main,veg,200,Fluffy pancakes,main|veg|Desserts|popular,0.0
I02804,R0282,Ice Cream Sundae,main,veg,187,Loaded ice cream sundae,main|veg|Desserts|popular,0.0
I02805,R0282,Waffle,main,veg,225,Belgian waffle with toppings,main|veg|Desserts|popular,0.0
I02806,R0282,Syrup Shot,side,veg,37,Extra syrup,side|veg|Desserts,0.292
I02807,R0282,Extra Toppings,side,veg,50,Additional toppings,side|veg|Desserts,0.202
I02808,R0282,Cheesecake,dessert,veg,225,Creamy cheesecake,dessert|veg|Desserts,0.136
I02809,R0282,Chocolate Cake,dessert,veg,150,Rich chocolate cake,dessert|veg|Desserts,0.224
I02810,R0282,Hot Chocolate,beverage,veg,125,Rich hot chocolate,beverage|veg|Desserts,0.162
I02811,R0282,Milkshake,beverage,veg,162,Thick milkshake,beverage|veg|Desserts,0.2
I02812,R0283,Chicken Wrap,main,non-veg,225,Chicken stuffed wrap,main|non-veg|Fast Food|popular,0.0
I02813,R0283,Veg Wrap,main,veg,162,Vegetable stuffed wrap,main|veg|Fast Food|popular,0.0
I02814,R0283,Sandwich,main,veg,125,Grilled sandwich,main|veg|Fast Food|popular,0.0
I02815,R0283,Onion Rings,side,veg,112,Crispy onion rings,side|veg|Fast Food,0.379
I02816,R0283,Fries,side,veg,100,Crispy fries,side|veg|Fast Food,0.253
I02817,R0283,Brownie,dessert,veg,125,Chocolate brownie,dessert|veg|Fast Food,0.282
I02818,R0283,Ice Cream,dessert,veg,75,Vanilla ice cream,dessert|veg|Fast Food,0.12
I02819,R0283,Soft Drink,beverage,veg,62,Refreshing beverage,beverage|veg|Fast Food,0.385
I02820,R0283,Cold Coffee,beverage,veg,150,Iced coffee,beverage|veg|Fast Food,0.292
I02821,R0284,Chilli Chicken,main,non-veg,325,Spicy chicken preparation,main|non-veg|Chinese|popular,0.0
I02822,R0284,Manchurian,main,veg,250,Vegetable balls in gravy,main|veg|Chinese|popular,0.0
I02823,R0284,Hakka Noodles,main,veg,212,Stir-fried noodles,main|veg|Chinese|popular,0.0
I02824,R0284,Chilli Potato,side,veg,137,Spicy potato fingers,side|veg|Chinese,0.274
I02825,R0284,Momos,side,veg,150,Steamed dumplings,side|veg|Chinese,0.266
I02826,R0284,Spring Roll,side,veg,112,Crispy vegetable rolls,side|veg|Chinese,0.258
I02827,R0284,Date Pancake,dessert,veg,125,Sweet pancake with dates,dessert|veg|Chinese,0.126
I02828,R0284,Honey Noodles,dessert,veg,100,Crispy noodles with honey,dessert|veg|Chinese,0.227
I02829,R0284,Soft Drink,beverage,veg,62,Refreshing beverage,beverage|veg|Chinese,0.204
I02830,R0284,Green Tea,beverage,veg,50,Hot green tea,beverage|veg|Chinese,0.248
I02831,R0285,Grilled Chicken,main,non-veg,352,Herb grilled chicken,main|non-veg|Continental|popular,0.0
I02832,R0285,Pasta Arrabbiata,main,veg,264,Spicy tomato pasta,main|veg|Continental|popular,0.0
I02833,R0285,Veg Steak,main,veg,308,Grilled vegetable steak,main|veg|Continental|popular,0.0
I02834,R0285,Fish and Chips,main,non-veg,385,Classic fish and chips,main|non-veg|Continental|popular,0.0
I02835,R0285,Caesar Salad,side,veg,154,Classic Caesar salad,side|veg|Continental,0.329
I02836,R0285,Mashed Potatoes,side,veg,110,Creamy mashed potatoes,side|veg|Continental,0.344
I02837,R0285,Garlic Bread,side,veg,99,Garlic bread,side|veg|Continental,0.32
I02838,R0285,Panna Cotta,dessert,veg,176,Italian custard,dessert|veg|Continental,0.14
I02839,R0285,Tiramisu,dessert,veg,198,Classic Italian dessert,dessert|veg|Continental,0.101
I02840,R0285,Iced Tea,beverage,veg,88,Refreshing iced tea,beverage|veg|Continental,0.245
I02841,R0285,Lemonade,beverage,veg,77,Fresh lemonade,beverage|veg|Continental,0.222
I02842,R0286,Veg Wrap,main,veg,182,Vegetable stuffed wrap,main|veg|Fast Food|popular,0.0
I02843,R0286,Frankie,main,veg,168,Stuffed roll,main|veg|Fast Food|popular,0.0
I02844,R0286,Onion Rings,side,veg,125,Crispy onion rings,side|veg|Fast Food,0.161
I02845,R0286,Fries,side,veg,112,Crispy fries,side|veg|Fast Food,0.132
I02846,R0286,Ice Cream,dessert,veg,84,Vanilla ice cream,dessert|veg|Fast Food,0.173
I02847,R0286,Brownie,dessert,veg,140,Chocolate brownie,dessert|veg|Fast Food,0.399
I02848,R0286,Soft Drink,beverage,veg,70,Refreshing beverage,beverage|veg|Fast Food,0.3
I02849,R0286,Cold Coffee,beverage,veg,168,Iced coffee,beverage|veg|Fast Food,0.168
I02850,R0287,Waffle,main,veg,225,Belgian waffle with toppings,main|veg|Desserts|popular,0.0
I02851,R0287,Ice Cream Sundae,main,veg,187,Loaded ice cream sundae,main|veg|Desserts|popular,0.0
I02852,R0287,Pancake,main,veg,200,Fluffy pancakes,main|veg|Desserts|popular,0.0
I02853,R0287,Extra Toppings,side,veg,50,Additional toppings,side|veg|Desserts,0.158
I02854,R0287,Syrup Shot,side,veg,37,Extra syrup,side|veg|Desserts,0.224
I02855,R0287,Cheesecake,dessert,veg,225,Creamy cheesecake,dessert|veg|Desserts,0.241
I02856,R0287,Chocolate Cake,dessert,veg,150,Rich chocolate cake,dessert|veg|Desserts,0.292
I02857,R0287,Milkshake,beverage,veg,162,Thick milkshake,beverage|veg|Desserts,0.236
I02858,R0287,Hot Chocolate,beverage,veg,125,Rich hot chocolate,beverage|veg|Desserts,0.217
I02859,R0288,Pancake,main,veg,200,Fluffy pancakes,main|veg|Desserts|popular,0.0
I02860,R0288,Waffle,main,veg,225,Belgian waffle with toppings,main|veg|Desserts|popular,0.0
I02861,R0288,Ice Cream Sundae,main,veg,187,Loaded ice cream sundae,main|veg|Desserts|popular,0.0
I02862,R0288,Syrup Shot,side,veg,37,Extra syrup,side|veg|Desserts,0.101
I02863,R0288,Extra Toppings,side,veg,50,Additional toppings,side|veg|Desserts,0.189
I02864,R0288,Chocolate Cake,dessert,veg,150,Rich chocolate cake,dessert|veg|Desserts,0.165
I02865,R0288,Cheesecake,dessert,veg,225,Creamy cheesecake,dessert|veg|Desserts,0.323
I02866,R0288,Milkshake,beverage,veg,162,Thick milkshake,beverage|veg|Desserts,0.106
I02867,R0288,Hot Chocolate,beverage,veg,125,Rich hot chocolate,beverage|veg|Desserts,0.326
I02868,R0289,Fish and Chips,main,non-veg,385,Classic fish and chips,main|non-veg|Continental|popular,0.0
I02869,R0289,Veg Steak,main,veg,308,Grilled vegetable steak,main|veg|Continental|popular,0.0
I02870,R0289,Grilled Chicken,main,non-veg,352,Herb grilled chicken,main|non-veg|Continental|popular,0.0
I02871,R0289,Pasta Arrabbiata,main,veg,264,Spicy tomato pasta,main|veg|Continental|popular,0.0
I02872,R0289,Garlic Bread,side,veg,99,Garlic bread,side|veg|Continental,0.324
I02873,R0289,Caesar Salad,side,veg,154,Classic Caesar salad,side|veg|Continental,0.197
I02874,R0289,Mashed Potatoes,side,veg,110,Creamy mashed potatoes,side|veg|Continental,0.305
I02875,R0289,Tiramisu,dessert,veg,198,Classic Italian dessert,dessert|veg|Continental,0.352
I02876,R0289,Panna Cotta,dessert,veg,176,Italian custard,dessert|veg|Continental,0.124
I02877,R0289,Iced Tea,beverage,veg,88,Refreshing iced tea,beverage|veg|Continental,0.39
I02878,R0289,Lemonade,beverage,veg,77,Fresh lemonade,beverage|veg|Continental,0.35
I02879,R0290,Veg Wrap,main,veg,123,Vegetable stuffed wrap,main|veg|Italian|popular,0.0
I02880,R0290,Sandwich,main,veg,95,Grilled sandwich,main|veg|Italian|popular,0.0
I02881,R0290,Chicken Wrap,main,non-veg,171,Chicken stuffed wrap,main|non-veg|Italian|popular,0.0
I02882,R0290,Frankie,main,veg,114,Stuffed roll,main|veg|Italian|popular,0.0
I02883,R0290,Onion Rings,side,veg,85,Crispy onion rings,side|veg|Italian,0.298
I02884,R0290,Fries,side,veg,76,Crispy fries,side|veg|Italian,0.269
I02885,R0290,Ice Cream,dessert,veg,57,Vanilla ice cream,dessert|veg|Italian,0.313
I02886,R0290,Brownie,dessert,veg,95,Chocolate brownie,dessert|veg|Italian,0.128
I02887,R0290,Soft Drink,beverage,veg,47,Refreshing beverage,beverage|veg|Italian,0.24
I02888,R0290,Cold Coffee,beverage,veg,114,Iced coffee,beverage|veg|Italian,0.339
I02889,R0291,Pani Puri,main,veg,66,Crispy puris with flavored water,main|veg|Street Food|popular,0.0
I02890,R0291,Samosa,main,veg,33,Crispy pastry with filling,main|veg|Street Food|popular,0.0
I02891,R0291,Pav Bhaji,main,veg,132,Mashed vegetable curry with bread,main|veg|Street Food|popular,0.0
I02892,R0291,Chole Bhature,main,veg,143,Chickpea curry with fried bread,main|veg|Street Food|popular,0.0
I02893,R0291,Papad,side,veg,22,Crispy papad,side|veg|Street Food,0.169
I02894,R0291,Extra Pav,side,veg,16,Extra bread,side|veg|Street Food,0.295
I02895,R0291,Rabri,dessert,veg,88,Thickened sweet milk,dessert|veg|Street Food,0.153
I02896,R0291,Jalebi,dessert,veg,55,Sweet fried spirals,dessert|veg|Street Food,0.122
I02897,R0291,Masala Chai,beverage,veg,33,Spiced tea,beverage|veg|Street Food,0.224
I02898,R0291,Lassi,beverage,veg,66,Yogurt drink,beverage|veg|Street Food,0.355
I02899,R0292,Sandwich,main,veg,110,Grilled sandwich,main|veg|Italian|popular,0.0
I02900,R0292,Chicken Wrap,main,non-veg,198,Chicken stuffed wrap,main|non-veg|Italian|popular,0.0
I02901,R0292,Veg Wrap,main,veg,143,Vegetable stuffed wrap,main|veg|Italian|popular,0.0
I02902,R0292,Frankie,main,veg,132,Stuffed roll,main|veg|Italian|popular,0.0
I02903,R0292,Fries,side,veg,88,Crispy fries,side|veg|Italian,0.283
I02904,R0292,Onion Rings,side,veg,99,Crispy onion rings,side|veg|Italian,0.315
I02905,R0292,Brownie,dessert,veg,110,Chocolate brownie,dessert|veg|Italian,0.35
I02906,R0292,Ice Cream,dessert,veg,66,Vanilla ice cream,dessert|veg|Italian,0.247
I02907,R0292,Soft Drink,beverage,veg,55,Refreshing beverage,beverage|veg|Italian,0.29
I02908,R0292,Cold Coffee,beverage,veg,132,Iced coffee,beverage|veg|Italian,0.159
I02909,R0293,Masala Dosa,main,veg,114,Crispy crepe with potato filling,main|veg|South Indian|popular,0.0
I02910,R0293,Vada,main,veg,66,Crispy fried lentil donuts,main|veg|South Indian|popular,0.0
I02911,R0293,Chicken Chettinad,main,non-veg,266,Spicy Chettinad chicken,main|non-veg|South Indian|popular,0.0
I02912,R0293,Idli Sambar,main,veg,76,Steamed rice cakes with lentil curry,main|veg|South Indian|popular,0.0
I02913,R0293,Sambar,side,veg,38,Lentil and vegetable curry,side|veg|South Indian,0.138
I02914,R0293,Tomato Chutney,side,veg,28,Tangy tomato chutney,side|veg|South Indian,0.307
I02915,R0293,Coconut Chutney,side,veg,28,Fresh coconut chutney,side|veg|South Indian,0.386
I02916,R0293,Kesari,dessert,veg,47,Semolina sweet,dessert|veg|South Indian,0.235
I02917,R0293,Payasam,dessert,veg,57,Sweet milk pudding,dessert|veg|South Indian,0.129
I02918,R0293,Buttermilk,beverage,veg,33,Spiced yogurt drink,beverage|veg|South Indian,0.344
I02919,R0293,Filter Coffee,beverage,veg,38,South Indian filter coffee,beverage|veg|South Indian,0.348
I02920,R0294,Pasta Arrabbiata,main,veg,264,Spicy tomato pasta,main|veg|Continental|popular,0.0
I02921,R0294,Grilled Chicken,main,non-veg,352,Herb grilled chicken,main|non-veg|Continental|popular,0.0
I02922,R0294,Veg Steak,main,veg,308,Grilled vegetable steak,main|veg|Continental|popular,0.0
I02923,R0294,Fish and Chips,main,non-veg,385,Classic fish and chips,main|non-veg|Continental|popular,0.0
I02924,R0294,Caesar Salad,side,veg,154,Classic Caesar salad,side|veg|Continental,0.237
I02925,R0294,Garlic Bread,side,veg,99,Garlic bread,side|veg|Continental,0.12
I02926,R0294,Mashed Potatoes,side,veg,110,Creamy mashed potatoes,side|veg|Continental,0.31
I02927,R0294,Panna Cotta,dessert,veg,176,Italian custard,dessert|veg|Continental,0.146
I02928,R0294,Tiramisu,dessert,veg,198,Classic Italian dessert,dessert|veg|Continental,0.355
I02929,R0294,Lemonade,beverage,veg,77,Fresh lemonade,beverage|veg|Continental,0.25
I02930,R0294,Iced Tea,beverage,veg,88,Refreshing iced tea,beverage|veg|Continental,0.148
I02931,R0295,Chicken Wrap,main,non-veg,198,Chicken stuffed wrap,main|non-veg|Italian|popular,0.0
I02932,R0295,Sandwich,main,veg,110,Grilled sandwich,main|veg|Italian|popular,0.0
I02933,R0295,Veg Wrap,main,veg,143,Vegetable stuffed wrap,main|veg|Italian|popular,0.0
I02934,R0295,Frankie,main,veg,132,Stuffed roll,main|veg|Italian|popular,0.0
I02935,R0295,Fries,side,veg,88,Crispy fries,side|veg|Italian,0.136
I02936,R0295,Onion Rings,side,veg,99,Crispy onion rings,side|veg|Italian,0.276
I02937,R0295,Brownie,dessert,veg,110,Chocolate brownie,dessert|veg|Italian,0.224
I02938,R0295,Ice Cream,dessert,veg,66,Vanilla ice cream,dessert|veg|Italian,0.272
I02939,R0295,Soft Drink,beverage,veg,55,Refreshing beverage,beverage|veg|Italian,0.318
I02940,R0295,Cold Coffee,beverage,veg,132,Iced coffee,beverage|veg|Italian,0.222
I02941,R0296,Sandwich,main,veg,95,Grilled sandwich,main|veg|Italian|popular,0.0
I02942,R0296,Chicken Wrap,main,non-veg,171,Chicken stuffed wrap,main|non-veg|Italian|popular,0.0
I02943,R0296,Frankie,main,veg,114,Stuffed roll,main|veg|Italian|popular,0.0
I02944,R0296,Veg Wrap,main,veg,123,Vegetable stuffed wrap,main|veg|Italian|popular,0.0
I02945,R0296,Fries,side,veg,76,Crispy fries,side|veg|Italian,0.388
I02946,R0296,Onion Rings,side,veg,85,Crispy onion rings,side|veg|Italian,0.311
I02947,R0296,Brownie,dessert,veg,95,Chocolate brownie,dessert|veg|Italian,0.352
I02948,R0296,Ice Cream,dessert,veg,57,Vanilla ice cream,dessert|veg|Italian,0.297
I02949,R0296,Cold Coffee,beverage,veg,114,Iced coffee,beverage|veg|Italian,0.367
I02950,R0296,Soft Drink,beverage,veg,47,Refreshing beverage,beverage|veg|Italian,0.387
I02951,R0297,Dal Makhani,main,veg,209,Creamy black lentils,main|veg|North Indian|popular,0.0
I02952,R0297,Rogan Josh,main,non-veg,361,Kashmiri lamb curry,main|non-veg|North Indian|popular,0.0
I02953,R0297,Paneer Tikka,main,veg,266,Grilled cottage cheese,main|veg|North Indian|popular,0.0
I02954,R0297,Butter Chicken,main,non-veg,304,Creamy tomato-based chicken curry,main|non-veg|North Indian|popular,0.0
I02955,R0297,Garlic Naan,side,veg,57,Garlic flavored naan,side|veg|North Indian,0.237
I02956,R0297,Jeera Rice,side,veg,114,Cumin flavored rice,side|veg|North Indian,0.35
I02957,R0297,Tandoori Roti,side,veg,23,Whole wheat flatbread,side|veg|North Indian,0.396
I02958,R0297,Butter Naan,side,veg,47,Buttery flatbread,side|veg|North Indian,0.359
I02959,R0297,Gulab Jamun,dessert,veg,57,Sweet milk dumplings,dessert|veg|North Indian,0.376
I02960,R0297,Rasmalai,dessert,veg,76,Soft cheese patties in milk,dessert|veg|North Indian,0.261
I02961,R0297,Buttermilk,beverage,veg,38,Spiced yogurt drink,beverage|veg|North Indian,0.288
I02962,R0297,Lassi,beverage,veg,66,Sweet yogurt drink,beverage|veg|North Indian,0.105
I02963,R0298,Pani Puri,main,veg,66,Crispy puris with flavored water,main|veg|Street Food|popular,0.0
I02964,R0298,Chole Bhature,main,veg,143,Chickpea curry with fried bread,main|veg|Street Food|popular,0.0
I02965,R0298,Samosa,main,veg,33,Crispy pastry with filling,main|veg|Street Food|popular,0.0
I02966,R0298,Pav Bhaji,main,veg,132,Mashed vegetable curry with bread,main|veg|Street Food|popular,0.0
I02967,R0298,Papad,side,veg,22,Crispy papad,side|veg|Street Food,0.323
I02968,R0298,Extra Pav,side,veg,16,Extra bread,side|veg|Street Food,0.255
I02969,R0298,Jalebi,dessert,veg,55,Sweet fried spirals,dessert|veg|Street Food,0.269
I02970,R0298,Rabri,dessert,veg,88,Thickened sweet milk,dessert|veg|Street Food,0.295
I02971,R0298,Lassi,beverage,veg,66,Yogurt drink,beverage|veg|Street Food,0.215
I02972,R0298,Masala Chai,beverage,veg,33,Spiced tea,beverage|veg|Street Food,0.105
I02973,R0299,Pani Puri,main,veg,75,Crispy puris with flavored water,main|veg|Street Food|popular,0.0
I02974,R0299,Chole Bhature,main,veg,162,Chickpea curry with fried bread,main|veg|Street Food|popular,0.0
I02975,R0299,Pav Bhaji,main,veg,150,Mashed vegetable curry with bread,main|veg|Street Food|popular,0.0
I02976,R0299,Extra Pav,side,veg,18,Extra bread,side|veg|Street Food,0.291
I02977,R0299,Papad,side,veg,25,Crispy papad,side|veg|Street Food,0.109
I02978,R0299,Rabri,dessert,veg,100,Thickened sweet milk,dessert|veg|Street Food,0.269
I02979,R0299,Jalebi,dessert,veg,62,Sweet fried spirals,dessert|veg|Street Food,0.198
I02980,R0299,Masala Chai,beverage,veg,37,Spiced tea,beverage|veg|Street Food,0.11
I02981,R0299,Lassi,beverage,veg,75,Yogurt drink,beverage|veg|Street Food,0.259
I02982,R0300,Chicken Biryani,main,non-veg,266,Fragrant basmati rice with tender chicken pieces,main|non-veg|Biryani|popular,0.0
I02983,R0300,Mutton Biryani,main,non-veg,332,Aromatic rice with succulent mutton,main|non-veg|Biryani|popular,0.0
I02984,R0300,Egg Biryani,main,non-veg,209,Rice with boiled eggs and spices,main|non-veg|Biryani|popular,0.0
I02985,R0300,Veg Biryani,main,veg,190,Flavorful rice with mixed vegetables,main|veg|Biryani|popular,0.0
I02986,R0300,Double Ka Meetha,side,veg,76,Sweet bread pudding,side|veg|Biryani,0.371
I02987,R0300,Raita,side,veg,38,Cooling yogurt with cucumber and spices,side|veg|Biryani,0.371
I02988,R0300,Salan,side,veg,57,Spicy curry accompaniment,side|veg|Biryani,0.378
I02989,R0300,Gulab Jamun,dessert,veg,57,Soft milk dumplings in sugar syrup,dessert|veg|Biryani,0.383
I02990,R0300,Khubani Ka Meetha,dessert,veg,85,Apricot dessert,dessert|veg|Biryani,0.147
I02991,R0300,Lassi,beverage,veg,66,Thick yogurt drink,beverage|veg|Biryani,0.356
I02992,R0300,Soft Drink,beverage,veg,47,Refreshing carbonated beverage,beverage|veg|Biryani,0.229
I02993,R0301,Ice Cream Sundae,main,veg,187,Loaded ice cream sundae,main|veg|Desserts|popular,0.0
I02994,R0301,Waffle,main,veg,225,Belgian waffle with toppings,main|veg|Desserts|popular,0.0
I02995,R0301,Pancake,main,veg,200,Fluffy pancakes,main|veg|Desserts|popular,0.0
I02996,R0301,Extra Toppings,side,veg,50,Additional toppings,side|veg|Desserts,0.294
I02997,R0301,Syrup Shot,side,veg,37,Extra syrup,side|veg|Desserts,0.167
I02998,R0301,Cheesecake,dessert,veg,225,Creamy cheesecake,dessert|veg|Desserts,0.396
I02999,R0301,Chocolate Cake,dessert,veg,150,Rich chocolate cake,dessert|veg|Desserts,0.213
I03000,R0301,Milkshake,beverage,veg,162,Thick milkshake,beverage|veg|Desserts,0.1
I03001,R0301,Hot Chocolate,beverage,veg,125,Rich hot chocolate,beverage|veg|Desserts,0.292
I03002,R0302,Grilled Chicken,main,non-veg,352,Herb grilled chicken,main|non-veg|Continental|popular,0.0
I03003,R0302,Pasta Arrabbiata,main,veg,264,Spicy tomato pasta,main|veg|Continental|popular,0.0
I03004,R0302,Fish and Chips,main,non-veg,385,Classic fish and chips,main|non-veg|Continental|popular,0.0
I03005,R0302,Veg Steak,main,veg,308,Grilled vegetable steak,main|veg|Continental|popular,0.0
I03006,R0302,Garlic Bread,side,veg,99,Garlic bread,side|veg|Continental,0.277
I03007,R0302,Caesar Salad,side,veg,154,Classic Caesar salad,side|veg|Continental,0.247
I03008,R0302,Mashed Potatoes,side,veg,110,Creamy mashed potatoes,side|veg|Continental,0.11
I03009,R0302,Panna Cotta,dessert,veg,176,Italian custard,dessert|veg|Continental,0.346
I03010,R0302,Tiramisu,dessert,veg,198,Classic Italian dessert,dessert|veg|Continental,0.16
I03011,R0302,Iced Tea,beverage,veg,88,Refreshing iced tea,beverage|veg|Continental,0.218
I03012,R0302,Lemonade,beverage,veg,77,Fresh lemonade,beverage|veg|Continental,0.318
I03013,R0303,Chicken Biryani,main,non-veg,308,Fragrant basmati rice with tender chicken pieces,main|non-veg|Biryani|popular,0.0
I03014,R0303,Veg Biryani,main,veg,220,Flavorful rice with mixed vegetables,main|veg|Biryani|popular,0.0
I03015,R0303,Mutton Biryani,main,non-veg,385,Aromatic rice with succulent mutton,main|non-veg|Biryani|popular,0.0
I03016,R0303,Egg Biryani,main,non-veg,242,Rice with boiled eggs and spices,main|non-veg|Biryani|popular,0.0
I03017,R0303,Salan,side,veg,66,Spicy curry accompaniment,side|veg|Biryani,0.316
I03018,R0303,Double Ka Meetha,side,veg,88,Sweet bread pudding,side|veg|Biryani,0.115
I03019,R0303,Raita,side,veg,44,Cooling yogurt with cucumber and spices,side|veg|Biryani,0.206
I03020,R0303,Khubani Ka Meetha,dessert,veg,99,Apricot dessert,dessert|veg|Biryani,0.117
I03021,R0303,Gulab Jamun,dessert,veg,66,Soft milk dumplings in sugar syrup,dessert|veg|Biryani,0.148
I03022,R0303,Soft Drink,beverage,veg,55,Refreshing carbonated beverage,beverage|veg|Biryani,0.141
I03023,R0303,Lassi,beverage,veg,77,Thick yogurt drink,beverage|veg|Biryani,0.277
I03024,R0304,Ice Cream Sundae,main,veg,165,Loaded ice cream sundae,main|veg|Desserts|popular,0.0
I03025,R0304,Waffle,main,veg,198,Belgian waffle with toppings,main|veg|Desserts|popular,0.0
I03026,R0304,Pancake,main,veg,176,Fluffy pancakes,main|veg|Desserts|popular,0.0
I03027,R0304,Extra Toppings,side,veg,44,Additional toppings,side|veg|Desserts,0.182
I03028,R0304,Syrup Shot,side,veg,33,Extra syrup,side|veg|Desserts,0.249
I03029,R0304,Chocolate Cake,dessert,veg,132,Rich chocolate cake,dessert|veg|Desserts,0.269
I03030,R0304,Cheesecake,dessert,veg,198,Creamy cheesecake,dessert|veg|Desserts,0.255
I03031,R0304,Milkshake,beverage,veg,143,Thick milkshake,beverage|veg|Desserts,0.355
I03032,R0304,Hot Chocolate,beverage,veg,110,Rich hot chocolate,beverage|veg|Desserts,0.334
I03033,R0305,Waffle,main,veg,198,Belgian waffle with toppings,main|veg|Desserts|popular,0.0
I03034,R0305,Ice Cream Sundae,main,veg,165,Loaded ice cream sundae,main|veg|Desserts|popular,0.0
I03035,R0305,Pancake,main,veg,176,Fluffy pancakes,main|veg|Desserts|popular,0.0
I03036,R0305,Syrup Shot,side,veg,33,Extra syrup,side|veg|Desserts,0.112
I03037,R0305,Extra Toppings,side,veg,44,Additional toppings,side|veg|Desserts,0.121
I03038,R0305,Chocolate Cake,dessert,veg,132,Rich chocolate cake,dessert|veg|Desserts,0.235
I03039,R0305,Cheesecake,dessert,veg,198,Creamy cheesecake,dessert|veg|Desserts,0.256
I03040,R0305,Milkshake,beverage,veg,143,Thick milkshake,beverage|veg|Desserts,0.218
I03041,R0305,Hot Chocolate,beverage,veg,110,Rich hot chocolate,beverage|veg|Desserts,0.375
I03042,R0306,Idli Sambar,main,veg,88,Steamed rice cakes with lentil curry,main|veg|South Indian|popular,0.0
I03043,R0306,Vada,main,veg,77,Crispy fried lentil donuts,main|veg|South Indian|popular,0.0
I03044,R0306,Chicken Chettinad,main,non-veg,308,Spicy Chettinad chicken,main|non-veg|South Indian|popular,0.0
I03045,R0306,Masala Dosa,main,veg,132,Crispy crepe with potato filling,main|veg|South Indian|popular,0.0
I03046,R0306,Tomato Chutney,side,veg,33,Tangy tomato chutney,side|veg|South Indian,0.326
I03047,R0306,Coconut Chutney,side,veg,33,Fresh coconut chutney,side|veg|South Indian,0.17
I03048,R0306,Sambar,side,veg,44,Lentil and vegetable curry,side|veg|South Indian,0.272
I03049,R0306,Payasam,dessert,veg,66,Sweet milk pudding,dessert|veg|South Indian,0.131
I03050,R0306,Kesari,dessert,veg,55,Semolina sweet,dessert|veg|South Indian,0.132
I03051,R0306,Buttermilk,beverage,veg,38,Spiced yogurt drink,beverage|veg|South Indian,0.249
I03052,R0306,Filter Coffee,beverage,veg,44,South Indian filter coffee,beverage|veg|South Indian,0.257
I03053,R0307,Mutton Biryani,main,non-veg,332,Aromatic rice with succulent mutton,main|non-veg|Biryani|popular,0.0
I03054,R0307,Chicken Biryani,main,non-veg,266,Fragrant basmati rice with tender chicken pieces,main|non-veg|Biryani|popular,0.0
I03055,R0307,Veg Biryani,main,veg,190,Flavorful rice with mixed vegetables,main|veg|Biryani|popular,0.0
I03056,R0307,Egg Biryani,main,non-veg,209,Rice with boiled eggs and spices,main|non-veg|Biryani|popular,0.0
I03057,R0307,Salan,side,veg,57,Spicy curry accompaniment,side|veg|Biryani,0.38
I03058,R0307,Double Ka Meetha,side,veg,76,Sweet bread pudding,side|veg|Biryani,0.262
I03059,R0307,Raita,side,veg,38,Cooling yogurt with cucumber and spices,side|veg|Biryani,0.176
I03060,R0307,Gulab Jamun,dessert,veg,57,Soft milk dumplings in sugar syrup,dessert|veg|Biryani,0.289
I03061,R0307,Khubani Ka Meetha,dessert,veg,85,Apricot dessert,dessert|veg|Biryani,0.131
I03062,R0307,Soft Drink,beverage,veg,47,Refreshing carbonated beverage,beverage|veg|Biryani,0.327
I03063,R0307,Lassi,beverage,veg,66,Thick yogurt drink,beverage|veg|Biryani,0.28
I03064,R0308,Fried Rice,main,veg,251,Stir-fried rice with vegetables,main|veg|Chinese|popular,0.0
I03065,R0308,Manchurian,main,veg,280,Vegetable balls in gravy,main|veg|Chinese|popular,0.0
I03066,R0308,Momos,side,veg,168,Steamed dumplings,side|veg|Chinese,0.299
I03067,R0308,Spring Roll,side,veg,125,Crispy vegetable rolls,side|veg|Chinese,0.185
I03068,R0308,Honey Noodles,dessert,veg,112,Crispy noodles with honey,dessert|veg|Chinese,0.269
I03069,R0308,Date Pancake,dessert,veg,140,Sweet pancake with dates,dessert|veg|Chinese,0.286
I03070,R0308,Soft Drink,beverage,veg,70,Refreshing beverage,beverage|veg|Chinese,0.328
I03071,R0308,Green Tea,beverage,veg,56,Hot green tea,beverage|veg|Chinese,0.142
I03072,R0309,Chilli Chicken,main,non-veg,286,Spicy chicken preparation,main|non-veg|Chinese|popular,0.0
I03073,R0309,Manchurian,main,veg,220,Vegetable balls in gravy,main|veg|Chinese|popular,0.0
I03074,R0309,Hakka Noodles,main,veg,187,Stir-fried noodles,main|veg|Chinese|popular,0.0
I03075,R0309,Fried Rice,main,veg,198,Stir-fried rice with vegetables,main|veg|Chinese|popular,0.0
I03076,R0309,Momos,side,veg,132,Steamed dumplings,side|veg|Chinese,0.398
I03077,R0309,Chilli Potato,side,veg,121,Spicy potato fingers,side|veg|Chinese,0.216
I03078,R0309,Spring Roll,side,veg,99,Crispy vegetable rolls,side|veg|Chinese,0.15
I03079,R0309,Date Pancake,dessert,veg,110,Sweet pancake with dates,dessert|veg|Chinese,0.368
I03080,R0309,Honey Noodles,dessert,veg,88,Crispy noodles with honey,dessert|veg|Chinese,0.334
I03081,R0309,Green Tea,beverage,veg,44,Hot green tea,beverage|veg|Chinese,0.294
I03082,R0309,Soft Drink,beverage,veg,55,Refreshing beverage,beverage|veg|Chinese,0.269
I03083,R0310,Rogan Josh,main,non-veg,475,Kashmiri lamb curry,main|non-veg|North Indian|popular,0.0
I03084,R0310,Dal Makhani,main,veg,275,Creamy black lentils,main|veg|North Indian|popular,0.0
I03085,R0310,Butter Chicken,main,non-veg,400,Creamy tomato-based chicken curry,main|non-veg|North Indian|popular,0.0
I03086,R0310,Tandoori Roti,side,veg,31,Whole wheat flatbread,side|veg|North Indian,0.301
I03087,R0310,Garlic Naan,side,veg,75,Garlic flavored naan,side|veg|North Indian,0.296
I03088,R0310,Jeera Rice,side,veg,150,Cumin flavored rice,side|veg|North Indian,0.106
I03089,R0310,Gulab Jamun,dessert,veg,75,Sweet milk dumplings,dessert|veg|North Indian,0.222
I03090,R0310,Rasmalai,dessert,veg,100,Soft cheese patties in milk,dessert|veg|North Indian,0.148
I03091,R0310,Lassi,beverage,veg,87,Sweet yogurt drink,beverage|veg|North Indian,0.312
I03092,R0310,Buttermilk,beverage,veg,50,Spiced yogurt drink,beverage|veg|North Indian,0.154
I03093,R0311,Frankie,main,veg,132,Stuffed roll,main|veg|Italian|popular,0.0
I03094,R0311,Veg Wrap,main,veg,143,Vegetable stuffed wrap,main|veg|Italian|popular,0.0
I03095,R0311,Sandwich,main,veg,110,Grilled sandwich,main|veg|Italian|popular,0.0
I03096,R0311,Chicken Wrap,main,non-veg,198,Chicken stuffed wrap,main|non-veg|Italian|popular,0.0
I03097,R0311,Onion Rings,side,veg,99,Crispy onion rings,side|veg|Italian,0.204
I03098,R0311,Fries,side,veg,88,Crispy fries,side|veg|Italian,0.193
I03099,R0311,Ice Cream,dessert,veg,66,Vanilla ice cream,dessert|veg|Italian,0.135
I03100,R0311,Brownie,dessert,veg,110,Chocolate brownie,dessert|veg|Italian,0.167
I03101,R0311,Soft Drink,beverage,veg,55,Refreshing beverage,beverage|veg|Italian,0.344
I03102,R0311,Cold Coffee,beverage,veg,132,Iced coffee,beverage|veg|Italian,0.253
I03103,R0312,Butter Chicken,main,non-veg,352,Creamy tomato-based chicken curry,main|non-veg|North Indian|popular,0.0
I03104,R0312,Paneer Tikka,main,veg,308,Grilled cottage cheese,main|veg|North Indian|popular,0.0
I03105,R0312,Dal Makhani,main,veg,242,Creamy black lentils,main|veg|North Indian|popular,0.0
I03106,R0312,Rogan Josh,main,non-veg,418,Kashmiri lamb curry,main|non-veg|North Indian|popular,0.0
I03107,R0312,Tandoori Roti,side,veg,27,Whole wheat flatbread,side|veg|North Indian,0.278
I03108,R0312,Garlic Naan,side,veg,66,Garlic flavored naan,side|veg|North Indian,0.396
I03109,R0312,Jeera Rice,side,veg,132,Cumin flavored rice,side|veg|North Indian,0.335
I03110,R0312,Butter Naan,side,veg,55,Buttery flatbread,side|veg|North Indian,0.344
I03111,R0312,Gulab Jamun,dessert,veg,66,Sweet milk dumplings,dessert|veg|North Indian,0.362
I03112,R0312,Rasmalai,dessert,veg,88,Soft cheese patties in milk,dessert|veg|North Indian,0.118
I03113,R0312,Lassi,beverage,veg,77,Sweet yogurt drink,beverage|veg|North Indian,0.196
I03114,R0312,Buttermilk,beverage,veg,44,Spiced yogurt drink,beverage|veg|North Indian,0.231
I03115,R0313,Cold Coffee,main,veg,123,Iced coffee,main|veg|Beverages|popular,0.0
I03116,R0313,Mojito,main,veg,104,Refreshing mint drink,main|veg|Beverages|popular,0.0
I03117,R0313,Smoothie,main,veg,142,Fruit smoothie,main|veg|Beverages|popular,0.0
I03118,R0313,Extra Shot,side,veg,28,Extra coffee shot,side|veg|Beverages,0.163
I03119,R0313,Whipped Cream,side,veg,23,Extra whipped cream,side|veg|Beverages,0.104
I03120,R0313,Muffin,dessert,veg,57,Fresh muffin,dessert|veg|Beverages,0.259
I03121,R0313,Cookie,dessert,veg,47,Fresh baked cookie,dessert|veg|Beverages,0.133
I03122,R0313,Soft Drink,beverage,veg,47,Refreshing beverage,beverage|veg|Beverages,0.328
I03123,R0313,Water Bottle,beverage,veg,19,Mineral water,beverage|veg|Beverages,0.242
I03124,R0314,Pasta Arrabbiata,main,veg,264,Spicy tomato pasta,main|veg|Continental|popular,0.0
I03125,R0314,Veg Steak,main,veg,308,Grilled vegetable steak,main|veg|Continental|popular,0.0
I03126,R0314,Fish and Chips,main,non-veg,385,Classic fish and chips,main|non-veg|Continental|popular,0.0
I03127,R0314,Grilled Chicken,main,non-veg,352,Herb grilled chicken,main|non-veg|Continental|popular,0.0
I03128,R0314,Garlic Bread,side,veg,99,Garlic bread,side|veg|Continental,0.377
I03129,R0314,Mashed Potatoes,side,veg,110,Creamy mashed potatoes,side|veg|Continental,0.185
I03130,R0314,Caesar Salad,side,veg,154,Classic Caesar salad,side|veg|Continental,0.352
I03131,R0314,Panna Cotta,dessert,veg,176,Italian custard,dessert|veg|Continental,0.309
I03132,R0314,Tiramisu,dessert,veg,198,Classic Italian dessert,dessert|veg|Continental,0.128
I03133,R0314,Lemonade,beverage,veg,77,Fresh lemonade,beverage|veg|Continental,0.169
I03134,R0314,Iced Tea,beverage,veg,88,Refreshing iced tea,beverage|veg|Continental,0.207
I03135,R0315,Hakka Noodles,main,veg,212,Stir-fried noodles,main|veg|Chinese|popular,0.0
I03136,R0315,Chilli Chicken,main,non-veg,325,Spicy chicken preparation,main|non-veg|Chinese|popular,0.0
I03137,R0315,Manchurian,main,veg,250,Vegetable balls in gravy,main|veg|Chinese|popular,0.0
I03138,R0315,Chilli Potato,side,veg,137,Spicy potato fingers,side|veg|Chinese,0.303
I03139,R0315,Momos,side,veg,150,Steamed dumplings,side|veg|Chinese,0.385
I03140,R0315,Spring Roll,side,veg,112,Crispy vegetable rolls,side|veg|Chinese,0.255
I03141,R0315,Honey Noodles,dessert,veg,100,Crispy noodles with honey,dessert|veg|Chinese,0.142
I03142,R0315,Date Pancake,dessert,veg,125,Sweet pancake with dates,dessert|veg|Chinese,0.226
I03143,R0315,Soft Drink,beverage,veg,62,Refreshing beverage,beverage|veg|Chinese,0.345
I03144,R0315,Green Tea,beverage,veg,50,Hot green tea,beverage|veg|Chinese,0.21
I03145,R0316,Cold Coffee,main,veg,143,Iced coffee,main|veg|Beverages|popular,0.0
I03146,R0316,Smoothie,main,veg,165,Fruit smoothie,main|veg|Beverages|popular,0.0
I03147,R0316,Mojito,main,veg,121,Refreshing mint drink,main|veg|Beverages|popular,0.0
I03148,R0316,Whipped Cream,side,veg,27,Extra whipped cream,side|veg|Beverages,0.243
I03149,R0316,Extra Shot,side,veg,33,Extra coffee shot,side|veg|Beverages,0.175
I03150,R0316,Cookie,dessert,veg,55,Fresh baked cookie,dessert|veg|Beverages,0.122
I03151,R0316,Muffin,dessert,veg,66,Fresh muffin,dessert|veg|Beverages,0.238
I03152,R0316,Water Bottle,beverage,veg,22,Mineral water,beverage|veg|Beverages,0.248
I03153,R0316,Soft Drink,beverage,veg,55,Refreshing beverage,beverage|veg|Beverages,0.111
I03154,R0317,Veg Biryani,main,veg,250,Flavorful rice with mixed vegetables,main|veg|Biryani|popular,0.0
I03155,R0317,Chicken Biryani,main,non-veg,350,Fragrant basmati rice with tender chicken pieces,main|non-veg|Biryani|popular,0.0
I03156,R0317,Mutton Biryani,main,non-veg,437,Aromatic rice with succulent mutton,main|non-veg|Biryani|popular,0.0
I03157,R0317,Double Ka Meetha,side,veg,100,Sweet bread pudding,side|veg|Biryani,0.251
I03158,R0317,Raita,side,veg,50,Cooling yogurt with cucumber and spices,side|veg|Biryani,0.163
I03159,R0317,Salan,side,veg,75,Spicy curry accompaniment,side|veg|Biryani,0.12
I03160,R0317,Gulab Jamun,dessert,veg,75,Soft milk dumplings in sugar syrup,dessert|veg|Biryani,0.23
I03161,R0317,Khubani Ka Meetha,dessert,veg,112,Apricot dessert,dessert|veg|Biryani,0.311
I03162,R0317,Soft Drink,beverage,veg,62,Refreshing carbonated beverage,beverage|veg|Biryani,0.196
I03163,R0317,Lassi,beverage,veg,87,Thick yogurt drink,beverage|veg|Biryani,0.386
I03164,R0318,Cold Coffee,main,veg,162,Iced coffee,main|veg|Beverages|popular,0.0
I03165,R0318,Smoothie,main,veg,187,Fruit smoothie,main|veg|Beverages|popular,0.0
I03166,R0318,Mojito,main,veg,137,Refreshing mint drink,main|veg|Beverages|popular,0.0
I03167,R0318,Whipped Cream,side,veg,31,Extra whipped cream,side|veg|Beverages,0.161
I03168,R0318,Extra Shot,side,veg,37,Extra coffee shot,side|veg|Beverages,0.172
I03169,R0318,Cookie,dessert,veg,62,Fresh baked cookie,dessert|veg|Beverages,0.173
I03170,R0318,Muffin,dessert,veg,75,Fresh muffin,dessert|veg|Beverages,0.287
I03171,R0318,Water Bottle,beverage,veg,25,Mineral water,beverage|veg|Beverages,0.184
I03172,R0318,Soft Drink,beverage,veg,62,Refreshing beverage,beverage|veg|Beverages,0.196
I03173,R0319,Cold Coffee,main,veg,123,Iced coffee,main|veg|Beverages|popular,0.0
I03174,R0319,Mojito,main,veg,104,Refreshing mint drink,main|veg|Beverages|popular,0.0
I03175,R0319,Smoothie,main,veg,142,Fruit smoothie,main|veg|Beverages|popular,0.0
I03176,R0319,Whipped Cream,side,veg,23,Extra whipped cream,side|veg|Beverages,0.317
I03177,R0319,Extra Shot,side,veg,28,Extra coffee shot,side|veg|Beverages,0.356
I03178,R0319,Cookie,dessert,veg,47,Fresh baked cookie,dessert|veg|Beverages,0.158
I03179,R0319,Muffin,dessert,veg,57,Fresh muffin,dessert|veg|Beverages,0.263
I03180,R0319,Soft Drink,beverage,veg,47,Refreshing beverage,beverage|veg|Beverages,0.388
I03181,R0319,Water Bottle,beverage,veg,19,Mineral water,beverage|veg|Beverages,0.399
I03182,R0320,Mutton Biryani,main,non-veg,437,Aromatic rice with succulent mutton,main|non-veg|Biryani|popular,0.0
I03183,R0320,Egg Biryani,main,non-veg,275,Rice with boiled eggs and spices,main|non-veg|Biryani|popular,0.0
I03184,R0320,Chicken Biryani,main,non-veg,350,Fragrant basmati rice with tender chicken pieces,main|non-veg|Biryani|popular,0.0
I03185,R0320,Salan,side,veg,75,Spicy curry accompaniment,side|veg|Biryani,0.332
I03186,R0320,Raita,side,veg,50,Cooling yogurt with cucumber and spices,side|veg|Biryani,0.315
I03187,R0320,Double Ka Meetha,side,veg,100,Sweet bread pudding,side|veg|Biryani,0.306
I03188,R0320,Khubani Ka Meetha,dessert,veg,112,Apricot dessert,dessert|veg|Biryani,0.388
I03189,R0320,Gulab Jamun,dessert,veg,75,Soft milk dumplings in sugar syrup,dessert|veg|Biryani,0.175
I03190,R0320,Lassi,beverage,veg,87,Thick yogurt drink,beverage|veg|Biryani,0.386
I03191,R0320,Soft Drink,beverage,veg,62,Refreshing carbonated beverage,beverage|veg|Biryani,0.399
I03192,R0321,Egg Biryani,main,non-veg,242,Rice with boiled eggs and spices,main|non-veg|Biryani|popular,0.0
I03193,R0321,Chicken Biryani,main,non-veg,308,Fragrant basmati rice with tender chicken pieces,main|non-veg|Biryani|popular,0.0
I03194,R0321,Veg Biryani,main,veg,220,Flavorful rice with mixed vegetables,main|veg|Biryani|popular,0.0
I03195,R0321,Mutton Biryani,main,non-veg,385,Aromatic rice with succulent mutton,main|non-veg|Biryani|popular,0.0
I03196,R0321,Double Ka Meetha,side,veg,88,Sweet bread pudding,side|veg|Biryani,0.268
I03197,R0321,Salan,side,veg,66,Spicy curry accompaniment,side|veg|Biryani,0.233
I03198,R0321,Raita,side,veg,44,Cooling yogurt with cucumber and spices,side|veg|Biryani,0.361
I03199,R0321,Gulab Jamun,dessert,veg,66,Soft milk dumplings in sugar syrup,dessert|veg|Biryani,0.258
I03200,R0321,Khubani Ka Meetha,dessert,veg,99,Apricot dessert,dessert|veg|Biryani,0.271
I03201,R0321,Soft Drink,beverage,veg,55,Refreshing carbonated beverage,beverage|veg|Biryani,0.339
I03202,R0321,Lassi,beverage,veg,77,Thick yogurt drink,beverage|veg|Biryani,0.147
I03203,R0322,Veg Biryani,main,veg,250,Flavorful rice with mixed vegetables,main|veg|Biryani|popular,0.0
I03204,R0322,Chicken Biryani,main,non-veg,350,Fragrant basmati rice with tender chicken pieces,main|non-veg|Biryani|popular,0.0
I03205,R0322,Egg Biryani,main,non-veg,275,Rice with boiled eggs and spices,main|non-veg|Biryani|popular,0.0
I03206,R0322,Double Ka Meetha,side,veg,100,Sweet bread pudding,side|veg|Biryani,0.253
I03207,R0322,Raita,side,veg,50,Cooling yogurt with cucumber and spices,side|veg|Biryani,0.309
I03208,R0322,Salan,side,veg,75,Spicy curry accompaniment,side|veg|Biryani,0.36
I03209,R0322,Khubani Ka Meetha,dessert,veg,112,Apricot dessert,dessert|veg|Biryani,0.205
I03210,R0322,Gulab Jamun,dessert,veg,75,Soft milk dumplings in sugar syrup,dessert|veg|Biryani,0.306
I03211,R0322,Lassi,beverage,veg,87,Thick yogurt drink,beverage|veg|Biryani,0.373
I03212,R0322,Soft Drink,beverage,veg,62,Refreshing carbonated beverage,beverage|veg|Biryani,0.208
I03213,R0323,Chole Bhature,main,veg,123,Chickpea curry with fried bread,main|veg|Street Food|popular,0.0
I03214,R0323,Pav Bhaji,main,veg,114,Mashed vegetable curry with bread,main|veg|Street Food|popular,0.0
I03215,R0323,Samosa,main,veg,28,Crispy pastry with filling,main|veg|Street Food|popular,0.0
I03216,R0323,Pani Puri,main,veg,57,Crispy puris with flavored water,main|veg|Street Food|popular,0.0
I03217,R0323,Extra Pav,side,veg,14,Extra bread,side|veg|Street Food,0.262
I03218,R0323,Papad,side,veg,19,Crispy papad,side|veg|Street Food,0.259
I03219,R0323,Jalebi,dessert,veg,47,Sweet fried spirals,dessert|veg|Street Food,0.178
I03220,R0323,Rabri,dessert,veg,76,Thickened sweet milk,dessert|veg|Street Food,0.101
I03221,R0323,Masala Chai,beverage,veg,28,Spiced tea,beverage|veg|Street Food,0.221
I03222,R0323,Lassi,beverage,veg,57,Yogurt drink,beverage|veg|Street Food,0.108
I03223,R0324,Pasta Arrabbiata,main,veg,264,Spicy tomato pasta,main|veg|Continental|popular,0.0
I03224,R0324,Fish and Chips,main,non-veg,385,Classic fish and chips,main|non-veg|Continental|popular,0.0
I03225,R0324,Grilled Chicken,main,non-veg,352,Herb grilled chicken,main|non-veg|Continental|popular,0.0
I03226,R0324,Veg Steak,main,veg,308,Grilled vegetable steak,main|veg|Continental|popular,0.0
I03227,R0324,Garlic Bread,side,veg,99,Garlic bread,side|veg|Continental,0.3
I03228,R0324,Mashed Potatoes,side,veg,110,Creamy mashed potatoes,side|veg|Continental,0.361
I03229,R0324,Caesar Salad,side,veg,154,Classic Caesar salad,side|veg|Continental,0.103
I03230,R0324,Panna Cotta,dessert,veg,176,Italian custard,dessert|veg|Continental,0.208
I03231,R0324,Tiramisu,dessert,veg,198,Classic Italian dessert,dessert|veg|Continental,0.13
I03232,R0324,Lemonade,beverage,veg,77,Fresh lemonade,beverage|veg|Continental,0.128
I03233,R0324,Iced Tea,beverage,veg,88,Refreshing iced tea,beverage|veg|Continental,0.144
I03234,R0325,Veg Biryani,main,veg,190,Flavorful rice with mixed vegetables,main|veg|Biryani|popular,0.0
I03235,R0325,Chicken Biryani,main,non-veg,266,Fragrant basmati rice with tender chicken pieces,main|non-veg|Biryani|popular,0.0
I03236,R0325,Mutton Biryani,main,non-veg,332,Aromatic rice with succulent mutton,main|non-veg|Biryani|popular,0.0
I03237,R0325,Egg Biryani,main,non-veg,209,Rice with boiled eggs and spices,main|non-veg|Biryani|popular,0.0
I03238,R0325,Double Ka Meetha,side,veg,76,Sweet bread pudding,side|veg|Biryani,0.216
I03239,R0325,Salan,side,veg,57,Spicy curry accompaniment,side|veg|Biryani,0.388
I03240,R0325,Raita,side,veg,38,Cooling yogurt with cucumber and spices,side|veg|Biryani,0.163
I03241,R0325,Khubani Ka Meetha,dessert,veg,85,Apricot dessert,dessert|veg|Biryani,0.115
I03242,R0325,Gulab Jamun,dessert,veg,57,Soft milk dumplings in sugar syrup,dessert|veg|Biryani,0.304
I03243,R0325,Soft Drink,beverage,veg,47,Refreshing carbonated beverage,beverage|veg|Biryani,0.106
I03244,R0325,Lassi,beverage,veg,66,Thick yogurt drink,beverage|veg|Biryani,0.151
I03245,R0326,Sandwich,main,veg,110,Grilled sandwich,main|veg|Italian|popular,0.0
I03246,R0326,Frankie,main,veg,132,Stuffed roll,main|veg|Italian|popular,0.0
I03247,R0326,Chicken Wrap,main,non-veg,198,Chicken stuffed wrap,main|non-veg|Italian|popular,0.0
I03248,R0326,Veg Wrap,main,veg,143,Vegetable stuffed wrap,main|veg|Italian|popular,0.0
I03249,R0326,Onion Rings,side,veg,99,Crispy onion rings,side|veg|Italian,0.24
I03250,R0326,Fries,side,veg,88,Crispy fries,side|veg|Italian,0.363
I03251,R0326,Ice Cream,dessert,veg,66,Vanilla ice cream,dessert|veg|Italian,0.163
I03252,R0326,Brownie,dessert,veg,110,Chocolate brownie,dessert|veg|Italian,0.219
I03253,R0326,Soft Drink,beverage,veg,55,Refreshing beverage,beverage|veg|Italian,0.356
I03254,R0326,Cold Coffee,beverage,veg,132,Iced coffee,beverage|veg|Italian,0.188
I03255,R0327,Fried Rice,main,veg,198,Stir-fried rice with vegetables,main|veg|Chinese|popular,0.0
I03256,R0327,Chilli Chicken,main,non-veg,286,Spicy chicken preparation,main|non-veg|Chinese|popular,0.0
I03257,R0327,Hakka Noodles,main,veg,187,Stir-fried noodles,main|veg|Chinese|popular,0.0
I03258,R0327,Manchurian,main,veg,220,Vegetable balls in gravy,main|veg|Chinese|popular,0.0
I03259,R0327,Chilli Potato,side,veg,121,Spicy potato fingers,side|veg|Chinese,0.254
I03260,R0327,Momos,side,veg,132,Steamed dumplings,side|veg|Chinese,0.104
I03261,R0327,Spring Roll,side,veg,99,Crispy vegetable rolls,side|veg|Chinese,0.383
I03262,R0327,Date Pancake,dessert,veg,110,Sweet pancake with dates,dessert|veg|Chinese,0.283
I03263,R0327,Honey Noodles,dessert,veg,88,Crispy noodles with honey,dessert|veg|Chinese,0.255
I03264,R0327,Green Tea,beverage,veg,44,Hot green tea,beverage|veg|Chinese,0.184
I03265,R0327,Soft Drink,beverage,veg,55,Refreshing beverage,beverage|veg|Chinese,0.124
I03266,R0328,Veg Wrap,main,veg,143,Vegetable stuffed wrap,main|veg|Fast Food|popular,0.0
I03267,R0328,Chicken Wrap,main,non-veg,198,Chicken stuffed wrap,main|non-veg|Fast Food|popular,0.0
I03268,R0328,Frankie,main,veg,132,Stuffed roll,main|veg|Fast Food|popular,0.0
I03269,R0328,Sandwich,main,veg,110,Grilled sandwich,main|veg|Fast Food|popular,0.0
I03270,R0328,Fries,side,veg,88,Crispy fries,side|veg|Fast Food,0.169
I03271,R0328,Onion Rings,side,veg,99,Crispy onion rings,side|veg|Fast Food,0.129
I03272,R0328,Ice Cream,dessert,veg,66,Vanilla ice cream,dessert|veg|Fast Food,0.224
I03273,R0328,Brownie,dessert,veg,110,Chocolate brownie,dessert|veg|Fast Food,0.331
I03274,R0328,Cold Coffee,beverage,veg,132,Iced coffee,beverage|veg|Fast Food,0.395
I03275,R0328,Soft Drink,beverage,veg,55,Refreshing beverage,beverage|veg|Fast Food,0.391
I03276,R0329,Sandwich,main,veg,110,Grilled sandwich,main|veg|Italian|popular,0.0
I03277,R0329,Chicken Wrap,main,non-veg,198,Chicken stuffed wrap,main|non-veg|Italian|popular,0.0
I03278,R0329,Frankie,main,veg,132,Stuffed roll,main|veg|Italian|popular,0.0
I03279,R0329,Veg Wrap,main,veg,143,Vegetable stuffed wrap,main|veg|Italian|popular,0.0
I03280,R0329,Fries,side,veg,88,Crispy fries,side|veg|Italian,0.325
I03281,R0329,Onion Rings,side,veg,99,Crispy onion rings,side|veg|Italian,0.26
I03282,R0329,Brownie,dessert,veg,110,Chocolate brownie,dessert|veg|Italian,0.285
I03283,R0329,Ice Cream,dessert,veg,66,Vanilla ice cream,dessert|veg|Italian,0.378
I03284,R0329,Cold Coffee,beverage,veg,132,Iced coffee,beverage|veg|Italian,0.149
I03285,R0329,Soft Drink,beverage,veg,55,Refreshing beverage,beverage|veg|Italian,0.272
I03286,R0330,Grilled Chicken,main,non-veg,352,Herb grilled chicken,main|non-veg|Continental|popular,0.0
I03287,R0330,Veg Steak,main,veg,308,Grilled vegetable steak,main|veg|Continental|popular,0.0
I03288,R0330,Fish and Chips,main,non-veg,385,Classic fish and chips,main|non-veg|Continental|popular,0.0
I03289,R0330,Pasta Arrabbiata,main,veg,264,Spicy tomato pasta,main|veg|Continental|popular,0.0
I03290,R0330,Caesar Salad,side,veg,154,Classic Caesar salad,side|veg|Continental,0.111
I03291,R0330,Garlic Bread,side,veg,99,Garlic bread,side|veg|Continental,0.319
I03292,R0330,Mashed Potatoes,side,veg,110,Creamy mashed potatoes,side|veg|Continental,0.332
I03293,R0330,Tiramisu,dessert,veg,198,Classic Italian dessert,dessert|veg|Continental,0.155
I03294,R0330,Panna Cotta,dessert,veg,176,Italian custard,dessert|veg|Continental,0.217
I03295,R0330,Iced Tea,beverage,veg,88,Refreshing iced tea,beverage|veg|Continental,0.226
I03296,R0330,Lemonade,beverage,veg,77,Fresh lemonade,beverage|veg|Continental,0.105
I03297,R0331,Masala Dosa,main,veg,132,Crispy crepe with potato filling,main|veg|South Indian|popular,0.0
I03298,R0331,Idli Sambar,main,veg,88,Steamed rice cakes with lentil curry,main|veg|South Indian|popular,0.0
I03299,R0331,Vada,main,veg,77,Crispy fried lentil donuts,main|veg|South Indian|popular,0.0
I03300,R0331,Chicken Chettinad,main,non-veg,308,Spicy Chettinad chicken,main|non-veg|South Indian|popular,0.0
I03301,R0331,Coconut Chutney,side,veg,33,Fresh coconut chutney,side|veg|South Indian,0.367
I03302,R0331,Sambar,side,veg,44,Lentil and vegetable curry,side|veg|South Indian,0.14
I03303,R0331,Tomato Chutney,side,veg,33,Tangy tomato chutney,side|veg|South Indian,0.194
I03304,R0331,Payasam,dessert,veg,66,Sweet milk pudding,dessert|veg|South Indian,0.225
I03305,R0331,Kesari,dessert,veg,55,Semolina sweet,dessert|veg|South Indian,0.288
I03306,R0331,Buttermilk,beverage,veg,38,Spiced yogurt drink,beverage|veg|South Indian,0.396
I03307,R0331,Filter Coffee,beverage,veg,44,South Indian filter coffee,beverage|veg|South Indian,0.362
I03308,R0332,Cold Coffee,main,veg,143,Iced coffee,main|veg|Beverages|popular,0.0
I03309,R0332,Smoothie,main,veg,165,Fruit smoothie,main|veg|Beverages|popular,0.0
I03310,R0332,Mojito,main,veg,121,Refreshing mint drink,main|veg|Beverages|popular,0.0
I03311,R0332,Whipped Cream,side,veg,27,Extra whipped cream,side|veg|Beverages,0.117
I03312,R0332,Extra Shot,side,veg,33,Extra coffee shot,side|veg|Beverages,0.153
I03313,R0332,Muffin,dessert,veg,66,Fresh muffin,dessert|veg|Beverages,0.369
I03314,R0332,Cookie,dessert,veg,55,Fresh baked cookie,dessert|veg|Beverages,0.332
I03315,R0332,Soft Drink,beverage,veg,55,Refreshing beverage,beverage|veg|Beverages,0.18
I03316,R0332,Water Bottle,beverage,veg,22,Mineral water,beverage|veg|Beverages,0.176
I03317,R0333,Grilled Chicken,main,non-veg,448,Herb grilled chicken,main|non-veg|Continental|popular,0.0
I03318,R0333,Pasta Arrabbiata,main,veg,336,Spicy tomato pasta,main|veg|Continental|popular,0.0
I03319,R0333,Mashed Potatoes,side,veg,140,Creamy mashed potatoes,side|veg|Continental,0.293
I03320,R0333,Caesar Salad,side,veg,196,Classic Caesar salad,side|veg|Continental,0.105
I03321,R0333,Panna Cotta,dessert,veg,224,Italian custard,dessert|veg|Continental,0.285
I03322,R0333,Tiramisu,dessert,veg,251,Classic Italian dessert,dessert|veg|Continental,0.212
I03323,R0333,Iced Tea,beverage,veg,112,Refreshing iced tea,beverage|veg|Continental,0.298
I03324,R0333,Lemonade,beverage,veg,98,Fresh lemonade,beverage|veg|Continental,0.108
I03325,R0334,Sandwich,main,veg,110,Grilled sandwich,main|veg|Italian|popular,0.0
I03326,R0334,Frankie,main,veg,132,Stuffed roll,main|veg|Italian|popular,0.0
I03327,R0334,Veg Wrap,main,veg,143,Vegetable stuffed wrap,main|veg|Italian|popular,0.0
I03328,R0334,Chicken Wrap,main,non-veg,198,Chicken stuffed wrap,main|non-veg|Italian|popular,0.0
I03329,R0334,Onion Rings,side,veg,99,Crispy onion rings,side|veg|Italian,0.128
I03330,R0334,Fries,side,veg,88,Crispy fries,side|veg|Italian,0.262
I03331,R0334,Ice Cream,dessert,veg,66,Vanilla ice cream,dessert|veg|Italian,0.297
I03332,R0334,Brownie,dessert,veg,110,Chocolate brownie,dessert|veg|Italian,0.333
I03333,R0334,Cold Coffee,beverage,veg,132,Iced coffee,beverage|veg|Italian,0.176
I03334,R0334,Soft Drink,beverage,veg,55,Refreshing beverage,beverage|veg|Italian,0.272
I03335,R0335,Vada,main,veg,66,Crispy fried lentil donuts,main|veg|South Indian|popular,0.0
I03336,R0335,Idli Sambar,main,veg,76,Steamed rice cakes with lentil curry,main|veg|South Indian|popular,0.0
I03337,R0335,Chicken Chettinad,main,non-veg,266,Spicy Chettinad chicken,main|non-veg|South Indian|popular,0.0
I03338,R0335,Masala Dosa,main,veg,114,Crispy crepe with potato filling,main|veg|South Indian|popular,0.0
I03339,R0335,Coconut Chutney,side,veg,28,Fresh coconut chutney,side|veg|South Indian,0.326
I03340,R0335,Sambar,side,veg,38,Lentil and vegetable curry,side|veg|South Indian,0.274
I03341,R0335,Tomato Chutney,side,veg,28,Tangy tomato chutney,side|veg|South Indian,0.147
I03342,R0335,Payasam,dessert,veg,57,Sweet milk pudding,dessert|veg|South Indian,0.207
I03343,R0335,Kesari,dessert,veg,47,Semolina sweet,dessert|veg|South Indian,0.296
I03344,R0335,Filter Coffee,beverage,veg,38,South Indian filter coffee,beverage|veg|South Indian,0.142
I03345,R0335,Buttermilk,beverage,veg,33,Spiced yogurt drink,beverage|veg|South Indian,0.353
I03346,R0336,Waffle,main,veg,198,Belgian waffle with toppings,main|veg|Desserts|popular,0.0
I03347,R0336,Ice Cream Sundae,main,veg,165,Loaded ice cream sundae,main|veg|Desserts|popular,0.0
I03348,R0336,Pancake,main,veg,176,Fluffy pancakes,main|veg|Desserts|popular,0.0
I03349,R0336,Extra Toppings,side,veg,44,Additional toppings,side|veg|Desserts,0.282
I03350,R0336,Syrup Shot,side,veg,33,Extra syrup,side|veg|Desserts,0.15
I03351,R0336,Chocolate Cake,dessert,veg,132,Rich chocolate cake,dessert|veg|Desserts,0.328
I03352,R0336,Cheesecake,dessert,veg,198,Creamy cheesecake,dessert|veg|Desserts,0.243
I03353,R0336,Hot Chocolate,beverage,veg,110,Rich hot chocolate,beverage|veg|Desserts,0.184
I03354,R0336,Milkshake,beverage,veg,143,Thick milkshake,beverage|veg|Desserts,0.375
I03355,R0337,Ice Cream Sundae,main,veg,187,Loaded ice cream sundae,main|veg|Desserts|popular,0.0
I03356,R0337,Pancake,main,veg,200,Fluffy pancakes,main|veg|Desserts|popular,0.0
I03357,R0337,Waffle,main,veg,225,Belgian waffle with toppings,main|veg|Desserts|popular,0.0
I03358,R0337,Extra Toppings,side,veg,50,Additional toppings,side|veg|Desserts,0.174
I03359,R0337,Syrup Shot,side,veg,37,Extra syrup,side|veg|Desserts,0.389
I03360,R0337,Chocolate Cake,dessert,veg,150,Rich chocolate cake,dessert|veg|Desserts,0.114
I03361,R0337,Cheesecake,dessert,veg,225,Creamy cheesecake,dessert|veg|Desserts,0.327
I03362,R0337,Milkshake,beverage,veg,162,Thick milkshake,beverage|veg|Desserts,0.28
I03363,R0337,Hot Chocolate,beverage,veg,125,Rich hot chocolate,beverage|veg|Desserts,0.344
I03364,R0338,Cold Coffee,main,veg,143,Iced coffee,main|veg|Beverages|popular,0.0
I03365,R0338,Smoothie,main,veg,165,Fruit smoothie,main|veg|Beverages|popular,0.0
I03366,R0338,Mojito,main,veg,121,Refreshing mint drink,main|veg|Beverages|popular,0.0
I03367,R0338,Whipped Cream,side,veg,27,Extra whipped cream,side|veg|Beverages,0.328
I03368,R0338,Extra Shot,side,veg,33,Extra coffee shot,side|veg|Beverages,0.379
I03369,R0338,Cookie,dessert,veg,55,Fresh baked cookie,dessert|veg|Beverages,0.293
I03370,R0338,Muffin,dessert,veg,66,Fresh muffin,dessert|veg|Beverages,0.206
I03371,R0338,Soft Drink,beverage,veg,55,Refreshing beverage,beverage|veg|Beverages,0.146
I03372,R0338,Water Bottle,beverage,veg,22,Mineral water,beverage|veg|Beverages,0.319
I03373,R0339,Waffle,main,veg,198,Belgian waffle with toppings,main|veg|Desserts|popular,0.0
I03374,R0339,Ice Cream Sundae,main,veg,165,Loaded ice cream sundae,main|veg|Desserts|popular,0.0
I03375,R0339,Pancake,main,veg,176,Fluffy pancakes,main|veg|Desserts|popular,0.0
I03376,R0339,Extra Toppings,side,veg,44,Additional toppings,side|veg|Desserts,0.257
I03377,R0339,Syrup Shot,side,veg,33,Extra syrup,side|veg|Desserts,0.292
I03378,R0339,Chocolate Cake,dessert,veg,132,Rich chocolate cake,dessert|veg|Desserts,0.267
I03379,R0339,Cheesecake,dessert,veg,198,Creamy cheesecake,dessert|veg|Desserts,0.297
I03380,R0339,Hot Chocolate,beverage,veg,110,Rich hot chocolate,beverage|veg|Desserts,0.255
I03381,R0339,Milkshake,beverage,veg,143,Thick milkshake,beverage|veg|Desserts,0.344
I03382,R0340,Sandwich,main,veg,125,Grilled sandwich,main|veg|Italian|popular,0.0
I03383,R0340,Veg Wrap,main,veg,162,Vegetable stuffed wrap,main|veg|Italian|popular,0.0
I03384,R0340,Chicken Wrap,main,non-veg,225,Chicken stuffed wrap,main|non-veg|Italian|popular,0.0
I03385,R0340,Onion Rings,side,veg,112,Crispy onion rings,side|veg|Italian,0.2
I03386,R0340,Fries,side,veg,100,Crispy fries,side|veg|Italian,0.108
I03387,R0340,Brownie,dessert,veg,125,Chocolate brownie,dessert|veg|Italian,0.267
I03388,R0340,Ice Cream,dessert,veg,75,Vanilla ice cream,dessert|veg|Italian,0.373
I03389,R0340,Cold Coffee,beverage,veg,150,Iced coffee,beverage|veg|Italian,0.151
I03390,R0340,Soft Drink,beverage,veg,62,Refreshing beverage,beverage|veg|Italian,0.118
I03391,R0341,Fried Rice,main,veg,251,Stir-fried rice with vegetables,main|veg|Chinese|popular,0.0
I03392,R0341,Hakka Noodles,main,veg,237,Stir-fried noodles,main|veg|Chinese|popular,0.0
I03393,R0341,Momos,side,veg,168,Steamed dumplings,side|veg|Chinese,0.177
I03394,R0341,Chilli Potato,side,veg,154,Spicy potato fingers,side|veg|Chinese,0.272
I03395,R0341,Honey Noodles,dessert,veg,112,Crispy noodles with honey,dessert|veg|Chinese,0.308
I03396,R0341,Date Pancake,dessert,veg,140,Sweet pancake with dates,dessert|veg|Chinese,0.241
I03397,R0341,Green Tea,beverage,veg,56,Hot green tea,beverage|veg|Chinese,0.356
I03398,R0341,Soft Drink,beverage,veg,70,Refreshing beverage,beverage|veg|Chinese,0.103
I03399,R0342,Cold Coffee,main,veg,182,Iced coffee,main|veg|Beverages|popular,0.0
I03400,R0342,Mojito,main,veg,154,Refreshing mint drink,main|veg|Beverages|popular,0.0
I03401,R0342,Whipped Cream,side,veg,35,Extra whipped cream,side|veg|Beverages,0.258
I03402,R0342,Extra Shot,side,veg,42,Extra coffee shot,side|veg|Beverages,0.367
I03403,R0342,Muffin,dessert,veg,84,Fresh muffin,dessert|veg|Beverages,0.199
I03404,R0342,Cookie,dessert,veg,70,Fresh baked cookie,dessert|veg|Beverages,0.38
I03405,R0342,Soft Drink,beverage,veg,70,Refreshing beverage,beverage|veg|Beverages,0.188
I03406,R0342,Water Bottle,beverage,veg,28,Mineral water,beverage|veg|Beverages,0.183
I03407,R0343,Frankie,main,veg,150,Stuffed roll,main|veg|Italian|popular,0.0
I03408,R0343,Chicken Wrap,main,non-veg,225,Chicken stuffed wrap,main|non-veg|Italian|popular,0.0
I03409,R0343,Sandwich,main,veg,125,Grilled sandwich,main|veg|Italian|popular,0.0
I03410,R0343,Fries,side,veg,100,Crispy fries,side|veg|Italian,0.141
I03411,R0343,Onion Rings,side,veg,112,Crispy onion rings,side|veg|Italian,0.218
I03412,R0343,Ice Cream,dessert,veg,75,Vanilla ice cream,dessert|veg|Italian,0.355
I03413,R0343,Brownie,dessert,veg,125,Chocolate brownie,dessert|veg|Italian,0.338
I03414,R0343,Cold Coffee,beverage,veg,150,Iced coffee,beverage|veg|Italian,0.144
I03415,R0343,Soft Drink,beverage,veg,62,Refreshing beverage,beverage|veg|Italian,0.267
I03416,R0344,Pancake,main,veg,200,Fluffy pancakes,main|veg|Desserts|popular,0.0
I03417,R0344,Ice Cream Sundae,main,veg,187,Loaded ice cream sundae,main|veg|Desserts|popular,0.0
I03418,R0344,Waffle,main,veg,225,Belgian waffle with toppings,main|veg|Desserts|popular,0.0
I03419,R0344,Syrup Shot,side,veg,37,Extra syrup,side|veg|Desserts,0.25
I03420,R0344,Extra Toppings,side,veg,50,Additional toppings,side|veg|Desserts,0.146
I03421,R0344,Chocolate Cake,dessert,veg,150,Rich chocolate cake,dessert|veg|Desserts,0.101
I03422,R0344,Cheesecake,dessert,veg,225,Creamy cheesecake,dessert|veg|Desserts,0.165
I03423,R0344,Hot Chocolate,beverage,veg,125,Rich hot chocolate,beverage|veg|Desserts,0.135
I03424,R0344,Milkshake,beverage,veg,162,Thick milkshake,beverage|veg|Desserts,0.105
I03425,R0345,Samosa,main,veg,42,Crispy pastry with filling,main|veg|Street Food|popular,0.0
I03426,R0345,Chole Bhature,main,veg,182,Chickpea curry with fried bread,main|veg|Street Food|popular,0.0
I03427,R0345,Papad,side,veg,28,Crispy papad,side|veg|Street Food,0.392
I03428,R0345,Extra Pav,side,veg,21,Extra bread,side|veg|Street Food,0.212
I03429,R0345,Rabri,dessert,veg,112,Thickened sweet milk,dessert|veg|Street Food,0.268
I03430,R0345,Jalebi,dessert,veg,70,Sweet fried spirals,dessert|veg|Street Food,0.384
I03431,R0345,Masala Chai,beverage,veg,42,Spiced tea,beverage|veg|Street Food,0.3
I03432,R0345,Lassi,beverage,veg,84,Yogurt drink,beverage|veg|Street Food,0.13
I03433,R0346,Hakka Noodles,main,veg,212,Stir-fried noodles,main|veg|Chinese|popular,0.0
I03434,R0346,Chilli Chicken,main,non-veg,325,Spicy chicken preparation,main|non-veg|Chinese|popular,0.0
I03435,R0346,Manchurian,main,veg,250,Vegetable balls in gravy,main|veg|Chinese|popular,0.0
I03436,R0346,Chilli Potato,side,veg,137,Spicy potato fingers,side|veg|Chinese,0.195
I03437,R0346,Spring Roll,side,veg,112,Crispy vegetable rolls,side|veg|Chinese,0.178
I03438,R0346,Momos,side,veg,150,Steamed dumplings,side|veg|Chinese,0.294
I03439,R0346,Honey Noodles,dessert,veg,100,Crispy noodles with honey,dessert|veg|Chinese,0.201
I03440,R0346,Date Pancake,dessert,veg,125,Sweet pancake with dates,dessert|veg|Chinese,0.246
I03441,R0346,Green Tea,beverage,veg,50,Hot green tea,beverage|veg|Chinese,0.283
I03442,R0346,Soft Drink,beverage,veg,62,Refreshing beverage,beverage|veg|Chinese,0.364
I03443,R0347,Mutton Biryani,main,non-veg,489,Aromatic rice with succulent mutton,main|non-veg|Biryani|popular,0.0
I03444,R0347,Veg Biryani,main,veg,280,Flavorful rice with mixed vegetables,main|veg|Biryani|popular,0.0
I03445,R0347,Raita,side,veg,56,Cooling yogurt with cucumber and spices,side|veg|Biryani,0.163
I03446,R0347,Double Ka Meetha,side,veg,112,Sweet bread pudding,side|veg|Biryani,0.287
I03447,R0347,Khubani Ka Meetha,dessert,veg,125,Apricot dessert,dessert|veg|Biryani,0.28
I03448,R0347,Gulab Jamun,dessert,veg,84,Soft milk dumplings in sugar syrup,dessert|veg|Biryani,0.141
I03449,R0347,Lassi,beverage,veg,98,Thick yogurt drink,beverage|veg|Biryani,0.257
I03450,R0347,Soft Drink,beverage,veg,70,Refreshing carbonated beverage,beverage|veg|Biryani,0.261
I03451,R0348,Sandwich,main,veg,110,Grilled sandwich,main|veg|Italian|popular,0.0
I03452,R0348,Veg Wrap,main,veg,143,Vegetable stuffed wrap,main|veg|Italian|popular,0.0
I03453,R0348,Frankie,main,veg,132,Stuffed roll,main|veg|Italian|popular,0.0
I03454,R0348,Chicken Wrap,main,non-veg,198,Chicken stuffed wrap,main|non-veg|Italian|popular,0.0
I03455,R0348,Fries,side,veg,88,Crispy fries,side|veg|Italian,0.311
I03456,R0348,Onion Rings,side,veg,99,Crispy onion rings,side|veg|Italian,0.109
I03457,R0348,Ice Cream,dessert,veg,66,Vanilla ice cream,dessert|veg|Italian,0.286
I03458,R0348,Brownie,dessert,veg,110,Chocolate brownie,dessert|veg|Italian,0.281
I03459,R0348,Cold Coffee,beverage,veg,132,Iced coffee,beverage|veg|Italian,0.393
I03460,R0348,Soft Drink,beverage,veg,55,Refreshing beverage,beverage|veg|Italian,0.182
I03461,R0349,Egg Biryani,main,non-veg,242,Rice with boiled eggs and spices,main|non-veg|Biryani|popular,0.0
I03462,R0349,Chicken Biryani,main,non-veg,308,Fragrant basmati rice with tender chicken pieces,main|non-veg|Biryani|popular,0.0
I03463,R0349,Mutton Biryani,main,non-veg,385,Aromatic rice with succulent mutton,main|non-veg|Biryani|popular,0.0
I03464,R0349,Veg Biryani,main,veg,220,Flavorful rice with mixed vegetables,main|veg|Biryani|popular,0.0
I03465,R0349,Raita,side,veg,44,Cooling yogurt with cucumber and spices,side|veg|Biryani,0.273
I03466,R0349,Salan,side,veg,66,Spicy curry accompaniment,side|veg|Biryani,0.225
I03467,R0349,Double Ka Meetha,side,veg,88,Sweet bread pudding,side|veg|Biryani,0.26
I03468,R0349,Khubani Ka Meetha,dessert,veg,99,Apricot dessert,dessert|veg|Biryani,0.347
I03469,R0349,Gulab Jamun,dessert,veg,66,Soft milk dumplings in sugar syrup,dessert|veg|Biryani,0.217
I03470,R0349,Lassi,beverage,veg,77,Thick yogurt drink,beverage|veg|Biryani,0.384
I03471,R0349,Soft Drink,beverage,veg,55,Refreshing carbonated beverage,beverage|veg|Biryani,0.17
I03472,R0350,Frankie,main,veg,150,Stuffed roll,main|veg|Italian|popular,0.0
I03473,R0350,Veg Wrap,main,veg,162,Vegetable stuffed wrap,main|veg|Italian|popular,0.0
I03474,R0350,Sandwich,main,veg,125,Grilled sandwich,main|veg|Italian|popular,0.0
I03475,R0350,Fries,side,veg,100,Crispy fries,side|veg|Italian,0.106
I03476,R0350,Onion Rings,side,veg,112,Crispy onion rings,side|veg|Italian,0.241
I03477,R0350,Brownie,dessert,veg,125,Chocolate brownie,dessert|veg|Italian,0.377
I03478,R0350,Ice Cream,dessert,veg,75,Vanilla ice cream,dessert|veg|Italian,0.256
I03479,R0350,Soft Drink,beverage,veg,62,Refreshing beverage,beverage|veg|Italian,0.343
I03480,R0350,Cold Coffee,beverage,veg,150,Iced coffee,beverage|veg|Italian,0.312
I03481,R0351,Frankie,main,veg,132,Stuffed roll,main|veg|Fast Food|popular,0.0
I03482,R0351,Chicken Wrap,main,non-veg,198,Chicken stuffed wrap,main|non-veg|Fast Food|popular,0.0
I03483,R0351,Sandwich,main,veg,110,Grilled sandwich,main|veg|Fast Food|popular,0.0
I03484,R0351,Veg Wrap,main,veg,143,Vegetable stuffed wrap,main|veg|Fast Food|popular,0.0
I03485,R0351,Fries,side,veg,88,Crispy fries,side|veg|Fast Food,0.242
I03486,R0351,Onion Rings,side,veg,99,Crispy onion rings,side|veg|Fast Food,0.314
I03487,R0351,Ice Cream,dessert,veg,66,Vanilla ice cream,dessert|veg|Fast Food,0.369
I03488,R0351,Brownie,dessert,veg,110,Chocolate brownie,dessert|veg|Fast Food,0.251
I03489,R0351,Cold Coffee,beverage,veg,132,Iced coffee,beverage|veg|Fast Food,0.341
I03490,R0351,Soft Drink,beverage,veg,55,Refreshing beverage,beverage|veg|Fast Food,0.303
I03491,R0352,Frankie,main,veg,168,Stuffed roll,main|veg|Italian|popular,0.0
I03492,R0352,Sandwich,main,veg,140,Grilled sandwich,main|veg|Italian|popular,0.0
I03493,R0352,Fries,side,veg,112,Crispy fries,side|veg|Italian,0.196
I03494,R0352,Onion Rings,side,veg,125,Crispy onion rings,side|veg|Italian,0.239
I03495,R0352,Ice Cream,dessert,veg,84,Vanilla ice cream,dessert|veg|Italian,0.174
I03496,R0352,Brownie,dessert,veg,140,Chocolate brownie,dessert|veg|Italian,0.329
I03497,R0352,Soft Drink,beverage,veg,70,Refreshing beverage,beverage|veg|Italian,0.179
I03498,R0352,Cold Coffee,beverage,veg,168,Iced coffee,beverage|veg|Italian,0.358
I03499,R0353,Rogan Josh,main,non-veg,361,Kashmiri lamb curry,main|non-veg|North Indian|popular,0.0
I03500,R0353,Dal Makhani,main,veg,209,Creamy black lentils,main|veg|North Indian|popular,0.0
I03501,R0353,Paneer Tikka,main,veg,266,Grilled cottage cheese,main|veg|North Indian|popular,0.0
I03502,R0353,Butter Chicken,main,non-veg,304,Creamy tomato-based chicken curry,main|non-veg|North Indian|popular,0.0
I03503,R0353,Butter Naan,side,veg,47,Buttery flatbread,side|veg|North Indian,0.343
I03504,R0353,Tandoori Roti,side,veg,23,Whole wheat flatbread,side|veg|North Indian,0.308
I03505,R0353,Garlic Naan,side,veg,57,Garlic flavored naan,side|veg|North Indian,0.265
I03506,R0353,Jeera Rice,side,veg,114,Cumin flavored rice,side|veg|North Indian,0.12
I03507,R0353,Gulab Jamun,dessert,veg,57,Sweet milk dumplings,dessert|veg|North Indian,0.15
I03508,R0353,Rasmalai,dessert,veg,76,Soft cheese patties in milk,dessert|veg|North Indian,0.247
I03509,R0353,Buttermilk,beverage,veg,38,Spiced yogurt drink,beverage|veg|North Indian,0.177
I03510,R0353,Lassi,beverage,veg,66,Sweet yogurt drink,beverage|veg|North Indian,0.387
I03511,R0354,Butter Chicken,main,non-veg,352,Creamy tomato-based chicken curry,main|non-veg|North Indian|popular,0.0
I03512,R0354,Dal Makhani,main,veg,242,Creamy black lentils,main|veg|North Indian|popular,0.0
I03513,R0354,Paneer Tikka,main,veg,308,Grilled cottage cheese,main|veg|North Indian|popular,0.0
I03514,R0354,Rogan Josh,main,non-veg,418,Kashmiri lamb curry,main|non-veg|North Indian|popular,0.0
I03515,R0354,Jeera Rice,side,veg,132,Cumin flavored rice,side|veg|North Indian,0.363
I03516,R0354,Butter Naan,side,veg,55,Buttery flatbread,side|veg|North Indian,0.158
I03517,R0354,Garlic Naan,side,veg,66,Garlic flavored naan,side|veg|North Indian,0.314
I03518,R0354,Tandoori Roti,side,veg,27,Whole wheat flatbread,side|veg|North Indian,0.119
I03519,R0354,Rasmalai,dessert,veg,88,Soft cheese patties in milk,dessert|veg|North Indian,0.237
I03520,R0354,Gulab Jamun,dessert,veg,66,Sweet milk dumplings,dessert|veg|North Indian,0.225
I03521,R0354,Lassi,beverage,veg,77,Sweet yogurt drink,beverage|veg|North Indian,0.211
I03522,R0354,Buttermilk,beverage,veg,44,Spiced yogurt drink,beverage|veg|North Indian,0.221
I03523,R0355,Rogan Josh,main,non-veg,475,Kashmiri lamb curry,main|non-veg|North Indian|popular,0.0
I03524,R0355,Butter Chicken,main,non-veg,400,Creamy tomato-based chicken curry,main|non-veg|North Indian|popular,0.0
I03525,R0355,Paneer Tikka,main,veg,350,Grilled cottage cheese,main|veg|North Indian|popular,0.0
I03526,R0355,Butter Naan,side,veg,62,Buttery flatbread,side|veg|North Indian,0.177
I03527,R0355,Garlic Naan,side,veg,75,Garlic flavored naan,side|veg|North Indian,0.313
I03528,R0355,Jeera Rice,side,veg,150,Cumin flavored rice,side|veg|North Indian,0.354
I03529,R0355,Rasmalai,dessert,veg,100,Soft cheese patties in milk,dessert|veg|North Indian,0.101
I03530,R0355,Gulab Jamun,dessert,veg,75,Sweet milk dumplings,dessert|veg|North Indian,0.118
I03531,R0355,Buttermilk,beverage,veg,50,Spiced yogurt drink,beverage|veg|North Indian,0.335
I03532,R0355,Lassi,beverage,veg,87,Sweet yogurt drink,beverage|veg|North Indian,0.211
I03533,R0356,Butter Chicken,main,non-veg,352,Creamy tomato-based chicken curry,main|non-veg|North Indian|popular,0.0
I03534,R0356,Rogan Josh,main,non-veg,418,Kashmiri lamb curry,main|non-veg|North Indian|popular,0.0
I03535,R0356,Dal Makhani,main,veg,242,Creamy black lentils,main|veg|North Indian|popular,0.0
I03536,R0356,Paneer Tikka,main,veg,308,Grilled cottage cheese,main|veg|North Indian|popular,0.0
I03537,R0356,Butter Naan,side,veg,55,Buttery flatbread,side|veg|North Indian,0.391
I03538,R0356,Jeera Rice,side,veg,132,Cumin flavored rice,side|veg|North Indian,0.112
I03539,R0356,Garlic Naan,side,veg,66,Garlic flavored naan,side|veg|North Indian,0.331
I03540,R0356,Tandoori Roti,side,veg,27,Whole wheat flatbread,side|veg|North Indian,0.282
I03541,R0356,Gulab Jamun,dessert,veg,66,Sweet milk dumplings,dessert|veg|North Indian,0.257
I03542,R0356,Rasmalai,dessert,veg,88,Soft cheese patties in milk,dessert|veg|North Indian,0.148
I03543,R0356,Buttermilk,beverage,veg,44,Spiced yogurt drink,beverage|veg|North Indian,0.146
I03544,R0356,Lassi,beverage,veg,77,Sweet yogurt drink,beverage|veg|North Indian,0.377
I03545,R0357,Sandwich,main,veg,110,Grilled sandwich,main|veg|Italian|popular,0.0
I03546,R0357,Chicken Wrap,main,non-veg,198,Chicken stuffed wrap,main|non-veg|Italian|popular,0.0
I03547,R0357,Frankie,main,veg,132,Stuffed roll,main|veg|Italian|popular,0.0
I03548,R0357,Veg Wrap,main,veg,143,Vegetable stuffed wrap,main|veg|Italian|popular,0.0
I03549,R0357,Onion Rings,side,veg,99,Crispy onion rings,side|veg|Italian,0.339
I03550,R0357,Fries,side,veg,88,Crispy fries,side|veg|Italian,0.293
I03551,R0357,Brownie,dessert,veg,110,Chocolate brownie,dessert|veg|Italian,0.344
I03552,R0357,Ice Cream,dessert,veg,66,Vanilla ice cream,dessert|veg|Italian,0.222
I03553,R0357,Cold Coffee,beverage,veg,132,Iced coffee,beverage|veg|Italian,0.234
I03554,R0357,Soft Drink,beverage,veg,55,Refreshing beverage,beverage|veg|Italian,0.382
I03555,R0358,Veg Steak,main,veg,308,Grilled vegetable steak,main|veg|Continental|popular,0.0
I03556,R0358,Fish and Chips,main,non-veg,385,Classic fish and chips,main|non-veg|Continental|popular,0.0
I03557,R0358,Grilled Chicken,main,non-veg,352,Herb grilled chicken,main|non-veg|Continental|popular,0.0
I03558,R0358,Pasta Arrabbiata,main,veg,264,Spicy tomato pasta,main|veg|Continental|popular,0.0
I03559,R0358,Mashed Potatoes,side,veg,110,Creamy mashed potatoes,side|veg|Continental,0.156
I03560,R0358,Caesar Salad,side,veg,154,Classic Caesar salad,side|veg|Continental,0.276
I03561,R0358,Garlic Bread,side,veg,99,Garlic bread,side|veg|Continental,0.309
I03562,R0358,Panna Cotta,dessert,veg,176,Italian custard,dessert|veg|Continental,0.339
I03563,R0358,Tiramisu,dessert,veg,198,Classic Italian dessert,dessert|veg|Continental,0.308
I03564,R0358,Lemonade,beverage,veg,77,Fresh lemonade,beverage|veg|Continental,0.136
I03565,R0358,Iced Tea,beverage,veg,88,Refreshing iced tea,beverage|veg|Continental,0.197
I03566,R0359,Pancake,main,veg,224,Fluffy pancakes,main|veg|Desserts|popular,0.0
I03567,R0359,Waffle,main,veg,251,Belgian waffle with toppings,main|veg|Desserts|popular,0.0
I03568,R0359,Extra Toppings,side,veg,56,Additional toppings,side|veg|Desserts,0.243
I03569,R0359,Syrup Shot,side,veg,42,Extra syrup,side|veg|Desserts,0.379
I03570,R0359,Chocolate Cake,dessert,veg,168,Rich chocolate cake,dessert|veg|Desserts,0.118
I03571,R0359,Cheesecake,dessert,veg,251,Creamy cheesecake,dessert|veg|Desserts,0.377
I03572,R0359,Milkshake,beverage,veg,182,Thick milkshake,beverage|veg|Desserts,0.386
I03573,R0359,Hot Chocolate,beverage,veg,140,Rich hot chocolate,beverage|veg|Desserts,0.118
I03574,R0360,Vada,main,veg,66,Crispy fried lentil donuts,main|veg|South Indian|popular,0.0
I03575,R0360,Masala Dosa,main,veg,114,Crispy crepe with potato filling,main|veg|South Indian|popular,0.0
I03576,R0360,Chicken Chettinad,main,non-veg,266,Spicy Chettinad chicken,main|non-veg|South Indian|popular,0.0
I03577,R0360,Idli Sambar,main,veg,76,Steamed rice cakes with lentil curry,main|veg|South Indian|popular,0.0
I03578,R0360,Tomato Chutney,side,veg,28,Tangy tomato chutney,side|veg|South Indian,0.239
I03579,R0360,Sambar,side,veg,38,Lentil and vegetable curry,side|veg|South Indian,0.144
I03580,R0360,Coconut Chutney,side,veg,28,Fresh coconut chutney,side|veg|South Indian,0.333
I03581,R0360,Payasam,dessert,veg,57,Sweet milk pudding,dessert|veg|South Indian,0.133
I03582,R0360,Kesari,dessert,veg,47,Semolina sweet,dessert|veg|South Indian,0.147
I03583,R0360,Buttermilk,beverage,veg,33,Spiced yogurt drink,beverage|veg|South Indian,0.131
I03584,R0360,Filter Coffee,beverage,veg,38,South Indian filter coffee,beverage|veg|South Indian,0.229
I03585,R0361,Chole Bhature,main,veg,143,Chickpea curry with fried bread,main|veg|Street Food|popular,0.0
I03586,R0361,Pani Puri,main,veg,66,Crispy puris with flavored water,main|veg|Street Food|popular,0.0
I03587,R0361,Pav Bhaji,main,veg,132,Mashed vegetable curry with bread,main|veg|Street Food|popular,0.0
I03588,R0361,Samosa,main,veg,33,Crispy pastry with filling,main|veg|Street Food|popular,0.0
I03589,R0361,Extra Pav,side,veg,16,Extra bread,side|veg|Street Food,0.147
I03590,R0361,Papad,side,veg,22,Crispy papad,side|veg|Street Food,0.316
I03591,R0361,Jalebi,dessert,veg,55,Sweet fried spirals,dessert|veg|Street Food,0.163
I03592,R0361,Rabri,dessert,veg,88,Thickened sweet milk,dessert|veg|Street Food,0.264
I03593,R0361,Masala Chai,beverage,veg,33,Spiced tea,beverage|veg|Street Food,0.373
I03594,R0361,Lassi,beverage,veg,66,Yogurt drink,beverage|veg|Street Food,0.222
I03595,R0362,Chicken Chettinad,main,non-veg,350,Spicy Chettinad chicken,main|non-veg|South Indian|popular,0.0
I03596,R0362,Masala Dosa,main,veg,150,Crispy crepe with potato filling,main|veg|South Indian|popular,0.0
I03597,R0362,Vada,main,veg,87,Crispy fried lentil donuts,main|veg|South Indian|popular,0.0
I03598,R0362,Tomato Chutney,side,veg,37,Tangy tomato chutney,side|veg|South Indian,0.321
I03599,R0362,Coconut Chutney,side,veg,37,Fresh coconut chutney,side|veg|South Indian,0.194
I03600,R0362,Sambar,side,veg,50,Lentil and vegetable curry,side|veg|South Indian,0.385
I03601,R0362,Kesari,dessert,veg,62,Semolina sweet,dessert|veg|South Indian,0.272
I03602,R0362,Payasam,dessert,veg,75,Sweet milk pudding,dessert|veg|South Indian,0.196
I03603,R0362,Buttermilk,beverage,veg,43,Spiced yogurt drink,beverage|veg|South Indian,0.182
I03604,R0362,Filter Coffee,beverage,veg,50,South Indian filter coffee,beverage|veg|South Indian,0.245
I03605,R0363,Vada,main,veg,77,Crispy fried lentil donuts,main|veg|South Indian|popular,0.0
I03606,R0363,Idli Sambar,main,veg,88,Steamed rice cakes with lentil curry,main|veg|South Indian|popular,0.0
I03607,R0363,Masala Dosa,main,veg,132,Crispy crepe with potato filling,main|veg|South Indian|popular,0.0
I03608,R0363,Chicken Chettinad,main,non-veg,308,Spicy Chettinad chicken,main|non-veg|South Indian|popular,0.0
I03609,R0363,Tomato Chutney,side,veg,33,Tangy tomato chutney,side|veg|South Indian,0.394
I03610,R0363,Sambar,side,veg,44,Lentil and vegetable curry,side|veg|South Indian,0.113
I03611,R0363,Coconut Chutney,side,veg,33,Fresh coconut chutney,side|veg|South Indian,0.161
I03612,R0363,Payasam,dessert,veg,66,Sweet milk pudding,dessert|veg|South Indian,0.308
I03613,R0363,Kesari,dessert,veg,55,Semolina sweet,dessert|veg|South Indian,0.132
I03614,R0363,Buttermilk,beverage,veg,38,Spiced yogurt drink,beverage|veg|South Indian,0.299
I03615,R0363,Filter Coffee,beverage,veg,44,South Indian filter coffee,beverage|veg|South Indian,0.155
I03616,R0364,Veg Wrap,main,veg,162,Vegetable stuffed wrap,main|veg|Italian|popular,0.0
I03617,R0364,Frankie,main,veg,150,Stuffed roll,main|veg|Italian|popular,0.0
I03618,R0364,Chicken Wrap,main,non-veg,225,Chicken stuffed wrap,main|non-veg|Italian|popular,0.0
I03619,R0364,Fries,side,veg,100,Crispy fries,side|veg|Italian,0.168
I03620,R0364,Onion Rings,side,veg,112,Crispy onion rings,side|veg|Italian,0.36
I03621,R0364,Ice Cream,dessert,veg,75,Vanilla ice cream,dessert|veg|Italian,0.345
I03622,R0364,Brownie,dessert,veg,125,Chocolate brownie,dessert|veg|Italian,0.314
I03623,R0364,Cold Coffee,beverage,veg,150,Iced coffee,beverage|veg|Italian,0.231
I03624,R0364,Soft Drink,beverage,veg,62,Refreshing beverage,beverage|veg|Italian,0.391
I03625,R0365,Vada,main,veg,77,Crispy fried lentil donuts,main|veg|South Indian|popular,0.0
I03626,R0365,Chicken Chettinad,main,non-veg,308,Spicy Chettinad chicken,main|non-veg|South Indian|popular,0.0
I03627,R0365,Masala Dosa,main,veg,132,Crispy crepe with potato filling,main|veg|South Indian|popular,0.0
I03628,R0365,Idli Sambar,main,veg,88,Steamed rice cakes with lentil curry,main|veg|South Indian|popular,0.0
I03629,R0365,Coconut Chutney,side,veg,33,Fresh coconut chutney,side|veg|South Indian,0.147
I03630,R0365,Sambar,side,veg,44,Lentil and vegetable curry,side|veg|South Indian,0.391
I03631,R0365,Tomato Chutney,side,veg,33,Tangy tomato chutney,side|veg|South Indian,0.134
I03632,R0365,Kesari,dessert,veg,55,Semolina sweet,dessert|veg|South Indian,0.166
I03633,R0365,Payasam,dessert,veg,66,Sweet milk pudding,dessert|veg|South Indian,0.167
I03634,R0365,Filter Coffee,beverage,veg,44,South Indian filter coffee,beverage|veg|South Indian,0.374
I03635,R0365,Buttermilk,beverage,veg,38,Spiced yogurt drink,beverage|veg|South Indian,0.24
I03636,R0366,Chicken Biryani,main,non-veg,308,Fragrant basmati rice with tender chicken pieces,main|non-veg|Biryani|popular,0.0
I03637,R0366,Mutton Biryani,main,non-veg,385,Aromatic rice with succulent mutton,main|non-veg|Biryani|popular,0.0
I03638,R0366,Egg Biryani,main,non-veg,242,Rice with boiled eggs and spices,main|non-veg|Biryani|popular,0.0
I03639,R0366,Veg Biryani,main,veg,220,Flavorful rice with mixed vegetables,main|veg|Biryani|popular,0.0
I03640,R0366,Double Ka Meetha,side,veg,88,Sweet bread pudding,side|veg|Biryani,0.236
I03641,R0366,Raita,side,veg,44,Cooling yogurt with cucumber and spices,side|veg|Biryani,0.156
I03642,R0366,Salan,side,veg,66,Spicy curry accompaniment,side|veg|Biryani,0.167
I03643,R0366,Khubani Ka Meetha,dessert,veg,99,Apricot dessert,dessert|veg|Biryani,0.189
I03644,R0366,Gulab Jamun,dessert,veg,66,Soft milk dumplings in sugar syrup,dessert|veg|Biryani,0.2
I03645,R0366,Lassi,beverage,veg,77,Thick yogurt drink,beverage|veg|Biryani,0.223
I03646,R0366,Soft Drink,beverage,veg,55,Refreshing carbonated beverage,beverage|veg|Biryani,0.195
I03647,R0367,Butter Chicken,main,non-veg,304,Creamy tomato-based chicken curry,main|non-veg|North Indian|popular,0.0
I03648,R0367,Paneer Tikka,main,veg,266,Grilled cottage cheese,main|veg|North Indian|popular,0.0
I03649,R0367,Rogan Josh,main,non-veg,361,Kashmiri lamb curry,main|non-veg|North Indian|popular,0.0
I03650,R0367,Dal Makhani,main,veg,209,Creamy black lentils,main|veg|North Indian|popular,0.0
I03651,R0367,Jeera Rice,side,veg,114,Cumin flavored rice,side|veg|North Indian,0.389
I03652,R0367,Garlic Naan,side,veg,57,Garlic flavored naan,side|veg|North Indian,0.147
I03653,R0367,Butter Naan,side,veg,47,Buttery flatbread,side|veg|North Indian,0.384
I03654,R0367,Tandoori Roti,side,veg,23,Whole wheat flatbread,side|veg|North Indian,0.111
I03655,R0367,Rasmalai,dessert,veg,76,Soft cheese patties in milk,dessert|veg|North Indian,0.367
I03656,R0367,Gulab Jamun,dessert,veg,57,Sweet milk dumplings,dessert|veg|North Indian,0.18
I03657,R0367,Lassi,beverage,veg,66,Sweet yogurt drink,beverage|veg|North Indian,0.332
I03658,R0367,Buttermilk,beverage,veg,38,Spiced yogurt drink,beverage|veg|North Indian,0.203
I03659,R0368,Veg Steak,main,veg,308,Grilled vegetable steak,main|veg|Continental|popular,0.0
I03660,R0368,Fish and Chips,main,non-veg,385,Classic fish and chips,main|non-veg|Continental|popular,0.0
I03661,R0368,Grilled Chicken,main,non-veg,352,Herb grilled chicken,main|non-veg|Continental|popular,0.0
I03662,R0368,Pasta Arrabbiata,main,veg,264,Spicy tomato pasta,main|veg|Continental|popular,0.0
I03663,R0368,Caesar Salad,side,veg,154,Classic Caesar salad,side|veg|Continental,0.362
I03664,R0368,Garlic Bread,side,veg,99,Garlic bread,side|veg|Continental,0.174
I03665,R0368,Mashed Potatoes,side,veg,110,Creamy mashed potatoes,side|veg|Continental,0.229
I03666,R0368,Tiramisu,dessert,veg,198,Classic Italian dessert,dessert|veg|Continental,0.294
I03667,R0368,Panna Cotta,dessert,veg,176,Italian custard,dessert|veg|Continental,0.2
I03668,R0368,Lemonade,beverage,veg,77,Fresh lemonade,beverage|veg|Continental,0.21
I03669,R0368,Iced Tea,beverage,veg,88,Refreshing iced tea,beverage|veg|Continental,0.245
I03670,R0369,Rogan Josh,main,non-veg,361,Kashmiri lamb curry,main|non-veg|North Indian|popular,0.0
I03671,R0369,Dal Makhani,main,veg,209,Creamy black lentils,main|veg|North Indian|popular,0.0
I03672,R0369,Paneer Tikka,main,veg,266,Grilled cottage cheese,main|veg|North Indian|popular,0.0
I03673,R0369,Butter Chicken,main,non-veg,304,Creamy tomato-based chicken curry,main|non-veg|North Indian|popular,0.0
I03674,R0369,Garlic Naan,side,veg,57,Garlic flavored naan,side|veg|North Indian,0.165
I03675,R0369,Tandoori Roti,side,veg,23,Whole wheat flatbread,side|veg|North Indian,0.351
I03676,R0369,Jeera Rice,side,veg,114,Cumin flavored rice,side|veg|North Indian,0.152
I03677,R0369,Butter Naan,side,veg,47,Buttery flatbread,side|veg|North Indian,0.341
I03678,R0369,Rasmalai,dessert,veg,76,Soft cheese patties in milk,dessert|veg|North Indian,0.342
I03679,R0369,Gulab Jamun,dessert,veg,57,Sweet milk dumplings,dessert|veg|North Indian,0.2
I03680,R0369,Lassi,beverage,veg,66,Sweet yogurt drink,beverage|veg|North Indian,0.287
I03681,R0369,Buttermilk,beverage,veg,38,Spiced yogurt drink,beverage|veg|North Indian,0.248
I03682,R0370,Chicken Wrap,main,non-veg,198,Chicken stuffed wrap,main|non-veg|Fast Food|popular,0.0
I03683,R0370,Veg Wrap,main,veg,143,Vegetable stuffed wrap,main|veg|Fast Food|popular,0.0
I03684,R0370,Sandwich,main,veg,110,Grilled sandwich,main|veg|Fast Food|popular,0.0
I03685,R0370,Frankie,main,veg,132,Stuffed roll,main|veg|Fast Food|popular,0.0
I03686,R0370,Onion Rings,side,veg,99,Crispy onion rings,side|veg|Fast Food,0.219
I03687,R0370,Fries,side,veg,88,Crispy fries,side|veg|Fast Food,0.305
I03688,R0370,Ice Cream,dessert,veg,66,Vanilla ice cream,dessert|veg|Fast Food,0.145
I03689,R0370,Brownie,dessert,veg,110,Chocolate brownie,dessert|veg|Fast Food,0.31
I03690,R0370,Cold Coffee,beverage,veg,132,Iced coffee,beverage|veg|Fast Food,0.174
I03691,R0370,Soft Drink,beverage,veg,55,Refreshing beverage,beverage|veg|Fast Food,0.344
I03692,R0371,Chicken Wrap,main,non-veg,198,Chicken stuffed wrap,main|non-veg|Italian|popular,0.0
I03693,R0371,Sandwich,main,veg,110,Grilled sandwich,main|veg|Italian|popular,0.0
I03694,R0371,Frankie,main,veg,132,Stuffed roll,main|veg|Italian|popular,0.0
I03695,R0371,Veg Wrap,main,veg,143,Vegetable stuffed wrap,main|veg|Italian|popular,0.0
I03696,R0371,Fries,side,veg,88,Crispy fries,side|veg|Italian,0.394
I03697,R0371,Onion Rings,side,veg,99,Crispy onion rings,side|veg|Italian,0.101
I03698,R0371,Brownie,dessert,veg,110,Chocolate brownie,dessert|veg|Italian,0.15
I03699,R0371,Ice Cream,dessert,veg,66,Vanilla ice cream,dessert|veg|Italian,0.316
I03700,R0371,Soft Drink,beverage,veg,55,Refreshing beverage,beverage|veg|Italian,0.113
I03701,R0371,Cold Coffee,beverage,veg,132,Iced coffee,beverage|veg|Italian,0.352
I03702,R0372,Pancake,main,veg,152,Fluffy pancakes,main|veg|Desserts|popular,0.0
I03703,R0372,Waffle,main,veg,171,Belgian waffle with toppings,main|veg|Desserts|popular,0.0
I03704,R0372,Ice Cream Sundae,main,veg,142,Loaded ice cream sundae,main|veg|Desserts|popular,0.0
I03705,R0372,Syrup Shot,side,veg,28,Extra syrup,side|veg|Desserts,0.266
I03706,R0372,Extra Toppings,side,veg,38,Additional toppings,side|veg|Desserts,0.329
I03707,R0372,Chocolate Cake,dessert,veg,114,Rich chocolate cake,dessert|veg|Desserts,0.368
I03708,R0372,Cheesecake,dessert,veg,171,Creamy cheesecake,dessert|veg|Desserts,0.255
I03709,R0372,Milkshake,beverage,veg,123,Thick milkshake,beverage|veg|Desserts,0.102
I03710,R0372,Hot Chocolate,beverage,veg,95,Rich hot chocolate,beverage|veg|Desserts,0.104
I03711,R0373,Veg Wrap,main,veg,143,Vegetable stuffed wrap,main|veg|Italian|popular,0.0
I03712,R0373,Chicken Wrap,main,non-veg,198,Chicken stuffed wrap,main|non-veg|Italian|popular,0.0
I03713,R0373,Frankie,main,veg,132,Stuffed roll,main|veg|Italian|popular,0.0
I03714,R0373,Sandwich,main,veg,110,Grilled sandwich,main|veg|Italian|popular,0.0
I03715,R0373,Fries,side,veg,88,Crispy fries,side|veg|Italian,0.18
I03716,R0373,Onion Rings,side,veg,99,Crispy onion rings,side|veg|Italian,0.158
I03717,R0373,Brownie,dessert,veg,110,Chocolate brownie,dessert|veg|Italian,0.202
I03718,R0373,Ice Cream,dessert,veg,66,Vanilla ice cream,dessert|veg|Italian,0.11
I03719,R0373,Soft Drink,beverage,veg,55,Refreshing beverage,beverage|veg|Italian,0.202
I03720,R0373,Cold Coffee,beverage,veg,132,Iced coffee,beverage|veg|Italian,0.394
I03721,R0374,Chicken Wrap,main,non-veg,225,Chicken stuffed wrap,main|non-veg|Fast Food|popular,0.0
I03722,R0374,Frankie,main,veg,150,Stuffed roll,main|veg|Fast Food|popular,0.0
I03723,R0374,Sandwich,main,veg,125,Grilled sandwich,main|veg|Fast Food|popular,0.0
I03724,R0374,Fries,side,veg,100,Crispy fries,side|veg|Fast Food,0.388
I03725,R0374,Onion Rings,side,veg,112,Crispy onion rings,side|veg|Fast Food,0.333
I03726,R0374,Ice Cream,dessert,veg,75,Vanilla ice cream,dessert|veg|Fast Food,0.223
I03727,R0374,Brownie,dessert,veg,125,Chocolate brownie,dessert|veg|Fast Food,0.224
I03728,R0374,Cold Coffee,beverage,veg,150,Iced coffee,beverage|veg|Fast Food,0.107
I03729,R0374,Soft Drink,beverage,veg,62,Refreshing beverage,beverage|veg|Fast Food,0.141
I03730,R0375,Smoothie,main,veg,165,Fruit smoothie,main|veg|Beverages|popular,0.0
I03731,R0375,Cold Coffee,main,veg,143,Iced coffee,main|veg|Beverages|popular,0.0
I03732,R0375,Mojito,main,veg,121,Refreshing mint drink,main|veg|Beverages|popular,0.0
I03733,R0375,Whipped Cream,side,veg,27,Extra whipped cream,side|veg|Beverages,0.389
I03734,R0375,Extra Shot,side,veg,33,Extra coffee shot,side|veg|Beverages,0.349
I03735,R0375,Muffin,dessert,veg,66,Fresh muffin,dessert|veg|Beverages,0.252
I03736,R0375,Cookie,dessert,veg,55,Fresh baked cookie,dessert|veg|Beverages,0.145
I03737,R0375,Water Bottle,beverage,veg,22,Mineral water,beverage|veg|Beverages,0.219
I03738,R0375,Soft Drink,beverage,veg,55,Refreshing beverage,beverage|veg|Beverages,0.148
I03739,R0376,Rogan Josh,main,non-veg,475,Kashmiri lamb curry,main|non-veg|North Indian|popular,0.0
I03740,R0376,Paneer Tikka,main,veg,350,Grilled cottage cheese,main|veg|North Indian|popular,0.0
I03741,R0376,Dal Makhani,main,veg,275,Creamy black lentils,main|veg|North Indian|popular,0.0
I03742,R0376,Jeera Rice,side,veg,150,Cumin flavored rice,side|veg|North Indian,0.354
I03743,R0376,Tandoori Roti,side,veg,31,Whole wheat flatbread,side|veg|North Indian,0.217
I03744,R0376,Butter Naan,side,veg,62,Buttery flatbread,side|veg|North Indian,0.359
I03745,R0376,Gulab Jamun,dessert,veg,75,Sweet milk dumplings,dessert|veg|North Indian,0.173
I03746,R0376,Rasmalai,dessert,veg,100,Soft cheese patties in milk,dessert|veg|North Indian,0.124
I03747,R0376,Buttermilk,beverage,veg,50,Spiced yogurt drink,beverage|veg|North Indian,0.211
I03748,R0376,Lassi,beverage,veg,87,Sweet yogurt drink,beverage|veg|North Indian,0.391
I03749,R0377,Dal Makhani,main,veg,242,Creamy black lentils,main|veg|North Indian|popular,0.0
I03750,R0377,Paneer Tikka,main,veg,308,Grilled cottage cheese,main|veg|North Indian|popular,0.0
I03751,R0377,Butter Chicken,main,non-veg,352,Creamy tomato-based chicken curry,main|non-veg|North Indian|popular,0.0
I03752,R0377,Rogan Josh,main,non-veg,418,Kashmiri lamb curry,main|non-veg|North Indian|popular,0.0
I03753,R0377,Tandoori Roti,side,veg,27,Whole wheat flatbread,side|veg|North Indian,0.163
I03754,R0377,Garlic Naan,side,veg,66,Garlic flavored naan,side|veg|North Indian,0.186
I03755,R0377,Jeera Rice,side,veg,132,Cumin flavored rice,side|veg|North Indian,0.272
I03756,R0377,Butter Naan,side,veg,55,Buttery flatbread,side|veg|North Indian,0.204
I03757,R0377,Gulab Jamun,dessert,veg,66,Sweet milk dumplings,dessert|veg|North Indian,0.171
I03758,R0377,Rasmalai,dessert,veg,88,Soft cheese patties in milk,dessert|veg|North Indian,0.25
I03759,R0377,Buttermilk,beverage,veg,44,Spiced yogurt drink,beverage|veg|North Indian,0.295
I03760,R0377,Lassi,beverage,veg,77,Sweet yogurt drink,beverage|veg|North Indian,0.219
I03761,R0378,Chole Bhature,main,veg,123,Chickpea curry with fried bread,main|veg|Street Food|popular,0.0
I03762,R0378,Pani Puri,main,veg,57,Crispy puris with flavored water,main|veg|Street Food|popular,0.0
I03763,R0378,Pav Bhaji,main,veg,114,Mashed vegetable curry with bread,main|veg|Street Food|popular,0.0
I03764,R0378,Samosa,main,veg,28,Crispy pastry with filling,main|veg|Street Food|popular,0.0
I03765,R0378,Papad,side,veg,19,Crispy papad,side|veg|Street Food,0.338
I03766,R0378,Extra Pav,side,veg,14,Extra bread,side|veg|Street Food,0.139
I03767,R0378,Jalebi,dessert,veg,47,Sweet fried spirals,dessert|veg|Street Food,0.107
I03768,R0378,Rabri,dessert,veg,76,Thickened sweet milk,dessert|veg|Street Food,0.399
I03769,R0378,Lassi,beverage,veg,57,Yogurt drink,beverage|veg|Street Food,0.216
I03770,R0378,Masala Chai,beverage,veg,28,Spiced tea,beverage|veg|Street Food,0.128
I03771,R0379,Pasta Arrabbiata,main,veg,300,Spicy tomato pasta,main|veg|Continental|popular,0.0
I03772,R0379,Veg Steak,main,veg,350,Grilled vegetable steak,main|veg|Continental|popular,0.0
I03773,R0379,Grilled Chicken,main,non-veg,400,Herb grilled chicken,main|non-veg|Continental|popular,0.0
I03774,R0379,Mashed Potatoes,side,veg,125,Creamy mashed potatoes,side|veg|Continental,0.247
I03775,R0379,Garlic Bread,side,veg,112,Garlic bread,side|veg|Continental,0.196
I03776,R0379,Caesar Salad,side,veg,175,Classic Caesar salad,side|veg|Continental,0.219
I03777,R0379,Tiramisu,dessert,veg,225,Classic Italian dessert,dessert|veg|Continental,0.357
I03778,R0379,Panna Cotta,dessert,veg,200,Italian custard,dessert|veg|Continental,0.16
I03779,R0379,Iced Tea,beverage,veg,100,Refreshing iced tea,beverage|veg|Continental,0.365
I03780,R0379,Lemonade,beverage,veg,87,Fresh lemonade,beverage|veg|Continental,0.111
I03781,R0380,Ice Cream Sundae,main,veg,210,Loaded ice cream sundae,main|veg|Desserts|popular,0.0
I03782,R0380,Waffle,main,veg,251,Belgian waffle with toppings,main|veg|Desserts|popular,0.0
I03783,R0380,Syrup Shot,side,veg,42,Extra syrup,side|veg|Desserts,0.352
I03784,R0380,Extra Toppings,side,veg,56,Additional toppings,side|veg|Desserts,0.303
I03785,R0380,Cheesecake,dessert,veg,251,Creamy cheesecake,dessert|veg|Desserts,0.269
I03786,R0380,Chocolate Cake,dessert,veg,168,Rich chocolate cake,dessert|veg|Desserts,0.378
I03787,R0380,Hot Chocolate,beverage,veg,140,Rich hot chocolate,beverage|veg|Desserts,0.105
I03788,R0380,Milkshake,beverage,veg,182,Thick milkshake,beverage|veg|Desserts,0.284
I03789,R0381,Waffle,main,veg,225,Belgian waffle with toppings,main|veg|Desserts|popular,0.0
I03790,R0381,Pancake,main,veg,200,Fluffy pancakes,main|veg|Desserts|popular,0.0
I03791,R0381,Ice Cream Sundae,main,veg,187,Loaded ice cream sundae,main|veg|Desserts|popular,0.0
I03792,R0381,Extra Toppings,side,veg,50,Additional toppings,side|veg|Desserts,0.299
I03793,R0381,Syrup Shot,side,veg,37,Extra syrup,side|veg|Desserts,0.279
I03794,R0381,Chocolate Cake,dessert,veg,150,Rich chocolate cake,dessert|veg|Desserts,0.231
I03795,R0381,Cheesecake,dessert,veg,225,Creamy cheesecake,dessert|veg|Desserts,0.149
I03796,R0381,Hot Chocolate,beverage,veg,125,Rich hot chocolate,beverage|veg|Desserts,0.262
I03797,R0381,Milkshake,beverage,veg,162,Thick milkshake,beverage|veg|Desserts,0.125
I03798,R0382,Paneer Tikka,main,veg,266,Grilled cottage cheese,main|veg|North Indian|popular,0.0
I03799,R0382,Rogan Josh,main,non-veg,361,Kashmiri lamb curry,main|non-veg|North Indian|popular,0.0
I03800,R0382,Dal Makhani,main,veg,209,Creamy black lentils,main|veg|North Indian|popular,0.0
I03801,R0382,Butter Chicken,main,non-veg,304,Creamy tomato-based chicken curry,main|non-veg|North Indian|popular,0.0
I03802,R0382,Jeera Rice,side,veg,114,Cumin flavored rice,side|veg|North Indian,0.39
I03803,R0382,Butter Naan,side,veg,47,Buttery flatbread,side|veg|North Indian,0.29
I03804,R0382,Tandoori Roti,side,veg,23,Whole wheat flatbread,side|veg|North Indian,0.241
I03805,R0382,Garlic Naan,side,veg,57,Garlic flavored naan,side|veg|North Indian,0.268
I03806,R0382,Gulab Jamun,dessert,veg,57,Sweet milk dumplings,dessert|veg|North Indian,0.372
I03807,R0382,Rasmalai,dessert,veg,76,Soft cheese patties in milk,dessert|veg|North Indian,0.335
I03808,R0382,Lassi,beverage,veg,66,Sweet yogurt drink,beverage|veg|North Indian,0.126
I03809,R0382,Buttermilk,beverage,veg,38,Spiced yogurt drink,beverage|veg|North Indian,0.236
I03810,R0383,Butter Chicken,main,non-veg,448,Creamy tomato-based chicken curry,main|non-veg|North Indian|popular,0.0
I03811,R0383,Dal Makhani,main,veg,308,Creamy black lentils,main|veg|North Indian|popular,0.0
I03812,R0383,Butter Naan,side,veg,70,Buttery flatbread,side|veg|North Indian,0.139
I03813,R0383,Garlic Naan,side,veg,84,Garlic flavored naan,side|veg|North Indian,0.189
I03814,R0383,Gulab Jamun,dessert,veg,84,Sweet milk dumplings,dessert|veg|North Indian,0.325
I03815,R0383,Rasmalai,dessert,veg,112,Soft cheese patties in milk,dessert|veg|North Indian,0.298
I03816,R0383,Buttermilk,beverage,veg,56,Spiced yogurt drink,beverage|veg|North Indian,0.236
I03817,R0383,Lassi,beverage,veg,98,Sweet yogurt drink,beverage|veg|North Indian,0.333
I03818,R0384,Pav Bhaji,main,veg,132,Mashed vegetable curry with bread,main|veg|Street Food|popular,0.0
I03819,R0384,Samosa,main,veg,33,Crispy pastry with filling,main|veg|Street Food|popular,0.0
I03820,R0384,Pani Puri,main,veg,66,Crispy puris with flavored water,main|veg|Street Food|popular,0.0
I03821,R0384,Chole Bhature,main,veg,143,Chickpea curry with fried bread,main|veg|Street Food|popular,0.0
I03822,R0384,Extra Pav,side,veg,16,Extra bread,side|veg|Street Food,0.109
I03823,R0384,Papad,side,veg,22,Crispy papad,side|veg|Street Food,0.165
I03824,R0384,Jalebi,dessert,veg,55,Sweet fried spirals,dessert|veg|Street Food,0.348
I03825,R0384,Rabri,dessert,veg,88,Thickened sweet milk,dessert|veg|Street Food,0.229
I03826,R0384,Lassi,beverage,veg,66,Yogurt drink,beverage|veg|Street Food,0.357
I03827,R0384,Masala Chai,beverage,veg,33,Spiced tea,beverage|veg|Street Food,0.291
I03828,R0385,Veg Steak,main,veg,308,Grilled vegetable steak,main|veg|Continental|popular,0.0
I03829,R0385,Pasta Arrabbiata,main,veg,264,Spicy tomato pasta,main|veg|Continental|popular,0.0
I03830,R0385,Fish and Chips,main,non-veg,385,Classic fish and chips,main|non-veg|Continental|popular,0.0
I03831,R0385,Grilled Chicken,main,non-veg,352,Herb grilled chicken,main|non-veg|Continental|popular,0.0
I03832,R0385,Garlic Bread,side,veg,99,Garlic bread,side|veg|Continental,0.325
I03833,R0385,Caesar Salad,side,veg,154,Classic Caesar salad,side|veg|Continental,0.314
I03834,R0385,Mashed Potatoes,side,veg,110,Creamy mashed potatoes,side|veg|Continental,0.129
I03835,R0385,Tiramisu,dessert,veg,198,Classic Italian dessert,dessert|veg|Continental,0.1
I03836,R0385,Panna Cotta,dessert,veg,176,Italian custard,dessert|veg|Continental,0.169
I03837,R0385,Lemonade,beverage,veg,77,Fresh lemonade,beverage|veg|Continental,0.323
I03838,R0385,Iced Tea,beverage,veg,88,Refreshing iced tea,beverage|veg|Continental,0.354
I03839,R0386,Chicken Wrap,main,non-veg,225,Chicken stuffed wrap,main|non-veg|Italian|popular,0.0
I03840,R0386,Frankie,main,veg,150,Stuffed roll,main|veg|Italian|popular,0.0
I03841,R0386,Veg Wrap,main,veg,162,Vegetable stuffed wrap,main|veg|Italian|popular,0.0
I03842,R0386,Fries,side,veg,100,Crispy fries,side|veg|Italian,0.241
I03843,R0386,Onion Rings,side,veg,112,Crispy onion rings,side|veg|Italian,0.243
I03844,R0386,Brownie,dessert,veg,125,Chocolate brownie,dessert|veg|Italian,0.157
I03845,R0386,Ice Cream,dessert,veg,75,Vanilla ice cream,dessert|veg|Italian,0.38
I03846,R0386,Cold Coffee,beverage,veg,150,Iced coffee,beverage|veg|Italian,0.14
I03847,R0386,Soft Drink,beverage,veg,62,Refreshing beverage,beverage|veg|Italian,0.164
I03848,R0387,Pasta Arrabbiata,main,veg,228,Spicy tomato pasta,main|veg|Continental|popular,0.0
I03849,R0387,Fish and Chips,main,non-veg,332,Classic fish and chips,main|non-veg|Continental|popular,0.0
I03850,R0387,Grilled Chicken,main,non-veg,304,Herb grilled chicken,main|non-veg|Continental|popular,0.0
I03851,R0387,Veg Steak,main,veg,266,Grilled vegetable steak,main|veg|Continental|popular,0.0
I03852,R0387,Garlic Bread,side,veg,85,Garlic bread,side|veg|Continental,0.366
I03853,R0387,Mashed Potatoes,side,veg,95,Creamy mashed potatoes,side|veg|Continental,0.248
I03854,R0387,Caesar Salad,side,veg,133,Classic Caesar salad,side|veg|Continental,0.235
I03855,R0387,Tiramisu,dessert,veg,171,Classic Italian dessert,dessert|veg|Continental,0.237
I03856,R0387,Panna Cotta,dessert,veg,152,Italian custard,dessert|veg|Continental,0.209
I03857,R0387,Lemonade,beverage,veg,66,Fresh lemonade,beverage|veg|Continental,0.149
I03858,R0387,Iced Tea,beverage,veg,76,Refreshing iced tea,beverage|veg|Continental,0.132
I03859,R0388,Chole Bhature,main,veg,143,Chickpea curry with fried bread,main|veg|Street Food|popular,0.0
I03860,R0388,Pani Puri,main,veg,66,Crispy puris with flavored water,main|veg|Street Food|popular,0.0
I03861,R0388,Samosa,main,veg,33,Crispy pastry with filling,main|veg|Street Food|popular,0.0
I03862,R0388,Pav Bhaji,main,veg,132,Mashed vegetable curry with bread,main|veg|Street Food|popular,0.0
I03863,R0388,Papad,side,veg,22,Crispy papad,side|veg|Street Food,0.23
I03864,R0388,Extra Pav,side,veg,16,Extra bread,side|veg|Street Food,0.11
I03865,R0388,Rabri,dessert,veg,88,Thickened sweet milk,dessert|veg|Street Food,0.259
I03866,R0388,Jalebi,dessert,veg,55,Sweet fried spirals,dessert|veg|Street Food,0.275
I03867,R0388,Lassi,beverage,veg,66,Yogurt drink,beverage|veg|Street Food,0.263
I03868,R0388,Masala Chai,beverage,veg,33,Spiced tea,beverage|veg|Street Food,0.252
I03869,R0389,Sandwich,main,veg,110,Grilled sandwich,main|veg|Fast Food|popular,0.0
I03870,R0389,Veg Wrap,main,veg,143,Vegetable stuffed wrap,main|veg|Fast Food|popular,0.0
I03871,R0389,Frankie,main,veg,132,Stuffed roll,main|veg|Fast Food|popular,0.0
I03872,R0389,Chicken Wrap,main,non-veg,198,Chicken stuffed wrap,main|non-veg|Fast Food|popular,0.0
I03873,R0389,Onion Rings,side,veg,99,Crispy onion rings,side|veg|Fast Food,0.37
I03874,R0389,Fries,side,veg,88,Crispy fries,side|veg|Fast Food,0.288
I03875,R0389,Ice Cream,dessert,veg,66,Vanilla ice cream,dessert|veg|Fast Food,0.299
I03876,R0389,Brownie,dessert,veg,110,Chocolate brownie,dessert|veg|Fast Food,0.337
I03877,R0389,Cold Coffee,beverage,veg,132,Iced coffee,beverage|veg|Fast Food,0.326
I03878,R0389,Soft Drink,beverage,veg,55,Refreshing beverage,beverage|veg|Fast Food,0.117
I03879,R0390,Mojito,main,veg,154,Refreshing mint drink,main|veg|Beverages|popular,0.0
I03880,R0390,Cold Coffee,main,veg,182,Iced coffee,main|veg|Beverages|popular,0.0
I03881,R0390,Extra Shot,side,veg,42,Extra coffee shot,side|veg|Beverages,0.172
I03882,R0390,Whipped Cream,side,veg,35,Extra whipped cream,side|veg|Beverages,0.294
I03883,R0390,Cookie,dessert,veg,70,Fresh baked cookie,dessert|veg|Beverages,0.397
I03884,R0390,Muffin,dessert,veg,84,Fresh muffin,dessert|veg|Beverages,0.38
I03885,R0390,Water Bottle,beverage,veg,28,Mineral water,beverage|veg|Beverages,0.124
I03886,R0390,Soft Drink,beverage,veg,70,Refreshing beverage,beverage|veg|Beverages,0.226
I03887,R0391,Smoothie,main,veg,187,Fruit smoothie,main|veg|Beverages|popular,0.0
I03888,R0391,Mojito,main,veg,137,Refreshing mint drink,main|veg|Beverages|popular,0.0
I03889,R0391,Cold Coffee,main,veg,162,Iced coffee,main|veg|Beverages|popular,0.0
I03890,R0391,Whipped Cream,side,veg,31,Extra whipped cream,side|veg|Beverages,0.293
I03891,R0391,Extra Shot,side,veg,37,Extra coffee shot,side|veg|Beverages,0.258
I03892,R0391,Cookie,dessert,veg,62,Fresh baked cookie,dessert|veg|Beverages,0.165
I03893,R0391,Muffin,dessert,veg,75,Fresh muffin,dessert|veg|Beverages,0.224
I03894,R0391,Soft Drink,beverage,veg,62,Refreshing beverage,beverage|veg|Beverages,0.361
I03895,R0391,Water Bottle,beverage,veg,25,Mineral water,beverage|veg|Beverages,0.198
I03896,R0392,Smoothie,main,veg,210,Fruit smoothie,main|veg|Beverages|popular,0.0
I03897,R0392,Mojito,main,veg,154,Refreshing mint drink,main|veg|Beverages|popular,0.0
I03898,R0392,Whipped Cream,side,veg,35,Extra whipped cream,side|veg|Beverages,0.311
I03899,R0392,Extra Shot,side,veg,42,Extra coffee shot,side|veg|Beverages,0.119
I03900,R0392,Muffin,dessert,veg,84,Fresh muffin,dessert|veg|Beverages,0.152
I03901,R0392,Cookie,dessert,veg,70,Fresh baked cookie,dessert|veg|Beverages,0.386
I03902,R0392,Water Bottle,beverage,veg,28,Mineral water,beverage|veg|Beverages,0.126
I03903,R0392,Soft Drink,beverage,veg,70,Refreshing beverage,beverage|veg|Beverages,0.184
I03904,R0393,Pasta Arrabbiata,main,veg,264,Spicy tomato pasta,main|veg|Continental|popular,0.0
I03905,R0393,Veg Steak,main,veg,308,Grilled vegetable steak,main|veg|Continental|popular,0.0
I03906,R0393,Fish and Chips,main,non-veg,385,Classic fish and chips,main|non-veg|Continental|popular,0.0
I03907,R0393,Grilled Chicken,main,non-veg,352,Herb grilled chicken,main|non-veg|Continental|popular,0.0
I03908,R0393,Mashed Potatoes,side,veg,110,Creamy mashed potatoes,side|veg|Continental,0.252
I03909,R0393,Garlic Bread,side,veg,99,Garlic bread,side|veg|Continental,0.335
I03910,R0393,Caesar Salad,side,veg,154,Classic Caesar salad,side|veg|Continental,0.214
I03911,R0393,Panna Cotta,dessert,veg,176,Italian custard,dessert|veg|Continental,0.33
I03912,R0393,Tiramisu,dessert,veg,198,Classic Italian dessert,dessert|veg|Continental,0.269
I03913,R0393,Lemonade,beverage,veg,77,Fresh lemonade,beverage|veg|Continental,0.271
I03914,R0393,Iced Tea,beverage,veg,88,Refreshing iced tea,beverage|veg|Continental,0.312
I03915,R0394,Hakka Noodles,main,veg,212,Stir-fried noodles,main|veg|Chinese|popular,0.0
I03916,R0394,Fried Rice,main,veg,225,Stir-fried rice with vegetables,main|veg|Chinese|popular,0.0
I03917,R0394,Manchurian,main,veg,250,Vegetable balls in gravy,main|veg|Chinese|popular,0.0
I03918,R0394,Spring Roll,side,veg,112,Crispy vegetable rolls,side|veg|Chinese,0.337
I03919,R0394,Chilli Potato,side,veg,137,Spicy potato fingers,side|veg|Chinese,0.129
I03920,R0394,Momos,side,veg,150,Steamed dumplings,side|veg|Chinese,0.177
I03921,R0394,Date Pancake,dessert,veg,125,Sweet pancake with dates,dessert|veg|Chinese,0.279
I03922,R0394,Honey Noodles,dessert,veg,100,Crispy noodles with honey,dessert|veg|Chinese,0.219
I03923,R0394,Green Tea,beverage,veg,50,Hot green tea,beverage|veg|Chinese,0.197
I03924,R0394,Soft Drink,beverage,veg,62,Refreshing beverage,beverage|veg|Chinese,0.197
I03925,R0395,Sandwich,main,veg,110,Grilled sandwich,main|veg|Fast Food|popular,0.0
I03926,R0395,Veg Wrap,main,veg,143,Vegetable stuffed wrap,main|veg|Fast Food|popular,0.0
I03927,R0395,Chicken Wrap,main,non-veg,198,Chicken stuffed wrap,main|non-veg|Fast Food|popular,0.0
I03928,R0395,Frankie,main,veg,132,Stuffed roll,main|veg|Fast Food|popular,0.0
I03929,R0395,Onion Rings,side,veg,99,Crispy onion rings,side|veg|Fast Food,0.129
I03930,R0395,Fries,side,veg,88,Crispy fries,side|veg|Fast Food,0.309
I03931,R0395,Ice Cream,dessert,veg,66,Vanilla ice cream,dessert|veg|Fast Food,0.1
I03932,R0395,Brownie,dessert,veg,110,Chocolate brownie,dessert|veg|Fast Food,0.18
I03933,R0395,Cold Coffee,beverage,veg,132,Iced coffee,beverage|veg|Fast Food,0.37
I03934,R0395,Soft Drink,beverage,veg,55,Refreshing beverage,beverage|veg|Fast Food,0.182
I03935,R0396,Paneer Tikka,main,veg,308,Grilled cottage cheese,main|veg|North Indian|popular,0.0
I03936,R0396,Rogan Josh,main,non-veg,418,Kashmiri lamb curry,main|non-veg|North Indian|popular,0.0
I03937,R0396,Dal Makhani,main,veg,242,Creamy black lentils,main|veg|North Indian|popular,0.0
I03938,R0396,Butter Chicken,main,non-veg,352,Creamy tomato-based chicken curry,main|non-veg|North Indian|popular,0.0
I03939,R0396,Tandoori Roti,side,veg,27,Whole wheat flatbread,side|veg|North Indian,0.345
I03940,R0396,Garlic Naan,side,veg,66,Garlic flavored naan,side|veg|North Indian,0.16
I03941,R0396,Butter Naan,side,veg,55,Buttery flatbread,side|veg|North Indian,0.113
I03942,R0396,Jeera Rice,side,veg,132,Cumin flavored rice,side|veg|North Indian,0.398
I03943,R0396,Gulab Jamun,dessert,veg,66,Sweet milk dumplings,dessert|veg|North Indian,0.137
I03944,R0396,Rasmalai,dessert,veg,88,Soft cheese patties in milk,dessert|veg|North Indian,0.239
I03945,R0396,Buttermilk,beverage,veg,44,Spiced yogurt drink,beverage|veg|North Indian,0.154
I03946,R0396,Lassi,beverage,veg,77,Sweet yogurt drink,beverage|veg|North Indian,0.165
I03947,R0397,Dal Makhani,main,veg,275,Creamy black lentils,main|veg|North Indian|popular,0.0
I03948,R0397,Butter Chicken,main,non-veg,400,Creamy tomato-based chicken curry,main|non-veg|North Indian|popular,0.0
I03949,R0397,Rogan Josh,main,non-veg,475,Kashmiri lamb curry,main|non-veg|North Indian|popular,0.0
I03950,R0397,Jeera Rice,side,veg,150,Cumin flavored rice,side|veg|North Indian,0.239
I03951,R0397,Butter Naan,side,veg,62,Buttery flatbread,side|veg|North Indian,0.303
I03952,R0397,Garlic Naan,side,veg,75,Garlic flavored naan,side|veg|North Indian,0.304
I03953,R0397,Rasmalai,dessert,veg,100,Soft cheese patties in milk,dessert|veg|North Indian,0.164
I03954,R0397,Gulab Jamun,dessert,veg,75,Sweet milk dumplings,dessert|veg|North Indian,0.371
I03955,R0397,Lassi,beverage,veg,87,Sweet yogurt drink,beverage|veg|North Indian,0.34
I03956,R0397,Buttermilk,beverage,veg,50,Spiced yogurt drink,beverage|veg|North Indian,0.331
I03957,R0398,Egg Biryani,main,non-veg,242,Rice with boiled eggs and spices,main|non-veg|Biryani|popular,0.0
I03958,R0398,Mutton Biryani,main,non-veg,385,Aromatic rice with succulent mutton,main|non-veg|Biryani|popular,0.0
I03959,R0398,Chicken Biryani,main,non-veg,308,Fragrant basmati rice with tender chicken pieces,main|non-veg|Biryani|popular,0.0
I03960,R0398,Veg Biryani,main,veg,220,Flavorful rice with mixed vegetables,main|veg|Biryani|popular,0.0
I03961,R0398,Double Ka Meetha,side,veg,88,Sweet bread pudding,side|veg|Biryani,0.19
I03962,R0398,Raita,side,veg,44,Cooling yogurt with cucumber and spices,side|veg|Biryani,0.294
I03963,R0398,Salan,side,veg,66,Spicy curry accompaniment,side|veg|Biryani,0.231
I03964,R0398,Gulab Jamun,dessert,veg,66,Soft milk dumplings in sugar syrup,dessert|veg|Biryani,0.1
I03965,R0398,Khubani Ka Meetha,dessert,veg,99,Apricot dessert,dessert|veg|Biryani,0.374
I03966,R0398,Soft Drink,beverage,veg,55,Refreshing carbonated beverage,beverage|veg|Biryani,0.36
I03967,R0398,Lassi,beverage,veg,77,Thick yogurt drink,beverage|veg|Biryani,0.109
I03968,R0399,Chilli Chicken,main,non-veg,325,Spicy chicken preparation,main|non-veg|Chinese|popular,0.0
I03969,R0399,Fried Rice,main,veg,225,Stir-fried rice with vegetables,main|veg|Chinese|popular,0.0
I03970,R0399,Manchurian,main,veg,250,Vegetable balls in gravy,main|veg|Chinese|popular,0.0
I03971,R0399,Momos,side,veg,150,Steamed dumplings,side|veg|Chinese,0.218
I03972,R0399,Chilli Potato,side,veg,137,Spicy potato fingers,side|veg|Chinese,0.312
I03973,R0399,Spring Roll,side,veg,112,Crispy vegetable rolls,side|veg|Chinese,0.224
I03974,R0399,Date Pancake,dessert,veg,125,Sweet pancake with dates,dessert|veg|Chinese,0.242
I03975,R0399,Honey Noodles,dessert,veg,100,Crispy noodles with honey,dessert|veg|Chinese,0.338
I03976,R0399,Soft Drink,beverage,veg,62,Refreshing beverage,beverage|veg|Chinese,0.136
I03977,R0399,Green Tea,beverage,veg,50,Hot green tea,beverage|veg|Chinese,0.381
I03978,R0400,Sandwich,main,veg,125,Grilled sandwich,main|veg|Fast Food|popular,0.0
I03979,R0400,Veg Wrap,main,veg,162,Vegetable stuffed wrap,main|veg|Fast Food|popular,0.0
I03980,R0400,Chicken Wrap,main,non-veg,225,Chicken stuffed wrap,main|non-veg|Fast Food|popular,0.0
I03981,R0400,Onion Rings,side,veg,112,Crispy onion rings,side|veg|Fast Food,0.25
I03982,R0400,Fries,side,veg,100,Crispy fries,side|veg|Fast Food,0.343
I03983,R0400,Ice Cream,dessert,veg,75,Vanilla ice cream,dessert|veg|Fast Food,0.146
I03984,R0400,Brownie,dessert,veg,125,Chocolate brownie,dessert|veg|Fast Food,0.327
I03985,R0400,Cold Coffee,beverage,veg,150,Iced coffee,beverage|veg|Fast Food,0.315
I03986,R0400,Soft Drink,beverage,veg,62,Refreshing beverage,beverage|veg|Fast Food,0.365
I03987,R0401,Chole Bhature,main,veg,143,Chickpea curry with fried bread,main|veg|Street Food|popular,0.0
I03988,R0401,Samosa,main,veg,33,Crispy pastry with filling,main|veg|Street Food|popular,0.0
I03989,R0401,Pav Bhaji,main,veg,132,Mashed vegetable curry with bread,main|veg|Street Food|popular,0.0
I03990,R0401,Pani Puri,main,veg,66,Crispy puris with flavored water,main|veg|Street Food|popular,0.0
I03991,R0401,Papad,side,veg,22,Crispy papad,side|veg|Street Food,0.196
I03992,R0401,Extra Pav,side,veg,16,Extra bread,side|veg|Street Food,0.103
I03993,R0401,Jalebi,dessert,veg,55,Sweet fried spirals,dessert|veg|Street Food,0.298
I03994,R0401,Rabri,dessert,veg,88,Thickened sweet milk,dessert|veg|Street Food,0.153
I03995,R0401,Masala Chai,beverage,veg,33,Spiced tea,beverage|veg|Street Food,0.344
I03996,R0401,Lassi,beverage,veg,66,Yogurt drink,beverage|veg|Street Food,0.352
I03997,R0402,Waffle,main,veg,171,Belgian waffle with toppings,main|veg|Desserts|popular,0.0
I03998,R0402,Pancake,main,veg,152,Fluffy pancakes,main|veg|Desserts|popular,0.0
I03999,R0402,Ice Cream Sundae,main,veg,142,Loaded ice cream sundae,main|veg|Desserts|popular,0.0
I04000,R0402,Extra Toppings,side,veg,38,Additional toppings,side|veg|Desserts,0.126
I04001,R0402,Syrup Shot,side,veg,28,Extra syrup,side|veg|Desserts,0.283
I04002,R0402,Chocolate Cake,dessert,veg,114,Rich chocolate cake,dessert|veg|Desserts,0.301
I04003,R0402,Cheesecake,dessert,veg,171,Creamy cheesecake,dessert|veg|Desserts,0.171
I04004,R0402,Milkshake,beverage,veg,123,Thick milkshake,beverage|veg|Desserts,0.358
I04005,R0402,Hot Chocolate,beverage,veg,95,Rich hot chocolate,beverage|veg|Desserts,0.375
I04006,R0403,Waffle,main,veg,198,Belgian waffle with toppings,main|veg|Desserts|popular,0.0
I04007,R0403,Pancake,main,veg,176,Fluffy pancakes,main|veg|Desserts|popular,0.0
I04008,R0403,Ice Cream Sundae,main,veg,165,Loaded ice cream sundae,main|veg|Desserts|popular,0.0
I04009,R0403,Syrup Shot,side,veg,33,Extra syrup,side|veg|Desserts,0.274
I04010,R0403,Extra Toppings,side,veg,44,Additional toppings,side|veg|Desserts,0.329
I04011,R0403,Cheesecake,dessert,veg,198,Creamy cheesecake,dessert|veg|Desserts,0.289
I04012,R0403,Chocolate Cake,dessert,veg,132,Rich chocolate cake,dessert|veg|Desserts,0.351
I04013,R0403,Milkshake,beverage,veg,143,Thick milkshake,beverage|veg|Desserts,0.165
I04014,R0403,Hot Chocolate,beverage,veg,110,Rich hot chocolate,beverage|veg|Desserts,0.105
I04015,R0404,Egg Biryani,main,non-veg,275,Rice with boiled eggs and spices,main|non-veg|Biryani|popular,0.0
I04016,R0404,Chicken Biryani,main,non-veg,350,Fragrant basmati rice with tender chicken pieces,main|non-veg|Biryani|popular,0.0
I04017,R0404,Mutton Biryani,main,non-veg,437,Aromatic rice with succulent mutton,main|non-veg|Biryani|popular,0.0
I04018,R0404,Raita,side,veg,50,Cooling yogurt with cucumber and spices,side|veg|Biryani,0.208
I04019,R0404,Double Ka Meetha,side,veg,100,Sweet bread pudding,side|veg|Biryani,0.123
I04020,R0404,Salan,side,veg,75,Spicy curry accompaniment,side|veg|Biryani,0.178
I04021,R0404,Khubani Ka Meetha,dessert,veg,112,Apricot dessert,dessert|veg|Biryani,0.361
I04022,R0404,Gulab Jamun,dessert,veg,75,Soft milk dumplings in sugar syrup,dessert|veg|Biryani,0.39
I04023,R0404,Soft Drink,beverage,veg,62,Refreshing carbonated beverage,beverage|veg|Biryani,0.352
I04024,R0404,Lassi,beverage,veg,87,Thick yogurt drink,beverage|veg|Biryani,0.25
I04025,R0405,Fried Rice,main,veg,198,Stir-fried rice with vegetables,main|veg|Chinese|popular,0.0
I04026,R0405,Chilli Chicken,main,non-veg,286,Spicy chicken preparation,main|non-veg|Chinese|popular,0.0
I04027,R0405,Hakka Noodles,main,veg,187,Stir-fried noodles,main|veg|Chinese|popular,0.0
I04028,R0405,Manchurian,main,veg,220,Vegetable balls in gravy,main|veg|Chinese|popular,0.0
I04029,R0405,Chilli Potato,side,veg,121,Spicy potato fingers,side|veg|Chinese,0.281
I04030,R0405,Momos,side,veg,132,Steamed dumplings,side|veg|Chinese,0.209
I04031,R0405,Spring Roll,side,veg,99,Crispy vegetable rolls,side|veg|Chinese,0.148
I04032,R0405,Honey Noodles,dessert,veg,88,Crispy noodles with honey,dessert|veg|Chinese,0.274
I04033,R0405,Date Pancake,dessert,veg,110,Sweet pancake with dates,dessert|veg|Chinese,0.263
I04034,R0405,Green Tea,beverage,veg,44,Hot green tea,beverage|veg|Chinese,0.241
I04035,R0405,Soft Drink,beverage,veg,55,Refreshing beverage,beverage|veg|Chinese,0.118
I04036,R0406,Sandwich,main,veg,125,Grilled sandwich,main|veg|Italian|popular,0.0
I04037,R0406,Chicken Wrap,main,non-veg,225,Chicken stuffed wrap,main|non-veg|Italian|popular,0.0
I04038,R0406,Veg Wrap,main,veg,162,Vegetable stuffed wrap,main|veg|Italian|popular,0.0
I04039,R0406,Onion Rings,side,veg,112,Crispy onion rings,side|veg|Italian,0.396
I04040,R0406,Fries,side,veg,100,Crispy fries,side|veg|Italian,0.308
I04041,R0406,Brownie,dessert,veg,125,Chocolate brownie,dessert|veg|Italian,0.198
I04042,R0406,Ice Cream,dessert,veg,75,Vanilla ice cream,dessert|veg|Italian,0.311
I04043,R0406,Soft Drink,beverage,veg,62,Refreshing beverage,beverage|veg|Italian,0.103
I04044,R0406,Cold Coffee,beverage,veg,150,Iced coffee,beverage|veg|Italian,0.297
I04045,R0407,Pav Bhaji,main,veg,132,Mashed vegetable curry with bread,main|veg|Street Food|popular,0.0
I04046,R0407,Pani Puri,main,veg,66,Crispy puris with flavored water,main|veg|Street Food|popular,0.0
I04047,R0407,Chole Bhature,main,veg,143,Chickpea curry with fried bread,main|veg|Street Food|popular,0.0
I04048,R0407,Samosa,main,veg,33,Crispy pastry with filling,main|veg|Street Food|popular,0.0
I04049,R0407,Extra Pav,side,veg,16,Extra bread,side|veg|Street Food,0.253
I04050,R0407,Papad,side,veg,22,Crispy papad,side|veg|Street Food,0.159
I04051,R0407,Rabri,dessert,veg,88,Thickened sweet milk,dessert|veg|Street Food,0.106
I04052,R0407,Jalebi,dessert,veg,55,Sweet fried spirals,dessert|veg|Street Food,0.119
I04053,R0407,Lassi,beverage,veg,66,Yogurt drink,beverage|veg|Street Food,0.123
I04054,R0407,Masala Chai,beverage,veg,33,Spiced tea,beverage|veg|Street Food,0.25
I04055,R0408,Veg Wrap,main,veg,143,Vegetable stuffed wrap,main|veg|Italian|popular,0.0
I04056,R0408,Sandwich,main,veg,110,Grilled sandwich,main|veg|Italian|popular,0.0
I04057,R0408,Frankie,main,veg,132,Stuffed roll,main|veg|Italian|popular,0.0
I04058,R0408,Chicken Wrap,main,non-veg,198,Chicken stuffed wrap,main|non-veg|Italian|popular,0.0
I04059,R0408,Onion Rings,side,veg,99,Crispy onion rings,side|veg|Italian,0.31
I04060,R0408,Fries,side,veg,88,Crispy fries,side|veg|Italian,0.294
I04061,R0408,Ice Cream,dessert,veg,66,Vanilla ice cream,dessert|veg|Italian,0.339
I04062,R0408,Brownie,dessert,veg,110,Chocolate brownie,dessert|veg|Italian,0.326
I04063,R0408,Cold Coffee,beverage,veg,132,Iced coffee,beverage|veg|Italian,0.3
I04064,R0408,Soft Drink,beverage,veg,55,Refreshing beverage,beverage|veg|Italian,0.372
I04065,R0409,Sandwich,main,veg,110,Grilled sandwich,main|veg|Fast Food|popular,0.0
I04066,R0409,Frankie,main,veg,132,Stuffed roll,main|veg|Fast Food|popular,0.0
I04067,R0409,Veg Wrap,main,veg,143,Vegetable stuffed wrap,main|veg|Fast Food|popular,0.0
I04068,R0409,Chicken Wrap,main,non-veg,198,Chicken stuffed wrap,main|non-veg|Fast Food|popular,0.0
I04069,R0409,Fries,side,veg,88,Crispy fries,side|veg|Fast Food,0.208
I04070,R0409,Onion Rings,side,veg,99,Crispy onion rings,side|veg|Fast Food,0.139
I04071,R0409,Brownie,dessert,veg,110,Chocolate brownie,dessert|veg|Fast Food,0.3
I04072,R0409,Ice Cream,dessert,veg,66,Vanilla ice cream,dessert|veg|Fast Food,0.361
I04073,R0409,Cold Coffee,beverage,veg,132,Iced coffee,beverage|veg|Fast Food,0.102
I04074,R0409,Soft Drink,beverage,veg,55,Refreshing beverage,beverage|veg|Fast Food,0.3
I04075,R0410,Pasta Arrabbiata,main,veg,264,Spicy tomato pasta,main|veg|Continental|popular,0.0
I04076,R0410,Fish and Chips,main,non-veg,385,Classic fish and chips,main|non-veg|Continental|popular,0.0
I04077,R0410,Grilled Chicken,main,non-veg,352,Herb grilled chicken,main|non-veg|Continental|popular,0.0
I04078,R0410,Veg Steak,main,veg,308,Grilled vegetable steak,main|veg|Continental|popular,0.0
I04079,R0410,Mashed Potatoes,side,veg,110,Creamy mashed potatoes,side|veg|Continental,0.263
I04080,R0410,Garlic Bread,side,veg,99,Garlic bread,side|veg|Continental,0.232
I04081,R0410,Caesar Salad,side,veg,154,Classic Caesar salad,side|veg|Continental,0.284
I04082,R0410,Tiramisu,dessert,veg,198,Classic Italian dessert,dessert|veg|Continental,0.318
I04083,R0410,Panna Cotta,dessert,veg,176,Italian custard,dessert|veg|Continental,0.158
I04084,R0410,Lemonade,beverage,veg,77,Fresh lemonade,beverage|veg|Continental,0.245
I04085,R0410,Iced Tea,beverage,veg,88,Refreshing iced tea,beverage|veg|Continental,0.147
I04086,R0411,Sandwich,main,veg,110,Grilled sandwich,main|veg|Italian|popular,0.0
I04087,R0411,Frankie,main,veg,132,Stuffed roll,main|veg|Italian|popular,0.0
I04088,R0411,Chicken Wrap,main,non-veg,198,Chicken stuffed wrap,main|non-veg|Italian|popular,0.0
I04089,R0411,Veg Wrap,main,veg,143,Vegetable stuffed wrap,main|veg|Italian|popular,0.0
I04090,R0411,Onion Rings,side,veg,99,Crispy onion rings,side|veg|Italian,0.303
I04091,R0411,Fries,side,veg,88,Crispy fries,side|veg|Italian,0.196
I04092,R0411,Brownie,dessert,veg,110,Chocolate brownie,dessert|veg|Italian,0.369
I04093,R0411,Ice Cream,dessert,veg,66,Vanilla ice cream,dessert|veg|Italian,0.174
I04094,R0411,Soft Drink,beverage,veg,55,Refreshing beverage,beverage|veg|Italian,0.4
I04095,R0411,Cold Coffee,beverage,veg,132,Iced coffee,beverage|veg|Italian,0.385
I04096,R0412,Veg Wrap,main,veg,123,Vegetable stuffed wrap,main|veg|Fast Food|popular,0.0
I04097,R0412,Sandwich,main,veg,95,Grilled sandwich,main|veg|Fast Food|popular,0.0
I04098,R0412,Frankie,main,veg,114,Stuffed roll,main|veg|Fast Food|popular,0.0
I04099,R0412,Chicken Wrap,main,non-veg,171,Chicken stuffed wrap,main|non-veg|Fast Food|popular,0.0
I04100,R0412,Onion Rings,side,veg,85,Crispy onion rings,side|veg|Fast Food,0.322
I04101,R0412,Fries,side,veg,76,Crispy fries,side|veg|Fast Food,0.346
I04102,R0412,Brownie,dessert,veg,95,Chocolate brownie,dessert|veg|Fast Food,0.324
I04103,R0412,Ice Cream,dessert,veg,57,Vanilla ice cream,dessert|veg|Fast Food,0.202
I04104,R0412,Soft Drink,beverage,veg,47,Refreshing beverage,beverage|veg|Fast Food,0.196
I04105,R0412,Cold Coffee,beverage,veg,114,Iced coffee,beverage|veg|Fast Food,0.103
I04106,R0413,Veg Wrap,main,veg,162,Vegetable stuffed wrap,main|veg|Italian|popular,0.0
I04107,R0413,Sandwich,main,veg,125,Grilled sandwich,main|veg|Italian|popular,0.0
I04108,R0413,Chicken Wrap,main,non-veg,225,Chicken stuffed wrap,main|non-veg|Italian|popular,0.0
I04109,R0413,Onion Rings,side,veg,112,Crispy onion rings,side|veg|Italian,0.341
I04110,R0413,Fries,side,veg,100,Crispy fries,side|veg|Italian,0.178
I04111,R0413,Brownie,dessert,veg,125,Chocolate brownie,dessert|veg|Italian,0.124
I04112,R0413,Ice Cream,dessert,veg,75,Vanilla ice cream,dessert|veg|Italian,0.164
I04113,R0413,Cold Coffee,beverage,veg,150,Iced coffee,beverage|veg|Italian,0.158
I04114,R0413,Soft Drink,beverage,veg,62,Refreshing beverage,beverage|veg|Italian,0.215
I04115,R0414,Manchurian,main,veg,220,Vegetable balls in gravy,main|veg|Chinese|popular,0.0
I04116,R0414,Hakka Noodles,main,veg,187,Stir-fried noodles,main|veg|Chinese|popular,0.0
I04117,R0414,Chilli Chicken,main,non-veg,286,Spicy chicken preparation,main|non-veg|Chinese|popular,0.0
I04118,R0414,Fried Rice,main,veg,198,Stir-fried rice with vegetables,main|veg|Chinese|popular,0.0
I04119,R0414,Spring Roll,side,veg,99,Crispy vegetable rolls,side|veg|Chinese,0.345
I04120,R0414,Chilli Potato,side,veg,121,Spicy potato fingers,side|veg|Chinese,0.233
I04121,R0414,Momos,side,veg,132,Steamed dumplings,side|veg|Chinese,0.323
I04122,R0414,Date Pancake,dessert,veg,110,Sweet pancake with dates,dessert|veg|Chinese,0.16
I04123,R0414,Honey Noodles,dessert,veg,88,Crispy noodles with honey,dessert|veg|Chinese,0.244
I04124,R0414,Soft Drink,beverage,veg,55,Refreshing beverage,beverage|veg|Chinese,0.338
I04125,R0414,Green Tea,beverage,veg,44,Hot green tea,beverage|veg|Chinese,0.379
I04126,R0415,Rogan Josh,main,non-veg,475,Kashmiri lamb curry,main|non-veg|North Indian|popular,0.0
I04127,R0415,Butter Chicken,main,non-veg,400,Creamy tomato-based chicken curry,main|non-veg|North Indian|popular,0.0
I04128,R0415,Dal Makhani,main,veg,275,Creamy black lentils,main|veg|North Indian|popular,0.0
I04129,R0415,Butter Naan,side,veg,62,Buttery flatbread,side|veg|North Indian,0.154
I04130,R0415,Garlic Naan,side,veg,75,Garlic flavored naan,side|veg|North Indian,0.245
I04131,R0415,Tandoori Roti,side,veg,31,Whole wheat flatbread,side|veg|North Indian,0.162
I04132,R0415,Rasmalai,dessert,veg,100,Soft cheese patties in milk,dessert|veg|North Indian,0.186
I04133,R0415,Gulab Jamun,dessert,veg,75,Sweet milk dumplings,dessert|veg|North Indian,0.194
I04134,R0415,Buttermilk,beverage,veg,50,Spiced yogurt drink,beverage|veg|North Indian,0.135
I04135,R0415,Lassi,beverage,veg,87,Sweet yogurt drink,beverage|veg|North Indian,0.187
I04136,R0416,Manchurian,main,veg,220,Vegetable balls in gravy,main|veg|Chinese|popular,0.0
I04137,R0416,Chilli Chicken,main,non-veg,286,Spicy chicken preparation,main|non-veg|Chinese|popular,0.0
I04138,R0416,Fried Rice,main,veg,198,Stir-fried rice with vegetables,main|veg|Chinese|popular,0.0
I04139,R0416,Hakka Noodles,main,veg,187,Stir-fried noodles,main|veg|Chinese|popular,0.0
I04140,R0416,Momos,side,veg,132,Steamed dumplings,side|veg|Chinese,0.108
I04141,R0416,Spring Roll,side,veg,99,Crispy vegetable rolls,side|veg|Chinese,0.243
I04142,R0416,Chilli Potato,side,veg,121,Spicy potato fingers,side|veg|Chinese,0.373
I04143,R0416,Date Pancake,dessert,veg,110,Sweet pancake with dates,dessert|veg|Chinese,0.279
I04144,R0416,Honey Noodles,dessert,veg,88,Crispy noodles with honey,dessert|veg|Chinese,0.181
I04145,R0416,Green Tea,beverage,veg,44,Hot green tea,beverage|veg|Chinese,0.171
I04146,R0416,Soft Drink,beverage,veg,55,Refreshing beverage,beverage|veg|Chinese,0.391
I04147,R0417,Veg Steak,main,veg,350,Grilled vegetable steak,main|veg|Continental|popular,0.0
I04148,R0417,Grilled Chicken,main,non-veg,400,Herb grilled chicken,main|non-veg|Continental|popular,0.0
I04149,R0417,Pasta Arrabbiata,main,veg,300,Spicy tomato pasta,main|veg|Continental|popular,0.0
I04150,R0417,Caesar Salad,side,veg,175,Classic Caesar salad,side|veg|Continental,0.232
I04151,R0417,Mashed Potatoes,side,veg,125,Creamy mashed potatoes,side|veg|Continental,0.189
I04152,R0417,Garlic Bread,side,veg,112,Garlic bread,side|veg|Continental,0.393
I04153,R0417,Tiramisu,dessert,veg,225,Classic Italian dessert,dessert|veg|Continental,0.231
I04154,R0417,Panna Cotta,dessert,veg,200,Italian custard,dessert|veg|Continental,0.161
I04155,R0417,Lemonade,beverage,veg,87,Fresh lemonade,beverage|veg|Continental,0.257
I04156,R0417,Iced Tea,beverage,veg,100,Refreshing iced tea,beverage|veg|Continental,0.342
I04157,R0418,Sandwich,main,veg,140,Grilled sandwich,main|veg|Italian|popular,0.0
I04158,R0418,Frankie,main,veg,168,Stuffed roll,main|veg|Italian|popular,0.0
I04159,R0418,Onion Rings,side,veg,125,Crispy onion rings,side|veg|Italian,0.135
I04160,R0418,Fries,side,veg,112,Crispy fries,side|veg|Italian,0.134
I04161,R0418,Brownie,dessert,veg,140,Chocolate brownie,dessert|veg|Italian,0.179
I04162,R0418,Ice Cream,dessert,veg,84,Vanilla ice cream,dessert|veg|Italian,0.338
I04163,R0418,Cold Coffee,beverage,veg,168,Iced coffee,beverage|veg|Italian,0.376
I04164,R0418,Soft Drink,beverage,veg,70,Refreshing beverage,beverage|veg|Italian,0.173
I04165,R0419,Smoothie,main,veg,165,Fruit smoothie,main|veg|Beverages|popular,0.0
I04166,R0419,Mojito,main,veg,121,Refreshing mint drink,main|veg|Beverages|popular,0.0
I04167,R0419,Cold Coffee,main,veg,143,Iced coffee,main|veg|Beverages|popular,0.0
I04168,R0419,Whipped Cream,side,veg,27,Extra whipped cream,side|veg|Beverages,0.175
I04169,R0419,Extra Shot,side,veg,33,Extra coffee shot,side|veg|Beverages,0.243
I04170,R0419,Muffin,dessert,veg,66,Fresh muffin,dessert|veg|Beverages,0.232
I04171,R0419,Cookie,dessert,veg,55,Fresh baked cookie,dessert|veg|Beverages,0.147
I04172,R0419,Soft Drink,beverage,veg,55,Refreshing beverage,beverage|veg|Beverages,0.252
I04173,R0419,Water Bottle,beverage,veg,22,Mineral water,beverage|veg|Beverages,0.255
I04174,R0420,Frankie,main,veg,168,Stuffed roll,main|veg|Italian|popular,0.0
I04175,R0420,Chicken Wrap,main,non-veg,251,Chicken stuffed wrap,main|non-veg|Italian|popular,0.0
I04176,R0420,Onion Rings,side,veg,125,Crispy onion rings,side|veg|Italian,0.336
I04177,R0420,Fries,side,veg,112,Crispy fries,side|veg|Italian,0.375
I04178,R0420,Ice Cream,dessert,veg,84,Vanilla ice cream,dessert|veg|Italian,0.2
I04179,R0420,Brownie,dessert,veg,140,Chocolate brownie,dessert|veg|Italian,0.248
I04180,R0420,Soft Drink,beverage,veg,70,Refreshing beverage,beverage|veg|Italian,0.319
I04181,R0420,Cold Coffee,beverage,veg,168,Iced coffee,beverage|veg|Italian,0.344
I04182,R0421,Grilled Chicken,main,non-veg,400,Herb grilled chicken,main|non-veg|Continental|popular,0.0
I04183,R0421,Fish and Chips,main,non-veg,437,Classic fish and chips,main|non-veg|Continental|popular,0.0
I04184,R0421,Veg Steak,main,veg,350,Grilled vegetable steak,main|veg|Continental|popular,0.0
I04185,R0421,Mashed Potatoes,side,veg,125,Creamy mashed potatoes,side|veg|Continental,0.196
I04186,R0421,Garlic Bread,side,veg,112,Garlic bread,side|veg|Continental,0.205
I04187,R0421,Caesar Salad,side,veg,175,Classic Caesar salad,side|veg|Continental,0.134
I04188,R0421,Tiramisu,dessert,veg,225,Classic Italian dessert,dessert|veg|Continental,0.197
I04189,R0421,Panna Cotta,dessert,veg,200,Italian custard,dessert|veg|Continental,0.209
I04190,R0421,Iced Tea,beverage,veg,100,Refreshing iced tea,beverage|veg|Continental,0.319
I04191,R0421,Lemonade,beverage,veg,87,Fresh lemonade,beverage|veg|Continental,0.12
I04192,R0422,Chicken Wrap,main,non-veg,171,Chicken stuffed wrap,main|non-veg|Italian|popular,0.0
I04193,R0422,Frankie,main,veg,114,Stuffed roll,main|veg|Italian|popular,0.0
I04194,R0422,Sandwich,main,veg,95,Grilled sandwich,main|veg|Italian|popular,0.0
I04195,R0422,Veg Wrap,main,veg,123,Vegetable stuffed wrap,main|veg|Italian|popular,0.0
I04196,R0422,Onion Rings,side,veg,85,Crispy onion rings,side|veg|Italian,0.138
I04197,R0422,Fries,side,veg,76,Crispy fries,side|veg|Italian,0.297
I04198,R0422,Brownie,dessert,veg,95,Chocolate brownie,dessert|veg|Italian,0.394
I04199,R0422,Ice Cream,dessert,veg,57,Vanilla ice cream,dessert|veg|Italian,0.157
I04200,R0422,Soft Drink,beverage,veg,47,Refreshing beverage,beverage|veg|Italian,0.381
I04201,R0422,Cold Coffee,beverage,veg,114,Iced coffee,beverage|veg|Italian,0.373
I04202,R0423,Rogan Josh,main,non-veg,475,Kashmiri lamb curry,main|non-veg|North Indian|popular,0.0
I04203,R0423,Paneer Tikka,main,veg,350,Grilled cottage cheese,main|veg|North Indian|popular,0.0
I04204,R0423,Butter Chicken,main,non-veg,400,Creamy tomato-based chicken curry,main|non-veg|North Indian|popular,0.0
I04205,R0423,Garlic Naan,side,veg,75,Garlic flavored naan,side|veg|North Indian,0.363
I04206,R0423,Tandoori Roti,side,veg,31,Whole wheat flatbread,side|veg|North Indian,0.211
I04207,R0423,Butter Naan,side,veg,62,Buttery flatbread,side|veg|North Indian,0.383
I04208,R0423,Rasmalai,dessert,veg,100,Soft cheese patties in milk,dessert|veg|North Indian,0.271
I04209,R0423,Gulab Jamun,dessert,veg,75,Sweet milk dumplings,dessert|veg|North Indian,0.399
I04210,R0423,Lassi,beverage,veg,87,Sweet yogurt drink,beverage|veg|North Indian,0.319
I04211,R0423,Buttermilk,beverage,veg,50,Spiced yogurt drink,beverage|veg|North Indian,0.136
I04212,R0424,Mojito,main,veg,137,Refreshing mint drink,main|veg|Beverages|popular,0.0
I04213,R0424,Cold Coffee,main,veg,162,Iced coffee,main|veg|Beverages|popular,0.0
I04214,R0424,Smoothie,main,veg,187,Fruit smoothie,main|veg|Beverages|popular,0.0
I04215,R0424,Whipped Cream,side,veg,31,Extra whipped cream,side|veg|Beverages,0.29
I04216,R0424,Extra Shot,side,veg,37,Extra coffee shot,side|veg|Beverages,0.251
I04217,R0424,Cookie,dessert,veg,62,Fresh baked cookie,dessert|veg|Beverages,0.395
I04218,R0424,Muffin,dessert,veg,75,Fresh muffin,dessert|veg|Beverages,0.24
I04219,R0424,Water Bottle,beverage,veg,25,Mineral water,beverage|veg|Beverages,0.114
I04220,R0424,Soft Drink,beverage,veg,62,Refreshing beverage,beverage|veg|Beverages,0.38
I04221,R0425,Egg Biryani,main,non-veg,275,Rice with boiled eggs and spices,main|non-veg|Biryani|popular,0.0
I04222,R0425,Chicken Biryani,main,non-veg,350,Fragrant basmati rice with tender chicken pieces,main|non-veg|Biryani|popular,0.0
I04223,R0425,Veg Biryani,main,veg,250,Flavorful rice with mixed vegetables,main|veg|Biryani|popular,0.0
I04224,R0425,Salan,side,veg,75,Spicy curry accompaniment,side|veg|Biryani,0.108
I04225,R0425,Double Ka Meetha,side,veg,100,Sweet bread pudding,side|veg|Biryani,0.25
I04226,R0425,Raita,side,veg,50,Cooling yogurt with cucumber and spices,side|veg|Biryani,0.271
I04227,R0425,Khubani Ka Meetha,dessert,veg,112,Apricot dessert,dessert|veg|Biryani,0.379
I04228,R0425,Gulab Jamun,dessert,veg,75,Soft milk dumplings in sugar syrup,dessert|veg|Biryani,0.393
I04229,R0425,Soft Drink,beverage,veg,62,Refreshing carbonated beverage,beverage|veg|Biryani,0.183
I04230,R0425,Lassi,beverage,veg,87,Thick yogurt drink,beverage|veg|Biryani,0.209
I04231,R0426,Fried Rice,main,veg,198,Stir-fried rice with vegetables,main|veg|Chinese|popular,0.0
I04232,R0426,Hakka Noodles,main,veg,187,Stir-fried noodles,main|veg|Chinese|popular,0.0
I04233,R0426,Chilli Chicken,main,non-veg,286,Spicy chicken preparation,main|non-veg|Chinese|popular,0.0
I04234,R0426,Manchurian,main,veg,220,Vegetable balls in gravy,main|veg|Chinese|popular,0.0
I04235,R0426,Spring Roll,side,veg,99,Crispy vegetable rolls,side|veg|Chinese,0.105
I04236,R0426,Chilli Potato,side,veg,121,Spicy potato fingers,side|veg|Chinese,0.232
I04237,R0426,Momos,side,veg,132,Steamed dumplings,side|veg|Chinese,0.169
I04238,R0426,Honey Noodles,dessert,veg,88,Crispy noodles with honey,dessert|veg|Chinese,0.221
I04239,R0426,Date Pancake,dessert,veg,110,Sweet pancake with dates,dessert|veg|Chinese,0.144
I04240,R0426,Soft Drink,beverage,veg,55,Refreshing beverage,beverage|veg|Chinese,0.187
I04241,R0426,Green Tea,beverage,veg,44,Hot green tea,beverage|veg|Chinese,0.171
I04242,R0427,Fish and Chips,main,non-veg,385,Classic fish and chips,main|non-veg|Continental|popular,0.0
I04243,R0427,Veg Steak,main,veg,308,Grilled vegetable steak,main|veg|Continental|popular,0.0
I04244,R0427,Pasta Arrabbiata,main,veg,264,Spicy tomato pasta,main|veg|Continental|popular,0.0
I04245,R0427,Grilled Chicken,main,non-veg,352,Herb grilled chicken,main|non-veg|Continental|popular,0.0
I04246,R0427,Caesar Salad,side,veg,154,Classic Caesar salad,side|veg|Continental,0.25
I04247,R0427,Garlic Bread,side,veg,99,Garlic bread,side|veg|Continental,0.12
I04248,R0427,Mashed Potatoes,side,veg,110,Creamy mashed potatoes,side|veg|Continental,0.233
I04249,R0427,Tiramisu,dessert,veg,198,Classic Italian dessert,dessert|veg|Continental,0.149
I04250,R0427,Panna Cotta,dessert,veg,176,Italian custard,dessert|veg|Continental,0.34
I04251,R0427,Lemonade,beverage,veg,77,Fresh lemonade,beverage|veg|Continental,0.315
I04252,R0427,Iced Tea,beverage,veg,88,Refreshing iced tea,beverage|veg|Continental,0.277
I04253,R0428,Smoothie,main,veg,165,Fruit smoothie,main|veg|Beverages|popular,0.0
I04254,R0428,Mojito,main,veg,121,Refreshing mint drink,main|veg|Beverages|popular,0.0
I04255,R0428,Cold Coffee,main,veg,143,Iced coffee,main|veg|Beverages|popular,0.0
I04256,R0428,Whipped Cream,side,veg,27,Extra whipped cream,side|veg|Beverages,0.248
I04257,R0428,Extra Shot,side,veg,33,Extra coffee shot,side|veg|Beverages,0.314
I04258,R0428,Cookie,dessert,veg,55,Fresh baked cookie,dessert|veg|Beverages,0.209
I04259,R0428,Muffin,dessert,veg,66,Fresh muffin,dessert|veg|Beverages,0.322
I04260,R0428,Water Bottle,beverage,veg,22,Mineral water,beverage|veg|Beverages,0.143
I04261,R0428,Soft Drink,beverage,veg,55,Refreshing beverage,beverage|veg|Beverages,0.256
I04262,R0429,Smoothie,main,veg,165,Fruit smoothie,main|veg|Beverages|popular,0.0
I04263,R0429,Mojito,main,veg,121,Refreshing mint drink,main|veg|Beverages|popular,0.0
I04264,R0429,Cold Coffee,main,veg,143,Iced coffee,main|veg|Beverages|popular,0.0
I04265,R0429,Whipped Cream,side,veg,27,Extra whipped cream,side|veg|Beverages,0.205
I04266,R0429,Extra Shot,side,veg,33,Extra coffee shot,side|veg|Beverages,0.339
I04267,R0429,Cookie,dessert,veg,55,Fresh baked cookie,dessert|veg|Beverages,0.282
I04268,R0429,Muffin,dessert,veg,66,Fresh muffin,dessert|veg|Beverages,0.235
I04269,R0429,Soft Drink,beverage,veg,55,Refreshing beverage,beverage|veg|Beverages,0.26
I04270,R0429,Water Bottle,beverage,veg,22,Mineral water,beverage|veg|Beverages,0.195
I04271,R0430,Chicken Wrap,main,non-veg,225,Chicken stuffed wrap,main|non-veg|Fast Food|popular,0.0
I04272,R0430,Sandwich,main,veg,125,Grilled sandwich,main|veg|Fast Food|popular,0.0
I04273,R0430,Frankie,main,veg,150,Stuffed roll,main|veg|Fast Food|popular,0.0
I04274,R0430,Fries,side,veg,100,Crispy fries,side|veg|Fast Food,0.245
I04275,R0430,Onion Rings,side,veg,112,Crispy onion rings,side|veg|Fast Food,0.383
I04276,R0430,Brownie,dessert,veg,125,Chocolate brownie,dessert|veg|Fast Food,0.235
I04277,R0430,Ice Cream,dessert,veg,75,Vanilla ice cream,dessert|veg|Fast Food,0.363
I04278,R0430,Soft Drink,beverage,veg,62,Refreshing beverage,beverage|veg|Fast Food,0.187
I04279,R0430,Cold Coffee,beverage,veg,150,Iced coffee,beverage|veg|Fast Food,0.388
I04280,R0431,Chicken Wrap,main,non-veg,171,Chicken stuffed wrap,main|non-veg|Italian|popular,0.0
I04281,R0431,Frankie,main,veg,114,Stuffed roll,main|veg|Italian|popular,0.0
I04282,R0431,Veg Wrap,main,veg,123,Vegetable stuffed wrap,main|veg|Italian|popular,0.0
I04283,R0431,Sandwich,main,veg,95,Grilled sandwich,main|veg|Italian|popular,0.0
I04284,R0431,Onion Rings,side,veg,85,Crispy onion rings,side|veg|Italian,0.244
I04285,R0431,Fries,side,veg,76,Crispy fries,side|veg|Italian,0.101
I04286,R0431,Brownie,dessert,veg,95,Chocolate brownie,dessert|veg|Italian,0.27
I04287,R0431,Ice Cream,dessert,veg,57,Vanilla ice cream,dessert|veg|Italian,0.349
I04288,R0431,Cold Coffee,beverage,veg,114,Iced coffee,beverage|veg|Italian,0.11
I04289,R0431,Soft Drink,beverage,veg,47,Refreshing beverage,beverage|veg|Italian,0.268
I04290,R0432,Hakka Noodles,main,veg,212,Stir-fried noodles,main|veg|Chinese|popular,0.0
I04291,R0432,Chilli Chicken,main,non-veg,325,Spicy chicken preparation,main|non-veg|Chinese|popular,0.0
I04292,R0432,Fried Rice,main,veg,225,Stir-fried rice with vegetables,main|veg|Chinese|popular,0.0
I04293,R0432,Momos,side,veg,150,Steamed dumplings,side|veg|Chinese,0.16
I04294,R0432,Chilli Potato,side,veg,137,Spicy potato fingers,side|veg|Chinese,0.218
I04295,R0432,Spring Roll,side,veg,112,Crispy vegetable rolls,side|veg|Chinese,0.201
I04296,R0432,Date Pancake,dessert,veg,125,Sweet pancake with dates,dessert|veg|Chinese,0.38
I04297,R0432,Honey Noodles,dessert,veg,100,Crispy noodles with honey,dessert|veg|Chinese,0.242
I04298,R0432,Green Tea,beverage,veg,50,Hot green tea,beverage|veg|Chinese,0.269
I04299,R0432,Soft Drink,beverage,veg,62,Refreshing beverage,beverage|veg|Chinese,0.235
I04300,R0433,Pasta Arrabbiata,main,veg,264,Spicy tomato pasta,main|veg|Continental|popular,0.0
I04301,R0433,Fish and Chips,main,non-veg,385,Classic fish and chips,main|non-veg|Continental|popular,0.0
I04302,R0433,Veg Steak,main,veg,308,Grilled vegetable steak,main|veg|Continental|popular,0.0
I04303,R0433,Grilled Chicken,main,non-veg,352,Herb grilled chicken,main|non-veg|Continental|popular,0.0
I04304,R0433,Mashed Potatoes,side,veg,110,Creamy mashed potatoes,side|veg|Continental,0.383
I04305,R0433,Caesar Salad,side,veg,154,Classic Caesar salad,side|veg|Continental,0.327
I04306,R0433,Garlic Bread,side,veg,99,Garlic bread,side|veg|Continental,0.301
I04307,R0433,Panna Cotta,dessert,veg,176,Italian custard,dessert|veg|Continental,0.37
I04308,R0433,Tiramisu,dessert,veg,198,Classic Italian dessert,dessert|veg|Continental,0.139
I04309,R0433,Iced Tea,beverage,veg,88,Refreshing iced tea,beverage|veg|Continental,0.112
I04310,R0433,Lemonade,beverage,veg,77,Fresh lemonade,beverage|veg|Continental,0.198
I04311,R0434,Masala Dosa,main,veg,150,Crispy crepe with potato filling,main|veg|South Indian|popular,0.0
I04312,R0434,Chicken Chettinad,main,non-veg,350,Spicy Chettinad chicken,main|non-veg|South Indian|popular,0.0
I04313,R0434,Idli Sambar,main,veg,100,Steamed rice cakes with lentil curry,main|veg|South Indian|popular,0.0
I04314,R0434,Tomato Chutney,side,veg,37,Tangy tomato chutney,side|veg|South Indian,0.163
I04315,R0434,Sambar,side,veg,50,Lentil and vegetable curry,side|veg|South Indian,0.245
I04316,R0434,Coconut Chutney,side,veg,37,Fresh coconut chutney,side|veg|South Indian,0.188
I04317,R0434,Kesari,dessert,veg,62,Semolina sweet,dessert|veg|South Indian,0.289
I04318,R0434,Payasam,dessert,veg,75,Sweet milk pudding,dessert|veg|South Indian,0.114
I04319,R0434,Filter Coffee,beverage,veg,50,South Indian filter coffee,beverage|veg|South Indian,0.186
I04320,R0434,Buttermilk,beverage,veg,43,Spiced yogurt drink,beverage|veg|South Indian,0.134
I04321,R0435,Vada,main,veg,87,Crispy fried lentil donuts,main|veg|South Indian|popular,0.0
I04322,R0435,Masala Dosa,main,veg,150,Crispy crepe with potato filling,main|veg|South Indian|popular,0.0
I04323,R0435,Idli Sambar,main,veg,100,Steamed rice cakes with lentil curry,main|veg|South Indian|popular,0.0
I04324,R0435,Coconut Chutney,side,veg,37,Fresh coconut chutney,side|veg|South Indian,0.274
I04325,R0435,Tomato Chutney,side,veg,37,Tangy tomato chutney,side|veg|South Indian,0.135
I04326,R0435,Sambar,side,veg,50,Lentil and vegetable curry,side|veg|South Indian,0.214
I04327,R0435,Payasam,dessert,veg,75,Sweet milk pudding,dessert|veg|South Indian,0.33
I04328,R0435,Kesari,dessert,veg,62,Semolina sweet,dessert|veg|South Indian,0.347
I04329,R0435,Filter Coffee,beverage,veg,50,South Indian filter coffee,beverage|veg|South Indian,0.291
I04330,R0435,Buttermilk,beverage,veg,43,Spiced yogurt drink,beverage|veg|South Indian,0.289
I04331,R0436,Frankie,main,veg,150,Stuffed roll,main|veg|Fast Food|popular,0.0
I04332,R0436,Veg Wrap,main,veg,162,Vegetable stuffed wrap,main|veg|Fast Food|popular,0.0
I04333,R0436,Sandwich,main,veg,125,Grilled sandwich,main|veg|Fast Food|popular,0.0
I04334,R0436,Onion Rings,side,veg,112,Crispy onion rings,side|veg|Fast Food,0.311
I04335,R0436,Fries,side,veg,100,Crispy fries,side|veg|Fast Food,0.232
I04336,R0436,Brownie,dessert,veg,125,Chocolate brownie,dessert|veg|Fast Food,0.113
I04337,R0436,Ice Cream,dessert,veg,75,Vanilla ice cream,dessert|veg|Fast Food,0.362
I04338,R0436,Cold Coffee,beverage,veg,150,Iced coffee,beverage|veg|Fast Food,0.266
I04339,R0436,Soft Drink,beverage,veg,62,Refreshing beverage,beverage|veg|Fast Food,0.11
I04340,R0437,Idli Sambar,main,veg,100,Steamed rice cakes with lentil curry,main|veg|South Indian|popular,0.0
I04341,R0437,Masala Dosa,main,veg,150,Crispy crepe with potato filling,main|veg|South Indian|popular,0.0
I04342,R0437,Chicken Chettinad,main,non-veg,350,Spicy Chettinad chicken,main|non-veg|South Indian|popular,0.0
I04343,R0437,Coconut Chutney,side,veg,37,Fresh coconut chutney,side|veg|South Indian,0.378
I04344,R0437,Tomato Chutney,side,veg,37,Tangy tomato chutney,side|veg|South Indian,0.215
I04345,R0437,Sambar,side,veg,50,Lentil and vegetable curry,side|veg|South Indian,0.282
I04346,R0437,Kesari,dessert,veg,62,Semolina sweet,dessert|veg|South Indian,0.2
I04347,R0437,Payasam,dessert,veg,75,Sweet milk pudding,dessert|veg|South Indian,0.295
I04348,R0437,Filter Coffee,beverage,veg,50,South Indian filter coffee,beverage|veg|South Indian,0.337
I04349,R0437,Buttermilk,beverage,veg,43,Spiced yogurt drink,beverage|veg|South Indian,0.218
I04350,R0438,Pancake,main,veg,200,Fluffy pancakes,main|veg|Desserts|popular,0.0
I04351,R0438,Ice Cream Sundae,main,veg,187,Loaded ice cream sundae,main|veg|Desserts|popular,0.0
I04352,R0438,Waffle,main,veg,225,Belgian waffle with toppings,main|veg|Desserts|popular,0.0
I04353,R0438,Syrup Shot,side,veg,37,Extra syrup,side|veg|Desserts,0.142
I04354,R0438,Extra Toppings,side,veg,50,Additional toppings,side|veg|Desserts,0.149
I04355,R0438,Cheesecake,dessert,veg,225,Creamy cheesecake,dessert|veg|Desserts,0.331
I04356,R0438,Chocolate Cake,dessert,veg,150,Rich chocolate cake,dessert|veg|Desserts,0.375
I04357,R0438,Hot Chocolate,beverage,veg,125,Rich hot chocolate,beverage|veg|Desserts,0.112
I04358,R0438,Milkshake,beverage,veg,162,Thick milkshake,beverage|veg|Desserts,0.319
I04359,R0439,Mutton Biryani,main,non-veg,332,Aromatic rice with succulent mutton,main|non-veg|Biryani|popular,0.0
I04360,R0439,Egg Biryani,main,non-veg,209,Rice with boiled eggs and spices,main|non-veg|Biryani|popular,0.0
I04361,R0439,Chicken Biryani,main,non-veg,266,Fragrant basmati rice with tender chicken pieces,main|non-veg|Biryani|popular,0.0
I04362,R0439,Veg Biryani,main,veg,190,Flavorful rice with mixed vegetables,main|veg|Biryani|popular,0.0
I04363,R0439,Double Ka Meetha,side,veg,76,Sweet bread pudding,side|veg|Biryani,0.182
I04364,R0439,Raita,side,veg,38,Cooling yogurt with cucumber and spices,side|veg|Biryani,0.291
I04365,R0439,Salan,side,veg,57,Spicy curry accompaniment,side|veg|Biryani,0.335
I04366,R0439,Khubani Ka Meetha,dessert,veg,85,Apricot dessert,dessert|veg|Biryani,0.311
I04367,R0439,Gulab Jamun,dessert,veg,57,Soft milk dumplings in sugar syrup,dessert|veg|Biryani,0.301
I04368,R0439,Soft Drink,beverage,veg,47,Refreshing carbonated beverage,beverage|veg|Biryani,0.319
I04369,R0439,Lassi,beverage,veg,66,Thick yogurt drink,beverage|veg|Biryani,0.178
I04370,R0440,Paneer Tikka,main,veg,350,Grilled cottage cheese,main|veg|North Indian|popular,0.0
I04371,R0440,Dal Makhani,main,veg,275,Creamy black lentils,main|veg|North Indian|popular,0.0
I04372,R0440,Butter Chicken,main,non-veg,400,Creamy tomato-based chicken curry,main|non-veg|North Indian|popular,0.0
I04373,R0440,Jeera Rice,side,veg,150,Cumin flavored rice,side|veg|North Indian,0.249
I04374,R0440,Tandoori Roti,side,veg,31,Whole wheat flatbread,side|veg|North Indian,0.15
I04375,R0440,Garlic Naan,side,veg,75,Garlic flavored naan,side|veg|North Indian,0.195
I04376,R0440,Rasmalai,dessert,veg,100,Soft cheese patties in milk,dessert|veg|North Indian,0.306
I04377,R0440,Gulab Jamun,dessert,veg,75,Sweet milk dumplings,dessert|veg|North Indian,0.213
I04378,R0440,Buttermilk,beverage,veg,50,Spiced yogurt drink,beverage|veg|North Indian,0.269
I04379,R0440,Lassi,beverage,veg,87,Sweet yogurt drink,beverage|veg|North Indian,0.251
I04380,R0441,Frankie,main,veg,150,Stuffed roll,main|veg|Fast Food|popular,0.0
I04381,R0441,Veg Wrap,main,veg,162,Vegetable stuffed wrap,main|veg|Fast Food|popular,0.0
I04382,R0441,Sandwich,main,veg,125,Grilled sandwich,main|veg|Fast Food|popular,0.0
I04383,R0441,Onion Rings,side,veg,112,Crispy onion rings,side|veg|Fast Food,0.386
I04384,R0441,Fries,side,veg,100,Crispy fries,side|veg|Fast Food,0.25
I04385,R0441,Ice Cream,dessert,veg,75,Vanilla ice cream,dessert|veg|Fast Food,0.391
I04386,R0441,Brownie,dessert,veg,125,Chocolate brownie,dessert|veg|Fast Food,0.388
I04387,R0441,Soft Drink,beverage,veg,62,Refreshing beverage,beverage|veg|Fast Food,0.368
I04388,R0441,Cold Coffee,beverage,veg,150,Iced coffee,beverage|veg|Fast Food,0.169
I04389,R0442,Dal Makhani,main,veg,308,Creamy black lentils,main|veg|North Indian|popular,0.0
I04390,R0442,Paneer Tikka,main,veg,392,Grilled cottage cheese,main|veg|North Indian|popular,0.0
I04391,R0442,Butter Naan,side,veg,70,Buttery flatbread,side|veg|North Indian,0.154
I04392,R0442,Jeera Rice,side,veg,168,Cumin flavored rice,side|veg|North Indian,0.129
I04393,R0442,Gulab Jamun,dessert,veg,84,Sweet milk dumplings,dessert|veg|North Indian,0.214
I04394,R0442,Rasmalai,dessert,veg,112,Soft cheese patties in milk,dessert|veg|North Indian,0.198
I04395,R0442,Buttermilk,beverage,veg,56,Spiced yogurt drink,beverage|veg|North Indian,0.399
I04396,R0442,Lassi,beverage,veg,98,Sweet yogurt drink,beverage|veg|North Indian,0.211
I04397,R0443,Hakka Noodles,main,veg,187,Stir-fried noodles,main|veg|Chinese|popular,0.0
I04398,R0443,Fried Rice,main,veg,198,Stir-fried rice with vegetables,main|veg|Chinese|popular,0.0
I04399,R0443,Manchurian,main,veg,220,Vegetable balls in gravy,main|veg|Chinese|popular,0.0
I04400,R0443,Chilli Chicken,main,non-veg,286,Spicy chicken preparation,main|non-veg|Chinese|popular,0.0
I04401,R0443,Spring Roll,side,veg,99,Crispy vegetable rolls,side|veg|Chinese,0.138
I04402,R0443,Momos,side,veg,132,Steamed dumplings,side|veg|Chinese,0.221
I04403,R0443,Chilli Potato,side,veg,121,Spicy potato fingers,side|veg|Chinese,0.25
I04404,R0443,Date Pancake,dessert,veg,110,Sweet pancake with dates,dessert|veg|Chinese,0.331
I04405,R0443,Honey Noodles,dessert,veg,88,Crispy noodles with honey,dessert|veg|Chinese,0.149
I04406,R0443,Green Tea,beverage,veg,44,Hot green tea,beverage|veg|Chinese,0.338
I04407,R0443,Soft Drink,beverage,veg,55,Refreshing beverage,beverage|veg|Chinese,0.292
I04408,R0444,Waffle,main,veg,198,Belgian waffle with toppings,main|veg|Desserts|popular,0.0
I04409,R0444,Pancake,main,veg,176,Fluffy pancakes,main|veg|Desserts|popular,0.0
I04410,R0444,Ice Cream Sundae,main,veg,165,Loaded ice cream sundae,main|veg|Desserts|popular,0.0
I04411,R0444,Syrup Shot,side,veg,33,Extra syrup,side|veg|Desserts,0.267
I04412,R0444,Extra Toppings,side,veg,44,Additional toppings,side|veg|Desserts,0.289
I04413,R0444,Cheesecake,dessert,veg,198,Creamy cheesecake,dessert|veg|Desserts,0.24
I04414,R0444,Chocolate Cake,dessert,veg,132,Rich chocolate cake,dessert|veg|Desserts,0.169
I04415,R0444,Hot Chocolate,beverage,veg,110,Rich hot chocolate,beverage|veg|Desserts,0.328
I04416,R0444,Milkshake,beverage,veg,143,Thick milkshake,beverage|veg|Desserts,0.332
I04417,R0445,Pani Puri,main,veg,84,Crispy puris with flavored water,main|veg|Street Food|popular,0.0
I04418,R0445,Pav Bhaji,main,veg,168,Mashed vegetable curry with bread,main|veg|Street Food|popular,0.0
I04419,R0445,Extra Pav,side,veg,21,Extra bread,side|veg|Street Food,0.152
I04420,R0445,Papad,side,veg,28,Crispy papad,side|veg|Street Food,0.381
I04421,R0445,Jalebi,dessert,veg,70,Sweet fried spirals,dessert|veg|Street Food,0.35
I04422,R0445,Rabri,dessert,veg,112,Thickened sweet milk,dessert|veg|Street Food,0.331
I04423,R0445,Lassi,beverage,veg,84,Yogurt drink,beverage|veg|Street Food,0.369
I04424,R0445,Masala Chai,beverage,veg,42,Spiced tea,beverage|veg|Street Food,0.2
I04425,R0446,Waffle,main,veg,198,Belgian waffle with toppings,main|veg|Desserts|popular,0.0
I04426,R0446,Pancake,main,veg,176,Fluffy pancakes,main|veg|Desserts|popular,0.0
I04427,R0446,Ice Cream Sundae,main,veg,165,Loaded ice cream sundae,main|veg|Desserts|popular,0.0
I04428,R0446,Syrup Shot,side,veg,33,Extra syrup,side|veg|Desserts,0.229
I04429,R0446,Extra Toppings,side,veg,44,Additional toppings,side|veg|Desserts,0.185
I04430,R0446,Cheesecake,dessert,veg,198,Creamy cheesecake,dessert|veg|Desserts,0.28
I04431,R0446,Chocolate Cake,dessert,veg,132,Rich chocolate cake,dessert|veg|Desserts,0.337
I04432,R0446,Milkshake,beverage,veg,143,Thick milkshake,beverage|veg|Desserts,0.177
I04433,R0446,Hot Chocolate,beverage,veg,110,Rich hot chocolate,beverage|veg|Desserts,0.298
I04434,R0447,Pani Puri,main,veg,75,Crispy puris with flavored water,main|veg|Street Food|popular,0.0
I04435,R0447,Samosa,main,veg,37,Crispy pastry with filling,main|veg|Street Food|popular,0.0
I04436,R0447,Pav Bhaji,main,veg,150,Mashed vegetable curry with bread,main|veg|Street Food|popular,0.0
I04437,R0447,Extra Pav,side,veg,18,Extra bread,side|veg|Street Food,0.278
I04438,R0447,Papad,side,veg,25,Crispy papad,side|veg|Street Food,0.246
I04439,R0447,Rabri,dessert,veg,100,Thickened sweet milk,dessert|veg|Street Food,0.106
I04440,R0447,Jalebi,dessert,veg,62,Sweet fried spirals,dessert|veg|Street Food,0.157
I04441,R0447,Masala Chai,beverage,veg,37,Spiced tea,beverage|veg|Street Food,0.174
I04442,R0447,Lassi,beverage,veg,75,Yogurt drink,beverage|veg|Street Food,0.218
I04443,R0448,Veg Biryani,main,veg,190,Flavorful rice with mixed vegetables,main|veg|Biryani|popular,0.0
I04444,R0448,Egg Biryani,main,non-veg,209,Rice with boiled eggs and spices,main|non-veg|Biryani|popular,0.0
I04445,R0448,Chicken Biryani,main,non-veg,266,Fragrant basmati rice with tender chicken pieces,main|non-veg|Biryani|popular,0.0
I04446,R0448,Mutton Biryani,main,non-veg,332,Aromatic rice with succulent mutton,main|non-veg|Biryani|popular,0.0
I04447,R0448,Raita,side,veg,38,Cooling yogurt with cucumber and spices,side|veg|Biryani,0.101
I04448,R0448,Salan,side,veg,57,Spicy curry accompaniment,side|veg|Biryani,0.34
I04449,R0448,Double Ka Meetha,side,veg,76,Sweet bread pudding,side|veg|Biryani,0.184
I04450,R0448,Gulab Jamun,dessert,veg,57,Soft milk dumplings in sugar syrup,dessert|veg|Biryani,0.231
I04451,R0448,Khubani Ka Meetha,dessert,veg,85,Apricot dessert,dessert|veg|Biryani,0.353
I04452,R0448,Lassi,beverage,veg,66,Thick yogurt drink,beverage|veg|Biryani,0.339
I04453,R0448,Soft Drink,beverage,veg,47,Refreshing carbonated beverage,beverage|veg|Biryani,0.231
I04454,R0449,Grilled Chicken,main,non-veg,400,Herb grilled chicken,main|non-veg|Continental|popular,0.0
I04455,R0449,Veg Steak,main,veg,350,Grilled vegetable steak,main|veg|Continental|popular,0.0
I04456,R0449,Pasta Arrabbiata,main,veg,300,Spicy tomato pasta,main|veg|Continental|popular,0.0
I04457,R0449,Mashed Potatoes,side,veg,125,Creamy mashed potatoes,side|veg|Continental,0.198
I04458,R0449,Garlic Bread,side,veg,112,Garlic bread,side|veg|Continental,0.202
I04459,R0449,Caesar Salad,side,veg,175,Classic Caesar salad,side|veg|Continental,0.126
I04460,R0449,Tiramisu,dessert,veg,225,Classic Italian dessert,dessert|veg|Continental,0.345
I04461,R0449,Panna Cotta,dessert,veg,200,Italian custard,dessert|veg|Continental,0.229
I04462,R0449,Iced Tea,beverage,veg,100,Refreshing iced tea,beverage|veg|Continental,0.162
I04463,R0449,Lemonade,beverage,veg,87,Fresh lemonade,beverage|veg|Continental,0.177
I04464,R0450,Grilled Chicken,main,non-veg,352,Herb grilled chicken,main|non-veg|Continental|popular,0.0
I04465,R0450,Fish and Chips,main,non-veg,385,Classic fish and chips,main|non-veg|Continental|popular,0.0
I04466,R0450,Pasta Arrabbiata,main,veg,264,Spicy tomato pasta,main|veg|Continental|popular,0.0
I04467,R0450,Veg Steak,main,veg,308,Grilled vegetable steak,main|veg|Continental|popular,0.0
I04468,R0450,Mashed Potatoes,side,veg,110,Creamy mashed potatoes,side|veg|Continental,0.182
I04469,R0450,Caesar Salad,side,veg,154,Classic Caesar salad,side|veg|Continental,0.14
I04470,R0450,Garlic Bread,side,veg,99,Garlic bread,side|veg|Continental,0.39
I04471,R0450,Panna Cotta,dessert,veg,176,Italian custard,dessert|veg|Continental,0.36
I04472,R0450,Tiramisu,dessert,veg,198,Classic Italian dessert,dessert|veg|Continental,0.202
I04473,R0450,Lemonade,beverage,veg,77,Fresh lemonade,beverage|veg|Continental,0.371
I04474,R0450,Iced Tea,beverage,veg,88,Refreshing iced tea,beverage|veg|Continental,0.251
I04475,R0451,Pani Puri,main,veg,66,Crispy puris with flavored water,main|veg|Street Food|popular,0.0
I04476,R0451,Chole Bhature,main,veg,143,Chickpea curry with fried bread,main|veg|Street Food|popular,0.0
I04477,R0451,Pav Bhaji,main,veg,132,Mashed vegetable curry with bread,main|veg|Street Food|popular,0.0
I04478,R0451,Samosa,main,veg,33,Crispy pastry with filling,main|veg|Street Food|popular,0.0
I04479,R0451,Extra Pav,side,veg,16,Extra bread,side|veg|Street Food,0.147
I04480,R0451,Papad,side,veg,22,Crispy papad,side|veg|Street Food,0.122
I04481,R0451,Rabri,dessert,veg,88,Thickened sweet milk,dessert|veg|Street Food,0.162
I04482,R0451,Jalebi,dessert,veg,55,Sweet fried spirals,dessert|veg|Street Food,0.11
I04483,R0451,Masala Chai,beverage,veg,33,Spiced tea,beverage|veg|Street Food,0.247
I04484,R0451,Lassi,beverage,veg,66,Yogurt drink,beverage|veg|Street Food,0.381
I04485,R0452,Mutton Biryani,main,non-veg,385,Aromatic rice with succulent mutton,main|non-veg|Biryani|popular,0.0
I04486,R0452,Chicken Biryani,main,non-veg,308,Fragrant basmati rice with tender chicken pieces,main|non-veg|Biryani|popular,0.0
I04487,R0452,Egg Biryani,main,non-veg,242,Rice with boiled eggs and spices,main|non-veg|Biryani|popular,0.0
I04488,R0452,Veg Biryani,main,veg,220,Flavorful rice with mixed vegetables,main|veg|Biryani|popular,0.0
I04489,R0452,Raita,side,veg,44,Cooling yogurt with cucumber and spices,side|veg|Biryani,0.173
I04490,R0452,Salan,side,veg,66,Spicy curry accompaniment,side|veg|Biryani,0.364
I04491,R0452,Double Ka Meetha,side,veg,88,Sweet bread pudding,side|veg|Biryani,0.138
I04492,R0452,Khubani Ka Meetha,dessert,veg,99,Apricot dessert,dessert|veg|Biryani,0.232
I04493,R0452,Gulab Jamun,dessert,veg,66,Soft milk dumplings in sugar syrup,dessert|veg|Biryani,0.23
I04494,R0452,Lassi,beverage,veg,77,Thick yogurt drink,beverage|veg|Biryani,0.274
I04495,R0452,Soft Drink,beverage,veg,55,Refreshing carbonated beverage,beverage|veg|Biryani,0.353
I04496,R0453,Samosa,main,veg,42,Crispy pastry with filling,main|veg|Street Food|popular,0.0
I04497,R0453,Chole Bhature,main,veg,182,Chickpea curry with fried bread,main|veg|Street Food|popular,0.0
I04498,R0453,Papad,side,veg,28,Crispy papad,side|veg|Street Food,0.326
I04499,R0453,Extra Pav,side,veg,21,Extra bread,side|veg|Street Food,0.275
I04500,R0453,Jalebi,dessert,veg,70,Sweet fried spirals,dessert|veg|Street Food,0.181
I04501,R0453,Rabri,dessert,veg,112,Thickened sweet milk,dessert|veg|Street Food,0.283
I04502,R0453,Masala Chai,beverage,veg,42,Spiced tea,beverage|veg|Street Food,0.225
I04503,R0453,Lassi,beverage,veg,84,Yogurt drink,beverage|veg|Street Food,0.204
I04504,R0454,Samosa,main,veg,33,Crispy pastry with filling,main|veg|Street Food|popular,0.0
I04505,R0454,Pani Puri,main,veg,66,Crispy puris with flavored water,main|veg|Street Food|popular,0.0
I04506,R0454,Pav Bhaji,main,veg,132,Mashed vegetable curry with bread,main|veg|Street Food|popular,0.0
I04507,R0454,Chole Bhature,main,veg,143,Chickpea curry with fried bread,main|veg|Street Food|popular,0.0
I04508,R0454,Papad,side,veg,22,Crispy papad,side|veg|Street Food,0.373
I04509,R0454,Extra Pav,side,veg,16,Extra bread,side|veg|Street Food,0.199
I04510,R0454,Rabri,dessert,veg,88,Thickened sweet milk,dessert|veg|Street Food,0.369
I04511,R0454,Jalebi,dessert,veg,55,Sweet fried spirals,dessert|veg|Street Food,0.294
I04512,R0454,Masala Chai,beverage,veg,33,Spiced tea,beverage|veg|Street Food,0.11
I04513,R0454,Lassi,beverage,veg,66,Yogurt drink,beverage|veg|Street Food,0.123
I04514,R0455,Butter Chicken,main,non-veg,352,Creamy tomato-based chicken curry,main|non-veg|North Indian|popular,0.0
I04515,R0455,Dal Makhani,main,veg,242,Creamy black lentils,main|veg|North Indian|popular,0.0
I04516,R0455,Rogan Josh,main,non-veg,418,Kashmiri lamb curry,main|non-veg|North Indian|popular,0.0
I04517,R0455,Paneer Tikka,main,veg,308,Grilled cottage cheese,main|veg|North Indian|popular,0.0
I04518,R0455,Tandoori Roti,side,veg,27,Whole wheat flatbread,side|veg|North Indian,0.173
I04519,R0455,Garlic Naan,side,veg,66,Garlic flavored naan,side|veg|North Indian,0.112
I04520,R0455,Butter Naan,side,veg,55,Buttery flatbread,side|veg|North Indian,0.162
I04521,R0455,Jeera Rice,side,veg,132,Cumin flavored rice,side|veg|North Indian,0.304
I04522,R0455,Gulab Jamun,dessert,veg,66,Sweet milk dumplings,dessert|veg|North Indian,0.16
I04523,R0455,Rasmalai,dessert,veg,88,Soft cheese patties in milk,dessert|veg|North Indian,0.296
I04524,R0455,Lassi,beverage,veg,77,Sweet yogurt drink,beverage|veg|North Indian,0.132
I04525,R0455,Buttermilk,beverage,veg,44,Spiced yogurt drink,beverage|veg|North Indian,0.221
I04526,R0456,Veg Wrap,main,veg,123,Vegetable stuffed wrap,main|veg|Fast Food|popular,0.0
I04527,R0456,Frankie,main,veg,114,Stuffed roll,main|veg|Fast Food|popular,0.0
I04528,R0456,Sandwich,main,veg,95,Grilled sandwich,main|veg|Fast Food|popular,0.0
I04529,R0456,Chicken Wrap,main,non-veg,171,Chicken stuffed wrap,main|non-veg|Fast Food|popular,0.0
I04530,R0456,Fries,side,veg,76,Crispy fries,side|veg|Fast Food,0.361
I04531,R0456,Onion Rings,side,veg,85,Crispy onion rings,side|veg|Fast Food,0.361
I04532,R0456,Ice Cream,dessert,veg,57,Vanilla ice cream,dessert|veg|Fast Food,0.387
I04533,R0456,Brownie,dessert,veg,95,Chocolate brownie,dessert|veg|Fast Food,0.122
I04534,R0456,Cold Coffee,beverage,veg,114,Iced coffee,beverage|veg|Fast Food,0.332
I04535,R0456,Soft Drink,beverage,veg,47,Refreshing beverage,beverage|veg|Fast Food,0.3
I04536,R0457,Mutton Biryani,main,non-veg,437,Aromatic rice with succulent mutton,main|non-veg|Biryani|popular,0.0
I04537,R0457,Veg Biryani,main,veg,250,Flavorful rice with mixed vegetables,main|veg|Biryani|popular,0.0
I04538,R0457,Egg Biryani,main,non-veg,275,Rice with boiled eggs and spices,main|non-veg|Biryani|popular,0.0
I04539,R0457,Double Ka Meetha,side,veg,100,Sweet bread pudding,side|veg|Biryani,0.245
I04540,R0457,Raita,side,veg,50,Cooling yogurt with cucumber and spices,side|veg|Biryani,0.178
I04541,R0457,Salan,side,veg,75,Spicy curry accompaniment,side|veg|Biryani,0.126
I04542,R0457,Khubani Ka Meetha,dessert,veg,112,Apricot dessert,dessert|veg|Biryani,0.106
I04543,R0457,Gulab Jamun,dessert,veg,75,Soft milk dumplings in sugar syrup,dessert|veg|Biryani,0.213
I04544,R0457,Lassi,beverage,veg,87,Thick yogurt drink,beverage|veg|Biryani,0.25
I04545,R0457,Soft Drink,beverage,veg,62,Refreshing carbonated beverage,beverage|veg|Biryani,0.354
I04546,R0458,Pav Bhaji,main,veg,132,Mashed vegetable curry with bread,main|veg|Street Food|popular,0.0
I04547,R0458,Chole Bhature,main,veg,143,Chickpea curry with fried bread,main|veg|Street Food|popular,0.0
I04548,R0458,Samosa,main,veg,33,Crispy pastry with filling,main|veg|Street Food|popular,0.0
I04549,R0458,Pani Puri,main,veg,66,Crispy puris with flavored water,main|veg|Street Food|popular,0.0
I04550,R0458,Extra Pav,side,veg,16,Extra bread,side|veg|Street Food,0.219
I04551,R0458,Papad,side,veg,22,Crispy papad,side|veg|Street Food,0.385
I04552,R0458,Rabri,dessert,veg,88,Thickened sweet milk,dessert|veg|Street Food,0.343
I04553,R0458,Jalebi,dessert,veg,55,Sweet fried spirals,dessert|veg|Street Food,0.193
I04554,R0458,Lassi,beverage,veg,66,Yogurt drink,beverage|veg|Street Food,0.143
I04555,R0458,Masala Chai,beverage,veg,33,Spiced tea,beverage|veg|Street Food,0.377
I04556,R0459,Sandwich,main,veg,110,Grilled sandwich,main|veg|Fast Food|popular,0.0
I04557,R0459,Veg Wrap,main,veg,143,Vegetable stuffed wrap,main|veg|Fast Food|popular,0.0
I04558,R0459,Frankie,main,veg,132,Stuffed roll,main|veg|Fast Food|popular,0.0
I04559,R0459,Chicken Wrap,main,non-veg,198,Chicken stuffed wrap,main|non-veg|Fast Food|popular,0.0
I04560,R0459,Fries,side,veg,88,Crispy fries,side|veg|Fast Food,0.201
I04561,R0459,Onion Rings,side,veg,99,Crispy onion rings,side|veg|Fast Food,0.387
I04562,R0459,Ice Cream,dessert,veg,66,Vanilla ice cream,dessert|veg|Fast Food,0.118
I04563,R0459,Brownie,dessert,veg,110,Chocolate brownie,dessert|veg|Fast Food,0.187
I04564,R0459,Soft Drink,beverage,veg,55,Refreshing beverage,beverage|veg|Fast Food,0.36
I04565,R0459,Cold Coffee,beverage,veg,132,Iced coffee,beverage|veg|Fast Food,0.353
I04566,R0460,Rogan Josh,main,non-veg,418,Kashmiri lamb curry,main|non-veg|North Indian|popular,0.0
I04567,R0460,Dal Makhani,main,veg,242,Creamy black lentils,main|veg|North Indian|popular,0.0
I04568,R0460,Butter Chicken,main,non-veg,352,Creamy tomato-based chicken curry,main|non-veg|North Indian|popular,0.0
I04569,R0460,Paneer Tikka,main,veg,308,Grilled cottage cheese,main|veg|North Indian|popular,0.0
I04570,R0460,Garlic Naan,side,veg,66,Garlic flavored naan,side|veg|North Indian,0.269
I04571,R0460,Jeera Rice,side,veg,132,Cumin flavored rice,side|veg|North Indian,0.284
I04572,R0460,Butter Naan,side,veg,55,Buttery flatbread,side|veg|North Indian,0.293
I04573,R0460,Tandoori Roti,side,veg,27,Whole wheat flatbread,side|veg|North Indian,0.155
I04574,R0460,Rasmalai,dessert,veg,88,Soft cheese patties in milk,dessert|veg|North Indian,0.226
I04575,R0460,Gulab Jamun,dessert,veg,66,Sweet milk dumplings,dessert|veg|North Indian,0.212
I04576,R0460,Lassi,beverage,veg,77,Sweet yogurt drink,beverage|veg|North Indian,0.266
I04577,R0460,Buttermilk,beverage,veg,44,Spiced yogurt drink,beverage|veg|North Indian,0.329
I04578,R0461,Chicken Wrap,main,non-veg,198,Chicken stuffed wrap,main|non-veg|Fast Food|popular,0.0
I04579,R0461,Veg Wrap,main,veg,143,Vegetable stuffed wrap,main|veg|Fast Food|popular,0.0
I04580,R0461,Frankie,main,veg,132,Stuffed roll,main|veg|Fast Food|popular,0.0
I04581,R0461,Sandwich,main,veg,110,Grilled sandwich,main|veg|Fast Food|popular,0.0
I04582,R0461,Onion Rings,side,veg,99,Crispy onion rings,side|veg|Fast Food,0.241
I04583,R0461,Fries,side,veg,88,Crispy fries,side|veg|Fast Food,0.159
I04584,R0461,Brownie,dessert,veg,110,Chocolate brownie,dessert|veg|Fast Food,0.377
I04585,R0461,Ice Cream,dessert,veg,66,Vanilla ice cream,dessert|veg|Fast Food,0.326
I04586,R0461,Soft Drink,beverage,veg,55,Refreshing beverage,beverage|veg|Fast Food,0.286
I04587,R0461,Cold Coffee,beverage,veg,132,Iced coffee,beverage|veg|Fast Food,0.281
I04588,R0462,Hakka Noodles,main,veg,187,Stir-fried noodles,main|veg|Chinese|popular,0.0
I04589,R0462,Fried Rice,main,veg,198,Stir-fried rice with vegetables,main|veg|Chinese|popular,0.0
I04590,R0462,Manchurian,main,veg,220,Vegetable balls in gravy,main|veg|Chinese|popular,0.0
I04591,R0462,Chilli Chicken,main,non-veg,286,Spicy chicken preparation,main|non-veg|Chinese|popular,0.0
I04592,R0462,Chilli Potato,side,veg,121,Spicy potato fingers,side|veg|Chinese,0.219
I04593,R0462,Momos,side,veg,132,Steamed dumplings,side|veg|Chinese,0.112
I04594,R0462,Spring Roll,side,veg,99,Crispy vegetable rolls,side|veg|Chinese,0.102
I04595,R0462,Honey Noodles,dessert,veg,88,Crispy noodles with honey,dessert|veg|Chinese,0.248
I04596,R0462,Date Pancake,dessert,veg,110,Sweet pancake with dates,dessert|veg|Chinese,0.254
I04597,R0462,Green Tea,beverage,veg,44,Hot green tea,beverage|veg|Chinese,0.287
I04598,R0462,Soft Drink,beverage,veg,55,Refreshing beverage,beverage|veg|Chinese,0.315
I04599,R0463,Mutton Biryani,main,non-veg,332,Aromatic rice with succulent mutton,main|non-veg|Biryani|popular,0.0
I04600,R0463,Chicken Biryani,main,non-veg,266,Fragrant basmati rice with tender chicken pieces,main|non-veg|Biryani|popular,0.0
I04601,R0463,Veg Biryani,main,veg,190,Flavorful rice with mixed vegetables,main|veg|Biryani|popular,0.0
I04602,R0463,Egg Biryani,main,non-veg,209,Rice with boiled eggs and spices,main|non-veg|Biryani|popular,0.0
I04603,R0463,Salan,side,veg,57,Spicy curry accompaniment,side|veg|Biryani,0.367
I04604,R0463,Raita,side,veg,38,Cooling yogurt with cucumber and spices,side|veg|Biryani,0.382
I04605,R0463,Double Ka Meetha,side,veg,76,Sweet bread pudding,side|veg|Biryani,0.146
I04606,R0463,Gulab Jamun,dessert,veg,57,Soft milk dumplings in sugar syrup,dessert|veg|Biryani,0.141
I04607,R0463,Khubani Ka Meetha,dessert,veg,85,Apricot dessert,dessert|veg|Biryani,0.236
I04608,R0463,Soft Drink,beverage,veg,47,Refreshing carbonated beverage,beverage|veg|Biryani,0.177
I04609,R0463,Lassi,beverage,veg,66,Thick yogurt drink,beverage|veg|Biryani,0.134
I04610,R0464,Smoothie,main,veg,142,Fruit smoothie,main|veg|Beverages|popular,0.0
I04611,R0464,Cold Coffee,main,veg,123,Iced coffee,main|veg|Beverages|popular,0.0
I04612,R0464,Mojito,main,veg,104,Refreshing mint drink,main|veg|Beverages|popular,0.0
I04613,R0464,Whipped Cream,side,veg,23,Extra whipped cream,side|veg|Beverages,0.187
I04614,R0464,Extra Shot,side,veg,28,Extra coffee shot,side|veg|Beverages,0.292
I04615,R0464,Muffin,dessert,veg,57,Fresh muffin,dessert|veg|Beverages,0.208
I04616,R0464,Cookie,dessert,veg,47,Fresh baked cookie,dessert|veg|Beverages,0.18
I04617,R0464,Soft Drink,beverage,veg,47,Refreshing beverage,beverage|veg|Beverages,0.243
I04618,R0464,Water Bottle,beverage,veg,19,Mineral water,beverage|veg|Beverages,0.289
I04619,R0465,Hakka Noodles,main,veg,161,Stir-fried noodles,main|veg|Chinese|popular,0.0
I04620,R0465,Manchurian,main,veg,190,Vegetable balls in gravy,main|veg|Chinese|popular,0.0
I04621,R0465,Chilli Chicken,main,non-veg,247,Spicy chicken preparation,main|non-veg|Chinese|popular,0.0
I04622,R0465,Fried Rice,main,veg,171,Stir-fried rice with vegetables,main|veg|Chinese|popular,0.0
I04623,R0465,Spring Roll,side,veg,85,Crispy vegetable rolls,side|veg|Chinese,0.396
I04624,R0465,Momos,side,veg,114,Steamed dumplings,side|veg|Chinese,0.351
I04625,R0465,Chilli Potato,side,veg,104,Spicy potato fingers,side|veg|Chinese,0.173
I04626,R0465,Date Pancake,dessert,veg,95,Sweet pancake with dates,dessert|veg|Chinese,0.393
I04627,R0465,Honey Noodles,dessert,veg,76,Crispy noodles with honey,dessert|veg|Chinese,0.295
I04628,R0465,Soft Drink,beverage,veg,47,Refreshing beverage,beverage|veg|Chinese,0.349
I04629,R0465,Green Tea,beverage,veg,38,Hot green tea,beverage|veg|Chinese,0.201
I04630,R0466,Pasta Arrabbiata,main,veg,264,Spicy tomato pasta,main|veg|Continental|popular,0.0
I04631,R0466,Fish and Chips,main,non-veg,385,Classic fish and chips,main|non-veg|Continental|popular,0.0
I04632,R0466,Veg Steak,main,veg,308,Grilled vegetable steak,main|veg|Continental|popular,0.0
I04633,R0466,Grilled Chicken,main,non-veg,352,Herb grilled chicken,main|non-veg|Continental|popular,0.0
I04634,R0466,Mashed Potatoes,side,veg,110,Creamy mashed potatoes,side|veg|Continental,0.324
I04635,R0466,Caesar Salad,side,veg,154,Classic Caesar salad,side|veg|Continental,0.391
I04636,R0466,Garlic Bread,side,veg,99,Garlic bread,side|veg|Continental,0.285
I04637,R0466,Tiramisu,dessert,veg,198,Classic Italian dessert,dessert|veg|Continental,0.135
I04638,R0466,Panna Cotta,dessert,veg,176,Italian custard,dessert|veg|Continental,0.337
I04639,R0466,Iced Tea,beverage,veg,88,Refreshing iced tea,beverage|veg|Continental,0.338
I04640,R0466,Lemonade,beverage,veg,77,Fresh lemonade,beverage|veg|Continental,0.33
I04641,R0467,Pani Puri,main,veg,66,Crispy puris with flavored water,main|veg|Street Food|popular,0.0
I04642,R0467,Pav Bhaji,main,veg,132,Mashed vegetable curry with bread,main|veg|Street Food|popular,0.0
I04643,R0467,Samosa,main,veg,33,Crispy pastry with filling,main|veg|Street Food|popular,0.0
I04644,R0467,Chole Bhature,main,veg,143,Chickpea curry with fried bread,main|veg|Street Food|popular,0.0
I04645,R0467,Extra Pav,side,veg,16,Extra bread,side|veg|Street Food,0.342
I04646,R0467,Papad,side,veg,22,Crispy papad,side|veg|Street Food,0.212
I04647,R0467,Rabri,dessert,veg,88,Thickened sweet milk,dessert|veg|Street Food,0.179
I04648,R0467,Jalebi,dessert,veg,55,Sweet fried spirals,dessert|veg|Street Food,0.135
I04649,R0467,Masala Chai,beverage,veg,33,Spiced tea,beverage|veg|Street Food,0.222
I04650,R0467,Lassi,beverage,veg,66,Yogurt drink,beverage|veg|Street Food,0.127
I04651,R0468,Chicken Wrap,main,non-veg,171,Chicken stuffed wrap,main|non-veg|Fast Food|popular,0.0
I04652,R0468,Veg Wrap,main,veg,123,Vegetable stuffed wrap,main|veg|Fast Food|popular,0.0
I04653,R0468,Frankie,main,veg,114,Stuffed roll,main|veg|Fast Food|popular,0.0
I04654,R0468,Sandwich,main,veg,95,Grilled sandwich,main|veg|Fast Food|popular,0.0
I04655,R0468,Fries,side,veg,76,Crispy fries,side|veg|Fast Food,0.15
I04656,R0468,Onion Rings,side,veg,85,Crispy onion rings,side|veg|Fast Food,0.152
I04657,R0468,Brownie,dessert,veg,95,Chocolate brownie,dessert|veg|Fast Food,0.306
I04658,R0468,Ice Cream,dessert,veg,57,Vanilla ice cream,dessert|veg|Fast Food,0.162
I04659,R0468,Cold Coffee,beverage,veg,114,Iced coffee,beverage|veg|Fast Food,0.139
I04660,R0468,Soft Drink,beverage,veg,47,Refreshing beverage,beverage|veg|Fast Food,0.216
I04661,R0469,Ice Cream Sundae,main,veg,187,Loaded ice cream sundae,main|veg|Desserts|popular,0.0
I04662,R0469,Pancake,main,veg,200,Fluffy pancakes,main|veg|Desserts|popular,0.0
I04663,R0469,Waffle,main,veg,225,Belgian waffle with toppings,main|veg|Desserts|popular,0.0
I04664,R0469,Syrup Shot,side,veg,37,Extra syrup,side|veg|Desserts,0.188
I04665,R0469,Extra Toppings,side,veg,50,Additional toppings,side|veg|Desserts,0.371
I04666,R0469,Chocolate Cake,dessert,veg,150,Rich chocolate cake,dessert|veg|Desserts,0.132
I04667,R0469,Cheesecake,dessert,veg,225,Creamy cheesecake,dessert|veg|Desserts,0.119
I04668,R0469,Hot Chocolate,beverage,veg,125,Rich hot chocolate,beverage|veg|Desserts,0.136
I04669,R0469,Milkshake,beverage,veg,162,Thick milkshake,beverage|veg|Desserts,0.338
I04670,R0470,Sandwich,main,veg,125,Grilled sandwich,main|veg|Italian|popular,0.0
I04671,R0470,Chicken Wrap,main,non-veg,225,Chicken stuffed wrap,main|non-veg|Italian|popular,0.0
I04672,R0470,Frankie,main,veg,150,Stuffed roll,main|veg|Italian|popular,0.0
I04673,R0470,Onion Rings,side,veg,112,Crispy onion rings,side|veg|Italian,0.2
I04674,R0470,Fries,side,veg,100,Crispy fries,side|veg|Italian,0.133
I04675,R0470,Brownie,dessert,veg,125,Chocolate brownie,dessert|veg|Italian,0.266
I04676,R0470,Ice Cream,dessert,veg,75,Vanilla ice cream,dessert|veg|Italian,0.279
I04677,R0470,Soft Drink,beverage,veg,62,Refreshing beverage,beverage|veg|Italian,0.352
I04678,R0470,Cold Coffee,beverage,veg,150,Iced coffee,beverage|veg|Italian,0.327
I04679,R0471,Fish and Chips,main,non-veg,489,Classic fish and chips,main|non-veg|Continental|popular,0.0
I04680,R0471,Pasta Arrabbiata,main,veg,336,Spicy tomato pasta,main|veg|Continental|popular,0.0
I04681,R0471,Garlic Bread,side,veg,125,Garlic bread,side|veg|Continental,0.291
I04682,R0471,Mashed Potatoes,side,veg,140,Creamy mashed potatoes,side|veg|Continental,0.147
I04683,R0471,Panna Cotta,dessert,veg,224,Italian custard,dessert|veg|Continental,0.209
I04684,R0471,Tiramisu,dessert,veg,251,Classic Italian dessert,dessert|veg|Continental,0.211
I04685,R0471,Lemonade,beverage,veg,98,Fresh lemonade,beverage|veg|Continental,0.172
I04686,R0471,Iced Tea,beverage,veg,112,Refreshing iced tea,beverage|veg|Continental,0.155
I04687,R0472,Ice Cream Sundae,main,veg,142,Loaded ice cream sundae,main|veg|Desserts|popular,0.0
I04688,R0472,Pancake,main,veg,152,Fluffy pancakes,main|veg|Desserts|popular,0.0
I04689,R0472,Waffle,main,veg,171,Belgian waffle with toppings,main|veg|Desserts|popular,0.0
I04690,R0472,Extra Toppings,side,veg,38,Additional toppings,side|veg|Desserts,0.342
I04691,R0472,Syrup Shot,side,veg,28,Extra syrup,side|veg|Desserts,0.392
I04692,R0472,Cheesecake,dessert,veg,171,Creamy cheesecake,dessert|veg|Desserts,0.398
I04693,R0472,Chocolate Cake,dessert,veg,114,Rich chocolate cake,dessert|veg|Desserts,0.116
I04694,R0472,Milkshake,beverage,veg,123,Thick milkshake,beverage|veg|Desserts,0.323
I04695,R0472,Hot Chocolate,beverage,veg,95,Rich hot chocolate,beverage|veg|Desserts,0.107
I04696,R0473,Vada,main,veg,87,Crispy fried lentil donuts,main|veg|South Indian|popular,0.0
I04697,R0473,Chicken Chettinad,main,non-veg,350,Spicy Chettinad chicken,main|non-veg|South Indian|popular,0.0
I04698,R0473,Masala Dosa,main,veg,150,Crispy crepe with potato filling,main|veg|South Indian|popular,0.0
I04699,R0473,Coconut Chutney,side,veg,37,Fresh coconut chutney,side|veg|South Indian,0.232
I04700,R0473,Tomato Chutney,side,veg,37,Tangy tomato chutney,side|veg|South Indian,0.186
I04701,R0473,Sambar,side,veg,50,Lentil and vegetable curry,side|veg|South Indian,0.299
I04702,R0473,Payasam,dessert,veg,75,Sweet milk pudding,dessert|veg|South Indian,0.241
I04703,R0473,Kesari,dessert,veg,62,Semolina sweet,dessert|veg|South Indian,0.25
I04704,R0473,Filter Coffee,beverage,veg,50,South Indian filter coffee,beverage|veg|South Indian,0.139
I04705,R0473,Buttermilk,beverage,veg,43,Spiced yogurt drink,beverage|veg|South Indian,0.249
I04706,R0474,Samosa,main,veg,28,Crispy pastry with filling,main|veg|Street Food|popular,0.0
I04707,R0474,Chole Bhature,main,veg,123,Chickpea curry with fried bread,main|veg|Street Food|popular,0.0
I04708,R0474,Pav Bhaji,main,veg,114,Mashed vegetable curry with bread,main|veg|Street Food|popular,0.0
I04709,R0474,Pani Puri,main,veg,57,Crispy puris with flavored water,main|veg|Street Food|popular,0.0
I04710,R0474,Papad,side,veg,19,Crispy papad,side|veg|Street Food,0.195
I04711,R0474,Extra Pav,side,veg,14,Extra bread,side|veg|Street Food,0.239
I04712,R0474,Jalebi,dessert,veg,47,Sweet fried spirals,dessert|veg|Street Food,0.345
I04713,R0474,Rabri,dessert,veg,76,Thickened sweet milk,dessert|veg|Street Food,0.266
I04714,R0474,Masala Chai,beverage,veg,28,Spiced tea,beverage|veg|Street Food,0.243
I04715,R0474,Lassi,beverage,veg,57,Yogurt drink,beverage|veg|Street Food,0.132
I04716,R0475,Masala Dosa,main,veg,168,Crispy crepe with potato filling,main|veg|South Indian|popular,0.0
I04717,R0475,Chicken Chettinad,main,non-veg,392,Spicy Chettinad chicken,main|non-veg|South Indian|popular,0.0
I04718,R0475,Coconut Chutney,side,veg,42,Fresh coconut chutney,side|veg|South Indian,0.149
I04719,R0475,Tomato Chutney,side,veg,42,Tangy tomato chutney,side|veg|South Indian,0.179
I04720,R0475,Payasam,dessert,veg,84,Sweet milk pudding,dessert|veg|South Indian,0.311
I04721,R0475,Kesari,dessert,veg,70,Semolina sweet,dessert|veg|South Indian,0.25
I04722,R0475,Buttermilk,beverage,veg,49,Spiced yogurt drink,beverage|veg|South Indian,0.39
I04723,R0475,Filter Coffee,beverage,veg,56,South Indian filter coffee,beverage|veg|South Indian,0.232
I04724,R0476,Veg Wrap,main,veg,143,Vegetable stuffed wrap,main|veg|Italian|popular,0.0
I04725,R0476,Sandwich,main,veg,110,Grilled sandwich,main|veg|Italian|popular,0.0
I04726,R0476,Frankie,main,veg,132,Stuffed roll,main|veg|Italian|popular,0.0
I04727,R0476,Chicken Wrap,main,non-veg,198,Chicken stuffed wrap,main|non-veg|Italian|popular,0.0
I04728,R0476,Fries,side,veg,88,Crispy fries,side|veg|Italian,0.369
I04729,R0476,Onion Rings,side,veg,99,Crispy onion rings,side|veg|Italian,0.365
I04730,R0476,Brownie,dessert,veg,110,Chocolate brownie,dessert|veg|Italian,0.272
I04731,R0476,Ice Cream,dessert,veg,66,Vanilla ice cream,dessert|veg|Italian,0.377
I04732,R0476,Cold Coffee,beverage,veg,132,Iced coffee,beverage|veg|Italian,0.279
I04733,R0476,Soft Drink,beverage,veg,55,Refreshing beverage,beverage|veg|Italian,0.193
I04734,R0477,Chole Bhature,main,veg,123,Chickpea curry with fried bread,main|veg|Street Food|popular,0.0
I04735,R0477,Samosa,main,veg,28,Crispy pastry with filling,main|veg|Street Food|popular,0.0
I04736,R0477,Pani Puri,main,veg,57,Crispy puris with flavored water,main|veg|Street Food|popular,0.0
I04737,R0477,Pav Bhaji,main,veg,114,Mashed vegetable curry with bread,main|veg|Street Food|popular,0.0
I04738,R0477,Papad,side,veg,19,Crispy papad,side|veg|Street Food,0.158
I04739,R0477,Extra Pav,side,veg,14,Extra bread,side|veg|Street Food,0.102
I04740,R0477,Jalebi,dessert,veg,47,Sweet fried spirals,dessert|veg|Street Food,0.38
I04741,R0477,Rabri,dessert,veg,76,Thickened sweet milk,dessert|veg|Street Food,0.221
I04742,R0477,Masala Chai,beverage,veg,28,Spiced tea,beverage|veg|Street Food,0.109
I04743,R0477,Lassi,beverage,veg,57,Yogurt drink,beverage|veg|Street Food,0.131
I04744,R0478,Smoothie,main,veg,142,Fruit smoothie,main|veg|Beverages|popular,0.0
I04745,R0478,Cold Coffee,main,veg,123,Iced coffee,main|veg|Beverages|popular,0.0
I04746,R0478,Mojito,main,veg,104,Refreshing mint drink,main|veg|Beverages|popular,0.0
I04747,R0478,Extra Shot,side,veg,28,Extra coffee shot,side|veg|Beverages,0.236
I04748,R0478,Whipped Cream,side,veg,23,Extra whipped cream,side|veg|Beverages,0.26
I04749,R0478,Cookie,dessert,veg,47,Fresh baked cookie,dessert|veg|Beverages,0.237
I04750,R0478,Muffin,dessert,veg,57,Fresh muffin,dessert|veg|Beverages,0.109
I04751,R0478,Soft Drink,beverage,veg,47,Refreshing beverage,beverage|veg|Beverages,0.241
I04752,R0478,Water Bottle,beverage,veg,19,Mineral water,beverage|veg|Beverages,0.214
I04753,R0479,Mojito,main,veg,154,Refreshing mint drink,main|veg|Beverages|popular,0.0
I04754,R0479,Smoothie,main,veg,210,Fruit smoothie,main|veg|Beverages|popular,0.0
I04755,R0479,Extra Shot,side,veg,42,Extra coffee shot,side|veg|Beverages,0.119
I04756,R0479,Whipped Cream,side,veg,35,Extra whipped cream,side|veg|Beverages,0.119
I04757,R0479,Muffin,dessert,veg,84,Fresh muffin,dessert|veg|Beverages,0.357
I04758,R0479,Cookie,dessert,veg,70,Fresh baked cookie,dessert|veg|Beverages,0.334
I04759,R0479,Soft Drink,beverage,veg,70,Refreshing beverage,beverage|veg|Beverages,0.266
I04760,R0479,Water Bottle,beverage,veg,28,Mineral water,beverage|veg|Beverages,0.388
I04761,R0480,Sandwich,main,veg,110,Grilled sandwich,main|veg|Fast Food|popular,0.0
I04762,R0480,Veg Wrap,main,veg,143,Vegetable stuffed wrap,main|veg|Fast Food|popular,0.0
I04763,R0480,Frankie,main,veg,132,Stuffed roll,main|veg|Fast Food|popular,0.0
I04764,R0480,Chicken Wrap,main,non-veg,198,Chicken stuffed wrap,main|non-veg|Fast Food|popular,0.0
I04765,R0480,Onion Rings,side,veg,99,Crispy onion rings,side|veg|Fast Food,0.181
I04766,R0480,Fries,side,veg,88,Crispy fries,side|veg|Fast Food,0.307
I04767,R0480,Brownie,dessert,veg,110,Chocolate brownie,dessert|veg|Fast Food,0.351
I04768,R0480,Ice Cream,dessert,veg,66,Vanilla ice cream,dessert|veg|Fast Food,0.176
I04769,R0480,Cold Coffee,beverage,veg,132,Iced coffee,beverage|veg|Fast Food,0.363
I04770,R0480,Soft Drink,beverage,veg,55,Refreshing beverage,beverage|veg|Fast Food,0.298
I04771,R0481,Samosa,main,veg,37,Crispy pastry with filling,main|veg|Street Food|popular,0.0
I04772,R0481,Pani Puri,main,veg,75,Crispy puris with flavored water,main|veg|Street Food|popular,0.0
I04773,R0481,Pav Bhaji,main,veg,150,Mashed vegetable curry with bread,main|veg|Street Food|popular,0.0
I04774,R0481,Extra Pav,side,veg,18,Extra bread,side|veg|Street Food,0.169
I04775,R0481,Papad,side,veg,25,Crispy papad,side|veg|Street Food,0.353
I04776,R0481,Rabri,dessert,veg,100,Thickened sweet milk,dessert|veg|Street Food,0.138
I04777,R0481,Jalebi,dessert,veg,62,Sweet fried spirals,dessert|veg|Street Food,0.122
I04778,R0481,Masala Chai,beverage,veg,37,Spiced tea,beverage|veg|Street Food,0.376
I04779,R0481,Lassi,beverage,veg,75,Yogurt drink,beverage|veg|Street Food,0.179
I04780,R0482,Fried Rice,main,veg,171,Stir-fried rice with vegetables,main|veg|Chinese|popular,0.0
I04781,R0482,Chilli Chicken,main,non-veg,247,Spicy chicken preparation,main|non-veg|Chinese|popular,0.0
I04782,R0482,Hakka Noodles,main,veg,161,Stir-fried noodles,main|veg|Chinese|popular,0.0
I04783,R0482,Manchurian,main,veg,190,Vegetable balls in gravy,main|veg|Chinese|popular,0.0
I04784,R0482,Chilli Potato,side,veg,104,Spicy potato fingers,side|veg|Chinese,0.171
I04785,R0482,Momos,side,veg,114,Steamed dumplings,side|veg|Chinese,0.376
I04786,R0482,Spring Roll,side,veg,85,Crispy vegetable rolls,side|veg|Chinese,0.227
I04787,R0482,Date Pancake,dessert,veg,95,Sweet pancake with dates,dessert|veg|Chinese,0.119
I04788,R0482,Honey Noodles,dessert,veg,76,Crispy noodles with honey,dessert|veg|Chinese,0.326
I04789,R0482,Green Tea,beverage,veg,38,Hot green tea,beverage|veg|Chinese,0.177
I04790,R0482,Soft Drink,beverage,veg,47,Refreshing beverage,beverage|veg|Chinese,0.156
I04791,R0483,Idli Sambar,main,veg,88,Steamed rice cakes with lentil curry,main|veg|South Indian|popular,0.0
I04792,R0483,Masala Dosa,main,veg,132,Crispy crepe with potato filling,main|veg|South Indian|popular,0.0
I04793,R0483,Chicken Chettinad,main,non-veg,308,Spicy Chettinad chicken,main|non-veg|South Indian|popular,0.0
I04794,R0483,Vada,main,veg,77,Crispy fried lentil donuts,main|veg|South Indian|popular,0.0
I04795,R0483,Sambar,side,veg,44,Lentil and vegetable curry,side|veg|South Indian,0.229
I04796,R0483,Tomato Chutney,side,veg,33,Tangy tomato chutney,side|veg|South Indian,0.334
I04797,R0483,Coconut Chutney,side,veg,33,Fresh coconut chutney,side|veg|South Indian,0.294
I04798,R0483,Kesari,dessert,veg,55,Semolina sweet,dessert|veg|South Indian,0.129
I04799,R0483,Payasam,dessert,veg,66,Sweet milk pudding,dessert|veg|South Indian,0.364
I04800,R0483,Buttermilk,beverage,veg,38,Spiced yogurt drink,beverage|veg|South Indian,0.379
I04801,R0483,Filter Coffee,beverage,veg,44,South Indian filter coffee,beverage|veg|South Indian,0.293
I04802,R0484,Chole Bhature,main,veg,143,Chickpea curry with fried bread,main|veg|Street Food|popular,0.0
I04803,R0484,Samosa,main,veg,33,Crispy pastry with filling,main|veg|Street Food|popular,0.0
I04804,R0484,Pav Bhaji,main,veg,132,Mashed vegetable curry with bread,main|veg|Street Food|popular,0.0
I04805,R0484,Pani Puri,main,veg,66,Crispy puris with flavored water,main|veg|Street Food|popular,0.0
I04806,R0484,Extra Pav,side,veg,16,Extra bread,side|veg|Street Food,0.384
I04807,R0484,Papad,side,veg,22,Crispy papad,side|veg|Street Food,0.263
I04808,R0484,Jalebi,dessert,veg,55,Sweet fried spirals,dessert|veg|Street Food,0.261
I04809,R0484,Rabri,dessert,veg,88,Thickened sweet milk,dessert|veg|Street Food,0.273
I04810,R0484,Lassi,beverage,veg,66,Yogurt drink,beverage|veg|Street Food,0.324
I04811,R0484,Masala Chai,beverage,veg,33,Spiced tea,beverage|veg|Street Food,0.116
I04812,R0485,Paneer Tikka,main,veg,308,Grilled cottage cheese,main|veg|North Indian|popular,0.0
I04813,R0485,Butter Chicken,main,non-veg,352,Creamy tomato-based chicken curry,main|non-veg|North Indian|popular,0.0
I04814,R0485,Rogan Josh,main,non-veg,418,Kashmiri lamb curry,main|non-veg|North Indian|popular,0.0
I04815,R0485,Dal Makhani,main,veg,242,Creamy black lentils,main|veg|North Indian|popular,0.0
I04816,R0485,Jeera Rice,side,veg,132,Cumin flavored rice,side|veg|North Indian,0.247
I04817,R0485,Tandoori Roti,side,veg,27,Whole wheat flatbread,side|veg|North Indian,0.351
I04818,R0485,Garlic Naan,side,veg,66,Garlic flavored naan,side|veg|North Indian,0.172
I04819,R0485,Butter Naan,side,veg,55,Buttery flatbread,side|veg|North Indian,0.18
I04820,R0485,Gulab Jamun,dessert,veg,66,Sweet milk dumplings,dessert|veg|North Indian,0.396
I04821,R0485,Rasmalai,dessert,veg,88,Soft cheese patties in milk,dessert|veg|North Indian,0.349
I04822,R0485,Buttermilk,beverage,veg,44,Spiced yogurt drink,beverage|veg|North Indian,0.23
I04823,R0485,Lassi,beverage,veg,77,Sweet yogurt drink,beverage|veg|North Indian,0.281
I04824,R0486,Grilled Chicken,main,non-veg,352,Herb grilled chicken,main|non-veg|Continental|popular,0.0
I04825,R0486,Veg Steak,main,veg,308,Grilled vegetable steak,main|veg|Continental|popular,0.0
I04826,R0486,Pasta Arrabbiata,main,veg,264,Spicy tomato pasta,main|veg|Continental|popular,0.0
I04827,R0486,Fish and Chips,main,non-veg,385,Classic fish and chips,main|non-veg|Continental|popular,0.0
I04828,R0486,Mashed Potatoes,side,veg,110,Creamy mashed potatoes,side|veg|Continental,0.123
I04829,R0486,Garlic Bread,side,veg,99,Garlic bread,side|veg|Continental,0.343
I04830,R0486,Caesar Salad,side,veg,154,Classic Caesar salad,side|veg|Continental,0.311
I04831,R0486,Panna Cotta,dessert,veg,176,Italian custard,dessert|veg|Continental,0.176
I04832,R0486,Tiramisu,dessert,veg,198,Classic Italian dessert,dessert|veg|Continental,0.101
I04833,R0486,Iced Tea,beverage,veg,88,Refreshing iced tea,beverage|veg|Continental,0.106
I04834,R0486,Lemonade,beverage,veg,77,Fresh lemonade,beverage|veg|Continental,0.374
I04835,R0487,Cold Coffee,main,veg,162,Iced coffee,main|veg|Beverages|popular,0.0
I04836,R0487,Mojito,main,veg,137,Refreshing mint drink,main|veg|Beverages|popular,0.0
I04837,R0487,Smoothie,main,veg,187,Fruit smoothie,main|veg|Beverages|popular,0.0
I04838,R0487,Whipped Cream,side,veg,31,Extra whipped cream,side|veg|Beverages,0.293
I04839,R0487,Extra Shot,side,veg,37,Extra coffee shot,side|veg|Beverages,0.321
I04840,R0487,Muffin,dessert,veg,75,Fresh muffin,dessert|veg|Beverages,0.269
I04841,R0487,Cookie,dessert,veg,62,Fresh baked cookie,dessert|veg|Beverages,0.198
I04842,R0487,Water Bottle,beverage,veg,25,Mineral water,beverage|veg|Beverages,0.28
I04843,R0487,Soft Drink,beverage,veg,62,Refreshing beverage,beverage|veg|Beverages,0.245
I04844,R0488,Chicken Wrap,main,non-veg,225,Chicken stuffed wrap,main|non-veg|Fast Food|popular,0.0
I04845,R0488,Sandwich,main,veg,125,Grilled sandwich,main|veg|Fast Food|popular,0.0
I04846,R0488,Veg Wrap,main,veg,162,Vegetable stuffed wrap,main|veg|Fast Food|popular,0.0
I04847,R0488,Onion Rings,side,veg,112,Crispy onion rings,side|veg|Fast Food,0.319
I04848,R0488,Fries,side,veg,100,Crispy fries,side|veg|Fast Food,0.217
I04849,R0488,Ice Cream,dessert,veg,75,Vanilla ice cream,dessert|veg|Fast Food,0.384
I04850,R0488,Brownie,dessert,veg,125,Chocolate brownie,dessert|veg|Fast Food,0.322
I04851,R0488,Soft Drink,beverage,veg,62,Refreshing beverage,beverage|veg|Fast Food,0.123
I04852,R0488,Cold Coffee,beverage,veg,150,Iced coffee,beverage|veg|Fast Food,0.382
I04853,R0489,Grilled Chicken,main,non-veg,448,Herb grilled chicken,main|non-veg|Continental|popular,0.0
I04854,R0489,Veg Steak,main,veg,392,Grilled vegetable steak,main|veg|Continental|popular,0.0
I04855,R0489,Caesar Salad,side,veg,196,Classic Caesar salad,side|veg|Continental,0.359
I04856,R0489,Garlic Bread,side,veg,125,Garlic bread,side|veg|Continental,0.111
I04857,R0489,Panna Cotta,dessert,veg,224,Italian custard,dessert|veg|Continental,0.322
I04858,R0489,Tiramisu,dessert,veg,251,Classic Italian dessert,dessert|veg|Continental,0.254
I04859,R0489,Iced Tea,beverage,veg,112,Refreshing iced tea,beverage|veg|Continental,0.218
I04860,R0489,Lemonade,beverage,veg,98,Fresh lemonade,beverage|veg|Continental,0.34
I04861,R0490,Chicken Biryani,main,non-veg,308,Fragrant basmati rice with tender chicken pieces,main|non-veg|Biryani|popular,0.0
I04862,R0490,Egg Biryani,main,non-veg,242,Rice with boiled eggs and spices,main|non-veg|Biryani|popular,0.0
I04863,R0490,Veg Biryani,main,veg,220,Flavorful rice with mixed vegetables,main|veg|Biryani|popular,0.0
I04864,R0490,Mutton Biryani,main,non-veg,385,Aromatic rice with succulent mutton,main|non-veg|Biryani|popular,0.0
I04865,R0490,Salan,side,veg,66,Spicy curry accompaniment,side|veg|Biryani,0.363
I04866,R0490,Double Ka Meetha,side,veg,88,Sweet bread pudding,side|veg|Biryani,0.145
I04867,R0490,Raita,side,veg,44,Cooling yogurt with cucumber and spices,side|veg|Biryani,0.348
I04868,R0490,Gulab Jamun,dessert,veg,66,Soft milk dumplings in sugar syrup,dessert|veg|Biryani,0.172
I04869,R0490,Khubani Ka Meetha,dessert,veg,99,Apricot dessert,dessert|veg|Biryani,0.124
I04870,R0490,Lassi,beverage,veg,77,Thick yogurt drink,beverage|veg|Biryani,0.246
I04871,R0490,Soft Drink,beverage,veg,55,Refreshing carbonated beverage,beverage|veg|Biryani,0.141
I04872,R0491,Chicken Biryani,main,non-veg,308,Fragrant basmati rice with tender chicken pieces,main|non-veg|Biryani|popular,0.0
I04873,R0491,Veg Biryani,main,veg,220,Flavorful rice with mixed vegetables,main|veg|Biryani|popular,0.0
I04874,R0491,Egg Biryani,main,non-veg,242,Rice with boiled eggs and spices,main|non-veg|Biryani|popular,0.0
I04875,R0491,Mutton Biryani,main,non-veg,385,Aromatic rice with succulent mutton,main|non-veg|Biryani|popular,0.0
I04876,R0491,Salan,side,veg,66,Spicy curry accompaniment,side|veg|Biryani,0.152
I04877,R0491,Raita,side,veg,44,Cooling yogurt with cucumber and spices,side|veg|Biryani,0.238
I04878,R0491,Double Ka Meetha,side,veg,88,Sweet bread pudding,side|veg|Biryani,0.135
I04879,R0491,Khubani Ka Meetha,dessert,veg,99,Apricot dessert,dessert|veg|Biryani,0.157
I04880,R0491,Gulab Jamun,dessert,veg,66,Soft milk dumplings in sugar syrup,dessert|veg|Biryani,0.337
I04881,R0491,Lassi,beverage,veg,77,Thick yogurt drink,beverage|veg|Biryani,0.157
I04882,R0491,Soft Drink,beverage,veg,55,Refreshing carbonated beverage,beverage|veg|Biryani,0.16
I04883,R0492,Frankie,main,veg,150,Stuffed roll,main|veg|Italian|popular,0.0
I04884,R0492,Veg Wrap,main,veg,162,Vegetable stuffed wrap,main|veg|Italian|popular,0.0
I04885,R0492,Chicken Wrap,main,non-veg,225,Chicken stuffed wrap,main|non-veg|Italian|popular,0.0
I04886,R0492,Onion Rings,side,veg,112,Crispy onion rings,side|veg|Italian,0.372
I04887,R0492,Fries,side,veg,100,Crispy fries,side|veg|Italian,0.13
I04888,R0492,Brownie,dessert,veg,125,Chocolate brownie,dessert|veg|Italian,0.104
I04889,R0492,Ice Cream,dessert,veg,75,Vanilla ice cream,dessert|veg|Italian,0.176
I04890,R0492,Soft Drink,beverage,veg,62,Refreshing beverage,beverage|veg|Italian,0.278
I04891,R0492,Cold Coffee,beverage,veg,150,Iced coffee,beverage|veg|Italian,0.369
I04892,R0493,Waffle,main,veg,225,Belgian waffle with toppings,main|veg|Desserts|popular,0.0
I04893,R0493,Ice Cream Sundae,main,veg,187,Loaded ice cream sundae,main|veg|Desserts|popular,0.0
I04894,R0493,Pancake,main,veg,200,Fluffy pancakes,main|veg|Desserts|popular,0.0
I04895,R0493,Syrup Shot,side,veg,37,Extra syrup,side|veg|Desserts,0.285
I04896,R0493,Extra Toppings,side,veg,50,Additional toppings,side|veg|Desserts,0.285
I04897,R0493,Chocolate Cake,dessert,veg,150,Rich chocolate cake,dessert|veg|Desserts,0.115
I04898,R0493,Cheesecake,dessert,veg,225,Creamy cheesecake,dessert|veg|Desserts,0.358
I04899,R0493,Milkshake,beverage,veg,162,Thick milkshake,beverage|veg|Desserts,0.299
I04900,R0493,Hot Chocolate,beverage,veg,125,Rich hot chocolate,beverage|veg|Desserts,0.354
I04901,R0494,Manchurian,main,veg,220,Vegetable balls in gravy,main|veg|Chinese|popular,0.0
I04902,R0494,Fried Rice,main,veg,198,Stir-fried rice with vegetables,main|veg|Chinese|popular,0.0
I04903,R0494,Chilli Chicken,main,non-veg,286,Spicy chicken preparation,main|non-veg|Chinese|popular,0.0
I04904,R0494,Hakka Noodles,main,veg,187,Stir-fried noodles,main|veg|Chinese|popular,0.0
I04905,R0494,Momos,side,veg,132,Steamed dumplings,side|veg|Chinese,0.282
I04906,R0494,Chilli Potato,side,veg,121,Spicy potato fingers,side|veg|Chinese,0.39
I04907,R0494,Spring Roll,side,veg,99,Crispy vegetable rolls,side|veg|Chinese,0.282
I04908,R0494,Date Pancake,dessert,veg,110,Sweet pancake with dates,dessert|veg|Chinese,0.301
I04909,R0494,Honey Noodles,dessert,veg,88,Crispy noodles with honey,dessert|veg|Chinese,0.155
I04910,R0494,Soft Drink,beverage,veg,55,Refreshing beverage,beverage|veg|Chinese,0.275
I04911,R0494,Green Tea,beverage,veg,44,Hot green tea,beverage|veg|Chinese,0.236
I04912,R0495,Ice Cream Sundae,main,veg,187,Loaded ice cream sundae,main|veg|Desserts|popular,0.0
I04913,R0495,Pancake,main,veg,200,Fluffy pancakes,main|veg|Desserts|popular,0.0
I04914,R0495,Waffle,main,veg,225,Belgian waffle with toppings,main|veg|Desserts|popular,0.0
I04915,R0495,Extra Toppings,side,veg,50,Additional toppings,side|veg|Desserts,0.275
I04916,R0495,Syrup Shot,side,veg,37,Extra syrup,side|veg|Desserts,0.126
I04917,R0495,Cheesecake,dessert,veg,225,Creamy cheesecake,dessert|veg|Desserts,0.131
I04918,R0495,Chocolate Cake,dessert,veg,150,Rich chocolate cake,dessert|veg|Desserts,0.366
I04919,R0495,Hot Chocolate,beverage,veg,125,Rich hot chocolate,beverage|veg|Desserts,0.297
I04920,R0495,Milkshake,beverage,veg,162,Thick milkshake,beverage|veg|Desserts,0.115
I04921,R0496,Masala Dosa,main,veg,132,Crispy crepe with potato filling,main|veg|South Indian|popular,0.0
I04922,R0496,Idli Sambar,main,veg,88,Steamed rice cakes with lentil curry,main|veg|South Indian|popular,0.0
I04923,R0496,Vada,main,veg,77,Crispy fried lentil donuts,main|veg|South Indian|popular,0.0
I04924,R0496,Chicken Chettinad,main,non-veg,308,Spicy Chettinad chicken,main|non-veg|South Indian|popular,0.0
I04925,R0496,Tomato Chutney,side,veg,33,Tangy tomato chutney,side|veg|South Indian,0.361
I04926,R0496,Coconut Chutney,side,veg,33,Fresh coconut chutney,side|veg|South Indian,0.222
I04927,R0496,Sambar,side,veg,44,Lentil and vegetable curry,side|veg|South Indian,0.273
I04928,R0496,Kesari,dessert,veg,55,Semolina sweet,dessert|veg|South Indian,0.151
I04929,R0496,Payasam,dessert,veg,66,Sweet milk pudding,dessert|veg|South Indian,0.142
I04930,R0496,Filter Coffee,beverage,veg,44,South Indian filter coffee,beverage|veg|South Indian,0.168
I04931,R0496,Buttermilk,beverage,veg,38,Spiced yogurt drink,beverage|veg|South Indian,0.151
I04932,R0497,Ice Cream Sundae,main,veg,165,Loaded ice cream sundae,main|veg|Desserts|popular,0.0
I04933,R0497,Waffle,main,veg,198,Belgian waffle with toppings,main|veg|Desserts|popular,0.0
I04934,R0497,Pancake,main,veg,176,Fluffy pancakes,main|veg|Desserts|popular,0.0
I04935,R0497,Syrup Shot,side,veg,33,Extra syrup,side|veg|Desserts,0.118
I04936,R0497,Extra Toppings,side,veg,44,Additional toppings,side|veg|Desserts,0.33
I04937,R0497,Cheesecake,dessert,veg,198,Creamy cheesecake,dessert|veg|Desserts,0.275
I04938,R0497,Chocolate Cake,dessert,veg,132,Rich chocolate cake,dessert|veg|Desserts,0.35
I04939,R0497,Hot Chocolate,beverage,veg,110,Rich hot chocolate,beverage|veg|Desserts,0.104
I04940,R0497,Milkshake,beverage,veg,143,Thick milkshake,beverage|veg|Desserts,0.258
I04941,R0498,Manchurian,main,veg,250,Vegetable balls in gravy,main|veg|Chinese|popular,0.0
I04942,R0498,Chilli Chicken,main,non-veg,325,Spicy chicken preparation,main|non-veg|Chinese|popular,0.0
I04943,R0498,Hakka Noodles,main,veg,212,Stir-fried noodles,main|veg|Chinese|popular,0.0
I04944,R0498,Chilli Potato,side,veg,137,Spicy potato fingers,side|veg|Chinese,0.285
I04945,R0498,Spring Roll,side,veg,112,Crispy vegetable rolls,side|veg|Chinese,0.137
I04946,R0498,Momos,side,veg,150,Steamed dumplings,side|veg|Chinese,0.385
I04947,R0498,Honey Noodles,dessert,veg,100,Crispy noodles with honey,dessert|veg|Chinese,0.345
I04948,R0498,Date Pancake,dessert,veg,125,Sweet pancake with dates,dessert|veg|Chinese,0.322
I04949,R0498,Soft Drink,beverage,veg,62,Refreshing beverage,beverage|veg|Chinese,0.213
I04950,R0498,Green Tea,beverage,veg,50,Hot green tea,beverage|veg|Chinese,0.116
I04951,R0499,Veg Wrap,main,veg,143,Vegetable stuffed wrap,main|veg|Italian|popular,0.0
I04952,R0499,Sandwich,main,veg,110,Grilled sandwich,main|veg|Italian|popular,0.0
I04953,R0499,Frankie,main,veg,132,Stuffed roll,main|veg|Italian|popular,0.0
I04954,R0499,Chicken Wrap,main,non-veg,198,Chicken stuffed wrap,main|non-veg|Italian|popular,0.0
I04955,R0499,Fries,side,veg,88,Crispy fries,side|veg|Italian,0.132
I04956,R0499,Onion Rings,side,veg,99,Crispy onion rings,side|veg|Italian,0.17
I04957,R0499,Brownie,dessert,veg,110,Chocolate brownie,dessert|veg|Italian,0.181
I04958,R0499,Ice Cream,dessert,veg,66,Vanilla ice cream,dessert|veg|Italian,0.28
I04959,R0499,Soft Drink,beverage,veg,55,Refreshing beverage,beverage|veg|Italian,0.159
I04960,R0499,Cold Coffee,beverage,veg,132,Iced coffee,beverage|veg|Italian,0.291
I04961,R0500,Chicken Chettinad,main,non-veg,308,Spicy Chettinad chicken,main|non-veg|South Indian|popular,0.0
I04962,R0500,Vada,main,veg,77,Crispy fried lentil donuts,main|veg|South Indian|popular,0.0
I04963,R0500,Masala Dosa,main,veg,132,Crispy crepe with potato filling,main|veg|South Indian|popular,0.0
I04964,R0500,Idli Sambar,main,veg,88,Steamed rice cakes with lentil curry,main|veg|South Indian|popular,0.0
I04965,R0500,Coconut Chutney,side,veg,33,Fresh coconut chutney,side|veg|South Indian,0.234
I04966,R0500,Sambar,side,veg,44,Lentil and vegetable curry,side|veg|South Indian,0.301
I04967,R0500,Tomato Chutney,side,veg,33,Tangy tomato chutney,side|veg|South Indian,0.272
I04968,R0500,Kesari,dessert,veg,55,Semolina sweet,dessert|veg|South Indian,0.192
I04969,R0500,Payasam,dessert,veg,66,Sweet milk pudding,dessert|veg|South Indian,0.21
I04970,R0500,Buttermilk,beverage,veg,38,Spiced yogurt drink,beverage|veg|South Indian,0.232
I04971,R0500,Filter Coffee,beverage,veg,44,South Indian filter coffee,beverage|veg|South Indian,0.246
I04972,R0501,Pani Puri,main,veg,84,Crispy puris with flavored water,main|veg|Street Food|popular,0.0
I04973,R0501,Samosa,main,veg,42,Crispy pastry with filling,main|veg|Street Food|popular,0.0
I04974,R0501,Papad,side,veg,28,Crispy papad,side|veg|Street Food,0.375
I04975,R0501,Extra Pav,side,veg,21,Extra bread,side|veg|Street Food,0.197
I04976,R0501,Jalebi,dessert,veg,70,Sweet fried spirals,dessert|veg|Street Food,0.375
I04977,R0501,Rabri,dessert,veg,112,Thickened sweet milk,dessert|veg|Street Food,0.266
I04978,R0501,Masala Chai,beverage,veg,42,Spiced tea,beverage|veg|Street Food,0.334
I04979,R0501,Lassi,beverage,veg,84,Yogurt drink,beverage|veg|Street Food,0.108
I04980,R0502,Paneer Tikka,main,veg,392,Grilled cottage cheese,main|veg|North Indian|popular,0.0
I04981,R0502,Dal Makhani,main,veg,308,Creamy black lentils,main|veg|North Indian|popular,0.0
I04982,R0502,Garlic Naan,side,veg,84,Garlic flavored naan,side|veg|North Indian,0.398
I04983,R0502,Jeera Rice,side,veg,168,Cumin flavored rice,side|veg|North Indian,0.117
I04984,R0502,Gulab Jamun,dessert,veg,84,Sweet milk dumplings,dessert|veg|North Indian,0.248
I04985,R0502,Rasmalai,dessert,veg,112,Soft cheese patties in milk,dessert|veg|North Indian,0.277
I04986,R0502,Lassi,beverage,veg,98,Sweet yogurt drink,beverage|veg|North Indian,0.255
I04987,R0502,Buttermilk,beverage,veg,56,Spiced yogurt drink,beverage|veg|North Indian,0.321
I04988,R0503,Ice Cream Sundae,main,veg,165,Loaded ice cream sundae,main|veg|Desserts|popular,0.0
I04989,R0503,Waffle,main,veg,198,Belgian waffle with toppings,main|veg|Desserts|popular,0.0
I04990,R0503,Pancake,main,veg,176,Fluffy pancakes,main|veg|Desserts|popular,0.0
I04991,R0503,Syrup Shot,side,veg,33,Extra syrup,side|veg|Desserts,0.331
I04992,R0503,Extra Toppings,side,veg,44,Additional toppings,side|veg|Desserts,0.13
I04993,R0503,Chocolate Cake,dessert,veg,132,Rich chocolate cake,dessert|veg|Desserts,0.323
I04994,R0503,Cheesecake,dessert,veg,198,Creamy cheesecake,dessert|veg|Desserts,0.234
I04995,R0503,Hot Chocolate,beverage,veg,110,Rich hot chocolate,beverage|veg|Desserts,0.223
I04996,R0503,Milkshake,beverage,veg,143,Thick milkshake,beverage|veg|Desserts,0.304
I04997,R0504,Chicken Chettinad,main,non-veg,392,Spicy Chettinad chicken,main|non-veg|South Indian|popular,0.0
I04998,R0504,Masala Dosa,main,veg,168,Crispy crepe with potato filling,main|veg|South Indian|popular,0.0
I04999,R0504,Sambar,side,veg,56,Lentil and vegetable curry,side|veg|South Indian,0.164
I05000,R0504,Tomato Chutney,side,veg,42,Tangy tomato chutney,side|veg|South Indian,0.372
I05001,R0504,Payasam,dessert,veg,84,Sweet milk pudding,dessert|veg|South Indian,0.272
I05002,R0504,Kesari,dessert,veg,70,Semolina sweet,dessert|veg|South Indian,0.396
I05003,R0504,Buttermilk,beverage,veg,49,Spiced yogurt drink,beverage|veg|South Indian,0.4
I05004,R0504,Filter Coffee,beverage,veg,56,South Indian filter coffee,beverage|veg|South Indian,0.397
I05005,R0505,Sandwich,main,veg,125,Grilled sandwich,main|veg|Fast Food|popular,0.0
I05006,R0505,Chicken Wrap,main,non-veg,225,Chicken stuffed wrap,main|non-veg|Fast Food|popular,0.0
I05007,R0505,Veg Wrap,main,veg,162,Vegetable stuffed wrap,main|veg|Fast Food|popular,0.0
I05008,R0505,Fries,side,veg,100,Crispy fries,side|veg|Fast Food,0.247
I05009,R0505,Onion Rings,side,veg,112,Crispy onion rings,side|veg|Fast Food,0.318
I05010,R0505,Ice Cream,dessert,veg,75,Vanilla ice cream,dessert|veg|Fast Food,0.306
I05011,R0505,Brownie,dessert,veg,125,Chocolate brownie,dessert|veg|Fast Food,0.169
I05012,R0505,Cold Coffee,beverage,veg,150,Iced coffee,beverage|veg|Fast Food,0.392
I05013,R0505,Soft Drink,beverage,veg,62,Refreshing beverage,beverage|veg|Fast Food,0.103
I05014,R0506,Chicken Wrap,main,non-veg,171,Chicken stuffed wrap,main|non-veg|Italian|popular,0.0
I05015,R0506,Frankie,main,veg,114,Stuffed roll,main|veg|Italian|popular,0.0
I05016,R0506,Veg Wrap,main,veg,123,Vegetable stuffed wrap,main|veg|Italian|popular,0.0
I05017,R0506,Sandwich,main,veg,95,Grilled sandwich,main|veg|Italian|popular,0.0
I05018,R0506,Onion Rings,side,veg,85,Crispy onion rings,side|veg|Italian,0.343
I05019,R0506,Fries,side,veg,76,Crispy fries,side|veg|Italian,0.274
I05020,R0506,Ice Cream,dessert,veg,57,Vanilla ice cream,dessert|veg|Italian,0.186
I05021,R0506,Brownie,dessert,veg,95,Chocolate brownie,dessert|veg|Italian,0.376
I05022,R0506,Soft Drink,beverage,veg,47,Refreshing beverage,beverage|veg|Italian,0.243
I05023,R0506,Cold Coffee,beverage,veg,114,Iced coffee,beverage|veg|Italian,0.342
I05024,R0507,Egg Biryani,main,non-veg,209,Rice with boiled eggs and spices,main|non-veg|Biryani|popular,0.0
I05025,R0507,Chicken Biryani,main,non-veg,266,Fragrant basmati rice with tender chicken pieces,main|non-veg|Biryani|popular,0.0
I05026,R0507,Mutton Biryani,main,non-veg,332,Aromatic rice with succulent mutton,main|non-veg|Biryani|popular,0.0
I05027,R0507,Veg Biryani,main,veg,190,Flavorful rice with mixed vegetables,main|veg|Biryani|popular,0.0
I05028,R0507,Double Ka Meetha,side,veg,76,Sweet bread pudding,side|veg|Biryani,0.19
I05029,R0507,Salan,side,veg,57,Spicy curry accompaniment,side|veg|Biryani,0.268
I05030,R0507,Raita,side,veg,38,Cooling yogurt with cucumber and spices,side|veg|Biryani,0.38
I05031,R0507,Gulab Jamun,dessert,veg,57,Soft milk dumplings in sugar syrup,dessert|veg|Biryani,0.208
I05032,R0507,Khubani Ka Meetha,dessert,veg,85,Apricot dessert,dessert|veg|Biryani,0.337
I05033,R0507,Lassi,beverage,veg,66,Thick yogurt drink,beverage|veg|Biryani,0.33
I05034,R0507,Soft Drink,beverage,veg,47,Refreshing carbonated beverage,beverage|veg|Biryani,0.384
I05035,R0508,Ice Cream Sundae,main,veg,187,Loaded ice cream sundae,main|veg|Desserts|popular,0.0
I05036,R0508,Pancake,main,veg,200,Fluffy pancakes,main|veg|Desserts|popular,0.0
I05037,R0508,Waffle,main,veg,225,Belgian waffle with toppings,main|veg|Desserts|popular,0.0
I05038,R0508,Extra Toppings,side,veg,50,Additional toppings,side|veg|Desserts,0.342
I05039,R0508,Syrup Shot,side,veg,37,Extra syrup,side|veg|Desserts,0.382
I05040,R0508,Chocolate Cake,dessert,veg,150,Rich chocolate cake,dessert|veg|Desserts,0.107
I05041,R0508,Cheesecake,dessert,veg,225,Creamy cheesecake,dessert|veg|Desserts,0.235
I05042,R0508,Hot Chocolate,beverage,veg,125,Rich hot chocolate,beverage|veg|Desserts,0.286
I05043,R0508,Milkshake,beverage,veg,162,Thick milkshake,beverage|veg|Desserts,0.243
I05044,R0509,Veg Wrap,main,veg,123,Vegetable stuffed wrap,main|veg|Italian|popular,0.0
I05045,R0509,Frankie,main,veg,114,Stuffed roll,main|veg|Italian|popular,0.0
I05046,R0509,Chicken Wrap,main,non-veg,171,Chicken stuffed wrap,main|non-veg|Italian|popular,0.0
I05047,R0509,Sandwich,main,veg,95,Grilled sandwich,main|veg|Italian|popular,0.0
I05048,R0509,Fries,side,veg,76,Crispy fries,side|veg|Italian,0.271
I05049,R0509,Onion Rings,side,veg,85,Crispy onion rings,side|veg|Italian,0.326
I05050,R0509,Brownie,dessert,veg,95,Chocolate brownie,dessert|veg|Italian,0.183
I05051,R0509,Ice Cream,dessert,veg,57,Vanilla ice cream,dessert|veg|Italian,0.231
I05052,R0509,Cold Coffee,beverage,veg,114,Iced coffee,beverage|veg|Italian,0.347
I05053,R0509,Soft Drink,beverage,veg,47,Refreshing beverage,beverage|veg|Italian,0.234
I05054,R0510,Sandwich,main,veg,110,Grilled sandwich,main|veg|Italian|popular,0.0
I05055,R0510,Veg Wrap,main,veg,143,Vegetable stuffed wrap,main|veg|Italian|popular,0.0
I05056,R0510,Frankie,main,veg,132,Stuffed roll,main|veg|Italian|popular,0.0
I05057,R0510,Chicken Wrap,main,non-veg,198,Chicken stuffed wrap,main|non-veg|Italian|popular,0.0
I05058,R0510,Onion Rings,side,veg,99,Crispy onion rings,side|veg|Italian,0.378
I05059,R0510,Fries,side,veg,88,Crispy fries,side|veg|Italian,0.291
I05060,R0510,Ice Cream,dessert,veg,66,Vanilla ice cream,dessert|veg|Italian,0.377
I05061,R0510,Brownie,dessert,veg,110,Chocolate brownie,dessert|veg|Italian,0.3
I05062,R0510,Cold Coffee,beverage,veg,132,Iced coffee,beverage|veg|Italian,0.339
I05063,R0510,Soft Drink,beverage,veg,55,Refreshing beverage,beverage|veg|Italian,0.184
I05064,R0511,Pasta Arrabbiata,main,veg,336,Spicy tomato pasta,main|veg|Continental|popular,0.0
I05065,R0511,Grilled Chicken,main,non-veg,448,Herb grilled chicken,main|non-veg|Continental|popular,0.0
I05066,R0511,Mashed Potatoes,side,veg,140,Creamy mashed potatoes,side|veg|Continental,0.294
I05067,R0511,Garlic Bread,side,veg,125,Garlic bread,side|veg|Continental,0.34
I05068,R0511,Tiramisu,dessert,veg,251,Classic Italian dessert,dessert|veg|Continental,0.377
I05069,R0511,Panna Cotta,dessert,veg,224,Italian custard,dessert|veg|Continental,0.107
I05070,R0511,Iced Tea,beverage,veg,112,Refreshing iced tea,beverage|veg|Continental,0.359
I05071,R0511,Lemonade,beverage,veg,98,Fresh lemonade,beverage|veg|Continental,0.124
I05072,R0512,Fried Rice,main,veg,198,Stir-fried rice with vegetables,main|veg|Chinese|popular,0.0
I05073,R0512,Hakka Noodles,main,veg,187,Stir-fried noodles,main|veg|Chinese|popular,0.0
I05074,R0512,Chilli Chicken,main,non-veg,286,Spicy chicken preparation,main|non-veg|Chinese|popular,0.0
I05075,R0512,Manchurian,main,veg,220,Vegetable balls in gravy,main|veg|Chinese|popular,0.0
I05076,R0512,Chilli Potato,side,veg,121,Spicy potato fingers,side|veg|Chinese,0.271
I05077,R0512,Momos,side,veg,132,Steamed dumplings,side|veg|Chinese,0.353
I05078,R0512,Spring Roll,side,veg,99,Crispy vegetable rolls,side|veg|Chinese,0.335
I05079,R0512,Date Pancake,dessert,veg,110,Sweet pancake with dates,dessert|veg|Chinese,0.208
I05080,R0512,Honey Noodles,dessert,veg,88,Crispy noodles with honey,dessert|veg|Chinese,0.256
I05081,R0512,Soft Drink,beverage,veg,55,Refreshing beverage,beverage|veg|Chinese,0.104
I05082,R0512,Green Tea,beverage,veg,44,Hot green tea,beverage|veg|Chinese,0.367
I05083,R0513,Fried Rice,main,veg,198,Stir-fried rice with vegetables,main|veg|Chinese|popular,0.0
I05084,R0513,Chilli Chicken,main,non-veg,286,Spicy chicken preparation,main|non-veg|Chinese|popular,0.0
I05085,R0513,Hakka Noodles,main,veg,187,Stir-fried noodles,main|veg|Chinese|popular,0.0
I05086,R0513,Manchurian,main,veg,220,Vegetable balls in gravy,main|veg|Chinese|popular,0.0
I05087,R0513,Momos,side,veg,132,Steamed dumplings,side|veg|Chinese,0.287
I05088,R0513,Chilli Potato,side,veg,121,Spicy potato fingers,side|veg|Chinese,0.216
I05089,R0513,Spring Roll,side,veg,99,Crispy vegetable rolls,side|veg|Chinese,0.338
I05090,R0513,Date Pancake,dessert,veg,110,Sweet pancake with dates,dessert|veg|Chinese,0.205
I05091,R0513,Honey Noodles,dessert,veg,88,Crispy noodles with honey,dessert|veg|Chinese,0.208
I05092,R0513,Soft Drink,beverage,veg,55,Refreshing beverage,beverage|veg|Chinese,0.398
I05093,R0513,Green Tea,beverage,veg,44,Hot green tea,beverage|veg|Chinese,0.265
I05094,R0514,Pav Bhaji,main,veg,150,Mashed vegetable curry with bread,main|veg|Street Food|popular,0.0
I05095,R0514,Samosa,main,veg,37,Crispy pastry with filling,main|veg|Street Food|popular,0.0
I05096,R0514,Chole Bhature,main,veg,162,Chickpea curry with fried bread,main|veg|Street Food|popular,0.0
I05097,R0514,Papad,side,veg,25,Crispy papad,side|veg|Street Food,0.195
I05098,R0514,Extra Pav,side,veg,18,Extra bread,side|veg|Street Food,0.227
I05099,R0514,Jalebi,dessert,veg,62,Sweet fried spirals,dessert|veg|Street Food,0.259
I05100,R0514,Rabri,dessert,veg,100,Thickened sweet milk,dessert|veg|Street Food,0.309
I05101,R0514,Lassi,beverage,veg,75,Yogurt drink,beverage|veg|Street Food,0.127
I05102,R0514,Masala Chai,beverage,veg,37,Spiced tea,beverage|veg|Street Food,0.252
I05103,R0515,Paneer Tikka,main,veg,308,Grilled cottage cheese,main|veg|North Indian|popular,0.0
I05104,R0515,Dal Makhani,main,veg,242,Creamy black lentils,main|veg|North Indian|popular,0.0
I05105,R0515,Butter Chicken,main,non-veg,352,Creamy tomato-based chicken curry,main|non-veg|North Indian|popular,0.0
I05106,R0515,Rogan Josh,main,non-veg,418,Kashmiri lamb curry,main|non-veg|North Indian|popular,0.0
I05107,R0515,Jeera Rice,side,veg,132,Cumin flavored rice,side|veg|North Indian,0.267
I05108,R0515,Butter Naan,side,veg,55,Buttery flatbread,side|veg|North Indian,0.135
I05109,R0515,Garlic Naan,side,veg,66,Garlic flavored naan,side|veg|North Indian,0.27
I05110,R0515,Tandoori Roti,side,veg,27,Whole wheat flatbread,side|veg|North Indian,0.28
I05111,R0515,Rasmalai,dessert,veg,88,Soft cheese patties in milk,dessert|veg|North Indian,0.133
I05112,R0515,Gulab Jamun,dessert,veg,66,Sweet milk dumplings,dessert|veg|North Indian,0.382
I05113,R0515,Buttermilk,beverage,veg,44,Spiced yogurt drink,beverage|veg|North Indian,0.333
I05114,R0515,Lassi,beverage,veg,77,Sweet yogurt drink,beverage|veg|North Indian,0.177
I05115,R0516,Pancake,main,veg,176,Fluffy pancakes,main|veg|Desserts|popular,0.0
I05116,R0516,Waffle,main,veg,198,Belgian waffle with toppings,main|veg|Desserts|popular,0.0
I05117,R0516,Ice Cream Sundae,main,veg,165,Loaded ice cream sundae,main|veg|Desserts|popular,0.0
I05118,R0516,Syrup Shot,side,veg,33,Extra syrup,side|veg|Desserts,0.357
I05119,R0516,Extra Toppings,side,veg,44,Additional toppings,side|veg|Desserts,0.391
I05120,R0516,Cheesecake,dessert,veg,198,Creamy cheesecake,dessert|veg|Desserts,0.346
I05121,R0516,Chocolate Cake,dessert,veg,132,Rich chocolate cake,dessert|veg|Desserts,0.35
I05122,R0516,Hot Chocolate,beverage,veg,110,Rich hot chocolate,beverage|veg|Desserts,0.307
I05123,R0516,Milkshake,beverage,veg,143,Thick milkshake,beverage|veg|Desserts,0.368
I05124,R0517,Chicken Wrap,main,non-veg,198,Chicken stuffed wrap,main|non-veg|Fast Food|popular,0.0
I05125,R0517,Sandwich,main,veg,110,Grilled sandwich,main|veg|Fast Food|popular,0.0
I05126,R0517,Veg Wrap,main,veg,143,Vegetable stuffed wrap,main|veg|Fast Food|popular,0.0
I05127,R0517,Frankie,main,veg,132,Stuffed roll,main|veg|Fast Food|popular,0.0
I05128,R0517,Onion Rings,side,veg,99,Crispy onion rings,side|veg|Fast Food,0.242
I05129,R0517,Fries,side,veg,88,Crispy fries,side|veg|Fast Food,0.149
I05130,R0517,Brownie,dessert,veg,110,Chocolate brownie,dessert|veg|Fast Food,0.13
I05131,R0517,Ice Cream,dessert,veg,66,Vanilla ice cream,dessert|veg|Fast Food,0.253
I05132,R0517,Cold Coffee,beverage,veg,132,Iced coffee,beverage|veg|Fast Food,0.214
I05133,R0517,Soft Drink,beverage,veg,55,Refreshing beverage,beverage|veg|Fast Food,0.226
I05134,R0518,Sandwich,main,veg,110,Grilled sandwich,main|veg|Italian|popular,0.0
I05135,R0518,Frankie,main,veg,132,Stuffed roll,main|veg|Italian|popular,0.0
I05136,R0518,Veg Wrap,main,veg,143,Vegetable stuffed wrap,main|veg|Italian|popular,0.0
I05137,R0518,Chicken Wrap,main,non-veg,198,Chicken stuffed wrap,main|non-veg|Italian|popular,0.0
I05138,R0518,Onion Rings,side,veg,99,Crispy onion rings,side|veg|Italian,0.382
I05139,R0518,Fries,side,veg,88,Crispy fries,side|veg|Italian,0.263
I05140,R0518,Ice Cream,dessert,veg,66,Vanilla ice cream,dessert|veg|Italian,0.36
I05141,R0518,Brownie,dessert,veg,110,Chocolate brownie,dessert|veg|Italian,0.357
I05142,R0518,Soft Drink,beverage,veg,55,Refreshing beverage,beverage|veg|Italian,0.29
I05143,R0518,Cold Coffee,beverage,veg,132,Iced coffee,beverage|veg|Italian,0.182
I05144,R0519,Smoothie,main,veg,187,Fruit smoothie,main|veg|Beverages|popular,0.0
I05145,R0519,Mojito,main,veg,137,Refreshing mint drink,main|veg|Beverages|popular,0.0
I05146,R0519,Cold Coffee,main,veg,162,Iced coffee,main|veg|Beverages|popular,0.0
I05147,R0519,Extra Shot,side,veg,37,Extra coffee shot,side|veg|Beverages,0.324
I05148,R0519,Whipped Cream,side,veg,31,Extra whipped cream,side|veg|Beverages,0.197
I05149,R0519,Cookie,dessert,veg,62,Fresh baked cookie,dessert|veg|Beverages,0.375
I05150,R0519,Muffin,dessert,veg,75,Fresh muffin,dessert|veg|Beverages,0.19
I05151,R0519,Water Bottle,beverage,veg,25,Mineral water,beverage|veg|Beverages,0.367
I05152,R0519,Soft Drink,beverage,veg,62,Refreshing beverage,beverage|veg|Beverages,0.272
I05153,R0520,Veg Biryani,main,veg,220,Flavorful rice with mixed vegetables,main|veg|Biryani|popular,0.0
I05154,R0520,Mutton Biryani,main,non-veg,385,Aromatic rice with succulent mutton,main|non-veg|Biryani|popular,0.0
I05155,R0520,Egg Biryani,main,non-veg,242,Rice with boiled eggs and spices,main|non-veg|Biryani|popular,0.0
I05156,R0520,Chicken Biryani,main,non-veg,308,Fragrant basmati rice with tender chicken pieces,main|non-veg|Biryani|popular,0.0
I05157,R0520,Salan,side,veg,66,Spicy curry accompaniment,side|veg|Biryani,0.293
I05158,R0520,Raita,side,veg,44,Cooling yogurt with cucumber and spices,side|veg|Biryani,0.187
I05159,R0520,Double Ka Meetha,side,veg,88,Sweet bread pudding,side|veg|Biryani,0.322
I05160,R0520,Khubani Ka Meetha,dessert,veg,99,Apricot dessert,dessert|veg|Biryani,0.293
I05161,R0520,Gulab Jamun,dessert,veg,66,Soft milk dumplings in sugar syrup,dessert|veg|Biryani,0.243
I05162,R0520,Soft Drink,beverage,veg,55,Refreshing carbonated beverage,beverage|veg|Biryani,0.219
I05163,R0520,Lassi,beverage,veg,77,Thick yogurt drink,beverage|veg|Biryani,0.292
I05164,R0521,Mojito,main,veg,154,Refreshing mint drink,main|veg|Beverages|popular,0.0
I05165,R0521,Smoothie,main,veg,210,Fruit smoothie,main|veg|Beverages|popular,0.0
I05166,R0521,Whipped Cream,side,veg,35,Extra whipped cream,side|veg|Beverages,0.378
I05167,R0521,Extra Shot,side,veg,42,Extra coffee shot,side|veg|Beverages,0.236
I05168,R0521,Cookie,dessert,veg,70,Fresh baked cookie,dessert|veg|Beverages,0.174
I05169,R0521,Muffin,dessert,veg,84,Fresh muffin,dessert|veg|Beverages,0.357
I05170,R0521,Water Bottle,beverage,veg,28,Mineral water,beverage|veg|Beverages,0.269
I05171,R0521,Soft Drink,beverage,veg,70,Refreshing beverage,beverage|veg|Beverages,0.357
I05172,R0522,Mojito,main,veg,104,Refreshing mint drink,main|veg|Beverages|popular,0.0
I05173,R0522,Cold Coffee,main,veg,123,Iced coffee,main|veg|Beverages|popular,0.0
I05174,R0522,Smoothie,main,veg,142,Fruit smoothie,main|veg|Beverages|popular,0.0
I05175,R0522,Extra Shot,side,veg,28,Extra coffee shot,side|veg|Beverages,0.192
I05176,R0522,Whipped Cream,side,veg,23,Extra whipped cream,side|veg|Beverages,0.231
I05177,R0522,Muffin,dessert,veg,57,Fresh muffin,dessert|veg|Beverages,0.228
I05178,R0522,Cookie,dessert,veg,47,Fresh baked cookie,dessert|veg|Beverages,0.385
I05179,R0522,Soft Drink,beverage,veg,47,Refreshing beverage,beverage|veg|Beverages,0.276
I05180,R0522,Water Bottle,beverage,veg,19,Mineral water,beverage|veg|Beverages,0.28
I05181,R0523,Chole Bhature,main,veg,143,Chickpea curry with fried bread,main|veg|Street Food|popular,0.0
I05182,R0523,Pani Puri,main,veg,66,Crispy puris with flavored water,main|veg|Street Food|popular,0.0
I05183,R0523,Pav Bhaji,main,veg,132,Mashed vegetable curry with bread,main|veg|Street Food|popular,0.0
I05184,R0523,Samosa,main,veg,33,Crispy pastry with filling,main|veg|Street Food|popular,0.0
I05185,R0523,Extra Pav,side,veg,16,Extra bread,side|veg|Street Food,0.273
I05186,R0523,Papad,side,veg,22,Crispy papad,side|veg|Street Food,0.295
I05187,R0523,Jalebi,dessert,veg,55,Sweet fried spirals,dessert|veg|Street Food,0.234
I05188,R0523,Rabri,dessert,veg,88,Thickened sweet milk,dessert|veg|Street Food,0.359
I05189,R0523,Lassi,beverage,veg,66,Yogurt drink,beverage|veg|Street Food,0.259
I05190,R0523,Masala Chai,beverage,veg,33,Spiced tea,beverage|veg|Street Food,0.207
I05191,R0524,Frankie,main,veg,132,Stuffed roll,main|veg|Fast Food|popular,0.0
I05192,R0524,Chicken Wrap,main,non-veg,198,Chicken stuffed wrap,main|non-veg|Fast Food|popular,0.0
I05193,R0524,Veg Wrap,main,veg,143,Vegetable stuffed wrap,main|veg|Fast Food|popular,0.0
I05194,R0524,Sandwich,main,veg,110,Grilled sandwich,main|veg|Fast Food|popular,0.0
I05195,R0524,Onion Rings,side,veg,99,Crispy onion rings,side|veg|Fast Food,0.32
I05196,R0524,Fries,side,veg,88,Crispy fries,side|veg|Fast Food,0.164
I05197,R0524,Brownie,dessert,veg,110,Chocolate brownie,dessert|veg|Fast Food,0.114
I05198,R0524,Ice Cream,dessert,veg,66,Vanilla ice cream,dessert|veg|Fast Food,0.191
I05199,R0524,Cold Coffee,beverage,veg,132,Iced coffee,beverage|veg|Fast Food,0.243
I05200,R0524,Soft Drink,beverage,veg,55,Refreshing beverage,beverage|veg|Fast Food,0.244
I05201,R0525,Pani Puri,main,veg,57,Crispy puris with flavored water,main|veg|Street Food|popular,0.0
I05202,R0525,Pav Bhaji,main,veg,114,Mashed vegetable curry with bread,main|veg|Street Food|popular,0.0
I05203,R0525,Samosa,main,veg,28,Crispy pastry with filling,main|veg|Street Food|popular,0.0
I05204,R0525,Chole Bhature,main,veg,123,Chickpea curry with fried bread,main|veg|Street Food|popular,0.0
I05205,R0525,Papad,side,veg,19,Crispy papad,side|veg|Street Food,0.383
I05206,R0525,Extra Pav,side,veg,14,Extra bread,side|veg|Street Food,0.117
I05207,R0525,Rabri,dessert,veg,76,Thickened sweet milk,dessert|veg|Street Food,0.309
I05208,R0525,Jalebi,dessert,veg,47,Sweet fried spirals,dessert|veg|Street Food,0.208
I05209,R0525,Lassi,beverage,veg,57,Yogurt drink,beverage|veg|Street Food,0.285
I05210,R0525,Masala Chai,beverage,veg,28,Spiced tea,beverage|veg|Street Food,0.111
I05211,R0526,Manchurian,main,veg,190,Vegetable balls in gravy,main|veg|Chinese|popular,0.0
I05212,R0526,Hakka Noodles,main,veg,161,Stir-fried noodles,main|veg|Chinese|popular,0.0
I05213,R0526,Chilli Chicken,main,non-veg,247,Spicy chicken preparation,main|non-veg|Chinese|popular,0.0
I05214,R0526,Fried Rice,main,veg,171,Stir-fried rice with vegetables,main|veg|Chinese|popular,0.0
I05215,R0526,Momos,side,veg,114,Steamed dumplings,side|veg|Chinese,0.247
I05216,R0526,Chilli Potato,side,veg,104,Spicy potato fingers,side|veg|Chinese,0.385
I05217,R0526,Spring Roll,side,veg,85,Crispy vegetable rolls,side|veg|Chinese,0.18
I05218,R0526,Date Pancake,dessert,veg,95,Sweet pancake with dates,dessert|veg|Chinese,0.201
I05219,R0526,Honey Noodles,dessert,veg,76,Crispy noodles with honey,dessert|veg|Chinese,0.201
I05220,R0526,Green Tea,beverage,veg,38,Hot green tea,beverage|veg|Chinese,0.383
I05221,R0526,Soft Drink,beverage,veg,47,Refreshing beverage,beverage|veg|Chinese,0.382
I05222,R0527,Chilli Chicken,main,non-veg,325,Spicy chicken preparation,main|non-veg|Chinese|popular,0.0
I05223,R0527,Fried Rice,main,veg,225,Stir-fried rice with vegetables,main|veg|Chinese|popular,0.0
I05224,R0527,Manchurian,main,veg,250,Vegetable balls in gravy,main|veg|Chinese|popular,0.0
I05225,R0527,Momos,side,veg,150,Steamed dumplings,side|veg|Chinese,0.101
I05226,R0527,Chilli Potato,side,veg,137,Spicy potato fingers,side|veg|Chinese,0.371
I05227,R0527,Spring Roll,side,veg,112,Crispy vegetable rolls,side|veg|Chinese,0.2
I05228,R0527,Date Pancake,dessert,veg,125,Sweet pancake with dates,dessert|veg|Chinese,0.334
I05229,R0527,Honey Noodles,dessert,veg,100,Crispy noodles with honey,dessert|veg|Chinese,0.306
I05230,R0527,Soft Drink,beverage,veg,62,Refreshing beverage,beverage|veg|Chinese,0.379
I05231,R0527,Green Tea,beverage,veg,50,Hot green tea,beverage|veg|Chinese,0.241
I05232,R0528,Pancake,main,veg,152,Fluffy pancakes,main|veg|Desserts|popular,0.0
I05233,R0528,Ice Cream Sundae,main,veg,142,Loaded ice cream sundae,main|veg|Desserts|popular,0.0
I05234,R0528,Waffle,main,veg,171,Belgian waffle with toppings,main|veg|Desserts|popular,0.0
I05235,R0528,Syrup Shot,side,veg,28,Extra syrup,side|veg|Desserts,0.302
I05236,R0528,Extra Toppings,side,veg,38,Additional toppings,side|veg|Desserts,0.364
I05237,R0528,Cheesecake,dessert,veg,171,Creamy cheesecake,dessert|veg|Desserts,0.384
I05238,R0528,Chocolate Cake,dessert,veg,114,Rich chocolate cake,dessert|veg|Desserts,0.267
I05239,R0528,Milkshake,beverage,veg,123,Thick milkshake,beverage|veg|Desserts,0.321
I05240,R0528,Hot Chocolate,beverage,veg,95,Rich hot chocolate,beverage|veg|Desserts,0.294
I05241,R0529,Chicken Chettinad,main,non-veg,308,Spicy Chettinad chicken,main|non-veg|South Indian|popular,0.0
I05242,R0529,Idli Sambar,main,veg,88,Steamed rice cakes with lentil curry,main|veg|South Indian|popular,0.0
I05243,R0529,Masala Dosa,main,veg,132,Crispy crepe with potato filling,main|veg|South Indian|popular,0.0
I05244,R0529,Vada,main,veg,77,Crispy fried lentil donuts,main|veg|South Indian|popular,0.0
I05245,R0529,Tomato Chutney,side,veg,33,Tangy tomato chutney,side|veg|South Indian,0.336
I05246,R0529,Sambar,side,veg,44,Lentil and vegetable curry,side|veg|South Indian,0.156
I05247,R0529,Coconut Chutney,side,veg,33,Fresh coconut chutney,side|veg|South Indian,0.239
I05248,R0529,Kesari,dessert,veg,55,Semolina sweet,dessert|veg|South Indian,0.262
I05249,R0529,Payasam,dessert,veg,66,Sweet milk pudding,dessert|veg|South Indian,0.292
I05250,R0529,Buttermilk,beverage,veg,38,Spiced yogurt drink,beverage|veg|South Indian,0.308
I05251,R0529,Filter Coffee,beverage,veg,44,South Indian filter coffee,beverage|veg|South Indian,0.114
I05252,R0530,Chilli Chicken,main,non-veg,325,Spicy chicken preparation,main|non-veg|Chinese|popular,0.0
I05253,R0530,Manchurian,main,veg,250,Vegetable balls in gravy,main|veg|Chinese|popular,0.0
I05254,R0530,Hakka Noodles,main,veg,212,Stir-fried noodles,main|veg|Chinese|popular,0.0
I05255,R0530,Spring Roll,side,veg,112,Crispy vegetable rolls,side|veg|Chinese,0.167
I05256,R0530,Momos,side,veg,150,Steamed dumplings,side|veg|Chinese,0.249
I05257,R0530,Chilli Potato,side,veg,137,Spicy potato fingers,side|veg|Chinese,0.334
I05258,R0530,Date Pancake,dessert,veg,125,Sweet pancake with dates,dessert|veg|Chinese,0.183
I05259,R0530,Honey Noodles,dessert,veg,100,Crispy noodles with honey,dessert|veg|Chinese,0.132
I05260,R0530,Green Tea,beverage,veg,50,Hot green tea,beverage|veg|Chinese,0.276
I05261,R0530,Soft Drink,beverage,veg,62,Refreshing beverage,beverage|veg|Chinese,0.217
I05262,R0531,Rogan Josh,main,non-veg,475,Kashmiri lamb curry,main|non-veg|North Indian|popular,0.0
I05263,R0531,Dal Makhani,main,veg,275,Creamy black lentils,main|veg|North Indian|popular,0.0
I05264,R0531,Paneer Tikka,main,veg,350,Grilled cottage cheese,main|veg|North Indian|popular,0.0
I05265,R0531,Butter Naan,side,veg,62,Buttery flatbread,side|veg|North Indian,0.341
I05266,R0531,Jeera Rice,side,veg,150,Cumin flavored rice,side|veg|North Indian,0.203
I05267,R0531,Garlic Naan,side,veg,75,Garlic flavored naan,side|veg|North Indian,0.153
I05268,R0531,Gulab Jamun,dessert,veg,75,Sweet milk dumplings,dessert|veg|North Indian,0.216
I05269,R0531,Rasmalai,dessert,veg,100,Soft cheese patties in milk,dessert|veg|North Indian,0.122
I05270,R0531,Buttermilk,beverage,veg,50,Spiced yogurt drink,beverage|veg|North Indian,0.259
I05271,R0531,Lassi,beverage,veg,87,Sweet yogurt drink,beverage|veg|North Indian,0.244
I05272,R0532,Chicken Wrap,main,non-veg,225,Chicken stuffed wrap,main|non-veg|Italian|popular,0.0
I05273,R0532,Veg Wrap,main,veg,162,Vegetable stuffed wrap,main|veg|Italian|popular,0.0
I05274,R0532,Sandwich,main,veg,125,Grilled sandwich,main|veg|Italian|popular,0.0
I05275,R0532,Onion Rings,side,veg,112,Crispy onion rings,side|veg|Italian,0.106
I05276,R0532,Fries,side,veg,100,Crispy fries,side|veg|Italian,0.119
I05277,R0532,Ice Cream,dessert,veg,75,Vanilla ice cream,dessert|veg|Italian,0.347
I05278,R0532,Brownie,dessert,veg,125,Chocolate brownie,dessert|veg|Italian,0.274
I05279,R0532,Soft Drink,beverage,veg,62,Refreshing beverage,beverage|veg|Italian,0.384
I05280,R0532,Cold Coffee,beverage,veg,150,Iced coffee,beverage|veg|Italian,0.244
I05281,R0533,Idli Sambar,main,veg,88,Steamed rice cakes with lentil curry,main|veg|South Indian|popular,0.0
I05282,R0533,Masala Dosa,main,veg,132,Crispy crepe with potato filling,main|veg|South Indian|popular,0.0
I05283,R0533,Chicken Chettinad,main,non-veg,308,Spicy Chettinad chicken,main|non-veg|South Indian|popular,0.0
I05284,R0533,Vada,main,veg,77,Crispy fried lentil donuts,main|veg|South Indian|popular,0.0
I05285,R0533,Tomato Chutney,side,veg,33,Tangy tomato chutney,side|veg|South Indian,0.266
I05286,R0533,Sambar,side,veg,44,Lentil and vegetable curry,side|veg|South Indian,0.127
I05287,R0533,Coconut Chutney,side,veg,33,Fresh coconut chutney,side|veg|South Indian,0.214
I05288,R0533,Kesari,dessert,veg,55,Semolina sweet,dessert|veg|South Indian,0.135
I05289,R0533,Payasam,dessert,veg,66,Sweet milk pudding,dessert|veg|South Indian,0.308
I05290,R0533,Buttermilk,beverage,veg,38,Spiced yogurt drink,beverage|veg|South Indian,0.37
I05291,R0533,Filter Coffee,beverage,veg,44,South Indian filter coffee,beverage|veg|South Indian,0.112
I05292,R0534,Veg Wrap,main,veg,143,Vegetable stuffed wrap,main|veg|Fast Food|popular,0.0
I05293,R0534,Frankie,main,veg,132,Stuffed roll,main|veg|Fast Food|popular,0.0
I05294,R0534,Sandwich,main,veg,110,Grilled sandwich,main|veg|Fast Food|popular,0.0
I05295,R0534,Chicken Wrap,main,non-veg,198,Chicken stuffed wrap,main|non-veg|Fast Food|popular,0.0
I05296,R0534,Fries,side,veg,88,Crispy fries,side|veg|Fast Food,0.23
I05297,R0534,Onion Rings,side,veg,99,Crispy onion rings,side|veg|Fast Food,0.207
I05298,R0534,Brownie,dessert,veg,110,Chocolate brownie,dessert|veg|Fast Food,0.393
I05299,R0534,Ice Cream,dessert,veg,66,Vanilla ice cream,dessert|veg|Fast Food,0.296
I05300,R0534,Soft Drink,beverage,veg,55,Refreshing beverage,beverage|veg|Fast Food,0.348
I05301,R0534,Cold Coffee,beverage,veg,132,Iced coffee,beverage|veg|Fast Food,0.269
I05302,R0535,Masala Dosa,main,veg,132,Crispy crepe with potato filling,main|veg|South Indian|popular,0.0
I05303,R0535,Idli Sambar,main,veg,88,Steamed rice cakes with lentil curry,main|veg|South Indian|popular,0.0
I05304,R0535,Vada,main,veg,77,Crispy fried lentil donuts,main|veg|South Indian|popular,0.0
I05305,R0535,Chicken Chettinad,main,non-veg,308,Spicy Chettinad chicken,main|non-veg|South Indian|popular,0.0
I05306,R0535,Sambar,side,veg,44,Lentil and vegetable curry,side|veg|South Indian,0.146
I05307,R0535,Tomato Chutney,side,veg,33,Tangy tomato chutney,side|veg|South Indian,0.272
I05308,R0535,Coconut Chutney,side,veg,33,Fresh coconut chutney,side|veg|South Indian,0.378
I05309,R0535,Payasam,dessert,veg,66,Sweet milk pudding,dessert|veg|South Indian,0.316
I05310,R0535,Kesari,dessert,veg,55,Semolina sweet,dessert|veg|South Indian,0.207
I05311,R0535,Buttermilk,beverage,veg,38,Spiced yogurt drink,beverage|veg|South Indian,0.259
I05312,R0535,Filter Coffee,beverage,veg,44,South Indian filter coffee,beverage|veg|South Indian,0.19
I05313,R0536,Paneer Tikka,main,veg,308,Grilled cottage cheese,main|veg|North Indian|popular,0.0
I05314,R0536,Rogan Josh,main,non-veg,418,Kashmiri lamb curry,main|non-veg|North Indian|popular,0.0
I05315,R0536,Dal Makhani,main,veg,242,Creamy black lentils,main|veg|North Indian|popular,0.0
I05316,R0536,Butter Chicken,main,non-veg,352,Creamy tomato-based chicken curry,main|non-veg|North Indian|popular,0.0
I05317,R0536,Jeera Rice,side,veg,132,Cumin flavored rice,side|veg|North Indian,0.321
I05318,R0536,Tandoori Roti,side,veg,27,Whole wheat flatbread,side|veg|North Indian,0.103
I05319,R0536,Garlic Naan,side,veg,66,Garlic flavored naan,side|veg|North Indian,0.394
I05320,R0536,Butter Naan,side,veg,55,Buttery flatbread,side|veg|North Indian,0.154
I05321,R0536,Rasmalai,dessert,veg,88,Soft cheese patties in milk,dessert|veg|North Indian,0.337
I05322,R0536,Gulab Jamun,dessert,veg,66,Sweet milk dumplings,dessert|veg|North Indian,0.305
I05323,R0536,Lassi,beverage,veg,77,Sweet yogurt drink,beverage|veg|North Indian,0.273
I05324,R0536,Buttermilk,beverage,veg,44,Spiced yogurt drink,beverage|veg|North Indian,0.344
I05325,R0537,Samosa,main,veg,33,Crispy pastry with filling,main|veg|Street Food|popular,0.0
I05326,R0537,Pani Puri,main,veg,66,Crispy puris with flavored water,main|veg|Street Food|popular,0.0
I05327,R0537,Pav Bhaji,main,veg,132,Mashed vegetable curry with bread,main|veg|Street Food|popular,0.0
I05328,R0537,Chole Bhature,main,veg,143,Chickpea curry with fried bread,main|veg|Street Food|popular,0.0
I05329,R0537,Papad,side,veg,22,Crispy papad,side|veg|Street Food,0.159
I05330,R0537,Extra Pav,side,veg,16,Extra bread,side|veg|Street Food,0.227
I05331,R0537,Jalebi,dessert,veg,55,Sweet fried spirals,dessert|veg|Street Food,0.359
I05332,R0537,Rabri,dessert,veg,88,Thickened sweet milk,dessert|veg|Street Food,0.296
I05333,R0537,Lassi,beverage,veg,66,Yogurt drink,beverage|veg|Street Food,0.307
I05334,R0537,Masala Chai,beverage,veg,33,Spiced tea,beverage|veg|Street Food,0.143
I05335,R0538,Veg Steak,main,veg,350,Grilled vegetable steak,main|veg|Continental|popular,0.0
I05336,R0538,Fish and Chips,main,non-veg,437,Classic fish and chips,main|non-veg|Continental|popular,0.0
I05337,R0538,Pasta Arrabbiata,main,veg,300,Spicy tomato pasta,main|veg|Continental|popular,0.0
I05338,R0538,Caesar Salad,side,veg,175,Classic Caesar salad,side|veg|Continental,0.358
I05339,R0538,Mashed Potatoes,side,veg,125,Creamy mashed potatoes,side|veg|Continental,0.124
I05340,R0538,Garlic Bread,side,veg,112,Garlic bread,side|veg|Continental,0.151
I05341,R0538,Panna Cotta,dessert,veg,200,Italian custard,dessert|veg|Continental,0.15
I05342,R0538,Tiramisu,dessert,veg,225,Classic Italian dessert,dessert|veg|Continental,0.246
I05343,R0538,Lemonade,beverage,veg,87,Fresh lemonade,beverage|veg|Continental,0.337
I05344,R0538,Iced Tea,beverage,veg,100,Refreshing iced tea,beverage|veg|Continental,0.215
I05345,R0539,Veg Wrap,main,veg,162,Vegetable stuffed wrap,main|veg|Italian|popular,0.0
I05346,R0539,Frankie,main,veg,150,Stuffed roll,main|veg|Italian|popular,0.0
I05347,R0539,Chicken Wrap,main,non-veg,225,Chicken stuffed wrap,main|non-veg|Italian|popular,0.0
I05348,R0539,Fries,side,veg,100,Crispy fries,side|veg|Italian,0.214
I05349,R0539,Onion Rings,side,veg,112,Crispy onion rings,side|veg|Italian,0.362
I05350,R0539,Ice Cream,dessert,veg,75,Vanilla ice cream,dessert|veg|Italian,0.36
I05351,R0539,Brownie,dessert,veg,125,Chocolate brownie,dessert|veg|Italian,0.387
I05352,R0539,Cold Coffee,beverage,veg,150,Iced coffee,beverage|veg|Italian,0.155
I05353,R0539,Soft Drink,beverage,veg,62,Refreshing beverage,beverage|veg|Italian,0.325
I05354,R0540,Cold Coffee,main,veg,143,Iced coffee,main|veg|Beverages|popular,0.0
I05355,R0540,Mojito,main,veg,121,Refreshing mint drink,main|veg|Beverages|popular,0.0
I05356,R0540,Smoothie,main,veg,165,Fruit smoothie,main|veg|Beverages|popular,0.0
I05357,R0540,Extra Shot,side,veg,33,Extra coffee shot,side|veg|Beverages,0.3
I05358,R0540,Whipped Cream,side,veg,27,Extra whipped cream,side|veg|Beverages,0.115
I05359,R0540,Cookie,dessert,veg,55,Fresh baked cookie,dessert|veg|Beverages,0.106
I05360,R0540,Muffin,dessert,veg,66,Fresh muffin,dessert|veg|Beverages,0.123
I05361,R0540,Soft Drink,beverage,veg,55,Refreshing beverage,beverage|veg|Beverages,0.342
I05362,R0540,Water Bottle,beverage,veg,22,Mineral water,beverage|veg|Beverages,0.27
I05363,R0541,Chicken Wrap,main,non-veg,225,Chicken stuffed wrap,main|non-veg|Italian|popular,0.0
I05364,R0541,Sandwich,main,veg,125,Grilled sandwich,main|veg|Italian|popular,0.0
I05365,R0541,Frankie,main,veg,150,Stuffed roll,main|veg|Italian|popular,0.0
I05366,R0541,Fries,side,veg,100,Crispy fries,side|veg|Italian,0.237
I05367,R0541,Onion Rings,side,veg,112,Crispy onion rings,side|veg|Italian,0.397
I05368,R0541,Ice Cream,dessert,veg,75,Vanilla ice cream,dessert|veg|Italian,0.209
I05369,R0541,Brownie,dessert,veg,125,Chocolate brownie,dessert|veg|Italian,0.259
I05370,R0541,Soft Drink,beverage,veg,62,Refreshing beverage,beverage|veg|Italian,0.286
I05371,R0541,Cold Coffee,beverage,veg,150,Iced coffee,beverage|veg|Italian,0.167
I05372,R0542,Waffle,main,veg,198,Belgian waffle with toppings,main|veg|Desserts|popular,0.0
I05373,R0542,Pancake,main,veg,176,Fluffy pancakes,main|veg|Desserts|popular,0.0
I05374,R0542,Ice Cream Sundae,main,veg,165,Loaded ice cream sundae,main|veg|Desserts|popular,0.0
I05375,R0542,Extra Toppings,side,veg,44,Additional toppings,side|veg|Desserts,0.211
I05376,R0542,Syrup Shot,side,veg,33,Extra syrup,side|veg|Desserts,0.371
I05377,R0542,Chocolate Cake,dessert,veg,132,Rich chocolate cake,dessert|veg|Desserts,0.365
I05378,R0542,Cheesecake,dessert,veg,198,Creamy cheesecake,dessert|veg|Desserts,0.316
I05379,R0542,Milkshake,beverage,veg,143,Thick milkshake,beverage|veg|Desserts,0.219
I05380,R0542,Hot Chocolate,beverage,veg,110,Rich hot chocolate,beverage|veg|Desserts,0.353
I05381,R0543,Cold Coffee,main,veg,143,Iced coffee,main|veg|Beverages|popular,0.0
I05382,R0543,Smoothie,main,veg,165,Fruit smoothie,main|veg|Beverages|popular,0.0
I05383,R0543,Mojito,main,veg,121,Refreshing mint drink,main|veg|Beverages|popular,0.0
I05384,R0543,Extra Shot,side,veg,33,Extra coffee shot,side|veg|Beverages,0.317
I05385,R0543,Whipped Cream,side,veg,27,Extra whipped cream,side|veg|Beverages,0.315
I05386,R0543,Muffin,dessert,veg,66,Fresh muffin,dessert|veg|Beverages,0.27
I05387,R0543,Cookie,dessert,veg,55,Fresh baked cookie,dessert|veg|Beverages,0.128
I05388,R0543,Water Bottle,beverage,veg,22,Mineral water,beverage|veg|Beverages,0.224
I05389,R0543,Soft Drink,beverage,veg,55,Refreshing beverage,beverage|veg|Beverages,0.108
I05390,R0544,Veg Steak,main,veg,350,Grilled vegetable steak,main|veg|Continental|popular,0.0
I05391,R0544,Grilled Chicken,main,non-veg,400,Herb grilled chicken,main|non-veg|Continental|popular,0.0
I05392,R0544,Fish and Chips,main,non-veg,437,Classic fish and chips,main|non-veg|Continental|popular,0.0
I05393,R0544,Mashed Potatoes,side,veg,125,Creamy mashed potatoes,side|veg|Continental,0.164
I05394,R0544,Caesar Salad,side,veg,175,Classic Caesar salad,side|veg|Continental,0.164
I05395,R0544,Garlic Bread,side,veg,112,Garlic bread,side|veg|Continental,0.35
I05396,R0544,Panna Cotta,dessert,veg,200,Italian custard,dessert|veg|Continental,0.125
I05397,R0544,Tiramisu,dessert,veg,225,Classic Italian dessert,dessert|veg|Continental,0.366
I05398,R0544,Iced Tea,beverage,veg,100,Refreshing iced tea,beverage|veg|Continental,0.298
I05399,R0544,Lemonade,beverage,veg,87,Fresh lemonade,beverage|veg|Continental,0.383
I05400,R0545,Chicken Wrap,main,non-veg,251,Chicken stuffed wrap,main|non-veg|Italian|popular,0.0
I05401,R0545,Frankie,main,veg,168,Stuffed roll,main|veg|Italian|popular,0.0
I05402,R0545,Fries,side,veg,112,Crispy fries,side|veg|Italian,0.348
I05403,R0545,Onion Rings,side,veg,125,Crispy onion rings,side|veg|Italian,0.394
I05404,R0545,Ice Cream,dessert,veg,84,Vanilla ice cream,dessert|veg|Italian,0.385
I05405,R0545,Brownie,dessert,veg,140,Chocolate brownie,dessert|veg|Italian,0.303
I05406,R0545,Cold Coffee,beverage,veg,168,Iced coffee,beverage|veg|Italian,0.395
I05407,R0545,Soft Drink,beverage,veg,70,Refreshing beverage,beverage|veg|Italian,0.225
I05408,R0546,Mutton Biryani,main,non-veg,385,Aromatic rice with succulent mutton,main|non-veg|Biryani|popular,0.0
I05409,R0546,Veg Biryani,main,veg,220,Flavorful rice with mixed vegetables,main|veg|Biryani|popular,0.0
I05410,R0546,Egg Biryani,main,non-veg,242,Rice with boiled eggs and spices,main|non-veg|Biryani|popular,0.0
I05411,R0546,Chicken Biryani,main,non-veg,308,Fragrant basmati rice with tender chicken pieces,main|non-veg|Biryani|popular,0.0
I05412,R0546,Salan,side,veg,66,Spicy curry accompaniment,side|veg|Biryani,0.116
I05413,R0546,Double Ka Meetha,side,veg,88,Sweet bread pudding,side|veg|Biryani,0.375
I05414,R0546,Raita,side,veg,44,Cooling yogurt with cucumber and spices,side|veg|Biryani,0.194
I05415,R0546,Gulab Jamun,dessert,veg,66,Soft milk dumplings in sugar syrup,dessert|veg|Biryani,0.175
I05416,R0546,Khubani Ka Meetha,dessert,veg,99,Apricot dessert,dessert|veg|Biryani,0.263
I05417,R0546,Soft Drink,beverage,veg,55,Refreshing carbonated beverage,beverage|veg|Biryani,0.349
I05418,R0546,Lassi,beverage,veg,77,Thick yogurt drink,beverage|veg|Biryani,0.125
I05419,R0547,Pani Puri,main,veg,57,Crispy puris with flavored water,main|veg|Street Food|popular,0.0
I05420,R0547,Samosa,main,veg,28,Crispy pastry with filling,main|veg|Street Food|popular,0.0
I05421,R0547,Pav Bhaji,main,veg,114,Mashed vegetable curry with bread,main|veg|Street Food|popular,0.0
I05422,R0547,Chole Bhature,main,veg,123,Chickpea curry with fried bread,main|veg|Street Food|popular,0.0
I05423,R0547,Extra Pav,side,veg,14,Extra bread,side|veg|Street Food,0.368
I05424,R0547,Papad,side,veg,19,Crispy papad,side|veg|Street Food,0.324
I05425,R0547,Jalebi,dessert,veg,47,Sweet fried spirals,dessert|veg|Street Food,0.272
I05426,R0547,Rabri,dessert,veg,76,Thickened sweet milk,dessert|veg|Street Food,0.198
I05427,R0547,Lassi,beverage,veg,57,Yogurt drink,beverage|veg|Street Food,0.349
I05428,R0547,Masala Chai,beverage,veg,28,Spiced tea,beverage|veg|Street Food,0.145
I05429,R0548,Chicken Chettinad,main,non-veg,392,Spicy Chettinad chicken,main|non-veg|South Indian|popular,0.0
I05430,R0548,Vada,main,veg,98,Crispy fried lentil donuts,main|veg|South Indian|popular,0.0
I05431,R0548,Coconut Chutney,side,veg,42,Fresh coconut chutney,side|veg|South Indian,0.339
I05432,R0548,Tomato Chutney,side,veg,42,Tangy tomato chutney,side|veg|South Indian,0.394
I05433,R0548,Kesari,dessert,veg,70,Semolina sweet,dessert|veg|South Indian,0.282
I05434,R0548,Payasam,dessert,veg,84,Sweet milk pudding,dessert|veg|South Indian,0.225
I05435,R0548,Buttermilk,beverage,veg,49,Spiced yogurt drink,beverage|veg|South Indian,0.374
I05436,R0548,Filter Coffee,beverage,veg,56,South Indian filter coffee,beverage|veg|South Indian,0.353
I05437,R0549,Vada,main,veg,66,Crispy fried lentil donuts,main|veg|South Indian|popular,0.0
I05438,R0549,Idli Sambar,main,veg,76,Steamed rice cakes with lentil curry,main|veg|South Indian|popular,0.0
I05439,R0549,Masala Dosa,main,veg,114,Crispy crepe with potato filling,main|veg|South Indian|popular,0.0
I05440,R0549,Chicken Chettinad,main,non-veg,266,Spicy Chettinad chicken,main|non-veg|South Indian|popular,0.0
I05441,R0549,Tomato Chutney,side,veg,28,Tangy tomato chutney,side|veg|South Indian,0.351
I05442,R0549,Sambar,side,veg,38,Lentil and vegetable curry,side|veg|South Indian,0.151
I05443,R0549,Coconut Chutney,side,veg,28,Fresh coconut chutney,side|veg|South Indian,0.193
I05444,R0549,Kesari,dessert,veg,47,Semolina sweet,dessert|veg|South Indian,0.216
I05445,R0549,Payasam,dessert,veg,57,Sweet milk pudding,dessert|veg|South Indian,0.363
I05446,R0549,Buttermilk,beverage,veg,33,Spiced yogurt drink,beverage|veg|South Indian,0.334
I05447,R0549,Filter Coffee,beverage,veg,38,South Indian filter coffee,beverage|veg|South Indian,0.328
I05448,R0550,Chole Bhature,main,veg,143,Chickpea curry with fried bread,main|veg|Street Food|popular,0.0
I05449,R0550,Pav Bhaji,main,veg,132,Mashed vegetable curry with bread,main|veg|Street Food|popular,0.0
I05450,R0550,Pani Puri,main,veg,66,Crispy puris with flavored water,main|veg|Street Food|popular,0.0
I05451,R0550,Samosa,main,veg,33,Crispy pastry with filling,main|veg|Street Food|popular,0.0
I05452,R0550,Papad,side,veg,22,Crispy papad,side|veg|Street Food,0.133
I05453,R0550,Extra Pav,side,veg,16,Extra bread,side|veg|Street Food,0.135
I05454,R0550,Jalebi,dessert,veg,55,Sweet fried spirals,dessert|veg|Street Food,0.117
I05455,R0550,Rabri,dessert,veg,88,Thickened sweet milk,dessert|veg|Street Food,0.389
I05456,R0550,Masala Chai,beverage,veg,33,Spiced tea,beverage|veg|Street Food,0.27
I05457,R0550,Lassi,beverage,veg,66,Yogurt drink,beverage|veg|Street Food,0.301
I05458,R0551,Fish and Chips,main,non-veg,437,Classic fish and chips,main|non-veg|Continental|popular,0.0
I05459,R0551,Pasta Arrabbiata,main,veg,300,Spicy tomato pasta,main|veg|Continental|popular,0.0
I05460,R0551,Veg Steak,main,veg,350,Grilled vegetable steak,main|veg|Continental|popular,0.0
I05461,R0551,Mashed Potatoes,side,veg,125,Creamy mashed potatoes,side|veg|Continental,0.248
I05462,R0551,Caesar Salad,side,veg,175,Classic Caesar salad,side|veg|Continental,0.265
I05463,R0551,Garlic Bread,side,veg,112,Garlic bread,side|veg|Continental,0.355
I05464,R0551,Panna Cotta,dessert,veg,200,Italian custard,dessert|veg|Continental,0.179
I05465,R0551,Tiramisu,dessert,veg,225,Classic Italian dessert,dessert|veg|Continental,0.32
I05466,R0551,Iced Tea,beverage,veg,100,Refreshing iced tea,beverage|veg|Continental,0.372
I05467,R0551,Lemonade,beverage,veg,87,Fresh lemonade,beverage|veg|Continental,0.184
I05468,R0552,Pasta Arrabbiata,main,veg,264,Spicy tomato pasta,main|veg|Continental|popular,0.0
I05469,R0552,Fish and Chips,main,non-veg,385,Classic fish and chips,main|non-veg|Continental|popular,0.0
I05470,R0552,Veg Steak,main,veg,308,Grilled vegetable steak,main|veg|Continental|popular,0.0
I05471,R0552,Grilled Chicken,main,non-veg,352,Herb grilled chicken,main|non-veg|Continental|popular,0.0
I05472,R0552,Caesar Salad,side,veg,154,Classic Caesar salad,side|veg|Continental,0.337
I05473,R0552,Garlic Bread,side,veg,99,Garlic bread,side|veg|Continental,0.106
I05474,R0552,Mashed Potatoes,side,veg,110,Creamy mashed potatoes,side|veg|Continental,0.262
I05475,R0552,Panna Cotta,dessert,veg,176,Italian custard,dessert|veg|Continental,0.119
I05476,R0552,Tiramisu,dessert,veg,198,Classic Italian dessert,dessert|veg|Continental,0.346
I05477,R0552,Iced Tea,beverage,veg,88,Refreshing iced tea,beverage|veg|Continental,0.301
I05478,R0552,Lemonade,beverage,veg,77,Fresh lemonade,beverage|veg|Continental,0.297
I05479,R0553,Cold Coffee,main,veg,162,Iced coffee,main|veg|Beverages|popular,0.0
I05480,R0553,Mojito,main,veg,137,Refreshing mint drink,main|veg|Beverages|popular,0.0
I05481,R0553,Smoothie,main,veg,187,Fruit smoothie,main|veg|Beverages|popular,0.0
I05482,R0553,Whipped Cream,side,veg,31,Extra whipped cream,side|veg|Beverages,0.188
I05483,R0553,Extra Shot,side,veg,37,Extra coffee shot,side|veg|Beverages,0.176
I05484,R0553,Muffin,dessert,veg,75,Fresh muffin,dessert|veg|Beverages,0.188
I05485,R0553,Cookie,dessert,veg,62,Fresh baked cookie,dessert|veg|Beverages,0.362
I05486,R0553,Soft Drink,beverage,veg,62,Refreshing beverage,beverage|veg|Beverages,0.393
I05487,R0553,Water Bottle,beverage,veg,25,Mineral water,beverage|veg|Beverages,0.298
I05488,R0554,Pani Puri,main,veg,75,Crispy puris with flavored water,main|veg|Street Food|popular,0.0
I05489,R0554,Pav Bhaji,main,veg,150,Mashed vegetable curry with bread,main|veg|Street Food|popular,0.0
I05490,R0554,Samosa,main,veg,37,Crispy pastry with filling,main|veg|Street Food|popular,0.0
I05491,R0554,Extra Pav,side,veg,18,Extra bread,side|veg|Street Food,0.26
I05492,R0554,Papad,side,veg,25,Crispy papad,side|veg|Street Food,0.371
I05493,R0554,Jalebi,dessert,veg,62,Sweet fried spirals,dessert|veg|Street Food,0.208
I05494,R0554,Rabri,dessert,veg,100,Thickened sweet milk,dessert|veg|Street Food,0.242
I05495,R0554,Masala Chai,beverage,veg,37,Spiced tea,beverage|veg|Street Food,0.217
I05496,R0554,Lassi,beverage,veg,75,Yogurt drink,beverage|veg|Street Food,0.321
I05497,R0555,Smoothie,main,veg,165,Fruit smoothie,main|veg|Beverages|popular,0.0
I05498,R0555,Cold Coffee,main,veg,143,Iced coffee,main|veg|Beverages|popular,0.0
I05499,R0555,Mojito,main,veg,121,Refreshing mint drink,main|veg|Beverages|popular,0.0
I05500,R0555,Whipped Cream,side,veg,27,Extra whipped cream,side|veg|Beverages,0.36
I05501,R0555,Extra Shot,side,veg,33,Extra coffee shot,side|veg|Beverages,0.335
I05502,R0555,Muffin,dessert,veg,66,Fresh muffin,dessert|veg|Beverages,0.109
I05503,R0555,Cookie,dessert,veg,55,Fresh baked cookie,dessert|veg|Beverages,0.248
I05504,R0555,Soft Drink,beverage,veg,55,Refreshing beverage,beverage|veg|Beverages,0.306
I05505,R0555,Water Bottle,beverage,veg,22,Mineral water,beverage|veg|Beverages,0.361
I05506,R0556,Sandwich,main,veg,95,Grilled sandwich,main|veg|Fast Food|popular,0.0
I05507,R0556,Veg Wrap,main,veg,123,Vegetable stuffed wrap,main|veg|Fast Food|popular,0.0
I05508,R0556,Frankie,main,veg,114,Stuffed roll,main|veg|Fast Food|popular,0.0
I05509,R0556,Chicken Wrap,main,non-veg,171,Chicken stuffed wrap,main|non-veg|Fast Food|popular,0.0
I05510,R0556,Onion Rings,side,veg,85,Crispy onion rings,side|veg|Fast Food,0.266
I05511,R0556,Fries,side,veg,76,Crispy fries,side|veg|Fast Food,0.154
I05512,R0556,Brownie,dessert,veg,95,Chocolate brownie,dessert|veg|Fast Food,0.209
I05513,R0556,Ice Cream,dessert,veg,57,Vanilla ice cream,dessert|veg|Fast Food,0.231
I05514,R0556,Cold Coffee,beverage,veg,114,Iced coffee,beverage|veg|Fast Food,0.245
I05515,R0556,Soft Drink,beverage,veg,47,Refreshing beverage,beverage|veg|Fast Food,0.114
I05516,R0557,Egg Biryani,main,non-veg,242,Rice with boiled eggs and spices,main|non-veg|Biryani|popular,0.0
I05517,R0557,Mutton Biryani,main,non-veg,385,Aromatic rice with succulent mutton,main|non-veg|Biryani|popular,0.0
I05518,R0557,Chicken Biryani,main,non-veg,308,Fragrant basmati rice with tender chicken pieces,main|non-veg|Biryani|popular,0.0
I05519,R0557,Veg Biryani,main,veg,220,Flavorful rice with mixed vegetables,main|veg|Biryani|popular,0.0
I05520,R0557,Double Ka Meetha,side,veg,88,Sweet bread pudding,side|veg|Biryani,0.266
I05521,R0557,Raita,side,veg,44,Cooling yogurt with cucumber and spices,side|veg|Biryani,0.17
I05522,R0557,Salan,side,veg,66,Spicy curry accompaniment,side|veg|Biryani,0.276
I05523,R0557,Gulab Jamun,dessert,veg,66,Soft milk dumplings in sugar syrup,dessert|veg|Biryani,0.162
I05524,R0557,Khubani Ka Meetha,dessert,veg,99,Apricot dessert,dessert|veg|Biryani,0.385
I05525,R0557,Soft Drink,beverage,veg,55,Refreshing carbonated beverage,beverage|veg|Biryani,0.209
I05526,R0557,Lassi,beverage,veg,77,Thick yogurt drink,beverage|veg|Biryani,0.236
I05527,R0558,Chicken Wrap,main,non-veg,198,Chicken stuffed wrap,main|non-veg|Italian|popular,0.0
I05528,R0558,Sandwich,main,veg,110,Grilled sandwich,main|veg|Italian|popular,0.0
I05529,R0558,Frankie,main,veg,132,Stuffed roll,main|veg|Italian|popular,0.0
I05530,R0558,Veg Wrap,main,veg,143,Vegetable stuffed wrap,main|veg|Italian|popular,0.0
I05531,R0558,Fries,side,veg,88,Crispy fries,side|veg|Italian,0.227
I05532,R0558,Onion Rings,side,veg,99,Crispy onion rings,side|veg|Italian,0.349
I05533,R0558,Brownie,dessert,veg,110,Chocolate brownie,dessert|veg|Italian,0.369
I05534,R0558,Ice Cream,dessert,veg,66,Vanilla ice cream,dessert|veg|Italian,0.303
I05535,R0558,Soft Drink,beverage,veg,55,Refreshing beverage,beverage|veg|Italian,0.306
I05536,R0558,Cold Coffee,beverage,veg,132,Iced coffee,beverage|veg|Italian,0.113
I05537,R0559,Veg Biryani,main,veg,220,Flavorful rice with mixed vegetables,main|veg|Biryani|popular,0.0
I05538,R0559,Mutton Biryani,main,non-veg,385,Aromatic rice with succulent mutton,main|non-veg|Biryani|popular,0.0
I05539,R0559,Egg Biryani,main,non-veg,242,Rice with boiled eggs and spices,main|non-veg|Biryani|popular,0.0
I05540,R0559,Chicken Biryani,main,non-veg,308,Fragrant basmati rice with tender chicken pieces,main|non-veg|Biryani|popular,0.0
I05541,R0559,Double Ka Meetha,side,veg,88,Sweet bread pudding,side|veg|Biryani,0.153
I05542,R0559,Raita,side,veg,44,Cooling yogurt with cucumber and spices,side|veg|Biryani,0.332
I05543,R0559,Salan,side,veg,66,Spicy curry accompaniment,side|veg|Biryani,0.203
I05544,R0559,Khubani Ka Meetha,dessert,veg,99,Apricot dessert,dessert|veg|Biryani,0.118
I05545,R0559,Gulab Jamun,dessert,veg,66,Soft milk dumplings in sugar syrup,dessert|veg|Biryani,0.165
I05546,R0559,Soft Drink,beverage,veg,55,Refreshing carbonated beverage,beverage|veg|Biryani,0.358
I05547,R0559,Lassi,beverage,veg,77,Thick yogurt drink,beverage|veg|Biryani,0.262
I05548,R0560,Cold Coffee,main,veg,182,Iced coffee,main|veg|Beverages|popular,0.0
I05549,R0560,Mojito,main,veg,154,Refreshing mint drink,main|veg|Beverages|popular,0.0
I05550,R0560,Whipped Cream,side,veg,35,Extra whipped cream,side|veg|Beverages,0.338
I05551,R0560,Extra Shot,side,veg,42,Extra coffee shot,side|veg|Beverages,0.355
I05552,R0560,Cookie,dessert,veg,70,Fresh baked cookie,dessert|veg|Beverages,0.321
I05553,R0560,Muffin,dessert,veg,84,Fresh muffin,dessert|veg|Beverages,0.219
I05554,R0560,Soft Drink,beverage,veg,70,Refreshing beverage,beverage|veg|Beverages,0.119
I05555,R0560,Water Bottle,beverage,veg,28,Mineral water,beverage|veg|Beverages,0.37
I05556,R0561,Mojito,main,veg,137,Refreshing mint drink,main|veg|Beverages|popular,0.0
I05557,R0561,Smoothie,main,veg,187,Fruit smoothie,main|veg|Beverages|popular,0.0
I05558,R0561,Cold Coffee,main,veg,162,Iced coffee,main|veg|Beverages|popular,0.0
I05559,R0561,Whipped Cream,side,veg,31,Extra whipped cream,side|veg|Beverages,0.217
I05560,R0561,Extra Shot,side,veg,37,Extra coffee shot,side|veg|Beverages,0.37
I05561,R0561,Cookie,dessert,veg,62,Fresh baked cookie,dessert|veg|Beverages,0.312
I05562,R0561,Muffin,dessert,veg,75,Fresh muffin,dessert|veg|Beverages,0.146
I05563,R0561,Water Bottle,beverage,veg,25,Mineral water,beverage|veg|Beverages,0.263
I05564,R0561,Soft Drink,beverage,veg,62,Refreshing beverage,beverage|veg|Beverages,0.219
I05565,R0562,Pav Bhaji,main,veg,132,Mashed vegetable curry with bread,main|veg|Street Food|popular,0.0
I05566,R0562,Samosa,main,veg,33,Crispy pastry with filling,main|veg|Street Food|popular,0.0
I05567,R0562,Pani Puri,main,veg,66,Crispy puris with flavored water,main|veg|Street Food|popular,0.0
I05568,R0562,Chole Bhature,main,veg,143,Chickpea curry with fried bread,main|veg|Street Food|popular,0.0
I05569,R0562,Papad,side,veg,22,Crispy papad,side|veg|Street Food,0.394
I05570,R0562,Extra Pav,side,veg,16,Extra bread,side|veg|Street Food,0.213
I05571,R0562,Rabri,dessert,veg,88,Thickened sweet milk,dessert|veg|Street Food,0.378
I05572,R0562,Jalebi,dessert,veg,55,Sweet fried spirals,dessert|veg|Street Food,0.343
I05573,R0562,Masala Chai,beverage,veg,33,Spiced tea,beverage|veg|Street Food,0.198
I05574,R0562,Lassi,beverage,veg,66,Yogurt drink,beverage|veg|Street Food,0.183
I05575,R0563,Veg Wrap,main,veg,123,Vegetable stuffed wrap,main|veg|Italian|popular,0.0
I05576,R0563,Sandwich,main,veg,95,Grilled sandwich,main|veg|Italian|popular,0.0
I05577,R0563,Frankie,main,veg,114,Stuffed roll,main|veg|Italian|popular,0.0
I05578,R0563,Chicken Wrap,main,non-veg,171,Chicken stuffed wrap,main|non-veg|Italian|popular,0.0
I05579,R0563,Onion Rings,side,veg,85,Crispy onion rings,side|veg|Italian,0.284
I05580,R0563,Fries,side,veg,76,Crispy fries,side|veg|Italian,0.268
I05581,R0563,Brownie,dessert,veg,95,Chocolate brownie,dessert|veg|Italian,0.347
I05582,R0563,Ice Cream,dessert,veg,57,Vanilla ice cream,dessert|veg|Italian,0.372
I05583,R0563,Cold Coffee,beverage,veg,114,Iced coffee,beverage|veg|Italian,0.345
I05584,R0563,Soft Drink,beverage,veg,47,Refreshing beverage,beverage|veg|Italian,0.261
I05585,R0564,Hakka Noodles,main,veg,161,Stir-fried noodles,main|veg|Chinese|popular,0.0
I05586,R0564,Manchurian,main,veg,190,Vegetable balls in gravy,main|veg|Chinese|popular,0.0
I05587,R0564,Chilli Chicken,main,non-veg,247,Spicy chicken preparation,main|non-veg|Chinese|popular,0.0
I05588,R0564,Fried Rice,main,veg,171,Stir-fried rice with vegetables,main|veg|Chinese|popular,0.0
I05589,R0564,Spring Roll,side,veg,85,Crispy vegetable rolls,side|veg|Chinese,0.231
I05590,R0564,Chilli Potato,side,veg,104,Spicy potato fingers,side|veg|Chinese,0.197
I05591,R0564,Momos,side,veg,114,Steamed dumplings,side|veg|Chinese,0.188
I05592,R0564,Date Pancake,dessert,veg,95,Sweet pancake with dates,dessert|veg|Chinese,0.355
I05593,R0564,Honey Noodles,dessert,veg,76,Crispy noodles with honey,dessert|veg|Chinese,0.327
I05594,R0564,Soft Drink,beverage,veg,47,Refreshing beverage,beverage|veg|Chinese,0.327
I05595,R0564,Green Tea,beverage,veg,38,Hot green tea,beverage|veg|Chinese,0.183
I05596,R0565,Cold Coffee,main,veg,143,Iced coffee,main|veg|Beverages|popular,0.0
I05597,R0565,Smoothie,main,veg,165,Fruit smoothie,main|veg|Beverages|popular,0.0
I05598,R0565,Mojito,main,veg,121,Refreshing mint drink,main|veg|Beverages|popular,0.0
I05599,R0565,Whipped Cream,side,veg,27,Extra whipped cream,side|veg|Beverages,0.313
I05600,R0565,Extra Shot,side,veg,33,Extra coffee shot,side|veg|Beverages,0.283
I05601,R0565,Muffin,dessert,veg,66,Fresh muffin,dessert|veg|Beverages,0.215
I05602,R0565,Cookie,dessert,veg,55,Fresh baked cookie,dessert|veg|Beverages,0.27
I05603,R0565,Soft Drink,beverage,veg,55,Refreshing beverage,beverage|veg|Beverages,0.212
I05604,R0565,Water Bottle,beverage,veg,22,Mineral water,beverage|veg|Beverages,0.339
I05605,R0566,Vada,main,veg,87,Crispy fried lentil donuts,main|veg|South Indian|popular,0.0
I05606,R0566,Idli Sambar,main,veg,100,Steamed rice cakes with lentil curry,main|veg|South Indian|popular,0.0
I05607,R0566,Chicken Chettinad,main,non-veg,350,Spicy Chettinad chicken,main|non-veg|South Indian|popular,0.0
I05608,R0566,Sambar,side,veg,50,Lentil and vegetable curry,side|veg|South Indian,0.324
I05609,R0566,Coconut Chutney,side,veg,37,Fresh coconut chutney,side|veg|South Indian,0.346
I05610,R0566,Tomato Chutney,side,veg,37,Tangy tomato chutney,side|veg|South Indian,0.117
I05611,R0566,Kesari,dessert,veg,62,Semolina sweet,dessert|veg|South Indian,0.138
I05612,R0566,Payasam,dessert,veg,75,Sweet milk pudding,dessert|veg|South Indian,0.296
I05613,R0566,Filter Coffee,beverage,veg,50,South Indian filter coffee,beverage|veg|South Indian,0.355
I05614,R0566,Buttermilk,beverage,veg,43,Spiced yogurt drink,beverage|veg|South Indian,0.228
I05615,R0567,Veg Biryani,main,veg,280,Flavorful rice with mixed vegetables,main|veg|Biryani|popular,0.0
I05616,R0567,Chicken Biryani,main,non-veg,392,Fragrant basmati rice with tender chicken pieces,main|non-veg|Biryani|popular,0.0
I05617,R0567,Raita,side,veg,56,Cooling yogurt with cucumber and spices,side|veg|Biryani,0.306
I05618,R0567,Double Ka Meetha,side,veg,112,Sweet bread pudding,side|veg|Biryani,0.33
I05619,R0567,Khubani Ka Meetha,dessert,veg,125,Apricot dessert,dessert|veg|Biryani,0.369
I05620,R0567,Gulab Jamun,dessert,veg,84,Soft milk dumplings in sugar syrup,dessert|veg|Biryani,0.135
I05621,R0567,Lassi,beverage,veg,98,Thick yogurt drink,beverage|veg|Biryani,0.199
I05622,R0567,Soft Drink,beverage,veg,70,Refreshing carbonated beverage,beverage|veg|Biryani,0.245
I05623,R0568,Pancake,main,veg,224,Fluffy pancakes,main|veg|Desserts|popular,0.0
I05624,R0568,Ice Cream Sundae,main,veg,210,Loaded ice cream sundae,main|veg|Desserts|popular,0.0
I05625,R0568,Syrup Shot,side,veg,42,Extra syrup,side|veg|Desserts,0.245
I05626,R0568,Extra Toppings,side,veg,56,Additional toppings,side|veg|Desserts,0.107
I05627,R0568,Chocolate Cake,dessert,veg,168,Rich chocolate cake,dessert|veg|Desserts,0.25
I05628,R0568,Cheesecake,dessert,veg,251,Creamy cheesecake,dessert|veg|Desserts,0.335
I05629,R0568,Milkshake,beverage,veg,182,Thick milkshake,beverage|veg|Desserts,0.203
I05630,R0568,Hot Chocolate,beverage,veg,140,Rich hot chocolate,beverage|veg|Desserts,0.167
I05631,R0569,Masala Dosa,main,veg,168,Crispy crepe with potato filling,main|veg|South Indian|popular,0.0
I05632,R0569,Idli Sambar,main,veg,112,Steamed rice cakes with lentil curry,main|veg|South Indian|popular,0.0
I05633,R0569,Sambar,side,veg,56,Lentil and vegetable curry,side|veg|South Indian,0.389
I05634,R0569,Coconut Chutney,side,veg,42,Fresh coconut chutney,side|veg|South Indian,0.208
I05635,R0569,Kesari,dessert,veg,70,Semolina sweet,dessert|veg|South Indian,0.37
I05636,R0569,Payasam,dessert,veg,84,Sweet milk pudding,dessert|veg|South Indian,0.135
I05637,R0569,Buttermilk,beverage,veg,49,Spiced yogurt drink,beverage|veg|South Indian,0.176
I05638,R0569,Filter Coffee,beverage,veg,56,South Indian filter coffee,beverage|veg|South Indian,0.124
I05639,R0570,Mojito,main,veg,154,Refreshing mint drink,main|veg|Beverages|popular,0.0
I05640,R0570,Smoothie,main,veg,210,Fruit smoothie,main|veg|Beverages|popular,0.0
I05641,R0570,Whipped Cream,side,veg,35,Extra whipped cream,side|veg|Beverages,0.316
I05642,R0570,Extra Shot,side,veg,42,Extra coffee shot,side|veg|Beverages,0.137
I05643,R0570,Cookie,dessert,veg,70,Fresh baked cookie,dessert|veg|Beverages,0.126
I05644,R0570,Muffin,dessert,veg,84,Fresh muffin,dessert|veg|Beverages,0.107
I05645,R0570,Soft Drink,beverage,veg,70,Refreshing beverage,beverage|veg|Beverages,0.131
I05646,R0570,Water Bottle,beverage,veg,28,Mineral water,beverage|veg|Beverages,0.107
I05647,R0571,Pancake,main,veg,176,Fluffy pancakes,main|veg|Desserts|popular,0.0
I05648,R0571,Ice Cream Sundae,main,veg,165,Loaded ice cream sundae,main|veg|Desserts|popular,0.0
I05649,R0571,Waffle,main,veg,198,Belgian waffle with toppings,main|veg|Desserts|popular,0.0
I05650,R0571,Syrup Shot,side,veg,33,Extra syrup,side|veg|Desserts,0.393
I05651,R0571,Extra Toppings,side,veg,44,Additional toppings,side|veg|Desserts,0.32
I05652,R0571,Cheesecake,dessert,veg,198,Creamy cheesecake,dessert|veg|Desserts,0.199
I05653,R0571,Chocolate Cake,dessert,veg,132,Rich chocolate cake,dessert|veg|Desserts,0.274
I05654,R0571,Hot Chocolate,beverage,veg,110,Rich hot chocolate,beverage|veg|Desserts,0.341
I05655,R0571,Milkshake,beverage,veg,143,Thick milkshake,beverage|veg|Desserts,0.146
I05656,R0572,Egg Biryani,main,non-veg,209,Rice with boiled eggs and spices,main|non-veg|Biryani|popular,0.0
I05657,R0572,Veg Biryani,main,veg,190,Flavorful rice with mixed vegetables,main|veg|Biryani|popular,0.0
I05658,R0572,Chicken Biryani,main,non-veg,266,Fragrant basmati rice with tender chicken pieces,main|non-veg|Biryani|popular,0.0
I05659,R0572,Mutton Biryani,main,non-veg,332,Aromatic rice with succulent mutton,main|non-veg|Biryani|popular,0.0
I05660,R0572,Double Ka Meetha,side,veg,76,Sweet bread pudding,side|veg|Biryani,0.168
I05661,R0572,Salan,side,veg,57,Spicy curry accompaniment,side|veg|Biryani,0.24
I05662,R0572,Raita,side,veg,38,Cooling yogurt with cucumber and spices,side|veg|Biryani,0.284
I05663,R0572,Gulab Jamun,dessert,veg,57,Soft milk dumplings in sugar syrup,dessert|veg|Biryani,0.302
I05664,R0572,Khubani Ka Meetha,dessert,veg,85,Apricot dessert,dessert|veg|Biryani,0.153
I05665,R0572,Soft Drink,beverage,veg,47,Refreshing carbonated beverage,beverage|veg|Biryani,0.213
I05666,R0572,Lassi,beverage,veg,66,Thick yogurt drink,beverage|veg|Biryani,0.115
I05667,R0573,Samosa,main,veg,33,Crispy pastry with filling,main|veg|Street Food|popular,0.0
I05668,R0573,Pani Puri,main,veg,66,Crispy puris with flavored water,main|veg|Street Food|popular,0.0
I05669,R0573,Pav Bhaji,main,veg,132,Mashed vegetable curry with bread,main|veg|Street Food|popular,0.0
I05670,R0573,Chole Bhature,main,veg,143,Chickpea curry with fried bread,main|veg|Street Food|popular,0.0
I05671,R0573,Papad,side,veg,22,Crispy papad,side|veg|Street Food,0.145
I05672,R0573,Extra Pav,side,veg,16,Extra bread,side|veg|Street Food,0.349
I05673,R0573,Jalebi,dessert,veg,55,Sweet fried spirals,dessert|veg|Street Food,0.243
I05674,R0573,Rabri,dessert,veg,88,Thickened sweet milk,dessert|veg|Street Food,0.283
I05675,R0573,Lassi,beverage,veg,66,Yogurt drink,beverage|veg|Street Food,0.141
I05676,R0573,Masala Chai,beverage,veg,33,Spiced tea,beverage|veg|Street Food,0.194
I05677,R0574,Ice Cream Sundae,main,veg,142,Loaded ice cream sundae,main|veg|Desserts|popular,0.0
I05678,R0574,Pancake,main,veg,152,Fluffy pancakes,main|veg|Desserts|popular,0.0
I05679,R0574,Waffle,main,veg,171,Belgian waffle with toppings,main|veg|Desserts|popular,0.0
I05680,R0574,Syrup Shot,side,veg,28,Extra syrup,side|veg|Desserts,0.361
I05681,R0574,Extra Toppings,side,veg,38,Additional toppings,side|veg|Desserts,0.229
I05682,R0574,Chocolate Cake,dessert,veg,114,Rich chocolate cake,dessert|veg|Desserts,0.205
I05683,R0574,Cheesecake,dessert,veg,171,Creamy cheesecake,dessert|veg|Desserts,0.308
I05684,R0574,Hot Chocolate,beverage,veg,95,Rich hot chocolate,beverage|veg|Desserts,0.37
I05685,R0574,Milkshake,beverage,veg,123,Thick milkshake,beverage|veg|Desserts,0.391
I05686,R0575,Pancake,main,veg,224,Fluffy pancakes,main|veg|Desserts|popular,0.0
I05687,R0575,Waffle,main,veg,251,Belgian waffle with toppings,main|veg|Desserts|popular,0.0
I05688,R0575,Syrup Shot,side,veg,42,Extra syrup,side|veg|Desserts,0.266
I05689,R0575,Extra Toppings,side,veg,56,Additional toppings,side|veg|Desserts,0.135
I05690,R0575,Chocolate Cake,dessert,veg,168,Rich chocolate cake,dessert|veg|Desserts,0.398
I05691,R0575,Cheesecake,dessert,veg,251,Creamy cheesecake,dessert|veg|Desserts,0.375
I05692,R0575,Milkshake,beverage,veg,182,Thick milkshake,beverage|veg|Desserts,0.337
I05693,R0575,Hot Chocolate,beverage,veg,140,Rich hot chocolate,beverage|veg|Desserts,0.379
I05694,R0576,Masala Dosa,main,veg,132,Crispy crepe with potato filling,main|veg|South Indian|popular,0.0
I05695,R0576,Vada,main,veg,77,Crispy fried lentil donuts,main|veg|South Indian|popular,0.0
I05696,R0576,Idli Sambar,main,veg,88,Steamed rice cakes with lentil curry,main|veg|South Indian|popular,0.0
I05697,R0576,Chicken Chettinad,main,non-veg,308,Spicy Chettinad chicken,main|non-veg|South Indian|popular,0.0
I05698,R0576,Tomato Chutney,side,veg,33,Tangy tomato chutney,side|veg|South Indian,0.393
I05699,R0576,Coconut Chutney,side,veg,33,Fresh coconut chutney,side|veg|South Indian,0.328
I05700,R0576,Sambar,side,veg,44,Lentil and vegetable curry,side|veg|South Indian,0.139
I05701,R0576,Payasam,dessert,veg,66,Sweet milk pudding,dessert|veg|South Indian,0.147
I05702,R0576,Kesari,dessert,veg,55,Semolina sweet,dessert|veg|South Indian,0.347
I05703,R0576,Filter Coffee,beverage,veg,44,South Indian filter coffee,beverage|veg|South Indian,0.307
I05704,R0576,Buttermilk,beverage,veg,38,Spiced yogurt drink,beverage|veg|South Indian,0.258
I05705,R0577,Paneer Tikka,main,veg,308,Grilled cottage cheese,main|veg|North Indian|popular,0.0
I05706,R0577,Butter Chicken,main,non-veg,352,Creamy tomato-based chicken curry,main|non-veg|North Indian|popular,0.0
I05707,R0577,Rogan Josh,main,non-veg,418,Kashmiri lamb curry,main|non-veg|North Indian|popular,0.0
I05708,R0577,Dal Makhani,main,veg,242,Creamy black lentils,main|veg|North Indian|popular,0.0
I05709,R0577,Garlic Naan,side,veg,66,Garlic flavored naan,side|veg|North Indian,0.249
I05710,R0577,Tandoori Roti,side,veg,27,Whole wheat flatbread,side|veg|North Indian,0.178
I05711,R0577,Butter Naan,side,veg,55,Buttery flatbread,side|veg|North Indian,0.107
I05712,R0577,Jeera Rice,side,veg,132,Cumin flavored rice,side|veg|North Indian,0.193
I05713,R0577,Rasmalai,dessert,veg,88,Soft cheese patties in milk,dessert|veg|North Indian,0.229
I05714,R0577,Gulab Jamun,dessert,veg,66,Sweet milk dumplings,dessert|veg|North Indian,0.191
I05715,R0577,Lassi,beverage,veg,77,Sweet yogurt drink,beverage|veg|North Indian,0.296
I05716,R0577,Buttermilk,beverage,veg,44,Spiced yogurt drink,beverage|veg|North Indian,0.217
I05717,R0578,Hakka Noodles,main,veg,187,Stir-fried noodles,main|veg|Chinese|popular,0.0
I05718,R0578,Chilli Chicken,main,non-veg,286,Spicy chicken preparation,main|non-veg|Chinese|popular,0.0
I05719,R0578,Manchurian,main,veg,220,Vegetable balls in gravy,main|veg|Chinese|popular,0.0
I05720,R0578,Fried Rice,main,veg,198,Stir-fried rice with vegetables,main|veg|Chinese|popular,0.0
I05721,R0578,Chilli Potato,side,veg,121,Spicy potato fingers,side|veg|Chinese,0.161
I05722,R0578,Momos,side,veg,132,Steamed dumplings,side|veg|Chinese,0.251
I05723,R0578,Spring Roll,side,veg,99,Crispy vegetable rolls,side|veg|Chinese,0.207
I05724,R0578,Date Pancake,dessert,veg,110,Sweet pancake with dates,dessert|veg|Chinese,0.259
I05725,R0578,Honey Noodles,dessert,veg,88,Crispy noodles with honey,dessert|veg|Chinese,0.353
I05726,R0578,Soft Drink,beverage,veg,55,Refreshing beverage,beverage|veg|Chinese,0.157
I05727,R0578,Green Tea,beverage,veg,44,Hot green tea,beverage|veg|Chinese,0.356
I05728,R0579,Chicken Chettinad,main,non-veg,350,Spicy Chettinad chicken,main|non-veg|South Indian|popular,0.0
I05729,R0579,Masala Dosa,main,veg,150,Crispy crepe with potato filling,main|veg|South Indian|popular,0.0
I05730,R0579,Vada,main,veg,87,Crispy fried lentil donuts,main|veg|South Indian|popular,0.0
I05731,R0579,Sambar,side,veg,50,Lentil and vegetable curry,side|veg|South Indian,0.239
I05732,R0579,Coconut Chutney,side,veg,37,Fresh coconut chutney,side|veg|South Indian,0.115
I05733,R0579,Tomato Chutney,side,veg,37,Tangy tomato chutney,side|veg|South Indian,0.306
I05734,R0579,Kesari,dessert,veg,62,Semolina sweet,dessert|veg|South Indian,0.257
I05735,R0579,Payasam,dessert,veg,75,Sweet milk pudding,dessert|veg|South Indian,0.377
I05736,R0579,Filter Coffee,beverage,veg,50,South Indian filter coffee,beverage|veg|South Indian,0.101
I05737,R0579,Buttermilk,beverage,veg,43,Spiced yogurt drink,beverage|veg|South Indian,0.252
I05738,R0580,Chilli Chicken,main,non-veg,364,Spicy chicken preparation,main|non-veg|Chinese|popular,0.0
I05739,R0580,Fried Rice,main,veg,251,Stir-fried rice with vegetables,main|veg|Chinese|popular,0.0
I05740,R0580,Momos,side,veg,168,Steamed dumplings,side|veg|Chinese,0.258
I05741,R0580,Chilli Potato,side,veg,154,Spicy potato fingers,side|veg|Chinese,0.396
I05742,R0580,Honey Noodles,dessert,veg,112,Crispy noodles with honey,dessert|veg|Chinese,0.364
I05743,R0580,Date Pancake,dessert,veg,140,Sweet pancake with dates,dessert|veg|Chinese,0.263
I05744,R0580,Green Tea,beverage,veg,56,Hot green tea,beverage|veg|Chinese,0.104
I05745,R0580,Soft Drink,beverage,veg,70,Refreshing beverage,beverage|veg|Chinese,0.333
I05746,R0581,Mojito,main,veg,104,Refreshing mint drink,main|veg|Beverages|popular,0.0
I05747,R0581,Cold Coffee,main,veg,123,Iced coffee,main|veg|Beverages|popular,0.0
I05748,R0581,Smoothie,main,veg,142,Fruit smoothie,main|veg|Beverages|popular,0.0
I05749,R0581,Whipped Cream,side,veg,23,Extra whipped cream,side|veg|Beverages,0.193
I05750,R0581,Extra Shot,side,veg,28,Extra coffee shot,side|veg|Beverages,0.36
I05751,R0581,Muffin,dessert,veg,57,Fresh muffin,dessert|veg|Beverages,0.263
I05752,R0581,Cookie,dessert,veg,47,Fresh baked cookie,dessert|veg|Beverages,0.18
I05753,R0581,Water Bottle,beverage,veg,19,Mineral water,beverage|veg|Beverages,0.227
I05754,R0581,Soft Drink,beverage,veg,47,Refreshing beverage,beverage|veg|Beverages,0.333
I05755,R0582,Smoothie,main,veg,187,Fruit smoothie,main|veg|Beverages|popular,0.0
I05756,R0582,Mojito,main,veg,137,Refreshing mint drink,main|veg|Beverages|popular,0.0
I05757,R0582,Cold Coffee,main,veg,162,Iced coffee,main|veg|Beverages|popular,0.0
I05758,R0582,Extra Shot,side,veg,37,Extra coffee shot,side|veg|Beverages,0.13
I05759,R0582,Whipped Cream,side,veg,31,Extra whipped cream,side|veg|Beverages,0.283
I05760,R0582,Muffin,dessert,veg,75,Fresh muffin,dessert|veg|Beverages,0.103
I05761,R0582,Cookie,dessert,veg,62,Fresh baked cookie,dessert|veg|Beverages,0.137
I05762,R0582,Soft Drink,beverage,veg,62,Refreshing beverage,beverage|veg|Beverages,0.179
I05763,R0582,Water Bottle,beverage,veg,25,Mineral water,beverage|veg|Beverages,0.317
I05764,R0583,Vada,main,veg,77,Crispy fried lentil donuts,main|veg|South Indian|popular,0.0
I05765,R0583,Chicken Chettinad,main,non-veg,308,Spicy Chettinad chicken,main|non-veg|South Indian|popular,0.0
I05766,R0583,Idli Sambar,main,veg,88,Steamed rice cakes with lentil curry,main|veg|South Indian|popular,0.0
I05767,R0583,Masala Dosa,main,veg,132,Crispy crepe with potato filling,main|veg|South Indian|popular,0.0
I05768,R0583,Sambar,side,veg,44,Lentil and vegetable curry,side|veg|South Indian,0.383
I05769,R0583,Tomato Chutney,side,veg,33,Tangy tomato chutney,side|veg|South Indian,0.34
I05770,R0583,Coconut Chutney,side,veg,33,Fresh coconut chutney,side|veg|South Indian,0.182
I05771,R0583,Payasam,dessert,veg,66,Sweet milk pudding,dessert|veg|South Indian,0.176
I05772,R0583,Kesari,dessert,veg,55,Semolina sweet,dessert|veg|South Indian,0.37
I05773,R0583,Buttermilk,beverage,veg,38,Spiced yogurt drink,beverage|veg|South Indian,0.375
I05774,R0583,Filter Coffee,beverage,veg,44,South Indian filter coffee,beverage|veg|South Indian,0.237
I05775,R0584,Pav Bhaji,main,veg,150,Mashed vegetable curry with bread,main|veg|Street Food|popular,0.0
I05776,R0584,Samosa,main,veg,37,Crispy pastry with filling,main|veg|Street Food|popular,0.0
I05777,R0584,Pani Puri,main,veg,75,Crispy puris with flavored water,main|veg|Street Food|popular,0.0
I05778,R0584,Extra Pav,side,veg,18,Extra bread,side|veg|Street Food,0.165
I05779,R0584,Papad,side,veg,25,Crispy papad,side|veg|Street Food,0.301
I05780,R0584,Jalebi,dessert,veg,62,Sweet fried spirals,dessert|veg|Street Food,0.311
I05781,R0584,Rabri,dessert,veg,100,Thickened sweet milk,dessert|veg|Street Food,0.324
I05782,R0584,Lassi,beverage,veg,75,Yogurt drink,beverage|veg|Street Food,0.117
I05783,R0584,Masala Chai,beverage,veg,37,Spiced tea,beverage|veg|Street Food,0.377
I05784,R0585,Smoothie,main,veg,187,Fruit smoothie,main|veg|Beverages|popular,0.0
I05785,R0585,Mojito,main,veg,137,Refreshing mint drink,main|veg|Beverages|popular,0.0
I05786,R0585,Cold Coffee,main,veg,162,Iced coffee,main|veg|Beverages|popular,0.0
I05787,R0585,Extra Shot,side,veg,37,Extra coffee shot,side|veg|Beverages,0.259
I05788,R0585,Whipped Cream,side,veg,31,Extra whipped cream,side|veg|Beverages,0.317
I05789,R0585,Cookie,dessert,veg,62,Fresh baked cookie,dessert|veg|Beverages,0.234
I05790,R0585,Muffin,dessert,veg,75,Fresh muffin,dessert|veg|Beverages,0.152
I05791,R0585,Water Bottle,beverage,veg,25,Mineral water,beverage|veg|Beverages,0.232
I05792,R0585,Soft Drink,beverage,veg,62,Refreshing beverage,beverage|veg|Beverages,0.138
I05793,R0586,Smoothie,main,veg,165,Fruit smoothie,main|veg|Beverages|popular,0.0
I05794,R0586,Mojito,main,veg,121,Refreshing mint drink,main|veg|Beverages|popular,0.0
I05795,R0586,Cold Coffee,main,veg,143,Iced coffee,main|veg|Beverages|popular,0.0
I05796,R0586,Whipped Cream,side,veg,27,Extra whipped cream,side|veg|Beverages,0.2
I05797,R0586,Extra Shot,side,veg,33,Extra coffee shot,side|veg|Beverages,0.386
I05798,R0586,Muffin,dessert,veg,66,Fresh muffin,dessert|veg|Beverages,0.17
I05799,R0586,Cookie,dessert,veg,55,Fresh baked cookie,dessert|veg|Beverages,0.32
I05800,R0586,Soft Drink,beverage,veg,55,Refreshing beverage,beverage|veg|Beverages,0.185
I05801,R0586,Water Bottle,beverage,veg,22,Mineral water,beverage|veg|Beverages,0.15
I05802,R0587,Ice Cream Sundae,main,veg,165,Loaded ice cream sundae,main|veg|Desserts|popular,0.0
I05803,R0587,Waffle,main,veg,198,Belgian waffle with toppings,main|veg|Desserts|popular,0.0
I05804,R0587,Pancake,main,veg,176,Fluffy pancakes,main|veg|Desserts|popular,0.0
I05805,R0587,Syrup Shot,side,veg,33,Extra syrup,side|veg|Desserts,0.181
I05806,R0587,Extra Toppings,side,veg,44,Additional toppings,side|veg|Desserts,0.278
I05807,R0587,Cheesecake,dessert,veg,198,Creamy cheesecake,dessert|veg|Desserts,0.174
I05808,R0587,Chocolate Cake,dessert,veg,132,Rich chocolate cake,dessert|veg|Desserts,0.351
I05809,R0587,Milkshake,beverage,veg,143,Thick milkshake,beverage|veg|Desserts,0.235
I05810,R0587,Hot Chocolate,beverage,veg,110,Rich hot chocolate,beverage|veg|Desserts,0.317
I05811,R0588,Pani Puri,main,veg,66,Crispy puris with flavored water,main|veg|Street Food|popular,0.0
I05812,R0588,Pav Bhaji,main,veg,132,Mashed vegetable curry with bread,main|veg|Street Food|popular,0.0
I05813,R0588,Chole Bhature,main,veg,143,Chickpea curry with fried bread,main|veg|Street Food|popular,0.0
I05814,R0588,Samosa,main,veg,33,Crispy pastry with filling,main|veg|Street Food|popular,0.0
I05815,R0588,Papad,side,veg,22,Crispy papad,side|veg|Street Food,0.11
I05816,R0588,Extra Pav,side,veg,16,Extra bread,side|veg|Street Food,0.193
I05817,R0588,Jalebi,dessert,veg,55,Sweet fried spirals,dessert|veg|Street Food,0.256
I05818,R0588,Rabri,dessert,veg,88,Thickened sweet milk,dessert|veg|Street Food,0.314
I05819,R0588,Lassi,beverage,veg,66,Yogurt drink,beverage|veg|Street Food,0.369
I05820,R0588,Masala Chai,beverage,veg,33,Spiced tea,beverage|veg|Street Food,0.329
I05821,R0589,Waffle,main,veg,198,Belgian waffle with toppings,main|veg|Desserts|popular,0.0
I05822,R0589,Pancake,main,veg,176,Fluffy pancakes,main|veg|Desserts|popular,0.0
I05823,R0589,Ice Cream Sundae,main,veg,165,Loaded ice cream sundae,main|veg|Desserts|popular,0.0
I05824,R0589,Syrup Shot,side,veg,33,Extra syrup,side|veg|Desserts,0.391
I05825,R0589,Extra Toppings,side,veg,44,Additional toppings,side|veg|Desserts,0.142
I05826,R0589,Cheesecake,dessert,veg,198,Creamy cheesecake,dessert|veg|Desserts,0.353
I05827,R0589,Chocolate Cake,dessert,veg,132,Rich chocolate cake,dessert|veg|Desserts,0.203
I05828,R0589,Hot Chocolate,beverage,veg,110,Rich hot chocolate,beverage|veg|Desserts,0.371
I05829,R0589,Milkshake,beverage,veg,143,Thick milkshake,beverage|veg|Desserts,0.299
I05830,R0590,Veg Biryani,main,veg,220,Flavorful rice with mixed vegetables,main|veg|Biryani|popular,0.0
I05831,R0590,Chicken Biryani,main,non-veg,308,Fragrant basmati rice with tender chicken pieces,main|non-veg|Biryani|popular,0.0
I05832,R0590,Mutton Biryani,main,non-veg,385,Aromatic rice with succulent mutton,main|non-veg|Biryani|popular,0.0
I05833,R0590,Egg Biryani,main,non-veg,242,Rice with boiled eggs and spices,main|non-veg|Biryani|popular,0.0
I05834,R0590,Double Ka Meetha,side,veg,88,Sweet bread pudding,side|veg|Biryani,0.236
I05835,R0590,Salan,side,veg,66,Spicy curry accompaniment,side|veg|Biryani,0.283
I05836,R0590,Raita,side,veg,44,Cooling yogurt with cucumber and spices,side|veg|Biryani,0.272
I05837,R0590,Gulab Jamun,dessert,veg,66,Soft milk dumplings in sugar syrup,dessert|veg|Biryani,0.149
I05838,R0590,Khubani Ka Meetha,dessert,veg,99,Apricot dessert,dessert|veg|Biryani,0.395
I05839,R0590,Lassi,beverage,veg,77,Thick yogurt drink,beverage|veg|Biryani,0.285
I05840,R0590,Soft Drink,beverage,veg,55,Refreshing carbonated beverage,beverage|veg|Biryani,0.113
I05841,R0591,Chicken Biryani,main,non-veg,308,Fragrant basmati rice with tender chicken pieces,main|non-veg|Biryani|popular,0.0
I05842,R0591,Egg Biryani,main,non-veg,242,Rice with boiled eggs and spices,main|non-veg|Biryani|popular,0.0
I05843,R0591,Mutton Biryani,main,non-veg,385,Aromatic rice with succulent mutton,main|non-veg|Biryani|popular,0.0
I05844,R0591,Veg Biryani,main,veg,220,Flavorful rice with mixed vegetables,main|veg|Biryani|popular,0.0
I05845,R0591,Raita,side,veg,44,Cooling yogurt with cucumber and spices,side|veg|Biryani,0.231
I05846,R0591,Double Ka Meetha,side,veg,88,Sweet bread pudding,side|veg|Biryani,0.377
I05847,R0591,Salan,side,veg,66,Spicy curry accompaniment,side|veg|Biryani,0.17
I05848,R0591,Khubani Ka Meetha,dessert,veg,99,Apricot dessert,dessert|veg|Biryani,0.397
I05849,R0591,Gulab Jamun,dessert,veg,66,Soft milk dumplings in sugar syrup,dessert|veg|Biryani,0.285
I05850,R0591,Soft Drink,beverage,veg,55,Refreshing carbonated beverage,beverage|veg|Biryani,0.141
I05851,R0591,Lassi,beverage,veg,77,Thick yogurt drink,beverage|veg|Biryani,0.207
I05852,R0592,Veg Biryani,main,veg,280,Flavorful rice with mixed vegetables,main|veg|Biryani|popular,0.0
I05853,R0592,Mutton Biryani,main,non-veg,489,Aromatic rice with succulent mutton,main|non-veg|Biryani|popular,0.0
I05854,R0592,Double Ka Meetha,side,veg,112,Sweet bread pudding,side|veg|Biryani,0.156
I05855,R0592,Salan,side,veg,84,Spicy curry accompaniment,side|veg|Biryani,0.224
I05856,R0592,Khubani Ka Meetha,dessert,veg,125,Apricot dessert,dessert|veg|Biryani,0.118
I05857,R0592,Gulab Jamun,dessert,veg,84,Soft milk dumplings in sugar syrup,dessert|veg|Biryani,0.208
I05858,R0592,Lassi,beverage,veg,98,Thick yogurt drink,beverage|veg|Biryani,0.181
I05859,R0592,Soft Drink,beverage,veg,70,Refreshing carbonated beverage,beverage|veg|Biryani,0.266
I05860,R0593,Fish and Chips,main,non-veg,489,Classic fish and chips,main|non-veg|Continental|popular,0.0
I05861,R0593,Grilled Chicken,main,non-veg,448,Herb grilled chicken,main|non-veg|Continental|popular,0.0
I05862,R0593,Garlic Bread,side,veg,125,Garlic bread,side|veg|Continental,0.312
I05863,R0593,Mashed Potatoes,side,veg,140,Creamy mashed potatoes,side|veg|Continental,0.35
I05864,R0593,Tiramisu,dessert,veg,251,Classic Italian dessert,dessert|veg|Continental,0.144
I05865,R0593,Panna Cotta,dessert,veg,224,Italian custard,dessert|veg|Continental,0.17
I05866,R0593,Lemonade,beverage,veg,98,Fresh lemonade,beverage|veg|Continental,0.294
I05867,R0593,Iced Tea,beverage,veg,112,Refreshing iced tea,beverage|veg|Continental,0.109
I05868,R0594,Smoothie,main,veg,187,Fruit smoothie,main|veg|Beverages|popular,0.0
I05869,R0594,Cold Coffee,main,veg,162,Iced coffee,main|veg|Beverages|popular,0.0
I05870,R0594,Mojito,main,veg,137,Refreshing mint drink,main|veg|Beverages|popular,0.0
I05871,R0594,Whipped Cream,side,veg,31,Extra whipped cream,side|veg|Beverages,0.359
I05872,R0594,Extra Shot,side,veg,37,Extra coffee shot,side|veg|Beverages,0.357
I05873,R0594,Cookie,dessert,veg,62,Fresh baked cookie,dessert|veg|Beverages,0.123
I05874,R0594,Muffin,dessert,veg,75,Fresh muffin,dessert|veg|Beverages,0.281
I05875,R0594,Soft Drink,beverage,veg,62,Refreshing beverage,beverage|veg|Beverages,0.102
I05876,R0594,Water Bottle,beverage,veg,25,Mineral water,beverage|veg|Beverages,0.279
I05877,R0595,Rogan Josh,main,non-veg,475,Kashmiri lamb curry,main|non-veg|North Indian|popular,0.0
I05878,R0595,Paneer Tikka,main,veg,350,Grilled cottage cheese,main|veg|North Indian|popular,0.0
I05879,R0595,Dal Makhani,main,veg,275,Creamy black lentils,main|veg|North Indian|popular,0.0
I05880,R0595,Jeera Rice,side,veg,150,Cumin flavored rice,side|veg|North Indian,0.383
I05881,R0595,Garlic Naan,side,veg,75,Garlic flavored naan,side|veg|North Indian,0.381
I05882,R0595,Tandoori Roti,side,veg,31,Whole wheat flatbread,side|veg|North Indian,0.175
I05883,R0595,Gulab Jamun,dessert,veg,75,Sweet milk dumplings,dessert|veg|North Indian,0.242
I05884,R0595,Rasmalai,dessert,veg,100,Soft cheese patties in milk,dessert|veg|North Indian,0.256
I05885,R0595,Buttermilk,beverage,veg,50,Spiced yogurt drink,beverage|veg|North Indian,0.139
I05886,R0595,Lassi,beverage,veg,87,Sweet yogurt drink,beverage|veg|North Indian,0.321
I05887,R0596,Waffle,main,veg,198,Belgian waffle with toppings,main|veg|Desserts|popular,0.0
I05888,R0596,Pancake,main,veg,176,Fluffy pancakes,main|veg|Desserts|popular,0.0
I05889,R0596,Ice Cream Sundae,main,veg,165,Loaded ice cream sundae,main|veg|Desserts|popular,0.0
I05890,R0596,Extra Toppings,side,veg,44,Additional toppings,side|veg|Desserts,0.154
I05891,R0596,Syrup Shot,side,veg,33,Extra syrup,side|veg|Desserts,0.314
I05892,R0596,Cheesecake,dessert,veg,198,Creamy cheesecake,dessert|veg|Desserts,0.306
I05893,R0596,Chocolate Cake,dessert,veg,132,Rich chocolate cake,dessert|veg|Desserts,0.347
I05894,R0596,Hot Chocolate,beverage,veg,110,Rich hot chocolate,beverage|veg|Desserts,0.332
I05895,R0596,Milkshake,beverage,veg,143,Thick milkshake,beverage|veg|Desserts,0.159
I05896,R0597,Masala Dosa,main,veg,114,Crispy crepe with potato filling,main|veg|South Indian|popular,0.0
I05897,R0597,Idli Sambar,main,veg,76,Steamed rice cakes with lentil curry,main|veg|South Indian|popular,0.0
I05898,R0597,Vada,main,veg,66,Crispy fried lentil donuts,main|veg|South Indian|popular,0.0
I05899,R0597,Chicken Chettinad,main,non-veg,266,Spicy Chettinad chicken,main|non-veg|South Indian|popular,0.0
I05900,R0597,Tomato Chutney,side,veg,28,Tangy tomato chutney,side|veg|South Indian,0.325
I05901,R0597,Coconut Chutney,side,veg,28,Fresh coconut chutney,side|veg|South Indian,0.118
I05902,R0597,Sambar,side,veg,38,Lentil and vegetable curry,side|veg|South Indian,0.26
I05903,R0597,Kesari,dessert,veg,47,Semolina sweet,dessert|veg|South Indian,0.359
I05904,R0597,Payasam,dessert,veg,57,Sweet milk pudding,dessert|veg|South Indian,0.344
I05905,R0597,Filter Coffee,beverage,veg,38,South Indian filter coffee,beverage|veg|South Indian,0.301
I05906,R0597,Buttermilk,beverage,veg,33,Spiced yogurt drink,beverage|veg|South Indian,0.176
I05907,R0598,Smoothie,main,veg,187,Fruit smoothie,main|veg|Beverages|popular,0.0
I05908,R0598,Cold Coffee,main,veg,162,Iced coffee,main|veg|Beverages|popular,0.0
I05909,R0598,Mojito,main,veg,137,Refreshing mint drink,main|veg|Beverages|popular,0.0
I05910,R0598,Extra Shot,side,veg,37,Extra coffee shot,side|veg|Beverages,0.222
I05911,R0598,Whipped Cream,side,veg,31,Extra whipped cream,side|veg|Beverages,0.153
I05912,R0598,Muffin,dessert,veg,75,Fresh muffin,dessert|veg|Beverages,0.372
I05913,R0598,Cookie,dessert,veg,62,Fresh baked cookie,dessert|veg|Beverages,0.177
I05914,R0598,Water Bottle,beverage,veg,25,Mineral water,beverage|veg|Beverages,0.329
I05915,R0598,Soft Drink,beverage,veg,62,Refreshing beverage,beverage|veg|Beverages,0.224
I05916,R0599,Hakka Noodles,main,veg,161,Stir-fried noodles,main|veg|Chinese|popular,0.0
I05917,R0599,Chilli Chicken,main,non-veg,247,Spicy chicken preparation,main|non-veg|Chinese|popular,0.0
I05918,R0599,Manchurian,main,veg,190,Vegetable balls in gravy,main|veg|Chinese|popular,0.0
I05919,R0599,Fried Rice,main,veg,171,Stir-fried rice with vegetables,main|veg|Chinese|popular,0.0
I05920,R0599,Momos,side,veg,114,Steamed dumplings,side|veg|Chinese,0.25
I05921,R0599,Spring Roll,side,veg,85,Crispy vegetable rolls,side|veg|Chinese,0.247
I05922,R0599,Chilli Potato,side,veg,104,Spicy potato fingers,side|veg|Chinese,0.355
I05923,R0599,Honey Noodles,dessert,veg,76,Crispy noodles with honey,dessert|veg|Chinese,0.399
I05924,R0599,Date Pancake,dessert,veg,95,Sweet pancake with dates,dessert|veg|Chinese,0.104
I05925,R0599,Green Tea,beverage,veg,38,Hot green tea,beverage|veg|Chinese,0.158
I05926,R0599,Soft Drink,beverage,veg,47,Refreshing beverage,beverage|veg|Chinese,0.352
I05927,R0600,Frankie,main,veg,150,Stuffed roll,main|veg|Fast Food|popular,0.0
I05928,R0600,Chicken Wrap,main,non-veg,225,Chicken stuffed wrap,main|non-veg|Fast Food|popular,0.0
I05929,R0600,Sandwich,main,veg,125,Grilled sandwich,main|veg|Fast Food|popular,0.0
I05930,R0600,Onion Rings,side,veg,112,Crispy onion rings,side|veg|Fast Food,0.269
I05931,R0600,Fries,side,veg,100,Crispy fries,side|veg|Fast Food,0.322
I05932,R0600,Ice Cream,dessert,veg,75,Vanilla ice cream,dessert|veg|Fast Food,0.317
I05933,R0600,Brownie,dessert,veg,125,Chocolate brownie,dessert|veg|Fast Food,0.302
I05934,R0600,Cold Coffee,beverage,veg,150,Iced coffee,beverage|veg|Fast Food,0.389
I05935,R0600,Soft Drink,beverage,veg,62,Refreshing beverage,beverage|veg|Fast Food,0.389
I05936,R0601,Mutton Biryani,main,non-veg,385,Aromatic rice with succulent mutton,main|non-veg|Biryani|popular,0.0
I05937,R0601,Chicken Biryani,main,non-veg,308,Fragrant basmati rice with tender chicken pieces,main|non-veg|Biryani|popular,0.0
I05938,R0601,Veg Biryani,main,veg,220,Flavorful rice with mixed vegetables,main|veg|Biryani|popular,0.0
I05939,R0601,Egg Biryani,main,non-veg,242,Rice with boiled eggs and spices,main|non-veg|Biryani|popular,0.0
I05940,R0601,Salan,side,veg,66,Spicy curry accompaniment,side|veg|Biryani,0.106
I05941,R0601,Double Ka Meetha,side,veg,88,Sweet bread pudding,side|veg|Biryani,0.298
I05942,R0601,Raita,side,veg,44,Cooling yogurt with cucumber and spices,side|veg|Biryani,0.288
I05943,R0601,Gulab Jamun,dessert,veg,66,Soft milk dumplings in sugar syrup,dessert|veg|Biryani,0.237
I05944,R0601,Khubani Ka Meetha,dessert,veg,99,Apricot dessert,dessert|veg|Biryani,0.184
I05945,R0601,Lassi,beverage,veg,77,Thick yogurt drink,beverage|veg|Biryani,0.168
I05946,R0601,Soft Drink,beverage,veg,55,Refreshing carbonated beverage,beverage|veg|Biryani,0.315
I05947,R0602,Idli Sambar,main,veg,76,Steamed rice cakes with lentil curry,main|veg|South Indian|popular,0.0
I05948,R0602,Vada,main,veg,66,Crispy fried lentil donuts,main|veg|South Indian|popular,0.0
I05949,R0602,Chicken Chettinad,main,non-veg,266,Spicy Chettinad chicken,main|non-veg|South Indian|popular,0.0
I05950,R0602,Masala Dosa,main,veg,114,Crispy crepe with potato filling,main|veg|South Indian|popular,0.0
I05951,R0602,Sambar,side,veg,38,Lentil and vegetable curry,side|veg|South Indian,0.385
I05952,R0602,Tomato Chutney,side,veg,28,Tangy tomato chutney,side|veg|South Indian,0.375
I05953,R0602,Coconut Chutney,side,veg,28,Fresh coconut chutney,side|veg|South Indian,0.308
I05954,R0602,Kesari,dessert,veg,47,Semolina sweet,dessert|veg|South Indian,0.188
I05955,R0602,Payasam,dessert,veg,57,Sweet milk pudding,dessert|veg|South Indian,0.357
I05956,R0602,Buttermilk,beverage,veg,33,Spiced yogurt drink,beverage|veg|South Indian,0.139
I05957,R0602,Filter Coffee,beverage,veg,38,South Indian filter coffee,beverage|veg|South Indian,0.291
I05958,R0603,Frankie,main,veg,150,Stuffed roll,main|veg|Italian|popular,0.0
I05959,R0603,Sandwich,main,veg,125,Grilled sandwich,main|veg|Italian|popular,0.0
I05960,R0603,Chicken Wrap,main,non-veg,225,Chicken stuffed wrap,main|non-veg|Italian|popular,0.0
I05961,R0603,Onion Rings,side,veg,112,Crispy onion rings,side|veg|Italian,0.336
I05962,R0603,Fries,side,veg,100,Crispy fries,side|veg|Italian,0.337
I05963,R0603,Ice Cream,dessert,veg,75,Vanilla ice cream,dessert|veg|Italian,0.131
I05964,R0603,Brownie,dessert,veg,125,Chocolate brownie,dessert|veg|Italian,0.339
I05965,R0603,Cold Coffee,beverage,veg,150,Iced coffee,beverage|veg|Italian,0.288
I05966,R0603,Soft Drink,beverage,veg,62,Refreshing beverage,beverage|veg|Italian,0.338
I05967,R0604,Ice Cream Sundae,main,veg,187,Loaded ice cream sundae,main|veg|Desserts|popular,0.0
I05968,R0604,Pancake,main,veg,200,Fluffy pancakes,main|veg|Desserts|popular,0.0
I05969,R0604,Waffle,main,veg,225,Belgian waffle with toppings,main|veg|Desserts|popular,0.0
I05970,R0604,Syrup Shot,side,veg,37,Extra syrup,side|veg|Desserts,0.187
I05971,R0604,Extra Toppings,side,veg,50,Additional toppings,side|veg|Desserts,0.152
I05972,R0604,Chocolate Cake,dessert,veg,150,Rich chocolate cake,dessert|veg|Desserts,0.12
I05973,R0604,Cheesecake,dessert,veg,225,Creamy cheesecake,dessert|veg|Desserts,0.291
I05974,R0604,Hot Chocolate,beverage,veg,125,Rich hot chocolate,beverage|veg|Desserts,0.139
I05975,R0604,Milkshake,beverage,veg,162,Thick milkshake,beverage|veg|Desserts,0.138
I05976,R0605,Fish and Chips,main,non-veg,385,Classic fish and chips,main|non-veg|Continental|popular,0.0
I05977,R0605,Veg Steak,main,veg,308,Grilled vegetable steak,main|veg|Continental|popular,0.0
I05978,R0605,Pasta Arrabbiata,main,veg,264,Spicy tomato pasta,main|veg|Continental|popular,0.0
I05979,R0605,Grilled Chicken,main,non-veg,352,Herb grilled chicken,main|non-veg|Continental|popular,0.0
I05980,R0605,Mashed Potatoes,side,veg,110,Creamy mashed potatoes,side|veg|Continental,0.255
I05981,R0605,Caesar Salad,side,veg,154,Classic Caesar salad,side|veg|Continental,0.121
I05982,R0605,Garlic Bread,side,veg,99,Garlic bread,side|veg|Continental,0.203
I05983,R0605,Panna Cotta,dessert,veg,176,Italian custard,dessert|veg|Continental,0.269
I05984,R0605,Tiramisu,dessert,veg,198,Classic Italian dessert,dessert|veg|Continental,0.27
I05985,R0605,Lemonade,beverage,veg,77,Fresh lemonade,beverage|veg|Continental,0.169
I05986,R0605,Iced Tea,beverage,veg,88,Refreshing iced tea,beverage|veg|Continental,0.304
I05987,R0606,Fish and Chips,main,non-veg,385,Classic fish and chips,main|non-veg|Continental|popular,0.0
I05988,R0606,Pasta Arrabbiata,main,veg,264,Spicy tomato pasta,main|veg|Continental|popular,0.0
I05989,R0606,Veg Steak,main,veg,308,Grilled vegetable steak,main|veg|Continental|popular,0.0
I05990,R0606,Grilled Chicken,main,non-veg,352,Herb grilled chicken,main|non-veg|Continental|popular,0.0
I05991,R0606,Caesar Salad,side,veg,154,Classic Caesar salad,side|veg|Continental,0.186
I05992,R0606,Mashed Potatoes,side,veg,110,Creamy mashed potatoes,side|veg|Continental,0.376
I05993,R0606,Garlic Bread,side,veg,99,Garlic bread,side|veg|Continental,0.183
I05994,R0606,Panna Cotta,dessert,veg,176,Italian custard,dessert|veg|Continental,0.254
I05995,R0606,Tiramisu,dessert,veg,198,Classic Italian dessert,dessert|veg|Continental,0.106
I05996,R0606,Iced Tea,beverage,veg,88,Refreshing iced tea,beverage|veg|Continental,0.382
I05997,R0606,Lemonade,beverage,veg,77,Fresh lemonade,beverage|veg|Continental,0.172
I05998,R0607,Dal Makhani,main,veg,242,Creamy black lentils,main|veg|North Indian|popular,0.0
I05999,R0607,Rogan Josh,main,non-veg,418,Kashmiri lamb curry,main|non-veg|North Indian|popular,0.0
I06000,R0607,Paneer Tikka,main,veg,308,Grilled cottage cheese,main|veg|North Indian|popular,0.0
I06001,R0607,Butter Chicken,main,non-veg,352,Creamy tomato-based chicken curry,main|non-veg|North Indian|popular,0.0
I06002,R0607,Jeera Rice,side,veg,132,Cumin flavored rice,side|veg|North Indian,0.286
I06003,R0607,Garlic Naan,side,veg,66,Garlic flavored naan,side|veg|North Indian,0.323
I06004,R0607,Tandoori Roti,side,veg,27,Whole wheat flatbread,side|veg|North Indian,0.163
I06005,R0607,Butter Naan,side,veg,55,Buttery flatbread,side|veg|North Indian,0.307
I06006,R0607,Gulab Jamun,dessert,veg,66,Sweet milk dumplings,dessert|veg|North Indian,0.257
I06007,R0607,Rasmalai,dessert,veg,88,Soft cheese patties in milk,dessert|veg|North Indian,0.122
I06008,R0607,Lassi,beverage,veg,77,Sweet yogurt drink,beverage|veg|North Indian,0.155
I06009,R0607,Buttermilk,beverage,veg,44,Spiced yogurt drink,beverage|veg|North Indian,0.193
I06010,R0608,Mutton Biryani,main,non-veg,385,Aromatic rice with succulent mutton,main|non-veg|Biryani|popular,0.0
I06011,R0608,Chicken Biryani,main,non-veg,308,Fragrant basmati rice with tender chicken pieces,main|non-veg|Biryani|popular,0.0
I06012,R0608,Veg Biryani,main,veg,220,Flavorful rice with mixed vegetables,main|veg|Biryani|popular,0.0
I06013,R0608,Egg Biryani,main,non-veg,242,Rice with boiled eggs and spices,main|non-veg|Biryani|popular,0.0
I06014,R0608,Salan,side,veg,66,Spicy curry accompaniment,side|veg|Biryani,0.392
I06015,R0608,Double Ka Meetha,side,veg,88,Sweet bread pudding,side|veg|Biryani,0.252
I06016,R0608,Raita,side,veg,44,Cooling yogurt with cucumber and spices,side|veg|Biryani,0.165
I06017,R0608,Khubani Ka Meetha,dessert,veg,99,Apricot dessert,dessert|veg|Biryani,0.116
I06018,R0608,Gulab Jamun,dessert,veg,66,Soft milk dumplings in sugar syrup,dessert|veg|Biryani,0.117
I06019,R0608,Soft Drink,beverage,veg,55,Refreshing carbonated beverage,beverage|veg|Biryani,0.108
I06020,R0608,Lassi,beverage,veg,77,Thick yogurt drink,beverage|veg|Biryani,0.211
I06021,R0609,Pani Puri,main,veg,84,Crispy puris with flavored water,main|veg|Street Food|popular,0.0
I06022,R0609,Chole Bhature,main,veg,182,Chickpea curry with fried bread,main|veg|Street Food|popular,0.0
I06023,R0609,Papad,side,veg,28,Crispy papad,side|veg|Street Food,0.215
I06024,R0609,Extra Pav,side,veg,21,Extra bread,side|veg|Street Food,0.165
I06025,R0609,Rabri,dessert,veg,112,Thickened sweet milk,dessert|veg|Street Food,0.154
I06026,R0609,Jalebi,dessert,veg,70,Sweet fried spirals,dessert|veg|Street Food,0.177
I06027,R0609,Masala Chai,beverage,veg,42,Spiced tea,beverage|veg|Street Food,0.228
I06028,R0609,Lassi,beverage,veg,84,Yogurt drink,beverage|veg|Street Food,0.236
I06029,R0610,Veg Wrap,main,veg,123,Vegetable stuffed wrap,main|veg|Italian|popular,0.0
I06030,R0610,Chicken Wrap,main,non-veg,171,Chicken stuffed wrap,main|non-veg|Italian|popular,0.0
I06031,R0610,Frankie,main,veg,114,Stuffed roll,main|veg|Italian|popular,0.0
I06032,R0610,Sandwich,main,veg,95,Grilled sandwich,main|veg|Italian|popular,0.0
I06033,R0610,Onion Rings,side,veg,85,Crispy onion rings,side|veg|Italian,0.244
I06034,R0610,Fries,side,veg,76,Crispy fries,side|veg|Italian,0.286
I06035,R0610,Ice Cream,dessert,veg,57,Vanilla ice cream,dessert|veg|Italian,0.281
I06036,R0610,Brownie,dessert,veg,95,Chocolate brownie,dessert|veg|Italian,0.255
I06037,R0610,Cold Coffee,beverage,veg,114,Iced coffee,beverage|veg|Italian,0.149
I06038,R0610,Soft Drink,beverage,veg,47,Refreshing beverage,beverage|veg|Italian,0.391
I06039,R0611,Chicken Wrap,main,non-veg,225,Chicken stuffed wrap,main|non-veg|Italian|popular,0.0
I06040,R0611,Sandwich,main,veg,125,Grilled sandwich,main|veg|Italian|popular,0.0
I06041,R0611,Frankie,main,veg,150,Stuffed roll,main|veg|Italian|popular,0.0
I06042,R0611,Fries,side,veg,100,Crispy fries,side|veg|Italian,0.27
I06043,R0611,Onion Rings,side,veg,112,Crispy onion rings,side|veg|Italian,0.133
I06044,R0611,Brownie,dessert,veg,125,Chocolate brownie,dessert|veg|Italian,0.183
I06045,R0611,Ice Cream,dessert,veg,75,Vanilla ice cream,dessert|veg|Italian,0.132
I06046,R0611,Soft Drink,beverage,veg,62,Refreshing beverage,beverage|veg|Italian,0.236
I06047,R0611,Cold Coffee,beverage,veg,150,Iced coffee,beverage|veg|Italian,0.315
I06048,R0612,Smoothie,main,veg,165,Fruit smoothie,main|veg|Beverages|popular,0.0
I06049,R0612,Cold Coffee,main,veg,143,Iced coffee,main|veg|Beverages|popular,0.0
I06050,R0612,Mojito,main,veg,121,Refreshing mint drink,main|veg|Beverages|popular,0.0
I06051,R0612,Whipped Cream,side,veg,27,Extra whipped cream,side|veg|Beverages,0.323
I06052,R0612,Extra Shot,side,veg,33,Extra coffee shot,side|veg|Beverages,0.105
I06053,R0612,Muffin,dessert,veg,66,Fresh muffin,dessert|veg|Beverages,0.131
I06054,R0612,Cookie,dessert,veg,55,Fresh baked cookie,dessert|veg|Beverages,0.281
I06055,R0612,Water Bottle,beverage,veg,22,Mineral water,beverage|veg|Beverages,0.245
I06056,R0612,Soft Drink,beverage,veg,55,Refreshing beverage,beverage|veg|Beverages,0.185
I06057,R0613,Samosa,main,veg,37,Crispy pastry with filling,main|veg|Street Food|popular,0.0
I06058,R0613,Pani Puri,main,veg,75,Crispy puris with flavored water,main|veg|Street Food|popular,0.0
I06059,R0613,Pav Bhaji,main,veg,150,Mashed vegetable curry with bread,main|veg|Street Food|popular,0.0
I06060,R0613,Papad,side,veg,25,Crispy papad,side|veg|Street Food,0.158
I06061,R0613,Extra Pav,side,veg,18,Extra bread,side|veg|Street Food,0.161
I06062,R0613,Rabri,dessert,veg,100,Thickened sweet milk,dessert|veg|Street Food,0.121
I06063,R0613,Jalebi,dessert,veg,62,Sweet fried spirals,dessert|veg|Street Food,0.3
I06064,R0613,Lassi,beverage,veg,75,Yogurt drink,beverage|veg|Street Food,0.199
I06065,R0613,Masala Chai,beverage,veg,37,Spiced tea,beverage|veg|Street Food,0.215
I06066,R0614,Veg Wrap,main,veg,143,Vegetable stuffed wrap,main|veg|Fast Food|popular,0.0
I06067,R0614,Sandwich,main,veg,110,Grilled sandwich,main|veg|Fast Food|popular,0.0
I06068,R0614,Chicken Wrap,main,non-veg,198,Chicken stuffed wrap,main|non-veg|Fast Food|popular,0.0
I06069,R0614,Frankie,main,veg,132,Stuffed roll,main|veg|Fast Food|popular,0.0
I06070,R0614,Onion Rings,side,veg,99,Crispy onion rings,side|veg|Fast Food,0.208
I06071,R0614,Fries,side,veg,88,Crispy fries,side|veg|Fast Food,0.115
I06072,R0614,Ice Cream,dessert,veg,66,Vanilla ice cream,dessert|veg|Fast Food,0.341
I06073,R0614,Brownie,dessert,veg,110,Chocolate brownie,dessert|veg|Fast Food,0.336
I06074,R0614,Soft Drink,beverage,veg,55,Refreshing beverage,beverage|veg|Fast Food,0.259
I06075,R0614,Cold Coffee,beverage,veg,132,Iced coffee,beverage|veg|Fast Food,0.192
I06076,R0615,Smoothie,main,veg,142,Fruit smoothie,main|veg|Beverages|popular,0.0
I06077,R0615,Mojito,main,veg,104,Refreshing mint drink,main|veg|Beverages|popular,0.0
I06078,R0615,Cold Coffee,main,veg,123,Iced coffee,main|veg|Beverages|popular,0.0
I06079,R0615,Extra Shot,side,veg,28,Extra coffee shot,side|veg|Beverages,0.205
I06080,R0615,Whipped Cream,side,veg,23,Extra whipped cream,side|veg|Beverages,0.291
I06081,R0615,Muffin,dessert,veg,57,Fresh muffin,dessert|veg|Beverages,0.254
I06082,R0615,Cookie,dessert,veg,47,Fresh baked cookie,dessert|veg|Beverages,0.296
I06083,R0615,Water Bottle,beverage,veg,19,Mineral water,beverage|veg|Beverages,0.129
I06084,R0615,Soft Drink,beverage,veg,47,Refreshing beverage,beverage|veg|Beverages,0.31
I06085,R0616,Veg Biryani,main,veg,250,Flavorful rice with mixed vegetables,main|veg|Biryani|popular,0.0
I06086,R0616,Chicken Biryani,main,non-veg,350,Fragrant basmati rice with tender chicken pieces,main|non-veg|Biryani|popular,0.0
I06087,R0616,Mutton Biryani,main,non-veg,437,Aromatic rice with succulent mutton,main|non-veg|Biryani|popular,0.0
I06088,R0616,Salan,side,veg,75,Spicy curry accompaniment,side|veg|Biryani,0.319
I06089,R0616,Raita,side,veg,50,Cooling yogurt with cucumber and spices,side|veg|Biryani,0.24
I06090,R0616,Double Ka Meetha,side,veg,100,Sweet bread pudding,side|veg|Biryani,0.273
I06091,R0616,Gulab Jamun,dessert,veg,75,Soft milk dumplings in sugar syrup,dessert|veg|Biryani,0.186
I06092,R0616,Khubani Ka Meetha,dessert,veg,112,Apricot dessert,dessert|veg|Biryani,0.353
I06093,R0616,Lassi,beverage,veg,87,Thick yogurt drink,beverage|veg|Biryani,0.154
I06094,R0616,Soft Drink,beverage,veg,62,Refreshing carbonated beverage,beverage|veg|Biryani,0.373
I06095,R0617,Smoothie,main,veg,210,Fruit smoothie,main|veg|Beverages|popular,0.0
I06096,R0617,Mojito,main,veg,154,Refreshing mint drink,main|veg|Beverages|popular,0.0
I06097,R0617,Whipped Cream,side,veg,35,Extra whipped cream,side|veg|Beverages,0.127
I06098,R0617,Extra Shot,side,veg,42,Extra coffee shot,side|veg|Beverages,0.324
I06099,R0617,Muffin,dessert,veg,84,Fresh muffin,dessert|veg|Beverages,0.301
I06100,R0617,Cookie,dessert,veg,70,Fresh baked cookie,dessert|veg|Beverages,0.328
I06101,R0617,Soft Drink,beverage,veg,70,Refreshing beverage,beverage|veg|Beverages,0.14
I06102,R0617,Water Bottle,beverage,veg,28,Mineral water,beverage|veg|Beverages,0.297
I06103,R0618,Frankie,main,veg,114,Stuffed roll,main|veg|Italian|popular,0.0
I06104,R0618,Chicken Wrap,main,non-veg,171,Chicken stuffed wrap,main|non-veg|Italian|popular,0.0
I06105,R0618,Sandwich,main,veg,95,Grilled sandwich,main|veg|Italian|popular,0.0
I06106,R0618,Veg Wrap,main,veg,123,Vegetable stuffed wrap,main|veg|Italian|popular,0.0
I06107,R0618,Fries,side,veg,76,Crispy fries,side|veg|Italian,0.358
I06108,R0618,Onion Rings,side,veg,85,Crispy onion rings,side|veg|Italian,0.19
I06109,R0618,Brownie,dessert,veg,95,Chocolate brownie,dessert|veg|Italian,0.278
I06110,R0618,Ice Cream,dessert,veg,57,Vanilla ice cream,dessert|veg|Italian,0.269
I06111,R0618,Cold Coffee,beverage,veg,114,Iced coffee,beverage|veg|Italian,0.391
I06112,R0618,Soft Drink,beverage,veg,47,Refreshing beverage,beverage|veg|Italian,0.272
I06113,R0619,Pancake,main,veg,200,Fluffy pancakes,main|veg|Desserts|popular,0.0
I06114,R0619,Waffle,main,veg,225,Belgian waffle with toppings,main|veg|Desserts|popular,0.0
I06115,R0619,Ice Cream Sundae,main,veg,187,Loaded ice cream sundae,main|veg|Desserts|popular,0.0
I06116,R0619,Syrup Shot,side,veg,37,Extra syrup,side|veg|Desserts,0.266
I06117,R0619,Extra Toppings,side,veg,50,Additional toppings,side|veg|Desserts,0.102
I06118,R0619,Chocolate Cake,dessert,veg,150,Rich chocolate cake,dessert|veg|Desserts,0.234
I06119,R0619,Cheesecake,dessert,veg,225,Creamy cheesecake,dessert|veg|Desserts,0.299
I06120,R0619,Milkshake,beverage,veg,162,Thick milkshake,beverage|veg|Desserts,0.356
I06121,R0619,Hot Chocolate,beverage,veg,125,Rich hot chocolate,beverage|veg|Desserts,0.169
I06122,R0620,Veg Steak,main,veg,266,Grilled vegetable steak,main|veg|Continental|popular,0.0
I06123,R0620,Fish and Chips,main,non-veg,332,Classic fish and chips,main|non-veg|Continental|popular,0.0
I06124,R0620,Pasta Arrabbiata,main,veg,228,Spicy tomato pasta,main|veg|Continental|popular,0.0
I06125,R0620,Grilled Chicken,main,non-veg,304,Herb grilled chicken,main|non-veg|Continental|popular,0.0
I06126,R0620,Caesar Salad,side,veg,133,Classic Caesar salad,side|veg|Continental,0.196
I06127,R0620,Garlic Bread,side,veg,85,Garlic bread,side|veg|Continental,0.133
I06128,R0620,Mashed Potatoes,side,veg,95,Creamy mashed potatoes,side|veg|Continental,0.262
I06129,R0620,Panna Cotta,dessert,veg,152,Italian custard,dessert|veg|Continental,0.294
I06130,R0620,Tiramisu,dessert,veg,171,Classic Italian dessert,dessert|veg|Continental,0.136
I06131,R0620,Iced Tea,beverage,veg,76,Refreshing iced tea,beverage|veg|Continental,0.127
I06132,R0620,Lemonade,beverage,veg,66,Fresh lemonade,beverage|veg|Continental,0.259
I06133,R0621,Frankie,main,veg,132,Stuffed roll,main|veg|Italian|popular,0.0
I06134,R0621,Veg Wrap,main,veg,143,Vegetable stuffed wrap,main|veg|Italian|popular,0.0
I06135,R0621,Sandwich,main,veg,110,Grilled sandwich,main|veg|Italian|popular,0.0
I06136,R0621,Chicken Wrap,main,non-veg,198,Chicken stuffed wrap,main|non-veg|Italian|popular,0.0
I06137,R0621,Onion Rings,side,veg,99,Crispy onion rings,side|veg|Italian,0.182
I06138,R0621,Fries,side,veg,88,Crispy fries,side|veg|Italian,0.349
I06139,R0621,Brownie,dessert,veg,110,Chocolate brownie,dessert|veg|Italian,0.229
I06140,R0621,Ice Cream,dessert,veg,66,Vanilla ice cream,dessert|veg|Italian,0.374
I06141,R0621,Cold Coffee,beverage,veg,132,Iced coffee,beverage|veg|Italian,0.318
I06142,R0621,Soft Drink,beverage,veg,55,Refreshing beverage,beverage|veg|Italian,0.306
I06143,R0622,Fried Rice,main,veg,251,Stir-fried rice with vegetables,main|veg|Chinese|popular,0.0
I06144,R0622,Chilli Chicken,main,non-veg,364,Spicy chicken preparation,main|non-veg|Chinese|popular,0.0
I06145,R0622,Chilli Potato,side,veg,154,Spicy potato fingers,side|veg|Chinese,0.116
I06146,R0622,Momos,side,veg,168,Steamed dumplings,side|veg|Chinese,0.181
I06147,R0622,Date Pancake,dessert,veg,140,Sweet pancake with dates,dessert|veg|Chinese,0.331
I06148,R0622,Honey Noodles,dessert,veg,112,Crispy noodles with honey,dessert|veg|Chinese,0.1
I06149,R0622,Soft Drink,beverage,veg,70,Refreshing beverage,beverage|veg|Chinese,0.296
I06150,R0622,Green Tea,beverage,veg,56,Hot green tea,beverage|veg|Chinese,0.203
I06151,R0623,Rogan Josh,main,non-veg,361,Kashmiri lamb curry,main|non-veg|North Indian|popular,0.0
I06152,R0623,Dal Makhani,main,veg,209,Creamy black lentils,main|veg|North Indian|popular,0.0
I06153,R0623,Paneer Tikka,main,veg,266,Grilled cottage cheese,main|veg|North Indian|popular,0.0
I06154,R0623,Butter Chicken,main,non-veg,304,Creamy tomato-based chicken curry,main|non-veg|North Indian|popular,0.0
I06155,R0623,Jeera Rice,side,veg,114,Cumin flavored rice,side|veg|North Indian,0.324
I06156,R0623,Garlic Naan,side,veg,57,Garlic flavored naan,side|veg|North Indian,0.365
I06157,R0623,Tandoori Roti,side,veg,23,Whole wheat flatbread,side|veg|North Indian,0.318
I06158,R0623,Butter Naan,side,veg,47,Buttery flatbread,side|veg|North Indian,0.276
I06159,R0623,Rasmalai,dessert,veg,76,Soft cheese patties in milk,dessert|veg|North Indian,0.392
I06160,R0623,Gulab Jamun,dessert,veg,57,Sweet milk dumplings,dessert|veg|North Indian,0.125
I06161,R0623,Lassi,beverage,veg,66,Sweet yogurt drink,beverage|veg|North Indian,0.101
I06162,R0623,Buttermilk,beverage,veg,38,Spiced yogurt drink,beverage|veg|North Indian,0.256
I06163,R0624,Butter Chicken,main,non-veg,400,Creamy tomato-based chicken curry,main|non-veg|North Indian|popular,0.0
I06164,R0624,Dal Makhani,main,veg,275,Creamy black lentils,main|veg|North Indian|popular,0.0
I06165,R0624,Rogan Josh,main,non-veg,475,Kashmiri lamb curry,main|non-veg|North Indian|popular,0.0
I06166,R0624,Garlic Naan,side,veg,75,Garlic flavored naan,side|veg|North Indian,0.284
I06167,R0624,Butter Naan,side,veg,62,Buttery flatbread,side|veg|North Indian,0.189
I06168,R0624,Jeera Rice,side,veg,150,Cumin flavored rice,side|veg|North Indian,0.362
I06169,R0624,Gulab Jamun,dessert,veg,75,Sweet milk dumplings,dessert|veg|North Indian,0.193
I06170,R0624,Rasmalai,dessert,veg,100,Soft cheese patties in milk,dessert|veg|North Indian,0.246
I06171,R0624,Lassi,beverage,veg,87,Sweet yogurt drink,beverage|veg|North Indian,0.351
I06172,R0624,Buttermilk,beverage,veg,50,Spiced yogurt drink,beverage|veg|North Indian,0.351
I06173,R0625,Sandwich,main,veg,125,Grilled sandwich,main|veg|Fast Food|popular,0.0
I06174,R0625,Veg Wrap,main,veg,162,Vegetable stuffed wrap,main|veg|Fast Food|popular,0.0
I06175,R0625,Chicken Wrap,main,non-veg,225,Chicken stuffed wrap,main|non-veg|Fast Food|popular,0.0
I06176,R0625,Fries,side,veg,100,Crispy fries,side|veg|Fast Food,0.197
I06177,R0625,Onion Rings,side,veg,112,Crispy onion rings,side|veg|Fast Food,0.333
I06178,R0625,Brownie,dessert,veg,125,Chocolate brownie,dessert|veg|Fast Food,0.263
I06179,R0625,Ice Cream,dessert,veg,75,Vanilla ice cream,dessert|veg|Fast Food,0.1
I06180,R0625,Cold Coffee,beverage,veg,150,Iced coffee,beverage|veg|Fast Food,0.29
I06181,R0625,Soft Drink,beverage,veg,62,Refreshing beverage,beverage|veg|Fast Food,0.35
I06182,R0626,Chicken Wrap,main,non-veg,198,Chicken stuffed wrap,main|non-veg|Italian|popular,0.0
I06183,R0626,Sandwich,main,veg,110,Grilled sandwich,main|veg|Italian|popular,0.0
I06184,R0626,Veg Wrap,main,veg,143,Vegetable stuffed wrap,main|veg|Italian|popular,0.0
I06185,R0626,Frankie,main,veg,132,Stuffed roll,main|veg|Italian|popular,0.0
I06186,R0626,Onion Rings,side,veg,99,Crispy onion rings,side|veg|Italian,0.205
I06187,R0626,Fries,side,veg,88,Crispy fries,side|veg|Italian,0.117
I06188,R0626,Ice Cream,dessert,veg,66,Vanilla ice cream,dessert|veg|Italian,0.23
I06189,R0626,Brownie,dessert,veg,110,Chocolate brownie,dessert|veg|Italian,0.137
I06190,R0626,Soft Drink,beverage,veg,55,Refreshing beverage,beverage|veg|Italian,0.23
I06191,R0626,Cold Coffee,beverage,veg,132,Iced coffee,beverage|veg|Italian,0.361
I06192,R0627,Masala Dosa,main,veg,132,Crispy crepe with potato filling,main|veg|South Indian|popular,0.0
I06193,R0627,Idli Sambar,main,veg,88,Steamed rice cakes with lentil curry,main|veg|South Indian|popular,0.0
I06194,R0627,Chicken Chettinad,main,non-veg,308,Spicy Chettinad chicken,main|non-veg|South Indian|popular,0.0
I06195,R0627,Vada,main,veg,77,Crispy fried lentil donuts,main|veg|South Indian|popular,0.0
I06196,R0627,Coconut Chutney,side,veg,33,Fresh coconut chutney,side|veg|South Indian,0.297
I06197,R0627,Sambar,side,veg,44,Lentil and vegetable curry,side|veg|South Indian,0.272
I06198,R0627,Tomato Chutney,side,veg,33,Tangy tomato chutney,side|veg|South Indian,0.356
I06199,R0627,Kesari,dessert,veg,55,Semolina sweet,dessert|veg|South Indian,0.283
I06200,R0627,Payasam,dessert,veg,66,Sweet milk pudding,dessert|veg|South Indian,0.302
I06201,R0627,Filter Coffee,beverage,veg,44,South Indian filter coffee,beverage|veg|South Indian,0.224
I06202,R0627,Buttermilk,beverage,veg,38,Spiced yogurt drink,beverage|veg|South Indian,0.11
I06203,R0628,Egg Biryani,main,non-veg,242,Rice with boiled eggs and spices,main|non-veg|Biryani|popular,0.0
I06204,R0628,Veg Biryani,main,veg,220,Flavorful rice with mixed vegetables,main|veg|Biryani|popular,0.0
I06205,R0628,Chicken Biryani,main,non-veg,308,Fragrant basmati rice with tender chicken pieces,main|non-veg|Biryani|popular,0.0
I06206,R0628,Mutton Biryani,main,non-veg,385,Aromatic rice with succulent mutton,main|non-veg|Biryani|popular,0.0
I06207,R0628,Salan,side,veg,66,Spicy curry accompaniment,side|veg|Biryani,0.359
I06208,R0628,Double Ka Meetha,side,veg,88,Sweet bread pudding,side|veg|Biryani,0.145
I06209,R0628,Raita,side,veg,44,Cooling yogurt with cucumber and spices,side|veg|Biryani,0.359
I06210,R0628,Gulab Jamun,dessert,veg,66,Soft milk dumplings in sugar syrup,dessert|veg|Biryani,0.254
I06211,R0628,Khubani Ka Meetha,dessert,veg,99,Apricot dessert,dessert|veg|Biryani,0.325
I06212,R0628,Lassi,beverage,veg,77,Thick yogurt drink,beverage|veg|Biryani,0.236
I06213,R0628,Soft Drink,beverage,veg,55,Refreshing carbonated beverage,beverage|veg|Biryani,0.269
I06214,R0629,Hakka Noodles,main,veg,237,Stir-fried noodles,main|veg|Chinese|popular,0.0
I06215,R0629,Chilli Chicken,main,non-veg,364,Spicy chicken preparation,main|non-veg|Chinese|popular,0.0
I06216,R0629,Spring Roll,side,veg,125,Crispy vegetable rolls,side|veg|Chinese,0.204
I06217,R0629,Momos,side,veg,168,Steamed dumplings,side|veg|Chinese,0.221
I06218,R0629,Date Pancake,dessert,veg,140,Sweet pancake with dates,dessert|veg|Chinese,0.399
I06219,R0629,Honey Noodles,dessert,veg,112,Crispy noodles with honey,dessert|veg|Chinese,0.234
I06220,R0629,Green Tea,beverage,veg,56,Hot green tea,beverage|veg|Chinese,0.382
I06221,R0629,Soft Drink,beverage,veg,70,Refreshing beverage,beverage|veg|Chinese,0.17
I06222,R0630,Chicken Biryani,main,non-veg,308,Fragrant basmati rice with tender chicken pieces,main|non-veg|Biryani|popular,0.0
I06223,R0630,Veg Biryani,main,veg,220,Flavorful rice with mixed vegetables,main|veg|Biryani|popular,0.0
I06224,R0630,Mutton Biryani,main,non-veg,385,Aromatic rice with succulent mutton,main|non-veg|Biryani|popular,0.0
I06225,R0630,Egg Biryani,main,non-veg,242,Rice with boiled eggs and spices,main|non-veg|Biryani|popular,0.0
I06226,R0630,Salan,side,veg,66,Spicy curry accompaniment,side|veg|Biryani,0.344
I06227,R0630,Double Ka Meetha,side,veg,88,Sweet bread pudding,side|veg|Biryani,0.277
I06228,R0630,Raita,side,veg,44,Cooling yogurt with cucumber and spices,side|veg|Biryani,0.206
I06229,R0630,Gulab Jamun,dessert,veg,66,Soft milk dumplings in sugar syrup,dessert|veg|Biryani,0.356
I06230,R0630,Khubani Ka Meetha,dessert,veg,99,Apricot dessert,dessert|veg|Biryani,0.341
I06231,R0630,Soft Drink,beverage,veg,55,Refreshing carbonated beverage,beverage|veg|Biryani,0.236
I06232,R0630,Lassi,beverage,veg,77,Thick yogurt drink,beverage|veg|Biryani,0.145
I06233,R0631,Pani Puri,main,veg,75,Crispy puris with flavored water,main|veg|Street Food|popular,0.0
I06234,R0631,Samosa,main,veg,37,Crispy pastry with filling,main|veg|Street Food|popular,0.0
I06235,R0631,Pav Bhaji,main,veg,150,Mashed vegetable curry with bread,main|veg|Street Food|popular,0.0
I06236,R0631,Papad,side,veg,25,Crispy papad,side|veg|Street Food,0.329
I06237,R0631,Extra Pav,side,veg,18,Extra bread,side|veg|Street Food,0.257
I06238,R0631,Jalebi,dessert,veg,62,Sweet fried spirals,dessert|veg|Street Food,0.105
I06239,R0631,Rabri,dessert,veg,100,Thickened sweet milk,dessert|veg|Street Food,0.148
I06240,R0631,Masala Chai,beverage,veg,37,Spiced tea,beverage|veg|Street Food,0.326
I06241,R0631,Lassi,beverage,veg,75,Yogurt drink,beverage|veg|Street Food,0.222
I06242,R0632,Pani Puri,main,veg,75,Crispy puris with flavored water,main|veg|Street Food|popular,0.0
I06243,R0632,Chole Bhature,main,veg,162,Chickpea curry with fried bread,main|veg|Street Food|popular,0.0
I06244,R0632,Samosa,main,veg,37,Crispy pastry with filling,main|veg|Street Food|popular,0.0
I06245,R0632,Papad,side,veg,25,Crispy papad,side|veg|Street Food,0.226
I06246,R0632,Extra Pav,side,veg,18,Extra bread,side|veg|Street Food,0.198
I06247,R0632,Rabri,dessert,veg,100,Thickened sweet milk,dessert|veg|Street Food,0.299
I06248,R0632,Jalebi,dessert,veg,62,Sweet fried spirals,dessert|veg|Street Food,0.335
I06249,R0632,Masala Chai,beverage,veg,37,Spiced tea,beverage|veg|Street Food,0.372
I06250,R0632,Lassi,beverage,veg,75,Yogurt drink,beverage|veg|Street Food,0.222
I06251,R0633,Pav Bhaji,main,veg,114,Mashed vegetable curry with bread,main|veg|Street Food|popular,0.0
I06252,R0633,Samosa,main,veg,28,Crispy pastry with filling,main|veg|Street Food|popular,0.0
I06253,R0633,Pani Puri,main,veg,57,Crispy puris with flavored water,main|veg|Street Food|popular,0.0
I06254,R0633,Chole Bhature,main,veg,123,Chickpea curry with fried bread,main|veg|Street Food|popular,0.0
I06255,R0633,Extra Pav,side,veg,14,Extra bread,side|veg|Street Food,0.209
I06256,R0633,Papad,side,veg,19,Crispy papad,side|veg|Street Food,0.254
I06257,R0633,Jalebi,dessert,veg,47,Sweet fried spirals,dessert|veg|Street Food,0.214
I06258,R0633,Rabri,dessert,veg,76,Thickened sweet milk,dessert|veg|Street Food,0.274
I06259,R0633,Masala Chai,beverage,veg,28,Spiced tea,beverage|veg|Street Food,0.183
I06260,R0633,Lassi,beverage,veg,57,Yogurt drink,beverage|veg|Street Food,0.232
I06261,R0634,Pani Puri,main,veg,66,Crispy puris with flavored water,main|veg|Street Food|popular,0.0
I06262,R0634,Pav Bhaji,main,veg,132,Mashed vegetable curry with bread,main|veg|Street Food|popular,0.0
I06263,R0634,Chole Bhature,main,veg,143,Chickpea curry with fried bread,main|veg|Street Food|popular,0.0
I06264,R0634,Samosa,main,veg,33,Crispy pastry with filling,main|veg|Street Food|popular,0.0
I06265,R0634,Papad,side,veg,22,Crispy papad,side|veg|Street Food,0.118
I06266,R0634,Extra Pav,side,veg,16,Extra bread,side|veg|Street Food,0.204
I06267,R0634,Jalebi,dessert,veg,55,Sweet fried spirals,dessert|veg|Street Food,0.129
I06268,R0634,Rabri,dessert,veg,88,Thickened sweet milk,dessert|veg|Street Food,0.328
I06269,R0634,Lassi,beverage,veg,66,Yogurt drink,beverage|veg|Street Food,0.248
I06270,R0634,Masala Chai,beverage,veg,33,Spiced tea,beverage|veg|Street Food,0.269
I06271,R0635,Pani Puri,main,veg,66,Crispy puris with flavored water,main|veg|Street Food|popular,0.0
I06272,R0635,Chole Bhature,main,veg,143,Chickpea curry with fried bread,main|veg|Street Food|popular,0.0
I06273,R0635,Samosa,main,veg,33,Crispy pastry with filling,main|veg|Street Food|popular,0.0
I06274,R0635,Pav Bhaji,main,veg,132,Mashed vegetable curry with bread,main|veg|Street Food|popular,0.0
I06275,R0635,Papad,side,veg,22,Crispy papad,side|veg|Street Food,0.106
I06276,R0635,Extra Pav,side,veg,16,Extra bread,side|veg|Street Food,0.25
I06277,R0635,Rabri,dessert,veg,88,Thickened sweet milk,dessert|veg|Street Food,0.292
I06278,R0635,Jalebi,dessert,veg,55,Sweet fried spirals,dessert|veg|Street Food,0.348
I06279,R0635,Masala Chai,beverage,veg,33,Spiced tea,beverage|veg|Street Food,0.192
I06280,R0635,Lassi,beverage,veg,66,Yogurt drink,beverage|veg|Street Food,0.124
I06281,R0636,Samosa,main,veg,37,Crispy pastry with filling,main|veg|Street Food|popular,0.0
I06282,R0636,Chole Bhature,main,veg,162,Chickpea curry with fried bread,main|veg|Street Food|popular,0.0
I06283,R0636,Pav Bhaji,main,veg,150,Mashed vegetable curry with bread,main|veg|Street Food|popular,0.0
I06284,R0636,Extra Pav,side,veg,18,Extra bread,side|veg|Street Food,0.243
I06285,R0636,Papad,side,veg,25,Crispy papad,side|veg|Street Food,0.24
I06286,R0636,Jalebi,dessert,veg,62,Sweet fried spirals,dessert|veg|Street Food,0.149
I06287,R0636,Rabri,dessert,veg,100,Thickened sweet milk,dessert|veg|Street Food,0.101
I06288,R0636,Lassi,beverage,veg,75,Yogurt drink,beverage|veg|Street Food,0.267
I06289,R0636,Masala Chai,beverage,veg,37,Spiced tea,beverage|veg|Street Food,0.109
I06290,R0637,Manchurian,main,veg,280,Vegetable balls in gravy,main|veg|Chinese|popular,0.0
I06291,R0637,Chilli Chicken,main,non-veg,364,Spicy chicken preparation,main|non-veg|Chinese|popular,0.0
I06292,R0637,Spring Roll,side,veg,125,Crispy vegetable rolls,side|veg|Chinese,0.4
I06293,R0637,Momos,side,veg,168,Steamed dumplings,side|veg|Chinese,0.103
I06294,R0637,Date Pancake,dessert,veg,140,Sweet pancake with dates,dessert|veg|Chinese,0.314
I06295,R0637,Honey Noodles,dessert,veg,112,Crispy noodles with honey,dessert|veg|Chinese,0.277
I06296,R0637,Green Tea,beverage,veg,56,Hot green tea,beverage|veg|Chinese,0.153
I06297,R0637,Soft Drink,beverage,veg,70,Refreshing beverage,beverage|veg|Chinese,0.4
I06298,R0638,Chicken Biryani,main,non-veg,308,Fragrant basmati rice with tender chicken pieces,main|non-veg|Biryani|popular,0.0
I06299,R0638,Egg Biryani,main,non-veg,242,Rice with boiled eggs and spices,main|non-veg|Biryani|popular,0.0
I06300,R0638,Veg Biryani,main,veg,220,Flavorful rice with mixed vegetables,main|veg|Biryani|popular,0.0
I06301,R0638,Mutton Biryani,main,non-veg,385,Aromatic rice with succulent mutton,main|non-veg|Biryani|popular,0.0
I06302,R0638,Raita,side,veg,44,Cooling yogurt with cucumber and spices,side|veg|Biryani,0.324
I06303,R0638,Salan,side,veg,66,Spicy curry accompaniment,side|veg|Biryani,0.256
I06304,R0638,Double Ka Meetha,side,veg,88,Sweet bread pudding,side|veg|Biryani,0.224
I06305,R0638,Khubani Ka Meetha,dessert,veg,99,Apricot dessert,dessert|veg|Biryani,0.277
I06306,R0638,Gulab Jamun,dessert,veg,66,Soft milk dumplings in sugar syrup,dessert|veg|Biryani,0.283
I06307,R0638,Soft Drink,beverage,veg,55,Refreshing carbonated beverage,beverage|veg|Biryani,0.306
I06308,R0638,Lassi,beverage,veg,77,Thick yogurt drink,beverage|veg|Biryani,0.283
I06309,R0639,Chilli Chicken,main,non-veg,286,Spicy chicken preparation,main|non-veg|Chinese|popular,0.0
I06310,R0639,Hakka Noodles,main,veg,187,Stir-fried noodles,main|veg|Chinese|popular,0.0
I06311,R0639,Manchurian,main,veg,220,Vegetable balls in gravy,main|veg|Chinese|popular,0.0
I06312,R0639,Fried Rice,main,veg,198,Stir-fried rice with vegetables,main|veg|Chinese|popular,0.0
I06313,R0639,Chilli Potato,side,veg,121,Spicy potato fingers,side|veg|Chinese,0.359
I06314,R0639,Momos,side,veg,132,Steamed dumplings,side|veg|Chinese,0.38
I06315,R0639,Spring Roll,side,veg,99,Crispy vegetable rolls,side|veg|Chinese,0.154
I06316,R0639,Date Pancake,dessert,veg,110,Sweet pancake with dates,dessert|veg|Chinese,0.28
I06317,R0639,Honey Noodles,dessert,veg,88,Crispy noodles with honey,dessert|veg|Chinese,0.111
I06318,R0639,Soft Drink,beverage,veg,55,Refreshing beverage,beverage|veg|Chinese,0.358
I06319,R0639,Green Tea,beverage,veg,44,Hot green tea,beverage|veg|Chinese,0.343
I06320,R0640,Hakka Noodles,main,veg,187,Stir-fried noodles,main|veg|Chinese|popular,0.0
I06321,R0640,Fried Rice,main,veg,198,Stir-fried rice with vegetables,main|veg|Chinese|popular,0.0
I06322,R0640,Chilli Chicken,main,non-veg,286,Spicy chicken preparation,main|non-veg|Chinese|popular,0.0
I06323,R0640,Manchurian,main,veg,220,Vegetable balls in gravy,main|veg|Chinese|popular,0.0
I06324,R0640,Spring Roll,side,veg,99,Crispy vegetable rolls,side|veg|Chinese,0.309
I06325,R0640,Momos,side,veg,132,Steamed dumplings,side|veg|Chinese,0.242
I06326,R0640,Chilli Potato,side,veg,121,Spicy potato fingers,side|veg|Chinese,0.259
I06327,R0640,Date Pancake,dessert,veg,110,Sweet pancake with dates,dessert|veg|Chinese,0.227
I06328,R0640,Honey Noodles,dessert,veg,88,Crispy noodles with honey,dessert|veg|Chinese,0.152
I06329,R0640,Green Tea,beverage,veg,44,Hot green tea,beverage|veg|Chinese,0.179
I06330,R0640,Soft Drink,beverage,veg,55,Refreshing beverage,beverage|veg|Chinese,0.308
I06331,R0641,Sandwich,main,veg,95,Grilled sandwich,main|veg|Fast Food|popular,0.0
I06332,R0641,Frankie,main,veg,114,Stuffed roll,main|veg|Fast Food|popular,0.0
I06333,R0641,Veg Wrap,main,veg,123,Vegetable stuffed wrap,main|veg|Fast Food|popular,0.0
I06334,R0641,Chicken Wrap,main,non-veg,171,Chicken stuffed wrap,main|non-veg|Fast Food|popular,0.0
I06335,R0641,Fries,side,veg,76,Crispy fries,side|veg|Fast Food,0.135
I06336,R0641,Onion Rings,side,veg,85,Crispy onion rings,side|veg|Fast Food,0.194
I06337,R0641,Brownie,dessert,veg,95,Chocolate brownie,dessert|veg|Fast Food,0.222
I06338,R0641,Ice Cream,dessert,veg,57,Vanilla ice cream,dessert|veg|Fast Food,0.183
I06339,R0641,Soft Drink,beverage,veg,47,Refreshing beverage,beverage|veg|Fast Food,0.361
I06340,R0641,Cold Coffee,beverage,veg,114,Iced coffee,beverage|veg|Fast Food,0.131
I06341,R0642,Pancake,main,veg,176,Fluffy pancakes,main|veg|Desserts|popular,0.0
I06342,R0642,Waffle,main,veg,198,Belgian waffle with toppings,main|veg|Desserts|popular,0.0
I06343,R0642,Ice Cream Sundae,main,veg,165,Loaded ice cream sundae,main|veg|Desserts|popular,0.0
I06344,R0642,Extra Toppings,side,veg,44,Additional toppings,side|veg|Desserts,0.372
I06345,R0642,Syrup Shot,side,veg,33,Extra syrup,side|veg|Desserts,0.161
I06346,R0642,Cheesecake,dessert,veg,198,Creamy cheesecake,dessert|veg|Desserts,0.251
I06347,R0642,Chocolate Cake,dessert,veg,132,Rich chocolate cake,dessert|veg|Desserts,0.165
I06348,R0642,Milkshake,beverage,veg,143,Thick milkshake,beverage|veg|Desserts,0.135
I06349,R0642,Hot Chocolate,beverage,veg,110,Rich hot chocolate,beverage|veg|Desserts,0.196
I06350,R0643,Chicken Wrap,main,non-veg,198,Chicken stuffed wrap,main|non-veg|Fast Food|popular,0.0
I06351,R0643,Frankie,main,veg,132,Stuffed roll,main|veg|Fast Food|popular,0.0
I06352,R0643,Veg Wrap,main,veg,143,Vegetable stuffed wrap,main|veg|Fast Food|popular,0.0
I06353,R0643,Sandwich,main,veg,110,Grilled sandwich,main|veg|Fast Food|popular,0.0
I06354,R0643,Fries,side,veg,88,Crispy fries,side|veg|Fast Food,0.17
I06355,R0643,Onion Rings,side,veg,99,Crispy onion rings,side|veg|Fast Food,0.31
I06356,R0643,Ice Cream,dessert,veg,66,Vanilla ice cream,dessert|veg|Fast Food,0.271
I06357,R0643,Brownie,dessert,veg,110,Chocolate brownie,dessert|veg|Fast Food,0.339
I06358,R0643,Cold Coffee,beverage,veg,132,Iced coffee,beverage|veg|Fast Food,0.198
I06359,R0643,Soft Drink,beverage,veg,55,Refreshing beverage,beverage|veg|Fast Food,0.231
I06360,R0644,Pani Puri,main,veg,66,Crispy puris with flavored water,main|veg|Street Food|popular,0.0
I06361,R0644,Pav Bhaji,main,veg,132,Mashed vegetable curry with bread,main|veg|Street Food|popular,0.0
I06362,R0644,Samosa,main,veg,33,Crispy pastry with filling,main|veg|Street Food|popular,0.0
I06363,R0644,Chole Bhature,main,veg,143,Chickpea curry with fried bread,main|veg|Street Food|popular,0.0
I06364,R0644,Papad,side,veg,22,Crispy papad,side|veg|Street Food,0.104
I06365,R0644,Extra Pav,side,veg,16,Extra bread,side|veg|Street Food,0.313
I06366,R0644,Rabri,dessert,veg,88,Thickened sweet milk,dessert|veg|Street Food,0.316
I06367,R0644,Jalebi,dessert,veg,55,Sweet fried spirals,dessert|veg|Street Food,0.113
I06368,R0644,Lassi,beverage,veg,66,Yogurt drink,beverage|veg|Street Food,0.284
I06369,R0644,Masala Chai,beverage,veg,33,Spiced tea,beverage|veg|Street Food,0.188
I06370,R0645,Veg Steak,main,veg,308,Grilled vegetable steak,main|veg|Continental|popular,0.0
I06371,R0645,Fish and Chips,main,non-veg,385,Classic fish and chips,main|non-veg|Continental|popular,0.0
I06372,R0645,Grilled Chicken,main,non-veg,352,Herb grilled chicken,main|non-veg|Continental|popular,0.0
I06373,R0645,Pasta Arrabbiata,main,veg,264,Spicy tomato pasta,main|veg|Continental|popular,0.0
I06374,R0645,Mashed Potatoes,side,veg,110,Creamy mashed potatoes,side|veg|Continental,0.256
I06375,R0645,Garlic Bread,side,veg,99,Garlic bread,side|veg|Continental,0.325
I06376,R0645,Caesar Salad,side,veg,154,Classic Caesar salad,side|veg|Continental,0.273
I06377,R0645,Panna Cotta,dessert,veg,176,Italian custard,dessert|veg|Continental,0.33
I06378,R0645,Tiramisu,dessert,veg,198,Classic Italian dessert,dessert|veg|Continental,0.363
I06379,R0645,Iced Tea,beverage,veg,88,Refreshing iced tea,beverage|veg|Continental,0.361
I06380,R0645,Lemonade,beverage,veg,77,Fresh lemonade,beverage|veg|Continental,0.386
I06381,R0646,Pancake,main,veg,200,Fluffy pancakes,main|veg|Desserts|popular,0.0
I06382,R0646,Ice Cream Sundae,main,veg,187,Loaded ice cream sundae,main|veg|Desserts|popular,0.0
I06383,R0646,Waffle,main,veg,225,Belgian waffle with toppings,main|veg|Desserts|popular,0.0
I06384,R0646,Extra Toppings,side,veg,50,Additional toppings,side|veg|Desserts,0.21
I06385,R0646,Syrup Shot,side,veg,37,Extra syrup,side|veg|Desserts,0.262
I06386,R0646,Chocolate Cake,dessert,veg,150,Rich chocolate cake,dessert|veg|Desserts,0.143
I06387,R0646,Cheesecake,dessert,veg,225,Creamy cheesecake,dessert|veg|Desserts,0.161
I06388,R0646,Hot Chocolate,beverage,veg,125,Rich hot chocolate,beverage|veg|Desserts,0.398
I06389,R0646,Milkshake,beverage,veg,162,Thick milkshake,beverage|veg|Desserts,0.212
I06390,R0647,Grilled Chicken,main,non-veg,352,Herb grilled chicken,main|non-veg|Continental|popular,0.0
I06391,R0647,Veg Steak,main,veg,308,Grilled vegetable steak,main|veg|Continental|popular,0.0
I06392,R0647,Fish and Chips,main,non-veg,385,Classic fish and chips,main|non-veg|Continental|popular,0.0
I06393,R0647,Pasta Arrabbiata,main,veg,264,Spicy tomato pasta,main|veg|Continental|popular,0.0
I06394,R0647,Mashed Potatoes,side,veg,110,Creamy mashed potatoes,side|veg|Continental,0.324
I06395,R0647,Caesar Salad,side,veg,154,Classic Caesar salad,side|veg|Continental,0.396
I06396,R0647,Garlic Bread,side,veg,99,Garlic bread,side|veg|Continental,0.165
I06397,R0647,Panna Cotta,dessert,veg,176,Italian custard,dessert|veg|Continental,0.349
I06398,R0647,Tiramisu,dessert,veg,198,Classic Italian dessert,dessert|veg|Continental,0.362
I06399,R0647,Lemonade,beverage,veg,77,Fresh lemonade,beverage|veg|Continental,0.377
I06400,R0647,Iced Tea,beverage,veg,88,Refreshing iced tea,beverage|veg|Continental,0.327
I06401,R0648,Egg Biryani,main,non-veg,275,Rice with boiled eggs and spices,main|non-veg|Biryani|popular,0.0
I06402,R0648,Chicken Biryani,main,non-veg,350,Fragrant basmati rice with tender chicken pieces,main|non-veg|Biryani|popular,0.0
I06403,R0648,Mutton Biryani,main,non-veg,437,Aromatic rice with succulent mutton,main|non-veg|Biryani|popular,0.0
I06404,R0648,Raita,side,veg,50,Cooling yogurt with cucumber and spices,side|veg|Biryani,0.396
I06405,R0648,Double Ka Meetha,side,veg,100,Sweet bread pudding,side|veg|Biryani,0.276
I06406,R0648,Salan,side,veg,75,Spicy curry accompaniment,side|veg|Biryani,0.242
I06407,R0648,Gulab Jamun,dessert,veg,75,Soft milk dumplings in sugar syrup,dessert|veg|Biryani,0.174
I06408,R0648,Khubani Ka Meetha,dessert,veg,112,Apricot dessert,dessert|veg|Biryani,0.155
I06409,R0648,Soft Drink,beverage,veg,62,Refreshing carbonated beverage,beverage|veg|Biryani,0.311
I06410,R0648,Lassi,beverage,veg,87,Thick yogurt drink,beverage|veg|Biryani,0.296
I06411,R0649,Mutton Biryani,main,non-veg,385,Aromatic rice with succulent mutton,main|non-veg|Biryani|popular,0.0
I06412,R0649,Veg Biryani,main,veg,220,Flavorful rice with mixed vegetables,main|veg|Biryani|popular,0.0
I06413,R0649,Egg Biryani,main,non-veg,242,Rice with boiled eggs and spices,main|non-veg|Biryani|popular,0.0
I06414,R0649,Chicken Biryani,main,non-veg,308,Fragrant basmati rice with tender chicken pieces,main|non-veg|Biryani|popular,0.0
I06415,R0649,Salan,side,veg,66,Spicy curry accompaniment,side|veg|Biryani,0.328
I06416,R0649,Double Ka Meetha,side,veg,88,Sweet bread pudding,side|veg|Biryani,0.246
I06417,R0649,Raita,side,veg,44,Cooling yogurt with cucumber and spices,side|veg|Biryani,0.328
I06418,R0649,Khubani Ka Meetha,dessert,veg,99,Apricot dessert,dessert|veg|Biryani,0.2
I06419,R0649,Gulab Jamun,dessert,veg,66,Soft milk dumplings in sugar syrup,dessert|veg|Biryani,0.148
I06420,R0649,Lassi,beverage,veg,77,Thick yogurt drink,beverage|veg|Biryani,0.146
I06421,R0649,Soft Drink,beverage,veg,55,Refreshing carbonated beverage,beverage|veg|Biryani,0.151
I06422,R0650,Cold Coffee,main,veg,143,Iced coffee,main|veg|Beverages|popular,0.0
I06423,R0650,Smoothie,main,veg,165,Fruit smoothie,main|veg|Beverages|popular,0.0
I06424,R0650,Mojito,main,veg,121,Refreshing mint drink,main|veg|Beverages|popular,0.0
I06425,R0650,Whipped Cream,side,veg,27,Extra whipped cream,side|veg|Beverages,0.303
I06426,R0650,Extra Shot,side,veg,33,Extra coffee shot,side|veg|Beverages,0.34
I06427,R0650,Cookie,dessert,veg,55,Fresh baked cookie,dessert|veg|Beverages,0.137
I06428,R0650,Muffin,dessert,veg,66,Fresh muffin,dessert|veg|Beverages,0.255
I06429,R0650,Water Bottle,beverage,veg,22,Mineral water,beverage|veg|Beverages,0.268
I06430,R0650,Soft Drink,beverage,veg,55,Refreshing beverage,beverage|veg|Beverages,0.365
I06431,R0651,Egg Biryani,main,non-veg,242,Rice with boiled eggs and spices,main|non-veg|Biryani|popular,0.0
I06432,R0651,Chicken Biryani,main,non-veg,308,Fragrant basmati rice with tender chicken pieces,main|non-veg|Biryani|popular,0.0
I06433,R0651,Mutton Biryani,main,non-veg,385,Aromatic rice with succulent mutton,main|non-veg|Biryani|popular,0.0
I06434,R0651,Veg Biryani,main,veg,220,Flavorful rice with mixed vegetables,main|veg|Biryani|popular,0.0
I06435,R0651,Double Ka Meetha,side,veg,88,Sweet bread pudding,side|veg|Biryani,0.122
I06436,R0651,Salan,side,veg,66,Spicy curry accompaniment,side|veg|Biryani,0.385
I06437,R0651,Raita,side,veg,44,Cooling yogurt with cucumber and spices,side|veg|Biryani,0.297
I06438,R0651,Gulab Jamun,dessert,veg,66,Soft milk dumplings in sugar syrup,dessert|veg|Biryani,0.285
I06439,R0651,Khubani Ka Meetha,dessert,veg,99,Apricot dessert,dessert|veg|Biryani,0.121
I06440,R0651,Soft Drink,beverage,veg,55,Refreshing carbonated beverage,beverage|veg|Biryani,0.104
I06441,R0651,Lassi,beverage,veg,77,Thick yogurt drink,beverage|veg|Biryani,0.308
I06442,R0652,Frankie,main,veg,132,Stuffed roll,main|veg|Italian|popular,0.0
I06443,R0652,Sandwich,main,veg,110,Grilled sandwich,main|veg|Italian|popular,0.0
I06444,R0652,Chicken Wrap,main,non-veg,198,Chicken stuffed wrap,main|non-veg|Italian|popular,0.0
I06445,R0652,Veg Wrap,main,veg,143,Vegetable stuffed wrap,main|veg|Italian|popular,0.0
I06446,R0652,Fries,side,veg,88,Crispy fries,side|veg|Italian,0.174
I06447,R0652,Onion Rings,side,veg,99,Crispy onion rings,side|veg|Italian,0.295
I06448,R0652,Ice Cream,dessert,veg,66,Vanilla ice cream,dessert|veg|Italian,0.213
I06449,R0652,Brownie,dessert,veg,110,Chocolate brownie,dessert|veg|Italian,0.2
I06450,R0652,Cold Coffee,beverage,veg,132,Iced coffee,beverage|veg|Italian,0.195
I06451,R0652,Soft Drink,beverage,veg,55,Refreshing beverage,beverage|veg|Italian,0.11
I06452,R0653,Samosa,main,veg,37,Crispy pastry with filling,main|veg|Street Food|popular,0.0
I06453,R0653,Chole Bhature,main,veg,162,Chickpea curry with fried bread,main|veg|Street Food|popular,0.0
I06454,R0653,Pav Bhaji,main,veg,150,Mashed vegetable curry with bread,main|veg|Street Food|popular,0.0
I06455,R0653,Extra Pav,side,veg,18,Extra bread,side|veg|Street Food,0.164
I06456,R0653,Papad,side,veg,25,Crispy papad,side|veg|Street Food,0.15
I06457,R0653,Jalebi,dessert,veg,62,Sweet fried spirals,dessert|veg|Street Food,0.329
I06458,R0653,Rabri,dessert,veg,100,Thickened sweet milk,dessert|veg|Street Food,0.258
I06459,R0653,Masala Chai,beverage,veg,37,Spiced tea,beverage|veg|Street Food,0.238
I06460,R0653,Lassi,beverage,veg,75,Yogurt drink,beverage|veg|Street Food,0.185
I06461,R0654,Smoothie,main,veg,187,Fruit smoothie,main|veg|Beverages|popular,0.0
I06462,R0654,Cold Coffee,main,veg,162,Iced coffee,main|veg|Beverages|popular,0.0
I06463,R0654,Mojito,main,veg,137,Refreshing mint drink,main|veg|Beverages|popular,0.0
I06464,R0654,Whipped Cream,side,veg,31,Extra whipped cream,side|veg|Beverages,0.173
I06465,R0654,Extra Shot,side,veg,37,Extra coffee shot,side|veg|Beverages,0.392
I06466,R0654,Cookie,dessert,veg,62,Fresh baked cookie,dessert|veg|Beverages,0.394
I06467,R0654,Muffin,dessert,veg,75,Fresh muffin,dessert|veg|Beverages,0.299
I06468,R0654,Water Bottle,beverage,veg,25,Mineral water,beverage|veg|Beverages,0.335
I06469,R0654,Soft Drink,beverage,veg,62,Refreshing beverage,beverage|veg|Beverages,0.182
I06470,R0655,Chicken Chettinad,main,non-veg,308,Spicy Chettinad chicken,main|non-veg|South Indian|popular,0.0
I06471,R0655,Masala Dosa,main,veg,132,Crispy crepe with potato filling,main|veg|South Indian|popular,0.0
I06472,R0655,Vada,main,veg,77,Crispy fried lentil donuts,main|veg|South Indian|popular,0.0
I06473,R0655,Idli Sambar,main,veg,88,Steamed rice cakes with lentil curry,main|veg|South Indian|popular,0.0
I06474,R0655,Coconut Chutney,side,veg,33,Fresh coconut chutney,side|veg|South Indian,0.398
I06475,R0655,Tomato Chutney,side,veg,33,Tangy tomato chutney,side|veg|South Indian,0.356
I06476,R0655,Sambar,side,veg,44,Lentil and vegetable curry,side|veg|South Indian,0.164
I06477,R0655,Payasam,dessert,veg,66,Sweet milk pudding,dessert|veg|South Indian,0.315
I06478,R0655,Kesari,dessert,veg,55,Semolina sweet,dessert|veg|South Indian,0.123
I06479,R0655,Filter Coffee,beverage,veg,44,South Indian filter coffee,beverage|veg|South Indian,0.17
I06480,R0655,Buttermilk,beverage,veg,38,Spiced yogurt drink,beverage|veg|South Indian,0.368
I06481,R0656,Smoothie,main,veg,165,Fruit smoothie,main|veg|Beverages|popular,0.0
I06482,R0656,Cold Coffee,main,veg,143,Iced coffee,main|veg|Beverages|popular,0.0
I06483,R0656,Mojito,main,veg,121,Refreshing mint drink,main|veg|Beverages|popular,0.0
I06484,R0656,Whipped Cream,side,veg,27,Extra whipped cream,side|veg|Beverages,0.199
I06485,R0656,Extra Shot,side,veg,33,Extra coffee shot,side|veg|Beverages,0.331
I06486,R0656,Muffin,dessert,veg,66,Fresh muffin,dessert|veg|Beverages,0.135
I06487,R0656,Cookie,dessert,veg,55,Fresh baked cookie,dessert|veg|Beverages,0.136
I06488,R0656,Soft Drink,beverage,veg,55,Refreshing beverage,beverage|veg|Beverages,0.343
I06489,R0656,Water Bottle,beverage,veg,22,Mineral water,beverage|veg|Beverages,0.354
I06490,R0657,Egg Biryani,main,non-veg,275,Rice with boiled eggs and spices,main|non-veg|Biryani|popular,0.0
I06491,R0657,Mutton Biryani,main,non-veg,437,Aromatic rice with succulent mutton,main|non-veg|Biryani|popular,0.0
I06492,R0657,Veg Biryani,main,veg,250,Flavorful rice with mixed vegetables,main|veg|Biryani|popular,0.0
I06493,R0657,Raita,side,veg,50,Cooling yogurt with cucumber and spices,side|veg|Biryani,0.131
I06494,R0657,Double Ka Meetha,side,veg,100,Sweet bread pudding,side|veg|Biryani,0.148
I06495,R0657,Salan,side,veg,75,Spicy curry accompaniment,side|veg|Biryani,0.216
I06496,R0657,Khubani Ka Meetha,dessert,veg,112,Apricot dessert,dessert|veg|Biryani,0.216
I06497,R0657,Gulab Jamun,dessert,veg,75,Soft milk dumplings in sugar syrup,dessert|veg|Biryani,0.165
I06498,R0657,Soft Drink,beverage,veg,62,Refreshing carbonated beverage,beverage|veg|Biryani,0.132
I06499,R0657,Lassi,beverage,veg,87,Thick yogurt drink,beverage|veg|Biryani,0.122
I06500,R0658,Veg Wrap,main,veg,143,Vegetable stuffed wrap,main|veg|Italian|popular,0.0
I06501,R0658,Chicken Wrap,main,non-veg,198,Chicken stuffed wrap,main|non-veg|Italian|popular,0.0
I06502,R0658,Frankie,main,veg,132,Stuffed roll,main|veg|Italian|popular,0.0
I06503,R0658,Sandwich,main,veg,110,Grilled sandwich,main|veg|Italian|popular,0.0
I06504,R0658,Fries,side,veg,88,Crispy fries,side|veg|Italian,0.361
I06505,R0658,Onion Rings,side,veg,99,Crispy onion rings,side|veg|Italian,0.248
I06506,R0658,Brownie,dessert,veg,110,Chocolate brownie,dessert|veg|Italian,0.362
I06507,R0658,Ice Cream,dessert,veg,66,Vanilla ice cream,dessert|veg|Italian,0.26
I06508,R0658,Soft Drink,beverage,veg,55,Refreshing beverage,beverage|veg|Italian,0.224
I06509,R0658,Cold Coffee,beverage,veg,132,Iced coffee,beverage|veg|Italian,0.107
I06510,R0659,Dal Makhani,main,veg,242,Creamy black lentils,main|veg|North Indian|popular,0.0
I06511,R0659,Butter Chicken,main,non-veg,352,Creamy tomato-based chicken curry,main|non-veg|North Indian|popular,0.0
I06512,R0659,Paneer Tikka,main,veg,308,Grilled cottage cheese,main|veg|North Indian|popular,0.0
I06513,R0659,Rogan Josh,main,non-veg,418,Kashmiri lamb curry,main|non-veg|North Indian|popular,0.0
I06514,R0659,Garlic Naan,side,veg,66,Garlic flavored naan,side|veg|North Indian,0.127
I06515,R0659,Tandoori Roti,side,veg,27,Whole wheat flatbread,side|veg|North Indian,0.366
I06516,R0659,Butter Naan,side,veg,55,Buttery flatbread,side|veg|North Indian,0.131
I06517,R0659,Jeera Rice,side,veg,132,Cumin flavored rice,side|veg|North Indian,0.272
I06518,R0659,Gulab Jamun,dessert,veg,66,Sweet milk dumplings,dessert|veg|North Indian,0.38
I06519,R0659,Rasmalai,dessert,veg,88,Soft cheese patties in milk,dessert|veg|North Indian,0.106
I06520,R0659,Lassi,beverage,veg,77,Sweet yogurt drink,beverage|veg|North Indian,0.281
I06521,R0659,Buttermilk,beverage,veg,44,Spiced yogurt drink,beverage|veg|North Indian,0.352
I06522,R0660,Fish and Chips,main,non-veg,332,Classic fish and chips,main|non-veg|Continental|popular,0.0
I06523,R0660,Grilled Chicken,main,non-veg,304,Herb grilled chicken,main|non-veg|Continental|popular,0.0
I06524,R0660,Veg Steak,main,veg,266,Grilled vegetable steak,main|veg|Continental|popular,0.0
I06525,R0660,Pasta Arrabbiata,main,veg,228,Spicy tomato pasta,main|veg|Continental|popular,0.0
I06526,R0660,Caesar Salad,side,veg,133,Classic Caesar salad,side|veg|Continental,0.158
I06527,R0660,Mashed Potatoes,side,veg,95,Creamy mashed potatoes,side|veg|Continental,0.296
I06528,R0660,Garlic Bread,side,veg,85,Garlic bread,side|veg|Continental,0.123
I06529,R0660,Panna Cotta,dessert,veg,152,Italian custard,dessert|veg|Continental,0.153
I06530,R0660,Tiramisu,dessert,veg,171,Classic Italian dessert,dessert|veg|Continental,0.355
I06531,R0660,Iced Tea,beverage,veg,76,Refreshing iced tea,beverage|veg|Continental,0.101
I06532,R0660,Lemonade,beverage,veg,66,Fresh lemonade,beverage|veg|Continental,0.36
I06533,R0661,Vada,main,veg,77,Crispy fried lentil donuts,main|veg|South Indian|popular,0.0
I06534,R0661,Idli Sambar,main,veg,88,Steamed rice cakes with lentil curry,main|veg|South Indian|popular,0.0
I06535,R0661,Chicken Chettinad,main,non-veg,308,Spicy Chettinad chicken,main|non-veg|South Indian|popular,0.0
I06536,R0661,Masala Dosa,main,veg,132,Crispy crepe with potato filling,main|veg|South Indian|popular,0.0
I06537,R0661,Sambar,side,veg,44,Lentil and vegetable curry,side|veg|South Indian,0.111
I06538,R0661,Coconut Chutney,side,veg,33,Fresh coconut chutney,side|veg|South Indian,0.24
I06539,R0661,Tomato Chutney,side,veg,33,Tangy tomato chutney,side|veg|South Indian,0.143
I06540,R0661,Kesari,dessert,veg,55,Semolina sweet,dessert|veg|South Indian,0.111
I06541,R0661,Payasam,dessert,veg,66,Sweet milk pudding,dessert|veg|South Indian,0.323
I06542,R0661,Buttermilk,beverage,veg,38,Spiced yogurt drink,beverage|veg|South Indian,0.309
I06543,R0661,Filter Coffee,beverage,veg,44,South Indian filter coffee,beverage|veg|South Indian,0.271
I06544,R0662,Masala Dosa,main,veg,132,Crispy crepe with potato filling,main|veg|South Indian|popular,0.0
I06545,R0662,Idli Sambar,main,veg,88,Steamed rice cakes with lentil curry,main|veg|South Indian|popular,0.0
I06546,R0662,Chicken Chettinad,main,non-veg,308,Spicy Chettinad chicken,main|non-veg|South Indian|popular,0.0
I06547,R0662,Vada,main,veg,77,Crispy fried lentil donuts,main|veg|South Indian|popular,0.0
I06548,R0662,Coconut Chutney,side,veg,33,Fresh coconut chutney,side|veg|South Indian,0.209
I06549,R0662,Sambar,side,veg,44,Lentil and vegetable curry,side|veg|South Indian,0.134
I06550,R0662,Tomato Chutney,side,veg,33,Tangy tomato chutney,side|veg|South Indian,0.221
I06551,R0662,Payasam,dessert,veg,66,Sweet milk pudding,dessert|veg|South Indian,0.14
I06552,R0662,Kesari,dessert,veg,55,Semolina sweet,dessert|veg|South Indian,0.392
I06553,R0662,Filter Coffee,beverage,veg,44,South Indian filter coffee,beverage|veg|South Indian,0.353
I06554,R0662,Buttermilk,beverage,veg,38,Spiced yogurt drink,beverage|veg|South Indian,0.273
I06555,R0663,Chicken Chettinad,main,non-veg,308,Spicy Chettinad chicken,main|non-veg|South Indian|popular,0.0
I06556,R0663,Masala Dosa,main,veg,132,Crispy crepe with potato filling,main|veg|South Indian|popular,0.0
I06557,R0663,Idli Sambar,main,veg,88,Steamed rice cakes with lentil curry,main|veg|South Indian|popular,0.0
I06558,R0663,Vada,main,veg,77,Crispy fried lentil donuts,main|veg|South Indian|popular,0.0
I06559,R0663,Coconut Chutney,side,veg,33,Fresh coconut chutney,side|veg|South Indian,0.343
I06560,R0663,Tomato Chutney,side,veg,33,Tangy tomato chutney,side|veg|South Indian,0.384
I06561,R0663,Sambar,side,veg,44,Lentil and vegetable curry,side|veg|South Indian,0.13
I06562,R0663,Payasam,dessert,veg,66,Sweet milk pudding,dessert|veg|South Indian,0.109
I06563,R0663,Kesari,dessert,veg,55,Semolina sweet,dessert|veg|South Indian,0.219
I06564,R0663,Filter Coffee,beverage,veg,44,South Indian filter coffee,beverage|veg|South Indian,0.359
I06565,R0663,Buttermilk,beverage,veg,38,Spiced yogurt drink,beverage|veg|South Indian,0.38
I06566,R0664,Idli Sambar,main,veg,112,Steamed rice cakes with lentil curry,main|veg|South Indian|popular,0.0
I06567,R0664,Chicken Chettinad,main,non-veg,392,Spicy Chettinad chicken,main|non-veg|South Indian|popular,0.0
I06568,R0664,Coconut Chutney,side,veg,42,Fresh coconut chutney,side|veg|South Indian,0.193
I06569,R0664,Tomato Chutney,side,veg,42,Tangy tomato chutney,side|veg|South Indian,0.291
I06570,R0664,Payasam,dessert,veg,84,Sweet milk pudding,dessert|veg|South Indian,0.27
I06571,R0664,Kesari,dessert,veg,70,Semolina sweet,dessert|veg|South Indian,0.304
I06572,R0664,Buttermilk,beverage,veg,49,Spiced yogurt drink,beverage|veg|South Indian,0.172
I06573,R0664,Filter Coffee,beverage,veg,56,South Indian filter coffee,beverage|veg|South Indian,0.269
I06574,R0665,Pav Bhaji,main,veg,132,Mashed vegetable curry with bread,main|veg|Street Food|popular,0.0
I06575,R0665,Samosa,main,veg,33,Crispy pastry with filling,main|veg|Street Food|popular,0.0
I06576,R0665,Pani Puri,main,veg,66,Crispy puris with flavored water,main|veg|Street Food|popular,0.0
I06577,R0665,Chole Bhature,main,veg,143,Chickpea curry with fried bread,main|veg|Street Food|popular,0.0
I06578,R0665,Papad,side,veg,22,Crispy papad,side|veg|Street Food,0.16
I06579,R0665,Extra Pav,side,veg,16,Extra bread,side|veg|Street Food,0.282
I06580,R0665,Rabri,dessert,veg,88,Thickened sweet milk,dessert|veg|Street Food,0.311
I06581,R0665,Jalebi,dessert,veg,55,Sweet fried spirals,dessert|veg|Street Food,0.108
I06582,R0665,Lassi,beverage,veg,66,Yogurt drink,beverage|veg|Street Food,0.218
I06583,R0665,Masala Chai,beverage,veg,33,Spiced tea,beverage|veg|Street Food,0.304
I06584,R0666,Chicken Chettinad,main,non-veg,266,Spicy Chettinad chicken,main|non-veg|South Indian|popular,0.0
I06585,R0666,Idli Sambar,main,veg,76,Steamed rice cakes with lentil curry,main|veg|South Indian|popular,0.0
I06586,R0666,Masala Dosa,main,veg,114,Crispy crepe with potato filling,main|veg|South Indian|popular,0.0
I06587,R0666,Vada,main,veg,66,Crispy fried lentil donuts,main|veg|South Indian|popular,0.0
I06588,R0666,Sambar,side,veg,38,Lentil and vegetable curry,side|veg|South Indian,0.256
I06589,R0666,Tomato Chutney,side,veg,28,Tangy tomato chutney,side|veg|South Indian,0.295
I06590,R0666,Coconut Chutney,side,veg,28,Fresh coconut chutney,side|veg|South Indian,0.18
I06591,R0666,Kesari,dessert,veg,47,Semolina sweet,dessert|veg|South Indian,0.39
I06592,R0666,Payasam,dessert,veg,57,Sweet milk pudding,dessert|veg|South Indian,0.334
I06593,R0666,Filter Coffee,beverage,veg,38,South Indian filter coffee,beverage|veg|South Indian,0.331
I06594,R0666,Buttermilk,beverage,veg,33,Spiced yogurt drink,beverage|veg|South Indian,0.371
I06595,R0667,Manchurian,main,veg,250,Vegetable balls in gravy,main|veg|Chinese|popular,0.0
I06596,R0667,Hakka Noodles,main,veg,212,Stir-fried noodles,main|veg|Chinese|popular,0.0
I06597,R0667,Chilli Chicken,main,non-veg,325,Spicy chicken preparation,main|non-veg|Chinese|popular,0.0
I06598,R0667,Momos,side,veg,150,Steamed dumplings,side|veg|Chinese,0.118
I06599,R0667,Chilli Potato,side,veg,137,Spicy potato fingers,side|veg|Chinese,0.251
I06600,R0667,Spring Roll,side,veg,112,Crispy vegetable rolls,side|veg|Chinese,0.329
I06601,R0667,Honey Noodles,dessert,veg,100,Crispy noodles with honey,dessert|veg|Chinese,0.164
I06602,R0667,Date Pancake,dessert,veg,125,Sweet pancake with dates,dessert|veg|Chinese,0.101
I06603,R0667,Green Tea,beverage,veg,50,Hot green tea,beverage|veg|Chinese,0.132
I06604,R0667,Soft Drink,beverage,veg,62,Refreshing beverage,beverage|veg|Chinese,0.257
I06605,R0668,Masala Dosa,main,veg,150,Crispy crepe with potato filling,main|veg|South Indian|popular,0.0
I06606,R0668,Idli Sambar,main,veg,100,Steamed rice cakes with lentil curry,main|veg|South Indian|popular,0.0
I06607,R0668,Chicken Chettinad,main,non-veg,350,Spicy Chettinad chicken,main|non-veg|South Indian|popular,0.0
I06608,R0668,Sambar,side,veg,50,Lentil and vegetable curry,side|veg|South Indian,0.33
I06609,R0668,Coconut Chutney,side,veg,37,Fresh coconut chutney,side|veg|South Indian,0.11
I06610,R0668,Tomato Chutney,side,veg,37,Tangy tomato chutney,side|veg|South Indian,0.391
I06611,R0668,Payasam,dessert,veg,75,Sweet milk pudding,dessert|veg|South Indian,0.217
I06612,R0668,Kesari,dessert,veg,62,Semolina sweet,dessert|veg|South Indian,0.371
I06613,R0668,Buttermilk,beverage,veg,43,Spiced yogurt drink,beverage|veg|South Indian,0.341
I06614,R0668,Filter Coffee,beverage,veg,50,South Indian filter coffee,beverage|veg|South Indian,0.184
I06615,R0669,Veg Wrap,main,veg,143,Vegetable stuffed wrap,main|veg|Fast Food|popular,0.0
I06616,R0669,Chicken Wrap,main,non-veg,198,Chicken stuffed wrap,main|non-veg|Fast Food|popular,0.0
I06617,R0669,Frankie,main,veg,132,Stuffed roll,main|veg|Fast Food|popular,0.0
I06618,R0669,Sandwich,main,veg,110,Grilled sandwich,main|veg|Fast Food|popular,0.0
I06619,R0669,Onion Rings,side,veg,99,Crispy onion rings,side|veg|Fast Food,0.32
I06620,R0669,Fries,side,veg,88,Crispy fries,side|veg|Fast Food,0.302
I06621,R0669,Brownie,dessert,veg,110,Chocolate brownie,dessert|veg|Fast Food,0.261
I06622,R0669,Ice Cream,dessert,veg,66,Vanilla ice cream,dessert|veg|Fast Food,0.323
I06623,R0669,Cold Coffee,beverage,veg,132,Iced coffee,beverage|veg|Fast Food,0.103
I06624,R0669,Soft Drink,beverage,veg,55,Refreshing beverage,beverage|veg|Fast Food,0.366
I06625,R0670,Sandwich,main,veg,110,Grilled sandwich,main|veg|Fast Food|popular,0.0
I06626,R0670,Frankie,main,veg,132,Stuffed roll,main|veg|Fast Food|popular,0.0
I06627,R0670,Chicken Wrap,main,non-veg,198,Chicken stuffed wrap,main|non-veg|Fast Food|popular,0.0
I06628,R0670,Veg Wrap,main,veg,143,Vegetable stuffed wrap,main|veg|Fast Food|popular,0.0
I06629,R0670,Fries,side,veg,88,Crispy fries,side|veg|Fast Food,0.215
I06630,R0670,Onion Rings,side,veg,99,Crispy onion rings,side|veg|Fast Food,0.302
I06631,R0670,Ice Cream,dessert,veg,66,Vanilla ice cream,dessert|veg|Fast Food,0.246
I06632,R0670,Brownie,dessert,veg,110,Chocolate brownie,dessert|veg|Fast Food,0.326
I06633,R0670,Soft Drink,beverage,veg,55,Refreshing beverage,beverage|veg|Fast Food,0.187
I06634,R0670,Cold Coffee,beverage,veg,132,Iced coffee,beverage|veg|Fast Food,0.143
I06635,R0671,Smoothie,main,veg,187,Fruit smoothie,main|veg|Beverages|popular,0.0
I06636,R0671,Mojito,main,veg,137,Refreshing mint drink,main|veg|Beverages|popular,0.0
I06637,R0671,Cold Coffee,main,veg,162,Iced coffee,main|veg|Beverages|popular,0.0
I06638,R0671,Whipped Cream,side,veg,31,Extra whipped cream,side|veg|Beverages,0.201
I06639,R0671,Extra Shot,side,veg,37,Extra coffee shot,side|veg|Beverages,0.119
I06640,R0671,Muffin,dessert,veg,75,Fresh muffin,dessert|veg|Beverages,0.274
I06641,R0671,Cookie,dessert,veg,62,Fresh baked cookie,dessert|veg|Beverages,0.207
I06642,R0671,Soft Drink,beverage,veg,62,Refreshing beverage,beverage|veg|Beverages,0.144
I06643,R0671,Water Bottle,beverage,veg,25,Mineral water,beverage|veg|Beverages,0.285
I06644,R0672,Veg Wrap,main,veg,143,Vegetable stuffed wrap,main|veg|Italian|popular,0.0
I06645,R0672,Chicken Wrap,main,non-veg,198,Chicken stuffed wrap,main|non-veg|Italian|popular,0.0
I06646,R0672,Sandwich,main,veg,110,Grilled sandwich,main|veg|Italian|popular,0.0
I06647,R0672,Frankie,main,veg,132,Stuffed roll,main|veg|Italian|popular,0.0
I06648,R0672,Onion Rings,side,veg,99,Crispy onion rings,side|veg|Italian,0.392
I06649,R0672,Fries,side,veg,88,Crispy fries,side|veg|Italian,0.227
I06650,R0672,Brownie,dessert,veg,110,Chocolate brownie,dessert|veg|Italian,0.343
I06651,R0672,Ice Cream,dessert,veg,66,Vanilla ice cream,dessert|veg|Italian,0.306
I06652,R0672,Cold Coffee,beverage,veg,132,Iced coffee,beverage|veg|Italian,0.224
I06653,R0672,Soft Drink,beverage,veg,55,Refreshing beverage,beverage|veg|Italian,0.128
I06654,R0673,Chicken Biryani,main,non-veg,392,Fragrant basmati rice with tender chicken pieces,main|non-veg|Biryani|popular,0.0
I06655,R0673,Veg Biryani,main,veg,280,Flavorful rice with mixed vegetables,main|veg|Biryani|popular,0.0
I06656,R0673,Double Ka Meetha,side,veg,112,Sweet bread pudding,side|veg|Biryani,0.178
I06657,R0673,Raita,side,veg,56,Cooling yogurt with cucumber and spices,side|veg|Biryani,0.117
I06658,R0673,Gulab Jamun,dessert,veg,84,Soft milk dumplings in sugar syrup,dessert|veg|Biryani,0.313
I06659,R0673,Khubani Ka Meetha,dessert,veg,125,Apricot dessert,dessert|veg|Biryani,0.3
I06660,R0673,Lassi,beverage,veg,98,Thick yogurt drink,beverage|veg|Biryani,0.145
I06661,R0673,Soft Drink,beverage,veg,70,Refreshing carbonated beverage,beverage|veg|Biryani,0.159
I06662,R0674,Ice Cream Sundae,main,veg,142,Loaded ice cream sundae,main|veg|Desserts|popular,0.0
I06663,R0674,Waffle,main,veg,171,Belgian waffle with toppings,main|veg|Desserts|popular,0.0
I06664,R0674,Pancake,main,veg,152,Fluffy pancakes,main|veg|Desserts|popular,0.0
I06665,R0674,Extra Toppings,side,veg,38,Additional toppings,side|veg|Desserts,0.118
I06666,R0674,Syrup Shot,side,veg,28,Extra syrup,side|veg|Desserts,0.228
I06667,R0674,Chocolate Cake,dessert,veg,114,Rich chocolate cake,dessert|veg|Desserts,0.209
I06668,R0674,Cheesecake,dessert,veg,171,Creamy cheesecake,dessert|veg|Desserts,0.201
I06669,R0674,Hot Chocolate,beverage,veg,95,Rich hot chocolate,beverage|veg|Desserts,0.156
I06670,R0674,Milkshake,beverage,veg,123,Thick milkshake,beverage|veg|Desserts,0.323
I06671,R0675,Frankie,main,veg,150,Stuffed roll,main|veg|Italian|popular,0.0
I06672,R0675,Chicken Wrap,main,non-veg,225,Chicken stuffed wrap,main|non-veg|Italian|popular,0.0
I06673,R0675,Veg Wrap,main,veg,162,Vegetable stuffed wrap,main|veg|Italian|popular,0.0
I06674,R0675,Fries,side,veg,100,Crispy fries,side|veg|Italian,0.372
I06675,R0675,Onion Rings,side,veg,112,Crispy onion rings,side|veg|Italian,0.204
I06676,R0675,Ice Cream,dessert,veg,75,Vanilla ice cream,dessert|veg|Italian,0.211
I06677,R0675,Brownie,dessert,veg,125,Chocolate brownie,dessert|veg|Italian,0.304
I06678,R0675,Soft Drink,beverage,veg,62,Refreshing beverage,beverage|veg|Italian,0.174
I06679,R0675,Cold Coffee,beverage,veg,150,Iced coffee,beverage|veg|Italian,0.393
I06680,R0676,Smoothie,main,veg,165,Fruit smoothie,main|veg|Beverages|popular,0.0
I06681,R0676,Cold Coffee,main,veg,143,Iced coffee,main|veg|Beverages|popular,0.0
I06682,R0676,Mojito,main,veg,121,Refreshing mint drink,main|veg|Beverages|popular,0.0
I06683,R0676,Whipped Cream,side,veg,27,Extra whipped cream,side|veg|Beverages,0.266
I06684,R0676,Extra Shot,side,veg,33,Extra coffee shot,side|veg|Beverages,0.234
I06685,R0676,Cookie,dessert,veg,55,Fresh baked cookie,dessert|veg|Beverages,0.327
I06686,R0676,Muffin,dessert,veg,66,Fresh muffin,dessert|veg|Beverages,0.283
I06687,R0676,Water Bottle,beverage,veg,22,Mineral water,beverage|veg|Beverages,0.108
I06688,R0676,Soft Drink,beverage,veg,55,Refreshing beverage,beverage|veg|Beverages,0.375
I06689,R0677,Paneer Tikka,main,veg,350,Grilled cottage cheese,main|veg|North Indian|popular,0.0
I06690,R0677,Dal Makhani,main,veg,275,Creamy black lentils,main|veg|North Indian|popular,0.0
I06691,R0677,Rogan Josh,main,non-veg,475,Kashmiri lamb curry,main|non-veg|North Indian|popular,0.0
I06692,R0677,Jeera Rice,side,veg,150,Cumin flavored rice,side|veg|North Indian,0.141
I06693,R0677,Garlic Naan,side,veg,75,Garlic flavored naan,side|veg|North Indian,0.118
I06694,R0677,Butter Naan,side,veg,62,Buttery flatbread,side|veg|North Indian,0.352
I06695,R0677,Rasmalai,dessert,veg,100,Soft cheese patties in milk,dessert|veg|North Indian,0.216
I06696,R0677,Gulab Jamun,dessert,veg,75,Sweet milk dumplings,dessert|veg|North Indian,0.316
I06697,R0677,Buttermilk,beverage,veg,50,Spiced yogurt drink,beverage|veg|North Indian,0.178
I06698,R0677,Lassi,beverage,veg,87,Sweet yogurt drink,beverage|veg|North Indian,0.267
I06699,R0678,Fish and Chips,main,non-veg,385,Classic fish and chips,main|non-veg|Continental|popular,0.0
I06700,R0678,Pasta Arrabbiata,main,veg,264,Spicy tomato pasta,main|veg|Continental|popular,0.0
I06701,R0678,Grilled Chicken,main,non-veg,352,Herb grilled chicken,main|non-veg|Continental|popular,0.0
I06702,R0678,Veg Steak,main,veg,308,Grilled vegetable steak,main|veg|Continental|popular,0.0
I06703,R0678,Mashed Potatoes,side,veg,110,Creamy mashed potatoes,side|veg|Continental,0.117
I06704,R0678,Garlic Bread,side,veg,99,Garlic bread,side|veg|Continental,0.304
I06705,R0678,Caesar Salad,side,veg,154,Classic Caesar salad,side|veg|Continental,0.295
I06706,R0678,Panna Cotta,dessert,veg,176,Italian custard,dessert|veg|Continental,0.338
I06707,R0678,Tiramisu,dessert,veg,198,Classic Italian dessert,dessert|veg|Continental,0.348
I06708,R0678,Iced Tea,beverage,veg,88,Refreshing iced tea,beverage|veg|Continental,0.241
I06709,R0678,Lemonade,beverage,veg,77,Fresh lemonade,beverage|veg|Continental,0.105
I06710,R0679,Pav Bhaji,main,veg,132,Mashed vegetable curry with bread,main|veg|Street Food|popular,0.0
I06711,R0679,Chole Bhature,main,veg,143,Chickpea curry with fried bread,main|veg|Street Food|popular,0.0
I06712,R0679,Samosa,main,veg,33,Crispy pastry with filling,main|veg|Street Food|popular,0.0
I06713,R0679,Pani Puri,main,veg,66,Crispy puris with flavored water,main|veg|Street Food|popular,0.0
I06714,R0679,Extra Pav,side,veg,16,Extra bread,side|veg|Street Food,0.256
I06715,R0679,Papad,side,veg,22,Crispy papad,side|veg|Street Food,0.289
I06716,R0679,Jalebi,dessert,veg,55,Sweet fried spirals,dessert|veg|Street Food,0.172
I06717,R0679,Rabri,dessert,veg,88,Thickened sweet milk,dessert|veg|Street Food,0.303
I06718,R0679,Masala Chai,beverage,veg,33,Spiced tea,beverage|veg|Street Food,0.305
I06719,R0679,Lassi,beverage,veg,66,Yogurt drink,beverage|veg|Street Food,0.142
I06720,R0680,Idli Sambar,main,veg,112,Steamed rice cakes with lentil curry,main|veg|South Indian|popular,0.0
I06721,R0680,Masala Dosa,main,veg,168,Crispy crepe with potato filling,main|veg|South Indian|popular,0.0
I06722,R0680,Sambar,side,veg,56,Lentil and vegetable curry,side|veg|South Indian,0.201
I06723,R0680,Tomato Chutney,side,veg,42,Tangy tomato chutney,side|veg|South Indian,0.269
I06724,R0680,Payasam,dessert,veg,84,Sweet milk pudding,dessert|veg|South Indian,0.334
I06725,R0680,Kesari,dessert,veg,70,Semolina sweet,dessert|veg|South Indian,0.156
I06726,R0680,Filter Coffee,beverage,veg,56,South Indian filter coffee,beverage|veg|South Indian,0.355
I06727,R0680,Buttermilk,beverage,veg,49,Spiced yogurt drink,beverage|veg|South Indian,0.202
I06728,R0681,Pani Puri,main,veg,57,Crispy puris with flavored water,main|veg|Street Food|popular,0.0
I06729,R0681,Pav Bhaji,main,veg,114,Mashed vegetable curry with bread,main|veg|Street Food|popular,0.0
I06730,R0681,Chole Bhature,main,veg,123,Chickpea curry with fried bread,main|veg|Street Food|popular,0.0
I06731,R0681,Samosa,main,veg,28,Crispy pastry with filling,main|veg|Street Food|popular,0.0
I06732,R0681,Extra Pav,side,veg,14,Extra bread,side|veg|Street Food,0.344
I06733,R0681,Papad,side,veg,19,Crispy papad,side|veg|Street Food,0.168
I06734,R0681,Rabri,dessert,veg,76,Thickened sweet milk,dessert|veg|Street Food,0.131
I06735,R0681,Jalebi,dessert,veg,47,Sweet fried spirals,dessert|veg|Street Food,0.229
I06736,R0681,Lassi,beverage,veg,57,Yogurt drink,beverage|veg|Street Food,0.338
I06737,R0681,Masala Chai,beverage,veg,28,Spiced tea,beverage|veg|Street Food,0.278
I06738,R0682,Butter Chicken,main,non-veg,352,Creamy tomato-based chicken curry,main|non-veg|North Indian|popular,0.0
I06739,R0682,Dal Makhani,main,veg,242,Creamy black lentils,main|veg|North Indian|popular,0.0
I06740,R0682,Rogan Josh,main,non-veg,418,Kashmiri lamb curry,main|non-veg|North Indian|popular,0.0
I06741,R0682,Paneer Tikka,main,veg,308,Grilled cottage cheese,main|veg|North Indian|popular,0.0
I06742,R0682,Jeera Rice,side,veg,132,Cumin flavored rice,side|veg|North Indian,0.274
I06743,R0682,Butter Naan,side,veg,55,Buttery flatbread,side|veg|North Indian,0.111
I06744,R0682,Garlic Naan,side,veg,66,Garlic flavored naan,side|veg|North Indian,0.206
I06745,R0682,Tandoori Roti,side,veg,27,Whole wheat flatbread,side|veg|North Indian,0.246
I06746,R0682,Rasmalai,dessert,veg,88,Soft cheese patties in milk,dessert|veg|North Indian,0.381
I06747,R0682,Gulab Jamun,dessert,veg,66,Sweet milk dumplings,dessert|veg|North Indian,0.183
I06748,R0682,Buttermilk,beverage,veg,44,Spiced yogurt drink,beverage|veg|North Indian,0.367
I06749,R0682,Lassi,beverage,veg,77,Sweet yogurt drink,beverage|veg|North Indian,0.174
I06750,R0683,Mojito,main,veg,121,Refreshing mint drink,main|veg|Beverages|popular,0.0
I06751,R0683,Smoothie,main,veg,165,Fruit smoothie,main|veg|Beverages|popular,0.0
I06752,R0683,Cold Coffee,main,veg,143,Iced coffee,main|veg|Beverages|popular,0.0
I06753,R0683,Extra Shot,side,veg,33,Extra coffee shot,side|veg|Beverages,0.174
I06754,R0683,Whipped Cream,side,veg,27,Extra whipped cream,side|veg|Beverages,0.332
I06755,R0683,Muffin,dessert,veg,66,Fresh muffin,dessert|veg|Beverages,0.224
I06756,R0683,Cookie,dessert,veg,55,Fresh baked cookie,dessert|veg|Beverages,0.227
I06757,R0683,Water Bottle,beverage,veg,22,Mineral water,beverage|veg|Beverages,0.287
I06758,R0683,Soft Drink,beverage,veg,55,Refreshing beverage,beverage|veg|Beverages,0.269
I06759,R0684,Mutton Biryani,main,non-veg,385,Aromatic rice with succulent mutton,main|non-veg|Biryani|popular,0.0
I06760,R0684,Veg Biryani,main,veg,220,Flavorful rice with mixed vegetables,main|veg|Biryani|popular,0.0
I06761,R0684,Egg Biryani,main,non-veg,242,Rice with boiled eggs and spices,main|non-veg|Biryani|popular,0.0
I06762,R0684,Chicken Biryani,main,non-veg,308,Fragrant basmati rice with tender chicken pieces,main|non-veg|Biryani|popular,0.0
I06763,R0684,Raita,side,veg,44,Cooling yogurt with cucumber and spices,side|veg|Biryani,0.15
I06764,R0684,Salan,side,veg,66,Spicy curry accompaniment,side|veg|Biryani,0.179
I06765,R0684,Double Ka Meetha,side,veg,88,Sweet bread pudding,side|veg|Biryani,0.169
I06766,R0684,Gulab Jamun,dessert,veg,66,Soft milk dumplings in sugar syrup,dessert|veg|Biryani,0.303
I06767,R0684,Khubani Ka Meetha,dessert,veg,99,Apricot dessert,dessert|veg|Biryani,0.29
I06768,R0684,Soft Drink,beverage,veg,55,Refreshing carbonated beverage,beverage|veg|Biryani,0.198
I06769,R0684,Lassi,beverage,veg,77,Thick yogurt drink,beverage|veg|Biryani,0.222
I06770,R0685,Chole Bhature,main,veg,123,Chickpea curry with fried bread,main|veg|Street Food|popular,0.0
I06771,R0685,Samosa,main,veg,28,Crispy pastry with filling,main|veg|Street Food|popular,0.0
I06772,R0685,Pani Puri,main,veg,57,Crispy puris with flavored water,main|veg|Street Food|popular,0.0
I06773,R0685,Pav Bhaji,main,veg,114,Mashed vegetable curry with bread,main|veg|Street Food|popular,0.0
I06774,R0685,Extra Pav,side,veg,14,Extra bread,side|veg|Street Food,0.192
I06775,R0685,Papad,side,veg,19,Crispy papad,side|veg|Street Food,0.106
I06776,R0685,Rabri,dessert,veg,76,Thickened sweet milk,dessert|veg|Street Food,0.256
I06777,R0685,Jalebi,dessert,veg,47,Sweet fried spirals,dessert|veg|Street Food,0.357
I06778,R0685,Masala Chai,beverage,veg,28,Spiced tea,beverage|veg|Street Food,0.215
I06779,R0685,Lassi,beverage,veg,57,Yogurt drink,beverage|veg|Street Food,0.309
I06780,R0686,Masala Dosa,main,veg,150,Crispy crepe with potato filling,main|veg|South Indian|popular,0.0
I06781,R0686,Vada,main,veg,87,Crispy fried lentil donuts,main|veg|South Indian|popular,0.0
I06782,R0686,Idli Sambar,main,veg,100,Steamed rice cakes with lentil curry,main|veg|South Indian|popular,0.0
I06783,R0686,Coconut Chutney,side,veg,37,Fresh coconut chutney,side|veg|South Indian,0.275
I06784,R0686,Tomato Chutney,side,veg,37,Tangy tomato chutney,side|veg|South Indian,0.241
I06785,R0686,Sambar,side,veg,50,Lentil and vegetable curry,side|veg|South Indian,0.102
I06786,R0686,Kesari,dessert,veg,62,Semolina sweet,dessert|veg|South Indian,0.36
I06787,R0686,Payasam,dessert,veg,75,Sweet milk pudding,dessert|veg|South Indian,0.228
I06788,R0686,Filter Coffee,beverage,veg,50,South Indian filter coffee,beverage|veg|South Indian,0.175
I06789,R0686,Buttermilk,beverage,veg,43,Spiced yogurt drink,beverage|veg|South Indian,0.298
I06790,R0687,Waffle,main,veg,225,Belgian waffle with toppings,main|veg|Desserts|popular,0.0
I06791,R0687,Ice Cream Sundae,main,veg,187,Loaded ice cream sundae,main|veg|Desserts|popular,0.0
I06792,R0687,Pancake,main,veg,200,Fluffy pancakes,main|veg|Desserts|popular,0.0
I06793,R0687,Extra Toppings,side,veg,50,Additional toppings,side|veg|Desserts,0.391
I06794,R0687,Syrup Shot,side,veg,37,Extra syrup,side|veg|Desserts,0.258
I06795,R0687,Cheesecake,dessert,veg,225,Creamy cheesecake,dessert|veg|Desserts,0.186
I06796,R0687,Chocolate Cake,dessert,veg,150,Rich chocolate cake,dessert|veg|Desserts,0.157
I06797,R0687,Milkshake,beverage,veg,162,Thick milkshake,beverage|veg|Desserts,0.341
I06798,R0687,Hot Chocolate,beverage,veg,125,Rich hot chocolate,beverage|veg|Desserts,0.325
I06799,R0688,Mutton Biryani,main,non-veg,437,Aromatic rice with succulent mutton,main|non-veg|Biryani|popular,0.0
I06800,R0688,Egg Biryani,main,non-veg,275,Rice with boiled eggs and spices,main|non-veg|Biryani|popular,0.0
I06801,R0688,Chicken Biryani,main,non-veg,350,Fragrant basmati rice with tender chicken pieces,main|non-veg|Biryani|popular,0.0
I06802,R0688,Raita,side,veg,50,Cooling yogurt with cucumber and spices,side|veg|Biryani,0.238
I06803,R0688,Double Ka Meetha,side,veg,100,Sweet bread pudding,side|veg|Biryani,0.378
I06804,R0688,Salan,side,veg,75,Spicy curry accompaniment,side|veg|Biryani,0.151
I06805,R0688,Khubani Ka Meetha,dessert,veg,112,Apricot dessert,dessert|veg|Biryani,0.177
I06806,R0688,Gulab Jamun,dessert,veg,75,Soft milk dumplings in sugar syrup,dessert|veg|Biryani,0.262
I06807,R0688,Soft Drink,beverage,veg,62,Refreshing carbonated beverage,beverage|veg|Biryani,0.194
I06808,R0688,Lassi,beverage,veg,87,Thick yogurt drink,beverage|veg|Biryani,0.184
I06809,R0689,Waffle,main,veg,198,Belgian waffle with toppings,main|veg|Desserts|popular,0.0
I06810,R0689,Pancake,main,veg,176,Fluffy pancakes,main|veg|Desserts|popular,0.0
I06811,R0689,Ice Cream Sundae,main,veg,165,Loaded ice cream sundae,main|veg|Desserts|popular,0.0
I06812,R0689,Syrup Shot,side,veg,33,Extra syrup,side|veg|Desserts,0.371
I06813,R0689,Extra Toppings,side,veg,44,Additional toppings,side|veg|Desserts,0.397
I06814,R0689,Chocolate Cake,dessert,veg,132,Rich chocolate cake,dessert|veg|Desserts,0.334
I06815,R0689,Cheesecake,dessert,veg,198,Creamy cheesecake,dessert|veg|Desserts,0.254
I06816,R0689,Milkshake,beverage,veg,143,Thick milkshake,beverage|veg|Desserts,0.221
I06817,R0689,Hot Chocolate,beverage,veg,110,Rich hot chocolate,beverage|veg|Desserts,0.169
I06818,R0690,Veg Wrap,main,veg,162,Vegetable stuffed wrap,main|veg|Fast Food|popular,0.0
I06819,R0690,Frankie,main,veg,150,Stuffed roll,main|veg|Fast Food|popular,0.0
I06820,R0690,Chicken Wrap,main,non-veg,225,Chicken stuffed wrap,main|non-veg|Fast Food|popular,0.0
I06821,R0690,Fries,side,veg,100,Crispy fries,side|veg|Fast Food,0.114
I06822,R0690,Onion Rings,side,veg,112,Crispy onion rings,side|veg|Fast Food,0.189
I06823,R0690,Brownie,dessert,veg,125,Chocolate brownie,dessert|veg|Fast Food,0.252
I06824,R0690,Ice Cream,dessert,veg,75,Vanilla ice cream,dessert|veg|Fast Food,0.399
I06825,R0690,Soft Drink,beverage,veg,62,Refreshing beverage,beverage|veg|Fast Food,0.212
I06826,R0690,Cold Coffee,beverage,veg,150,Iced coffee,beverage|veg|Fast Food,0.23
I06827,R0691,Pancake,main,veg,176,Fluffy pancakes,main|veg|Desserts|popular,0.0
I06828,R0691,Ice Cream Sundae,main,veg,165,Loaded ice cream sundae,main|veg|Desserts|popular,0.0
I06829,R0691,Waffle,main,veg,198,Belgian waffle with toppings,main|veg|Desserts|popular,0.0
I06830,R0691,Extra Toppings,side,veg,44,Additional toppings,side|veg|Desserts,0.325
I06831,R0691,Syrup Shot,side,veg,33,Extra syrup,side|veg|Desserts,0.301
I06832,R0691,Cheesecake,dessert,veg,198,Creamy cheesecake,dessert|veg|Desserts,0.384
I06833,R0691,Chocolate Cake,dessert,veg,132,Rich chocolate cake,dessert|veg|Desserts,0.342
I06834,R0691,Hot Chocolate,beverage,veg,110,Rich hot chocolate,beverage|veg|Desserts,0.23
I06835,R0691,Milkshake,beverage,veg,143,Thick milkshake,beverage|veg|Desserts,0.24
I06836,R0692,Manchurian,main,veg,250,Vegetable balls in gravy,main|veg|Chinese|popular,0.0
I06837,R0692,Chilli Chicken,main,non-veg,325,Spicy chicken preparation,main|non-veg|Chinese|popular,0.0
I06838,R0692,Hakka Noodles,main,veg,212,Stir-fried noodles,main|veg|Chinese|popular,0.0
I06839,R0692,Spring Roll,side,veg,112,Crispy vegetable rolls,side|veg|Chinese,0.329
I06840,R0692,Momos,side,veg,150,Steamed dumplings,side|veg|Chinese,0.23
I06841,R0692,Chilli Potato,side,veg,137,Spicy potato fingers,side|veg|Chinese,0.16
I06842,R0692,Date Pancake,dessert,veg,125,Sweet pancake with dates,dessert|veg|Chinese,0.307
I06843,R0692,Honey Noodles,dessert,veg,100,Crispy noodles with honey,dessert|veg|Chinese,0.255
I06844,R0692,Soft Drink,beverage,veg,62,Refreshing beverage,beverage|veg|Chinese,0.373
I06845,R0692,Green Tea,beverage,veg,50,Hot green tea,beverage|veg|Chinese,0.329
I06846,R0693,Pasta Arrabbiata,main,veg,228,Spicy tomato pasta,main|veg|Continental|popular,0.0
I06847,R0693,Fish and Chips,main,non-veg,332,Classic fish and chips,main|non-veg|Continental|popular,0.0
I06848,R0693,Grilled Chicken,main,non-veg,304,Herb grilled chicken,main|non-veg|Continental|popular,0.0
I06849,R0693,Veg Steak,main,veg,266,Grilled vegetable steak,main|veg|Continental|popular,0.0
I06850,R0693,Garlic Bread,side,veg,85,Garlic bread,side|veg|Continental,0.101
I06851,R0693,Mashed Potatoes,side,veg,95,Creamy mashed potatoes,side|veg|Continental,0.369
I06852,R0693,Caesar Salad,side,veg,133,Classic Caesar salad,side|veg|Continental,0.257
I06853,R0693,Tiramisu,dessert,veg,171,Classic Italian dessert,dessert|veg|Continental,0.27
I06854,R0693,Panna Cotta,dessert,veg,152,Italian custard,dessert|veg|Continental,0.296
I06855,R0693,Lemonade,beverage,veg,66,Fresh lemonade,beverage|veg|Continental,0.247
I06856,R0693,Iced Tea,beverage,veg,76,Refreshing iced tea,beverage|veg|Continental,0.177
I06857,R0694,Ice Cream Sundae,main,veg,165,Loaded ice cream sundae,main|veg|Desserts|popular,0.0
I06858,R0694,Waffle,main,veg,198,Belgian waffle with toppings,main|veg|Desserts|popular,0.0
I06859,R0694,Pancake,main,veg,176,Fluffy pancakes,main|veg|Desserts|popular,0.0
I06860,R0694,Syrup Shot,side,veg,33,Extra syrup,side|veg|Desserts,0.161
I06861,R0694,Extra Toppings,side,veg,44,Additional toppings,side|veg|Desserts,0.17
I06862,R0694,Cheesecake,dessert,veg,198,Creamy cheesecake,dessert|veg|Desserts,0.366
I06863,R0694,Chocolate Cake,dessert,veg,132,Rich chocolate cake,dessert|veg|Desserts,0.148
I06864,R0694,Milkshake,beverage,veg,143,Thick milkshake,beverage|veg|Desserts,0.267
I06865,R0694,Hot Chocolate,beverage,veg,110,Rich hot chocolate,beverage|veg|Desserts,0.209
I06866,R0695,Pav Bhaji,main,veg,114,Mashed vegetable curry with bread,main|veg|Street Food|popular,0.0
I06867,R0695,Chole Bhature,main,veg,123,Chickpea curry with fried bread,main|veg|Street Food|popular,0.0
I06868,R0695,Pani Puri,main,veg,57,Crispy puris with flavored water,main|veg|Street Food|popular,0.0
I06869,R0695,Samosa,main,veg,28,Crispy pastry with filling,main|veg|Street Food|popular,0.0
I06870,R0695,Extra Pav,side,veg,14,Extra bread,side|veg|Street Food,0.38
I06871,R0695,Papad,side,veg,19,Crispy papad,side|veg|Street Food,0.127
I06872,R0695,Rabri,dessert,veg,76,Thickened sweet milk,dessert|veg|Street Food,0.119
I06873,R0695,Jalebi,dessert,veg,47,Sweet fried spirals,dessert|veg|Street Food,0.115
I06874,R0695,Masala Chai,beverage,veg,28,Spiced tea,beverage|veg|Street Food,0.251
I06875,R0695,Lassi,beverage,veg,57,Yogurt drink,beverage|veg|Street Food,0.122
I06876,R0696,Smoothie,main,veg,187,Fruit smoothie,main|veg|Beverages|popular,0.0
I06877,R0696,Mojito,main,veg,137,Refreshing mint drink,main|veg|Beverages|popular,0.0
I06878,R0696,Cold Coffee,main,veg,162,Iced coffee,main|veg|Beverages|popular,0.0
I06879,R0696,Whipped Cream,side,veg,31,Extra whipped cream,side|veg|Beverages,0.146
I06880,R0696,Extra Shot,side,veg,37,Extra coffee shot,side|veg|Beverages,0.248
I06881,R0696,Cookie,dessert,veg,62,Fresh baked cookie,dessert|veg|Beverages,0.148
I06882,R0696,Muffin,dessert,veg,75,Fresh muffin,dessert|veg|Beverages,0.374
I06883,R0696,Water Bottle,beverage,veg,25,Mineral water,beverage|veg|Beverages,0.101
I06884,R0696,Soft Drink,beverage,veg,62,Refreshing beverage,beverage|veg|Beverages,0.308
I06885,R0697,Ice Cream Sundae,main,veg,142,Loaded ice cream sundae,main|veg|Desserts|popular,0.0
I06886,R0697,Pancake,main,veg,152,Fluffy pancakes,main|veg|Desserts|popular,0.0
I06887,R0697,Waffle,main,veg,171,Belgian waffle with toppings,main|veg|Desserts|popular,0.0
I06888,R0697,Syrup Shot,side,veg,28,Extra syrup,side|veg|Desserts,0.152
I06889,R0697,Extra Toppings,side,veg,38,Additional toppings,side|veg|Desserts,0.253
I06890,R0697,Chocolate Cake,dessert,veg,114,Rich chocolate cake,dessert|veg|Desserts,0.283
I06891,R0697,Cheesecake,dessert,veg,171,Creamy cheesecake,dessert|veg|Desserts,0.166
I06892,R0697,Milkshake,beverage,veg,123,Thick milkshake,beverage|veg|Desserts,0.383
I06893,R0697,Hot Chocolate,beverage,veg,95,Rich hot chocolate,beverage|veg|Desserts,0.399
I06894,R0698,Smoothie,main,veg,165,Fruit smoothie,main|veg|Beverages|popular,0.0
I06895,R0698,Cold Coffee,main,veg,143,Iced coffee,main|veg|Beverages|popular,0.0
I06896,R0698,Mojito,main,veg,121,Refreshing mint drink,main|veg|Beverages|popular,0.0
I06897,R0698,Whipped Cream,side,veg,27,Extra whipped cream,side|veg|Beverages,0.182
I06898,R0698,Extra Shot,side,veg,33,Extra coffee shot,side|veg|Beverages,0.272
I06899,R0698,Cookie,dessert,veg,55,Fresh baked cookie,dessert|veg|Beverages,0.174
I06900,R0698,Muffin,dessert,veg,66,Fresh muffin,dessert|veg|Beverages,0.332
I06901,R0698,Soft Drink,beverage,veg,55,Refreshing beverage,beverage|veg|Beverages,0.384
I06902,R0698,Water Bottle,beverage,veg,22,Mineral water,beverage|veg|Beverages,0.333
I06903,R0699,Veg Wrap,main,veg,162,Vegetable stuffed wrap,main|veg|Fast Food|popular,0.0
I06904,R0699,Chicken Wrap,main,non-veg,225,Chicken stuffed wrap,main|non-veg|Fast Food|popular,0.0
I06905,R0699,Frankie,main,veg,150,Stuffed roll,main|veg|Fast Food|popular,0.0
I06906,R0699,Onion Rings,side,veg,112,Crispy onion rings,side|veg|Fast Food,0.13
I06907,R0699,Fries,side,veg,100,Crispy fries,side|veg|Fast Food,0.304
I06908,R0699,Brownie,dessert,veg,125,Chocolate brownie,dessert|veg|Fast Food,0.34
I06909,R0699,Ice Cream,dessert,veg,75,Vanilla ice cream,dessert|veg|Fast Food,0.302
I06910,R0699,Soft Drink,beverage,veg,62,Refreshing beverage,beverage|veg|Fast Food,0.398
I06911,R0699,Cold Coffee,beverage,veg,150,Iced coffee,beverage|veg|Fast Food,0.345
I06912,R0700,Samosa,main,veg,37,Crispy pastry with filling,main|veg|Street Food|popular,0.0
I06913,R0700,Pav Bhaji,main,veg,150,Mashed vegetable curry with bread,main|veg|Street Food|popular,0.0
I06914,R0700,Pani Puri,main,veg,75,Crispy puris with flavored water,main|veg|Street Food|popular,0.0
I06915,R0700,Extra Pav,side,veg,18,Extra bread,side|veg|Street Food,0.216
I06916,R0700,Papad,side,veg,25,Crispy papad,side|veg|Street Food,0.111
I06917,R0700,Jalebi,dessert,veg,62,Sweet fried spirals,dessert|veg|Street Food,0.311
I06918,R0700,Rabri,dessert,veg,100,Thickened sweet milk,dessert|veg|Street Food,0.123
I06919,R0700,Masala Chai,beverage,veg,37,Spiced tea,beverage|veg|Street Food,0.177
I06920,R0700,Lassi,beverage,veg,75,Yogurt drink,beverage|veg|Street Food,0.231
I06921,R0701,Paneer Tikka,main,veg,308,Grilled cottage cheese,main|veg|North Indian|popular,0.0
I06922,R0701,Butter Chicken,main,non-veg,352,Creamy tomato-based chicken curry,main|non-veg|North Indian|popular,0.0
I06923,R0701,Dal Makhani,main,veg,242,Creamy black lentils,main|veg|North Indian|popular,0.0
I06924,R0701,Rogan Josh,main,non-veg,418,Kashmiri lamb curry,main|non-veg|North Indian|popular,0.0
I06925,R0701,Garlic Naan,side,veg,66,Garlic flavored naan,side|veg|North Indian,0.251
I06926,R0701,Tandoori Roti,side,veg,27,Whole wheat flatbread,side|veg|North Indian,0.221
I06927,R0701,Jeera Rice,side,veg,132,Cumin flavored rice,side|veg|North Indian,0.164
I06928,R0701,Butter Naan,side,veg,55,Buttery flatbread,side|veg|North Indian,0.235
I06929,R0701,Rasmalai,dessert,veg,88,Soft cheese patties in milk,dessert|veg|North Indian,0.244
I06930,R0701,Gulab Jamun,dessert,veg,66,Sweet milk dumplings,dessert|veg|North Indian,0.166
I06931,R0701,Lassi,beverage,veg,77,Sweet yogurt drink,beverage|veg|North Indian,0.238
I06932,R0701,Buttermilk,beverage,veg,44,Spiced yogurt drink,beverage|veg|North Indian,0.222
I06933,R0702,Smoothie,main,veg,187,Fruit smoothie,main|veg|Beverages|popular,0.0
I06934,R0702,Mojito,main,veg,137,Refreshing mint drink,main|veg|Beverages|popular,0.0
I06935,R0702,Cold Coffee,main,veg,162,Iced coffee,main|veg|Beverages|popular,0.0
I06936,R0702,Whipped Cream,side,veg,31,Extra whipped cream,side|veg|Beverages,0.312
I06937,R0702,Extra Shot,side,veg,37,Extra coffee shot,side|veg|Beverages,0.222
I06938,R0702,Cookie,dessert,veg,62,Fresh baked cookie,dessert|veg|Beverages,0.208
I06939,R0702,Muffin,dessert,veg,75,Fresh muffin,dessert|veg|Beverages,0.242
I06940,R0702,Soft Drink,beverage,veg,62,Refreshing beverage,beverage|veg|Beverages,0.278
I06941,R0702,Water Bottle,beverage,veg,25,Mineral water,beverage|veg|Beverages,0.175
I06942,R0703,Hakka Noodles,main,veg,212,Stir-fried noodles,main|veg|Chinese|popular,0.0
I06943,R0703,Chilli Chicken,main,non-veg,325,Spicy chicken preparation,main|non-veg|Chinese|popular,0.0
I06944,R0703,Manchurian,main,veg,250,Vegetable balls in gravy,main|veg|Chinese|popular,0.0
I06945,R0703,Chilli Potato,side,veg,137,Spicy potato fingers,side|veg|Chinese,0.243
I06946,R0703,Spring Roll,side,veg,112,Crispy vegetable rolls,side|veg|Chinese,0.35
I06947,R0703,Momos,side,veg,150,Steamed dumplings,side|veg|Chinese,0.211
I06948,R0703,Honey Noodles,dessert,veg,100,Crispy noodles with honey,dessert|veg|Chinese,0.206
I06949,R0703,Date Pancake,dessert,veg,125,Sweet pancake with dates,dessert|veg|Chinese,0.203
I06950,R0703,Green Tea,beverage,veg,50,Hot green tea,beverage|veg|Chinese,0.314
I06951,R0703,Soft Drink,beverage,veg,62,Refreshing beverage,beverage|veg|Chinese,0.367
I06952,R0704,Chole Bhature,main,veg,162,Chickpea curry with fried bread,main|veg|Street Food|popular,0.0
I06953,R0704,Samosa,main,veg,37,Crispy pastry with filling,main|veg|Street Food|popular,0.0
I06954,R0704,Pani Puri,main,veg,75,Crispy puris with flavored water,main|veg|Street Food|popular,0.0
I06955,R0704,Papad,side,veg,25,Crispy papad,side|veg|Street Food,0.252
I06956,R0704,Extra Pav,side,veg,18,Extra bread,side|veg|Street Food,0.224
I06957,R0704,Jalebi,dessert,veg,62,Sweet fried spirals,dessert|veg|Street Food,0.187
I06958,R0704,Rabri,dessert,veg,100,Thickened sweet milk,dessert|veg|Street Food,0.262
I06959,R0704,Masala Chai,beverage,veg,37,Spiced tea,beverage|veg|Street Food,0.328
I06960,R0704,Lassi,beverage,veg,75,Yogurt drink,beverage|veg|Street Food,0.366
I06961,R0705,Waffle,main,veg,198,Belgian waffle with toppings,main|veg|Desserts|popular,0.0
I06962,R0705,Ice Cream Sundae,main,veg,165,Loaded ice cream sundae,main|veg|Desserts|popular,0.0
I06963,R0705,Pancake,main,veg,176,Fluffy pancakes,main|veg|Desserts|popular,0.0
I06964,R0705,Extra Toppings,side,veg,44,Additional toppings,side|veg|Desserts,0.18
I06965,R0705,Syrup Shot,side,veg,33,Extra syrup,side|veg|Desserts,0.101
I06966,R0705,Cheesecake,dessert,veg,198,Creamy cheesecake,dessert|veg|Desserts,0.249
I06967,R0705,Chocolate Cake,dessert,veg,132,Rich chocolate cake,dessert|veg|Desserts,0.119
I06968,R0705,Hot Chocolate,beverage,veg,110,Rich hot chocolate,beverage|veg|Desserts,0.344
I06969,R0705,Milkshake,beverage,veg,143,Thick milkshake,beverage|veg|Desserts,0.152
I06970,R0706,Chole Bhature,main,veg,162,Chickpea curry with fried bread,main|veg|Street Food|popular,0.0
I06971,R0706,Samosa,main,veg,37,Crispy pastry with filling,main|veg|Street Food|popular,0.0
I06972,R0706,Pani Puri,main,veg,75,Crispy puris with flavored water,main|veg|Street Food|popular,0.0
I06973,R0706,Papad,side,veg,25,Crispy papad,side|veg|Street Food,0.317
I06974,R0706,Extra Pav,side,veg,18,Extra bread,side|veg|Street Food,0.389
I06975,R0706,Rabri,dessert,veg,100,Thickened sweet milk,dessert|veg|Street Food,0.162
I06976,R0706,Jalebi,dessert,veg,62,Sweet fried spirals,dessert|veg|Street Food,0.149
I06977,R0706,Lassi,beverage,veg,75,Yogurt drink,beverage|veg|Street Food,0.167
I06978,R0706,Masala Chai,beverage,veg,37,Spiced tea,beverage|veg|Street Food,0.338
I06979,R0707,Grilled Chicken,main,non-veg,448,Herb grilled chicken,main|non-veg|Continental|popular,0.0
I06980,R0707,Pasta Arrabbiata,main,veg,336,Spicy tomato pasta,main|veg|Continental|popular,0.0
I06981,R0707,Mashed Potatoes,side,veg,140,Creamy mashed potatoes,side|veg|Continental,0.177
I06982,R0707,Garlic Bread,side,veg,125,Garlic bread,side|veg|Continental,0.288
I06983,R0707,Panna Cotta,dessert,veg,224,Italian custard,dessert|veg|Continental,0.254
I06984,R0707,Tiramisu,dessert,veg,251,Classic Italian dessert,dessert|veg|Continental,0.213
I06985,R0707,Lemonade,beverage,veg,98,Fresh lemonade,beverage|veg|Continental,0.105
I06986,R0707,Iced Tea,beverage,veg,112,Refreshing iced tea,beverage|veg|Continental,0.224
I06987,R0708,Veg Wrap,main,veg,143,Vegetable stuffed wrap,main|veg|Fast Food|popular,0.0
I06988,R0708,Sandwich,main,veg,110,Grilled sandwich,main|veg|Fast Food|popular,0.0
I06989,R0708,Chicken Wrap,main,non-veg,198,Chicken stuffed wrap,main|non-veg|Fast Food|popular,0.0
I06990,R0708,Frankie,main,veg,132,Stuffed roll,main|veg|Fast Food|popular,0.0
I06991,R0708,Onion Rings,side,veg,99,Crispy onion rings,side|veg|Fast Food,0.287
I06992,R0708,Fries,side,veg,88,Crispy fries,side|veg|Fast Food,0.162
I06993,R0708,Ice Cream,dessert,veg,66,Vanilla ice cream,dessert|veg|Fast Food,0.138
I06994,R0708,Brownie,dessert,veg,110,Chocolate brownie,dessert|veg|Fast Food,0.191
I06995,R0708,Soft Drink,beverage,veg,55,Refreshing beverage,beverage|veg|Fast Food,0.338
I06996,R0708,Cold Coffee,beverage,veg,132,Iced coffee,beverage|veg|Fast Food,0.276
I06997,R0709,Pasta Arrabbiata,main,veg,300,Spicy tomato pasta,main|veg|Continental|popular,0.0
I06998,R0709,Veg Steak,main,veg,350,Grilled vegetable steak,main|veg|Continental|popular,0.0
I06999,R0709,Grilled Chicken,main,non-veg,400,Herb grilled chicken,main|non-veg|Continental|popular,0.0
I07000,R0709,Mashed Potatoes,side,veg,125,Creamy mashed potatoes,side|veg|Continental,0.234
I07001,R0709,Garlic Bread,side,veg,112,Garlic bread,side|veg|Continental,0.209
I07002,R0709,Caesar Salad,side,veg,175,Classic Caesar salad,side|veg|Continental,0.242
I07003,R0709,Panna Cotta,dessert,veg,200,Italian custard,dessert|veg|Continental,0.29
I07004,R0709,Tiramisu,dessert,veg,225,Classic Italian dessert,dessert|veg|Continental,0.267
I07005,R0709,Iced Tea,beverage,veg,100,Refreshing iced tea,beverage|veg|Continental,0.301
I07006,R0709,Lemonade,beverage,veg,87,Fresh lemonade,beverage|veg|Continental,0.326
I07007,R0710,Manchurian,main,veg,220,Vegetable balls in gravy,main|veg|Chinese|popular,0.0
I07008,R0710,Hakka Noodles,main,veg,187,Stir-fried noodles,main|veg|Chinese|popular,0.0
I07009,R0710,Fried Rice,main,veg,198,Stir-fried rice with vegetables,main|veg|Chinese|popular,0.0
I07010,R0710,Chilli Chicken,main,non-veg,286,Spicy chicken preparation,main|non-veg|Chinese|popular,0.0
I07011,R0710,Momos,side,veg,132,Steamed dumplings,side|veg|Chinese,0.257
I07012,R0710,Chilli Potato,side,veg,121,Spicy potato fingers,side|veg|Chinese,0.288
I07013,R0710,Spring Roll,side,veg,99,Crispy vegetable rolls,side|veg|Chinese,0.387
I07014,R0710,Date Pancake,dessert,veg,110,Sweet pancake with dates,dessert|veg|Chinese,0.115
I07015,R0710,Honey Noodles,dessert,veg,88,Crispy noodles with honey,dessert|veg|Chinese,0.221
I07016,R0710,Soft Drink,beverage,veg,55,Refreshing beverage,beverage|veg|Chinese,0.378
I07017,R0710,Green Tea,beverage,veg,44,Hot green tea,beverage|veg|Chinese,0.348
I07018,R0711,Rogan Josh,main,non-veg,418,Kashmiri lamb curry,main|non-veg|North Indian|popular,0.0
I07019,R0711,Dal Makhani,main,veg,242,Creamy black lentils,main|veg|North Indian|popular,0.0
I07020,R0711,Butter Chicken,main,non-veg,352,Creamy tomato-based chicken curry,main|non-veg|North Indian|popular,0.0
I07021,R0711,Paneer Tikka,main,veg,308,Grilled cottage cheese,main|veg|North Indian|popular,0.0
I07022,R0711,Garlic Naan,side,veg,66,Garlic flavored naan,side|veg|North Indian,0.222
I07023,R0711,Butter Naan,side,veg,55,Buttery flatbread,side|veg|North Indian,0.341
I07024,R0711,Tandoori Roti,side,veg,27,Whole wheat flatbread,side|veg|North Indian,0.149
I07025,R0711,Jeera Rice,side,veg,132,Cumin flavored rice,side|veg|North Indian,0.188
I07026,R0711,Rasmalai,dessert,veg,88,Soft cheese patties in milk,dessert|veg|North Indian,0.28
I07027,R0711,Gulab Jamun,dessert,veg,66,Sweet milk dumplings,dessert|veg|North Indian,0.311
I07028,R0711,Lassi,beverage,veg,77,Sweet yogurt drink,beverage|veg|North Indian,0.188
I07029,R0711,Buttermilk,beverage,veg,44,Spiced yogurt drink,beverage|veg|North Indian,0.169
I07030,R0712,Chicken Chettinad,main,non-veg,308,Spicy Chettinad chicken,main|non-veg|South Indian|popular,0.0
I07031,R0712,Vada,main,veg,77,Crispy fried lentil donuts,main|veg|South Indian|popular,0.0
I07032,R0712,Idli Sambar,main,veg,88,Steamed rice cakes with lentil curry,main|veg|South Indian|popular,0.0
I07033,R0712,Masala Dosa,main,veg,132,Crispy crepe with potato filling,main|veg|South Indian|popular,0.0
I07034,R0712,Tomato Chutney,side,veg,33,Tangy tomato chutney,side|veg|South Indian,0.179
I07035,R0712,Sambar,side,veg,44,Lentil and vegetable curry,side|veg|South Indian,0.336
I07036,R0712,Coconut Chutney,side,veg,33,Fresh coconut chutney,side|veg|South Indian,0.215
I07037,R0712,Payasam,dessert,veg,66,Sweet milk pudding,dessert|veg|South Indian,0.332
I07038,R0712,Kesari,dessert,veg,55,Semolina sweet,dessert|veg|South Indian,0.154
I07039,R0712,Filter Coffee,beverage,veg,44,South Indian filter coffee,beverage|veg|South Indian,0.158
I07040,R0712,Buttermilk,beverage,veg,38,Spiced yogurt drink,beverage|veg|South Indian,0.361
I07041,R0713,Pancake,main,veg,200,Fluffy pancakes,main|veg|Desserts|popular,0.0
I07042,R0713,Ice Cream Sundae,main,veg,187,Loaded ice cream sundae,main|veg|Desserts|popular,0.0
I07043,R0713,Waffle,main,veg,225,Belgian waffle with toppings,main|veg|Desserts|popular,0.0
I07044,R0713,Syrup Shot,side,veg,37,Extra syrup,side|veg|Desserts,0.213
I07045,R0713,Extra Toppings,side,veg,50,Additional toppings,side|veg|Desserts,0.115
I07046,R0713,Chocolate Cake,dessert,veg,150,Rich chocolate cake,dessert|veg|Desserts,0.327
I07047,R0713,Cheesecake,dessert,veg,225,Creamy cheesecake,dessert|veg|Desserts,0.255
I07048,R0713,Hot Chocolate,beverage,veg,125,Rich hot chocolate,beverage|veg|Desserts,0.132
I07049,R0713,Milkshake,beverage,veg,162,Thick milkshake,beverage|veg|Desserts,0.292
I07050,R0714,Cold Coffee,main,veg,143,Iced coffee,main|veg|Beverages|popular,0.0
I07051,R0714,Mojito,main,veg,121,Refreshing mint drink,main|veg|Beverages|popular,0.0
I07052,R0714,Smoothie,main,veg,165,Fruit smoothie,main|veg|Beverages|popular,0.0
I07053,R0714,Whipped Cream,side,veg,27,Extra whipped cream,side|veg|Beverages,0.178
I07054,R0714,Extra Shot,side,veg,33,Extra coffee shot,side|veg|Beverages,0.132
I07055,R0714,Muffin,dessert,veg,66,Fresh muffin,dessert|veg|Beverages,0.372
I07056,R0714,Cookie,dessert,veg,55,Fresh baked cookie,dessert|veg|Beverages,0.364
I07057,R0714,Water Bottle,beverage,veg,22,Mineral water,beverage|veg|Beverages,0.36
I07058,R0714,Soft Drink,beverage,veg,55,Refreshing beverage,beverage|veg|Beverages,0.147
I07059,R0715,Chicken Wrap,main,non-veg,225,Chicken stuffed wrap,main|non-veg|Italian|popular,0.0
I07060,R0715,Veg Wrap,main,veg,162,Vegetable stuffed wrap,main|veg|Italian|popular,0.0
I07061,R0715,Frankie,main,veg,150,Stuffed roll,main|veg|Italian|popular,0.0
I07062,R0715,Onion Rings,side,veg,112,Crispy onion rings,side|veg|Italian,0.383
I07063,R0715,Fries,side,veg,100,Crispy fries,side|veg|Italian,0.121
I07064,R0715,Ice Cream,dessert,veg,75,Vanilla ice cream,dessert|veg|Italian,0.337
I07065,R0715,Brownie,dessert,veg,125,Chocolate brownie,dessert|veg|Italian,0.182
I07066,R0715,Cold Coffee,beverage,veg,150,Iced coffee,beverage|veg|Italian,0.349
I07067,R0715,Soft Drink,beverage,veg,62,Refreshing beverage,beverage|veg|Italian,0.282
I07068,R0716,Pani Puri,main,veg,66,Crispy puris with flavored water,main|veg|Street Food|popular,0.0
I07069,R0716,Samosa,main,veg,33,Crispy pastry with filling,main|veg|Street Food|popular,0.0
I07070,R0716,Pav Bhaji,main,veg,132,Mashed vegetable curry with bread,main|veg|Street Food|popular,0.0
I07071,R0716,Chole Bhature,main,veg,143,Chickpea curry with fried bread,main|veg|Street Food|popular,0.0
I07072,R0716,Papad,side,veg,22,Crispy papad,side|veg|Street Food,0.216
I07073,R0716,Extra Pav,side,veg,16,Extra bread,side|veg|Street Food,0.356
I07074,R0716,Rabri,dessert,veg,88,Thickened sweet milk,dessert|veg|Street Food,0.382
I07075,R0716,Jalebi,dessert,veg,55,Sweet fried spirals,dessert|veg|Street Food,0.117
I07076,R0716,Masala Chai,beverage,veg,33,Spiced tea,beverage|veg|Street Food,0.205
I07077,R0716,Lassi,beverage,veg,66,Yogurt drink,beverage|veg|Street Food,0.359
I07078,R0717,Paneer Tikka,main,veg,308,Grilled cottage cheese,main|veg|North Indian|popular,0.0
I07079,R0717,Rogan Josh,main,non-veg,418,Kashmiri lamb curry,main|non-veg|North Indian|popular,0.0
I07080,R0717,Butter Chicken,main,non-veg,352,Creamy tomato-based chicken curry,main|non-veg|North Indian|popular,0.0
I07081,R0717,Dal Makhani,main,veg,242,Creamy black lentils,main|veg|North Indian|popular,0.0
I07082,R0717,Butter Naan,side,veg,55,Buttery flatbread,side|veg|North Indian,0.171
I07083,R0717,Tandoori Roti,side,veg,27,Whole wheat flatbread,side|veg|North Indian,0.246
I07084,R0717,Garlic Naan,side,veg,66,Garlic flavored naan,side|veg|North Indian,0.245
I07085,R0717,Jeera Rice,side,veg,132,Cumin flavored rice,side|veg|North Indian,0.214
I07086,R0717,Rasmalai,dessert,veg,88,Soft cheese patties in milk,dessert|veg|North Indian,0.341
I07087,R0717,Gulab Jamun,dessert,veg,66,Sweet milk dumplings,dessert|veg|North Indian,0.297
I07088,R0717,Lassi,beverage,veg,77,Sweet yogurt drink,beverage|veg|North Indian,0.316
I07089,R0717,Buttermilk,beverage,veg,44,Spiced yogurt drink,beverage|veg|North Indian,0.14
I07090,R0718,Pancake,main,veg,176,Fluffy pancakes,main|veg|Desserts|popular,0.0
I07091,R0718,Waffle,main,veg,198,Belgian waffle with toppings,main|veg|Desserts|popular,0.0
I07092,R0718,Ice Cream Sundae,main,veg,165,Loaded ice cream sundae,main|veg|Desserts|popular,0.0
I07093,R0718,Extra Toppings,side,veg,44,Additional toppings,side|veg|Desserts,0.124
I07094,R0718,Syrup Shot,side,veg,33,Extra syrup,side|veg|Desserts,0.227
I07095,R0718,Cheesecake,dessert,veg,198,Creamy cheesecake,dessert|veg|Desserts,0.334
I07096,R0718,Chocolate Cake,dessert,veg,132,Rich chocolate cake,dessert|veg|Desserts,0.275
I07097,R0718,Hot Chocolate,beverage,veg,110,Rich hot chocolate,beverage|veg|Desserts,0.109
I07098,R0718,Milkshake,beverage,veg,143,Thick milkshake,beverage|veg|Desserts,0.281
I07099,R0719,Mojito,main,veg,137,Refreshing mint drink,main|veg|Beverages|popular,0.0
I07100,R0719,Smoothie,main,veg,187,Fruit smoothie,main|veg|Beverages|popular,0.0
I07101,R0719,Cold Coffee,main,veg,162,Iced coffee,main|veg|Beverages|popular,0.0
I07102,R0719,Extra Shot,side,veg,37,Extra coffee shot,side|veg|Beverages,0.371
I07103,R0719,Whipped Cream,side,veg,31,Extra whipped cream,side|veg|Beverages,0.161
I07104,R0719,Cookie,dessert,veg,62,Fresh baked cookie,dessert|veg|Beverages,0.352
I07105,R0719,Muffin,dessert,veg,75,Fresh muffin,dessert|veg|Beverages,0.234
I07106,R0719,Water Bottle,beverage,veg,25,Mineral water,beverage|veg|Beverages,0.171
I07107,R0719,Soft Drink,beverage,veg,62,Refreshing beverage,beverage|veg|Beverages,0.217
I07108,R0720,Chicken Chettinad,main,non-veg,308,Spicy Chettinad chicken,main|non-veg|South Indian|popular,0.0
I07109,R0720,Idli Sambar,main,veg,88,Steamed rice cakes with lentil curry,main|veg|South Indian|popular,0.0
I07110,R0720,Vada,main,veg,77,Crispy fried lentil donuts,main|veg|South Indian|popular,0.0
I07111,R0720,Masala Dosa,main,veg,132,Crispy crepe with potato filling,main|veg|South Indian|popular,0.0
I07112,R0720,Sambar,side,veg,44,Lentil and vegetable curry,side|veg|South Indian,0.255
I07113,R0720,Coconut Chutney,side,veg,33,Fresh coconut chutney,side|veg|South Indian,0.17
I07114,R0720,Tomato Chutney,side,veg,33,Tangy tomato chutney,side|veg|South Indian,0.374
I07115,R0720,Kesari,dessert,veg,55,Semolina sweet,dessert|veg|South Indian,0.262
I07116,R0720,Payasam,dessert,veg,66,Sweet milk pudding,dessert|veg|South Indian,0.172
I07117,R0720,Filter Coffee,beverage,veg,44,South Indian filter coffee,beverage|veg|South Indian,0.283
I07118,R0720,Buttermilk,beverage,veg,38,Spiced yogurt drink,beverage|veg|South Indian,0.306
I07119,R0721,Dal Makhani,main,veg,242,Creamy black lentils,main|veg|North Indian|popular,0.0
I07120,R0721,Paneer Tikka,main,veg,308,Grilled cottage cheese,main|veg|North Indian|popular,0.0
I07121,R0721,Rogan Josh,main,non-veg,418,Kashmiri lamb curry,main|non-veg|North Indian|popular,0.0
I07122,R0721,Butter Chicken,main,non-veg,352,Creamy tomato-based chicken curry,main|non-veg|North Indian|popular,0.0
I07123,R0721,Garlic Naan,side,veg,66,Garlic flavored naan,side|veg|North Indian,0.141
I07124,R0721,Tandoori Roti,side,veg,27,Whole wheat flatbread,side|veg|North Indian,0.19
I07125,R0721,Butter Naan,side,veg,55,Buttery flatbread,side|veg|North Indian,0.203
I07126,R0721,Jeera Rice,side,veg,132,Cumin flavored rice,side|veg|North Indian,0.145
I07127,R0721,Rasmalai,dessert,veg,88,Soft cheese patties in milk,dessert|veg|North Indian,0.118
I07128,R0721,Gulab Jamun,dessert,veg,66,Sweet milk dumplings,dessert|veg|North Indian,0.2
I07129,R0721,Buttermilk,beverage,veg,44,Spiced yogurt drink,beverage|veg|North Indian,0.265
I07130,R0721,Lassi,beverage,veg,77,Sweet yogurt drink,beverage|veg|North Indian,0.183
I07131,R0722,Grilled Chicken,main,non-veg,304,Herb grilled chicken,main|non-veg|Continental|popular,0.0
I07132,R0722,Pasta Arrabbiata,main,veg,228,Spicy tomato pasta,main|veg|Continental|popular,0.0
I07133,R0722,Fish and Chips,main,non-veg,332,Classic fish and chips,main|non-veg|Continental|popular,0.0
I07134,R0722,Veg Steak,main,veg,266,Grilled vegetable steak,main|veg|Continental|popular,0.0
I07135,R0722,Caesar Salad,side,veg,133,Classic Caesar salad,side|veg|Continental,0.379
I07136,R0722,Mashed Potatoes,side,veg,95,Creamy mashed potatoes,side|veg|Continental,0.215
I07137,R0722,Garlic Bread,side,veg,85,Garlic bread,side|veg|Continental,0.102
I07138,R0722,Panna Cotta,dessert,veg,152,Italian custard,dessert|veg|Continental,0.394
I07139,R0722,Tiramisu,dessert,veg,171,Classic Italian dessert,dessert|veg|Continental,0.382
I07140,R0722,Iced Tea,beverage,veg,76,Refreshing iced tea,beverage|veg|Continental,0.194
I07141,R0722,Lemonade,beverage,veg,66,Fresh lemonade,beverage|veg|Continental,0.257
I07142,R0723,Veg Wrap,main,veg,123,Vegetable stuffed wrap,main|veg|Italian|popular,0.0
I07143,R0723,Sandwich,main,veg,95,Grilled sandwich,main|veg|Italian|popular,0.0
I07144,R0723,Frankie,main,veg,114,Stuffed roll,main|veg|Italian|popular,0.0
I07145,R0723,Chicken Wrap,main,non-veg,171,Chicken stuffed wrap,main|non-veg|Italian|popular,0.0
I07146,R0723,Onion Rings,side,veg,85,Crispy onion rings,side|veg|Italian,0.238
I07147,R0723,Fries,side,veg,76,Crispy fries,side|veg|Italian,0.367
I07148,R0723,Brownie,dessert,veg,95,Chocolate brownie,dessert|veg|Italian,0.109
I07149,R0723,Ice Cream,dessert,veg,57,Vanilla ice cream,dessert|veg|Italian,0.157
I07150,R0723,Soft Drink,beverage,veg,47,Refreshing beverage,beverage|veg|Italian,0.396
I07151,R0723,Cold Coffee,beverage,veg,114,Iced coffee,beverage|veg|Italian,0.218
I07152,R0724,Frankie,main,veg,132,Stuffed roll,main|veg|Italian|popular,0.0
I07153,R0724,Sandwich,main,veg,110,Grilled sandwich,main|veg|Italian|popular,0.0
I07154,R0724,Chicken Wrap,main,non-veg,198,Chicken stuffed wrap,main|non-veg|Italian|popular,0.0
I07155,R0724,Veg Wrap,main,veg,143,Vegetable stuffed wrap,main|veg|Italian|popular,0.0
I07156,R0724,Onion Rings,side,veg,99,Crispy onion rings,side|veg|Italian,0.128
I07157,R0724,Fries,side,veg,88,Crispy fries,side|veg|Italian,0.395
I07158,R0724,Brownie,dessert,veg,110,Chocolate brownie,dessert|veg|Italian,0.256
I07159,R0724,Ice Cream,dessert,veg,66,Vanilla ice cream,dessert|veg|Italian,0.154
I07160,R0724,Cold Coffee,beverage,veg,132,Iced coffee,beverage|veg|Italian,0.32
I07161,R0724,Soft Drink,beverage,veg,55,Refreshing beverage,beverage|veg|Italian,0.355
I07162,R0725,Chicken Chettinad,main,non-veg,308,Spicy Chettinad chicken,main|non-veg|South Indian|popular,0.0
I07163,R0725,Masala Dosa,main,veg,132,Crispy crepe with potato filling,main|veg|South Indian|popular,0.0
I07164,R0725,Idli Sambar,main,veg,88,Steamed rice cakes with lentil curry,main|veg|South Indian|popular,0.0
I07165,R0725,Vada,main,veg,77,Crispy fried lentil donuts,main|veg|South Indian|popular,0.0
I07166,R0725,Coconut Chutney,side,veg,33,Fresh coconut chutney,side|veg|South Indian,0.337
I07167,R0725,Tomato Chutney,side,veg,33,Tangy tomato chutney,side|veg|South Indian,0.136
I07168,R0725,Sambar,side,veg,44,Lentil and vegetable curry,side|veg|South Indian,0.103
I07169,R0725,Payasam,dessert,veg,66,Sweet milk pudding,dessert|veg|South Indian,0.323
I07170,R0725,Kesari,dessert,veg,55,Semolina sweet,dessert|veg|South Indian,0.223
I07171,R0725,Buttermilk,beverage,veg,38,Spiced yogurt drink,beverage|veg|South Indian,0.191
I07172,R0725,Filter Coffee,beverage,veg,44,South Indian filter coffee,beverage|veg|South Indian,0.283
I07173,R0726,Waffle,main,veg,171,Belgian waffle with toppings,main|veg|Desserts|popular,0.0
I07174,R0726,Pancake,main,veg,152,Fluffy pancakes,main|veg|Desserts|popular,0.0
I07175,R0726,Ice Cream Sundae,main,veg,142,Loaded ice cream sundae,main|veg|Desserts|popular,0.0
I07176,R0726,Syrup Shot,side,veg,28,Extra syrup,side|veg|Desserts,0.236
I07177,R0726,Extra Toppings,side,veg,38,Additional toppings,side|veg|Desserts,0.333
I07178,R0726,Chocolate Cake,dessert,veg,114,Rich chocolate cake,dessert|veg|Desserts,0.189
I07179,R0726,Cheesecake,dessert,veg,171,Creamy cheesecake,dessert|veg|Desserts,0.389
I07180,R0726,Hot Chocolate,beverage,veg,95,Rich hot chocolate,beverage|veg|Desserts,0.39
I07181,R0726,Milkshake,beverage,veg,123,Thick milkshake,beverage|veg|Desserts,0.295
I07182,R0727,Waffle,main,veg,225,Belgian waffle with toppings,main|veg|Desserts|popular,0.0
I07183,R0727,Ice Cream Sundae,main,veg,187,Loaded ice cream sundae,main|veg|Desserts|popular,0.0
I07184,R0727,Pancake,main,veg,200,Fluffy pancakes,main|veg|Desserts|popular,0.0
I07185,R0727,Extra Toppings,side,veg,50,Additional toppings,side|veg|Desserts,0.214
I07186,R0727,Syrup Shot,side,veg,37,Extra syrup,side|veg|Desserts,0.115
I07187,R0727,Chocolate Cake,dessert,veg,150,Rich chocolate cake,dessert|veg|Desserts,0.31
I07188,R0727,Cheesecake,dessert,veg,225,Creamy cheesecake,dessert|veg|Desserts,0.359
I07189,R0727,Hot Chocolate,beverage,veg,125,Rich hot chocolate,beverage|veg|Desserts,0.375
I07190,R0727,Milkshake,beverage,veg,162,Thick milkshake,beverage|veg|Desserts,0.149
I07191,R0728,Fried Rice,main,veg,171,Stir-fried rice with vegetables,main|veg|Chinese|popular,0.0
I07192,R0728,Chilli Chicken,main,non-veg,247,Spicy chicken preparation,main|non-veg|Chinese|popular,0.0
I07193,R0728,Manchurian,main,veg,190,Vegetable balls in gravy,main|veg|Chinese|popular,0.0
I07194,R0728,Hakka Noodles,main,veg,161,Stir-fried noodles,main|veg|Chinese|popular,0.0
I07195,R0728,Momos,side,veg,114,Steamed dumplings,side|veg|Chinese,0.196
I07196,R0728,Spring Roll,side,veg,85,Crispy vegetable rolls,side|veg|Chinese,0.187
I07197,R0728,Chilli Potato,side,veg,104,Spicy potato fingers,side|veg|Chinese,0.206
I07198,R0728,Date Pancake,dessert,veg,95,Sweet pancake with dates,dessert|veg|Chinese,0.28
I07199,R0728,Honey Noodles,dessert,veg,76,Crispy noodles with honey,dessert|veg|Chinese,0.112
I07200,R0728,Soft Drink,beverage,veg,47,Refreshing beverage,beverage|veg|Chinese,0.363
I07201,R0728,Green Tea,beverage,veg,38,Hot green tea,beverage|veg|Chinese,0.156
I07202,R0729,Fish and Chips,main,non-veg,437,Classic fish and chips,main|non-veg|Continental|popular,0.0
I07203,R0729,Grilled Chicken,main,non-veg,400,Herb grilled chicken,main|non-veg|Continental|popular,0.0
I07204,R0729,Pasta Arrabbiata,main,veg,300,Spicy tomato pasta,main|veg|Continental|popular,0.0
I07205,R0729,Mashed Potatoes,side,veg,125,Creamy mashed potatoes,side|veg|Continental,0.378
I07206,R0729,Garlic Bread,side,veg,112,Garlic bread,side|veg|Continental,0.291
I07207,R0729,Caesar Salad,side,veg,175,Classic Caesar salad,side|veg|Continental,0.198
I07208,R0729,Panna Cotta,dessert,veg,200,Italian custard,dessert|veg|Continental,0.239
I07209,R0729,Tiramisu,dessert,veg,225,Classic Italian dessert,dessert|veg|Continental,0.255
I07210,R0729,Iced Tea,beverage,veg,100,Refreshing iced tea,beverage|veg|Continental,0.244
I07211,R0729,Lemonade,beverage,veg,87,Fresh lemonade,beverage|veg|Continental,0.344
I07212,R0730,Chicken Wrap,main,non-veg,198,Chicken stuffed wrap,main|non-veg|Italian|popular,0.0
I07213,R0730,Veg Wrap,main,veg,143,Vegetable stuffed wrap,main|veg|Italian|popular,0.0
I07214,R0730,Sandwich,main,veg,110,Grilled sandwich,main|veg|Italian|popular,0.0
I07215,R0730,Frankie,main,veg,132,Stuffed roll,main|veg|Italian|popular,0.0
I07216,R0730,Onion Rings,side,veg,99,Crispy onion rings,side|veg|Italian,0.382
I07217,R0730,Fries,side,veg,88,Crispy fries,side|veg|Italian,0.285
I07218,R0730,Ice Cream,dessert,veg,66,Vanilla ice cream,dessert|veg|Italian,0.128
I07219,R0730,Brownie,dessert,veg,110,Chocolate brownie,dessert|veg|Italian,0.18
I07220,R0730,Cold Coffee,beverage,veg,132,Iced coffee,beverage|veg|Italian,0.218
I07221,R0730,Soft Drink,beverage,veg,55,Refreshing beverage,beverage|veg|Italian,0.213
I07222,R0731,Frankie,main,veg,150,Stuffed roll,main|veg|Fast Food|popular,0.0
I07223,R0731,Sandwich,main,veg,125,Grilled sandwich,main|veg|Fast Food|popular,0.0
I07224,R0731,Veg Wrap,main,veg,162,Vegetable stuffed wrap,main|veg|Fast Food|popular,0.0
I07225,R0731,Onion Rings,side,veg,112,Crispy onion rings,side|veg|Fast Food,0.319
I07226,R0731,Fries,side,veg,100,Crispy fries,side|veg|Fast Food,0.184
I07227,R0731,Ice Cream,dessert,veg,75,Vanilla ice cream,dessert|veg|Fast Food,0.123
I07228,R0731,Brownie,dessert,veg,125,Chocolate brownie,dessert|veg|Fast Food,0.192
I07229,R0731,Cold Coffee,beverage,veg,150,Iced coffee,beverage|veg|Fast Food,0.301
I07230,R0731,Soft Drink,beverage,veg,62,Refreshing beverage,beverage|veg|Fast Food,0.292
I07231,R0732,Sandwich,main,veg,110,Grilled sandwich,main|veg|Italian|popular,0.0
I07232,R0732,Veg Wrap,main,veg,143,Vegetable stuffed wrap,main|veg|Italian|popular,0.0
I07233,R0732,Frankie,main,veg,132,Stuffed roll,main|veg|Italian|popular,0.0
I07234,R0732,Chicken Wrap,main,non-veg,198,Chicken stuffed wrap,main|non-veg|Italian|popular,0.0
I07235,R0732,Onion Rings,side,veg,99,Crispy onion rings,side|veg|Italian,0.31
I07236,R0732,Fries,side,veg,88,Crispy fries,side|veg|Italian,0.369
I07237,R0732,Brownie,dessert,veg,110,Chocolate brownie,dessert|veg|Italian,0.324
I07238,R0732,Ice Cream,dessert,veg,66,Vanilla ice cream,dessert|veg|Italian,0.138
I07239,R0732,Soft Drink,beverage,veg,55,Refreshing beverage,beverage|veg|Italian,0.328
I07240,R0732,Cold Coffee,beverage,veg,132,Iced coffee,beverage|veg|Italian,0.262
I07241,R0733,Veg Steak,main,veg,350,Grilled vegetable steak,main|veg|Continental|popular,0.0
I07242,R0733,Pasta Arrabbiata,main,veg,300,Spicy tomato pasta,main|veg|Continental|popular,0.0
I07243,R0733,Grilled Chicken,main,non-veg,400,Herb grilled chicken,main|non-veg|Continental|popular,0.0
I07244,R0733,Garlic Bread,side,veg,112,Garlic bread,side|veg|Continental,0.302
I07245,R0733,Caesar Salad,side,veg,175,Classic Caesar salad,side|veg|Continental,0.123
I07246,R0733,Mashed Potatoes,side,veg,125,Creamy mashed potatoes,side|veg|Continental,0.281
I07247,R0733,Tiramisu,dessert,veg,225,Classic Italian dessert,dessert|veg|Continental,0.368
I07248,R0733,Panna Cotta,dessert,veg,200,Italian custard,dessert|veg|Continental,0.304
I07249,R0733,Lemonade,beverage,veg,87,Fresh lemonade,beverage|veg|Continental,0.202
I07250,R0733,Iced Tea,beverage,veg,100,Refreshing iced tea,beverage|veg|Continental,0.345
I07251,R0734,Manchurian,main,veg,220,Vegetable balls in gravy,main|veg|Chinese|popular,0.0
I07252,R0734,Fried Rice,main,veg,198,Stir-fried rice with vegetables,main|veg|Chinese|popular,0.0
I07253,R0734,Hakka Noodles,main,veg,187,Stir-fried noodles,main|veg|Chinese|popular,0.0
I07254,R0734,Chilli Chicken,main,non-veg,286,Spicy chicken preparation,main|non-veg|Chinese|popular,0.0
I07255,R0734,Spring Roll,side,veg,99,Crispy vegetable rolls,side|veg|Chinese,0.249
I07256,R0734,Momos,side,veg,132,Steamed dumplings,side|veg|Chinese,0.397
I07257,R0734,Chilli Potato,side,veg,121,Spicy potato fingers,side|veg|Chinese,0.125
I07258,R0734,Honey Noodles,dessert,veg,88,Crispy noodles with honey,dessert|veg|Chinese,0.391
I07259,R0734,Date Pancake,dessert,veg,110,Sweet pancake with dates,dessert|veg|Chinese,0.236
I07260,R0734,Green Tea,beverage,veg,44,Hot green tea,beverage|veg|Chinese,0.173
I07261,R0734,Soft Drink,beverage,veg,55,Refreshing beverage,beverage|veg|Chinese,0.329
I07262,R0735,Veg Wrap,main,veg,143,Vegetable stuffed wrap,main|veg|Fast Food|popular,0.0
I07263,R0735,Chicken Wrap,main,non-veg,198,Chicken stuffed wrap,main|non-veg|Fast Food|popular,0.0
I07264,R0735,Sandwich,main,veg,110,Grilled sandwich,main|veg|Fast Food|popular,0.0
I07265,R0735,Frankie,main,veg,132,Stuffed roll,main|veg|Fast Food|popular,0.0
I07266,R0735,Onion Rings,side,veg,99,Crispy onion rings,side|veg|Fast Food,0.212
I07267,R0735,Fries,side,veg,88,Crispy fries,side|veg|Fast Food,0.363
I07268,R0735,Ice Cream,dessert,veg,66,Vanilla ice cream,dessert|veg|Fast Food,0.116
I07269,R0735,Brownie,dessert,veg,110,Chocolate brownie,dessert|veg|Fast Food,0.204
I07270,R0735,Cold Coffee,beverage,veg,132,Iced coffee,beverage|veg|Fast Food,0.225
I07271,R0735,Soft Drink,beverage,veg,55,Refreshing beverage,beverage|veg|Fast Food,0.205
I07272,R0736,Pav Bhaji,main,veg,132,Mashed vegetable curry with bread,main|veg|Street Food|popular,0.0
I07273,R0736,Pani Puri,main,veg,66,Crispy puris with flavored water,main|veg|Street Food|popular,0.0
I07274,R0736,Samosa,main,veg,33,Crispy pastry with filling,main|veg|Street Food|popular,0.0
I07275,R0736,Chole Bhature,main,veg,143,Chickpea curry with fried bread,main|veg|Street Food|popular,0.0
I07276,R0736,Papad,side,veg,22,Crispy papad,side|veg|Street Food,0.129
I07277,R0736,Extra Pav,side,veg,16,Extra bread,side|veg|Street Food,0.384
I07278,R0736,Rabri,dessert,veg,88,Thickened sweet milk,dessert|veg|Street Food,0.166
I07279,R0736,Jalebi,dessert,veg,55,Sweet fried spirals,dessert|veg|Street Food,0.232
I07280,R0736,Lassi,beverage,veg,66,Yogurt drink,beverage|veg|Street Food,0.337
I07281,R0736,Masala Chai,beverage,veg,33,Spiced tea,beverage|veg|Street Food,0.17
I07282,R0737,Fish and Chips,main,non-veg,489,Classic fish and chips,main|non-veg|Continental|popular,0.0
I07283,R0737,Veg Steak,main,veg,392,Grilled vegetable steak,main|veg|Continental|popular,0.0
I07284,R0737,Garlic Bread,side,veg,125,Garlic bread,side|veg|Continental,0.193
I07285,R0737,Caesar Salad,side,veg,196,Classic Caesar salad,side|veg|Continental,0.39
I07286,R0737,Panna Cotta,dessert,veg,224,Italian custard,dessert|veg|Continental,0.368
I07287,R0737,Tiramisu,dessert,veg,251,Classic Italian dessert,dessert|veg|Continental,0.328
I07288,R0737,Iced Tea,beverage,veg,112,Refreshing iced tea,beverage|veg|Continental,0.176
I07289,R0737,Lemonade,beverage,veg,98,Fresh lemonade,beverage|veg|Continental,0.105
I07290,R0738,Paneer Tikka,main,veg,266,Grilled cottage cheese,main|veg|North Indian|popular,0.0
I07291,R0738,Dal Makhani,main,veg,209,Creamy black lentils,main|veg|North Indian|popular,0.0
I07292,R0738,Butter Chicken,main,non-veg,304,Creamy tomato-based chicken curry,main|non-veg|North Indian|popular,0.0
I07293,R0738,Rogan Josh,main,non-veg,361,Kashmiri lamb curry,main|non-veg|North Indian|popular,0.0
I07294,R0738,Jeera Rice,side,veg,114,Cumin flavored rice,side|veg|North Indian,0.173
I07295,R0738,Butter Naan,side,veg,47,Buttery flatbread,side|veg|North Indian,0.364
I07296,R0738,Garlic Naan,side,veg,57,Garlic flavored naan,side|veg|North Indian,0.203
I07297,R0738,Tandoori Roti,side,veg,23,Whole wheat flatbread,side|veg|North Indian,0.157
I07298,R0738,Gulab Jamun,dessert,veg,57,Sweet milk dumplings,dessert|veg|North Indian,0.172
I07299,R0738,Rasmalai,dessert,veg,76,Soft cheese patties in milk,dessert|veg|North Indian,0.181
I07300,R0738,Lassi,beverage,veg,66,Sweet yogurt drink,beverage|veg|North Indian,0.324
I07301,R0738,Buttermilk,beverage,veg,38,Spiced yogurt drink,beverage|veg|North Indian,0.148
I07302,R0739,Chilli Chicken,main,non-veg,286,Spicy chicken preparation,main|non-veg|Chinese|popular,0.0
I07303,R0739,Fried Rice,main,veg,198,Stir-fried rice with vegetables,main|veg|Chinese|popular,0.0
I07304,R0739,Manchurian,main,veg,220,Vegetable balls in gravy,main|veg|Chinese|popular,0.0
I07305,R0739,Hakka Noodles,main,veg,187,Stir-fried noodles,main|veg|Chinese|popular,0.0
I07306,R0739,Chilli Potato,side,veg,121,Spicy potato fingers,side|veg|Chinese,0.312
I07307,R0739,Momos,side,veg,132,Steamed dumplings,side|veg|Chinese,0.382
I07308,R0739,Spring Roll,side,veg,99,Crispy vegetable rolls,side|veg|Chinese,0.317
I07309,R0739,Date Pancake,dessert,veg,110,Sweet pancake with dates,dessert|veg|Chinese,0.366
I07310,R0739,Honey Noodles,dessert,veg,88,Crispy noodles with honey,dessert|veg|Chinese,0.19
I07311,R0739,Green Tea,beverage,veg,44,Hot green tea,beverage|veg|Chinese,0.215
I07312,R0739,Soft Drink,beverage,veg,55,Refreshing beverage,beverage|veg|Chinese,0.204
I07313,R0740,Frankie,main,veg,132,Stuffed roll,main|veg|Italian|popular,0.0
I07314,R0740,Sandwich,main,veg,110,Grilled sandwich,main|veg|Italian|popular,0.0
I07315,R0740,Veg Wrap,main,veg,143,Vegetable stuffed wrap,main|veg|Italian|popular,0.0
I07316,R0740,Chicken Wrap,main,non-veg,198,Chicken stuffed wrap,main|non-veg|Italian|popular,0.0
I07317,R0740,Fries,side,veg,88,Crispy fries,side|veg|Italian,0.162
I07318,R0740,Onion Rings,side,veg,99,Crispy onion rings,side|veg|Italian,0.109
I07319,R0740,Brownie,dessert,veg,110,Chocolate brownie,dessert|veg|Italian,0.391
I07320,R0740,Ice Cream,dessert,veg,66,Vanilla ice cream,dessert|veg|Italian,0.251
I07321,R0740,Cold Coffee,beverage,veg,132,Iced coffee,beverage|veg|Italian,0.264
I07322,R0740,Soft Drink,beverage,veg,55,Refreshing beverage,beverage|veg|Italian,0.259
I07323,R0741,Pasta Arrabbiata,main,veg,300,Spicy tomato pasta,main|veg|Continental|popular,0.0
I07324,R0741,Fish and Chips,main,non-veg,437,Classic fish and chips,main|non-veg|Continental|popular,0.0
I07325,R0741,Grilled Chicken,main,non-veg,400,Herb grilled chicken,main|non-veg|Continental|popular,0.0
I07326,R0741,Caesar Salad,side,veg,175,Classic Caesar salad,side|veg|Continental,0.154
I07327,R0741,Garlic Bread,side,veg,112,Garlic bread,side|veg|Continental,0.361
I07328,R0741,Mashed Potatoes,side,veg,125,Creamy mashed potatoes,side|veg|Continental,0.253
I07329,R0741,Panna Cotta,dessert,veg,200,Italian custard,dessert|veg|Continental,0.104
I07330,R0741,Tiramisu,dessert,veg,225,Classic Italian dessert,dessert|veg|Continental,0.356
I07331,R0741,Lemonade,beverage,veg,87,Fresh lemonade,beverage|veg|Continental,0.289
I07332,R0741,Iced Tea,beverage,veg,100,Refreshing iced tea,beverage|veg|Continental,0.277
I07333,R0742,Manchurian,main,veg,190,Vegetable balls in gravy,main|veg|Chinese|popular,0.0
I07334,R0742,Hakka Noodles,main,veg,161,Stir-fried noodles,main|veg|Chinese|popular,0.0
I07335,R0742,Fried Rice,main,veg,171,Stir-fried rice with vegetables,main|veg|Chinese|popular,0.0
I07336,R0742,Chilli Chicken,main,non-veg,247,Spicy chicken preparation,main|non-veg|Chinese|popular,0.0
I07337,R0742,Momos,side,veg,114,Steamed dumplings,side|veg|Chinese,0.147
I07338,R0742,Chilli Potato,side,veg,104,Spicy potato fingers,side|veg|Chinese,0.196
I07339,R0742,Spring Roll,side,veg,85,Crispy vegetable rolls,side|veg|Chinese,0.324
I07340,R0742,Date Pancake,dessert,veg,95,Sweet pancake with dates,dessert|veg|Chinese,0.369
I07341,R0742,Honey Noodles,dessert,veg,76,Crispy noodles with honey,dessert|veg|Chinese,0.374
I07342,R0742,Green Tea,beverage,veg,38,Hot green tea,beverage|veg|Chinese,0.382
I07343,R0742,Soft Drink,beverage,veg,47,Refreshing beverage,beverage|veg|Chinese,0.342
I07344,R0743,Veg Steak,main,veg,308,Grilled vegetable steak,main|veg|Continental|popular,0.0
I07345,R0743,Pasta Arrabbiata,main,veg,264,Spicy tomato pasta,main|veg|Continental|popular,0.0
I07346,R0743,Fish and Chips,main,non-veg,385,Classic fish and chips,main|non-veg|Continental|popular,0.0
I07347,R0743,Grilled Chicken,main,non-veg,352,Herb grilled chicken,main|non-veg|Continental|popular,0.0
I07348,R0743,Mashed Potatoes,side,veg,110,Creamy mashed potatoes,side|veg|Continental,0.11
I07349,R0743,Caesar Salad,side,veg,154,Classic Caesar salad,side|veg|Continental,0.202
I07350,R0743,Garlic Bread,side,veg,99,Garlic bread,side|veg|Continental,0.394
I07351,R0743,Tiramisu,dessert,veg,198,Classic Italian dessert,dessert|veg|Continental,0.176
I07352,R0743,Panna Cotta,dessert,veg,176,Italian custard,dessert|veg|Continental,0.338
I07353,R0743,Iced Tea,beverage,veg,88,Refreshing iced tea,beverage|veg|Continental,0.394
I07354,R0743,Lemonade,beverage,veg,77,Fresh lemonade,beverage|veg|Continental,0.162
I07355,R0744,Chicken Biryani,main,non-veg,308,Fragrant basmati rice with tender chicken pieces,main|non-veg|Biryani|popular,0.0
I07356,R0744,Veg Biryani,main,veg,220,Flavorful rice with mixed vegetables,main|veg|Biryani|popular,0.0
I07357,R0744,Mutton Biryani,main,non-veg,385,Aromatic rice with succulent mutton,main|non-veg|Biryani|popular,0.0
I07358,R0744,Egg Biryani,main,non-veg,242,Rice with boiled eggs and spices,main|non-veg|Biryani|popular,0.0
I07359,R0744,Double Ka Meetha,side,veg,88,Sweet bread pudding,side|veg|Biryani,0.399
I07360,R0744,Salan,side,veg,66,Spicy curry accompaniment,side|veg|Biryani,0.157
I07361,R0744,Raita,side,veg,44,Cooling yogurt with cucumber and spices,side|veg|Biryani,0.15
I07362,R0744,Gulab Jamun,dessert,veg,66,Soft milk dumplings in sugar syrup,dessert|veg|Biryani,0.289
I07363,R0744,Khubani Ka Meetha,dessert,veg,99,Apricot dessert,dessert|veg|Biryani,0.177
I07364,R0744,Lassi,beverage,veg,77,Thick yogurt drink,beverage|veg|Biryani,0.305
I07365,R0744,Soft Drink,beverage,veg,55,Refreshing carbonated beverage,beverage|veg|Biryani,0.171
I07366,R0745,Pani Puri,main,veg,57,Crispy puris with flavored water,main|veg|Street Food|popular,0.0
I07367,R0745,Chole Bhature,main,veg,123,Chickpea curry with fried bread,main|veg|Street Food|popular,0.0
I07368,R0745,Pav Bhaji,main,veg,114,Mashed vegetable curry with bread,main|veg|Street Food|popular,0.0
I07369,R0745,Samosa,main,veg,28,Crispy pastry with filling,main|veg|Street Food|popular,0.0
I07370,R0745,Extra Pav,side,veg,14,Extra bread,side|veg|Street Food,0.12
I07371,R0745,Papad,side,veg,19,Crispy papad,side|veg|Street Food,0.117
I07372,R0745,Jalebi,dessert,veg,47,Sweet fried spirals,dessert|veg|Street Food,0.246
I07373,R0745,Rabri,dessert,veg,76,Thickened sweet milk,dessert|veg|Street Food,0.154
I07374,R0745,Masala Chai,beverage,veg,28,Spiced tea,beverage|veg|Street Food,0.286
I07375,R0745,Lassi,beverage,veg,57,Yogurt drink,beverage|veg|Street Food,0.289
I07376,R0746,Ice Cream Sundae,main,veg,187,Loaded ice cream sundae,main|veg|Desserts|popular,0.0
I07377,R0746,Waffle,main,veg,225,Belgian waffle with toppings,main|veg|Desserts|popular,0.0
I07378,R0746,Pancake,main,veg,200,Fluffy pancakes,main|veg|Desserts|popular,0.0
I07379,R0746,Syrup Shot,side,veg,37,Extra syrup,side|veg|Desserts,0.299
I07380,R0746,Extra Toppings,side,veg,50,Additional toppings,side|veg|Desserts,0.182
I07381,R0746,Chocolate Cake,dessert,veg,150,Rich chocolate cake,dessert|veg|Desserts,0.247
I07382,R0746,Cheesecake,dessert,veg,225,Creamy cheesecake,dessert|veg|Desserts,0.272
I07383,R0746,Milkshake,beverage,veg,162,Thick milkshake,beverage|veg|Desserts,0.233
I07384,R0746,Hot Chocolate,beverage,veg,125,Rich hot chocolate,beverage|veg|Desserts,0.226
I07385,R0747,Hakka Noodles,main,veg,237,Stir-fried noodles,main|veg|Chinese|popular,0.0
I07386,R0747,Manchurian,main,veg,280,Vegetable balls in gravy,main|veg|Chinese|popular,0.0
I07387,R0747,Chilli Potato,side,veg,154,Spicy potato fingers,side|veg|Chinese,0.263
I07388,R0747,Spring Roll,side,veg,125,Crispy vegetable rolls,side|veg|Chinese,0.132
I07389,R0747,Honey Noodles,dessert,veg,112,Crispy noodles with honey,dessert|veg|Chinese,0.295
I07390,R0747,Date Pancake,dessert,veg,140,Sweet pancake with dates,dessert|veg|Chinese,0.123
I07391,R0747,Green Tea,beverage,veg,56,Hot green tea,beverage|veg|Chinese,0.291
I07392,R0747,Soft Drink,beverage,veg,70,Refreshing beverage,beverage|veg|Chinese,0.257
I07393,R0748,Pasta Arrabbiata,main,veg,228,Spicy tomato pasta,main|veg|Continental|popular,0.0
I07394,R0748,Grilled Chicken,main,non-veg,304,Herb grilled chicken,main|non-veg|Continental|popular,0.0
I07395,R0748,Veg Steak,main,veg,266,Grilled vegetable steak,main|veg|Continental|popular,0.0
I07396,R0748,Fish and Chips,main,non-veg,332,Classic fish and chips,main|non-veg|Continental|popular,0.0
I07397,R0748,Caesar Salad,side,veg,133,Classic Caesar salad,side|veg|Continental,0.352
I07398,R0748,Mashed Potatoes,side,veg,95,Creamy mashed potatoes,side|veg|Continental,0.248
I07399,R0748,Garlic Bread,side,veg,85,Garlic bread,side|veg|Continental,0.121
I07400,R0748,Panna Cotta,dessert,veg,152,Italian custard,dessert|veg|Continental,0.313
I07401,R0748,Tiramisu,dessert,veg,171,Classic Italian dessert,dessert|veg|Continental,0.18
I07402,R0748,Iced Tea,beverage,veg,76,Refreshing iced tea,beverage|veg|Continental,0.107
I07403,R0748,Lemonade,beverage,veg,66,Fresh lemonade,beverage|veg|Continental,0.189
I07404,R0749,Hakka Noodles,main,veg,187,Stir-fried noodles,main|veg|Chinese|popular,0.0
I07405,R0749,Fried Rice,main,veg,198,Stir-fried rice with vegetables,main|veg|Chinese|popular,0.0
I07406,R0749,Chilli Chicken,main,non-veg,286,Spicy chicken preparation,main|non-veg|Chinese|popular,0.0
I07407,R0749,Manchurian,main,veg,220,Vegetable balls in gravy,main|veg|Chinese|popular,0.0
I07408,R0749,Spring Roll,side,veg,99,Crispy vegetable rolls,side|veg|Chinese,0.355
I07409,R0749,Chilli Potato,side,veg,121,Spicy potato fingers,side|veg|Chinese,0.19
I07410,R0749,Momos,side,veg,132,Steamed dumplings,side|veg|Chinese,0.351
I07411,R0749,Date Pancake,dessert,veg,110,Sweet pancake with dates,dessert|veg|Chinese,0.242
I07412,R0749,Honey Noodles,dessert,veg,88,Crispy noodles with honey,dessert|veg|Chinese,0.111
I07413,R0749,Soft Drink,beverage,veg,55,Refreshing beverage,beverage|veg|Chinese,0.118
I07414,R0749,Green Tea,beverage,veg,44,Hot green tea,beverage|veg|Chinese,0.236
I07415,R0750,Mutton Biryani,main,non-veg,332,Aromatic rice with succulent mutton,main|non-veg|Biryani|popular,0.0
I07416,R0750,Egg Biryani,main,non-veg,209,Rice with boiled eggs and spices,main|non-veg|Biryani|popular,0.0
I07417,R0750,Veg Biryani,main,veg,190,Flavorful rice with mixed vegetables,main|veg|Biryani|popular,0.0
I07418,R0750,Chicken Biryani,main,non-veg,266,Fragrant basmati rice with tender chicken pieces,main|non-veg|Biryani|popular,0.0
I07419,R0750,Raita,side,veg,38,Cooling yogurt with cucumber and spices,side|veg|Biryani,0.263
I07420,R0750,Salan,side,veg,57,Spicy curry accompaniment,side|veg|Biryani,0.112
I07421,R0750,Double Ka Meetha,side,veg,76,Sweet bread pudding,side|veg|Biryani,0.238
I07422,R0750,Gulab Jamun,dessert,veg,57,Soft milk dumplings in sugar syrup,dessert|veg|Biryani,0.241
I07423,R0750,Khubani Ka Meetha,dessert,veg,85,Apricot dessert,dessert|veg|Biryani,0.343
I07424,R0750,Soft Drink,beverage,veg,47,Refreshing carbonated beverage,beverage|veg|Biryani,0.297
I07425,R0750,Lassi,beverage,veg,66,Thick yogurt drink,beverage|veg|Biryani,0.237
I07426,R0751,Pancake,main,veg,200,Fluffy pancakes,main|veg|Desserts|popular,0.0
I07427,R0751,Waffle,main,veg,225,Belgian waffle with toppings,main|veg|Desserts|popular,0.0
I07428,R0751,Ice Cream Sundae,main,veg,187,Loaded ice cream sundae,main|veg|Desserts|popular,0.0
I07429,R0751,Syrup Shot,side,veg,37,Extra syrup,side|veg|Desserts,0.291
I07430,R0751,Extra Toppings,side,veg,50,Additional toppings,side|veg|Desserts,0.303
I07431,R0751,Cheesecake,dessert,veg,225,Creamy cheesecake,dessert|veg|Desserts,0.236
I07432,R0751,Chocolate Cake,dessert,veg,150,Rich chocolate cake,dessert|veg|Desserts,0.209
I07433,R0751,Hot Chocolate,beverage,veg,125,Rich hot chocolate,beverage|veg|Desserts,0.342
I07434,R0751,Milkshake,beverage,veg,162,Thick milkshake,beverage|veg|Desserts,0.167
I07435,R0752,Pancake,main,veg,176,Fluffy pancakes,main|veg|Desserts|popular,0.0
I07436,R0752,Waffle,main,veg,198,Belgian waffle with toppings,main|veg|Desserts|popular,0.0
I07437,R0752,Ice Cream Sundae,main,veg,165,Loaded ice cream sundae,main|veg|Desserts|popular,0.0
I07438,R0752,Syrup Shot,side,veg,33,Extra syrup,side|veg|Desserts,0.379
I07439,R0752,Extra Toppings,side,veg,44,Additional toppings,side|veg|Desserts,0.393
I07440,R0752,Chocolate Cake,dessert,veg,132,Rich chocolate cake,dessert|veg|Desserts,0.323
I07441,R0752,Cheesecake,dessert,veg,198,Creamy cheesecake,dessert|veg|Desserts,0.382
I07442,R0752,Milkshake,beverage,veg,143,Thick milkshake,beverage|veg|Desserts,0.194
I07443,R0752,Hot Chocolate,beverage,veg,110,Rich hot chocolate,beverage|veg|Desserts,0.165
I07444,R0753,Chicken Biryani,main,non-veg,308,Fragrant basmati rice with tender chicken pieces,main|non-veg|Biryani|popular,0.0
I07445,R0753,Veg Biryani,main,veg,220,Flavorful rice with mixed vegetables,main|veg|Biryani|popular,0.0
I07446,R0753,Egg Biryani,main,non-veg,242,Rice with boiled eggs and spices,main|non-veg|Biryani|popular,0.0
I07447,R0753,Mutton Biryani,main,non-veg,385,Aromatic rice with succulent mutton,main|non-veg|Biryani|popular,0.0
I07448,R0753,Salan,side,veg,66,Spicy curry accompaniment,side|veg|Biryani,0.179
I07449,R0753,Raita,side,veg,44,Cooling yogurt with cucumber and spices,side|veg|Biryani,0.164
I07450,R0753,Double Ka Meetha,side,veg,88,Sweet bread pudding,side|veg|Biryani,0.179
I07451,R0753,Gulab Jamun,dessert,veg,66,Soft milk dumplings in sugar syrup,dessert|veg|Biryani,0.336
I07452,R0753,Khubani Ka Meetha,dessert,veg,99,Apricot dessert,dessert|veg|Biryani,0.355
I07453,R0753,Soft Drink,beverage,veg,55,Refreshing carbonated beverage,beverage|veg|Biryani,0.146
I07454,R0753,Lassi,beverage,veg,77,Thick yogurt drink,beverage|veg|Biryani,0.386
I07455,R0754,Frankie,main,veg,150,Stuffed roll,main|veg|Italian|popular,0.0
I07456,R0754,Chicken Wrap,main,non-veg,225,Chicken stuffed wrap,main|non-veg|Italian|popular,0.0
I07457,R0754,Sandwich,main,veg,125,Grilled sandwich,main|veg|Italian|popular,0.0
I07458,R0754,Onion Rings,side,veg,112,Crispy onion rings,side|veg|Italian,0.204
I07459,R0754,Fries,side,veg,100,Crispy fries,side|veg|Italian,0.344
I07460,R0754,Brownie,dessert,veg,125,Chocolate brownie,dessert|veg|Italian,0.337
I07461,R0754,Ice Cream,dessert,veg,75,Vanilla ice cream,dessert|veg|Italian,0.127
I07462,R0754,Cold Coffee,beverage,veg,150,Iced coffee,beverage|veg|Italian,0.259
I07463,R0754,Soft Drink,beverage,veg,62,Refreshing beverage,beverage|veg|Italian,0.202
I07464,R0755,Veg Wrap,main,veg,143,Vegetable stuffed wrap,main|veg|Italian|popular,0.0
I07465,R0755,Chicken Wrap,main,non-veg,198,Chicken stuffed wrap,main|non-veg|Italian|popular,0.0
I07466,R0755,Frankie,main,veg,132,Stuffed roll,main|veg|Italian|popular,0.0
I07467,R0755,Sandwich,main,veg,110,Grilled sandwich,main|veg|Italian|popular,0.0
I07468,R0755,Fries,side,veg,88,Crispy fries,side|veg|Italian,0.353
I07469,R0755,Onion Rings,side,veg,99,Crispy onion rings,side|veg|Italian,0.205
I07470,R0755,Ice Cream,dessert,veg,66,Vanilla ice cream,dessert|veg|Italian,0.242
I07471,R0755,Brownie,dessert,veg,110,Chocolate brownie,dessert|veg|Italian,0.387
I07472,R0755,Cold Coffee,beverage,veg,132,Iced coffee,beverage|veg|Italian,0.306
I07473,R0755,Soft Drink,beverage,veg,55,Refreshing beverage,beverage|veg|Italian,0.36
I07474,R0756,Pani Puri,main,veg,66,Crispy puris with flavored water,main|veg|Street Food|popular,0.0
I07475,R0756,Chole Bhature,main,veg,143,Chickpea curry with fried bread,main|veg|Street Food|popular,0.0
I07476,R0756,Pav Bhaji,main,veg,132,Mashed vegetable curry with bread,main|veg|Street Food|popular,0.0
I07477,R0756,Samosa,main,veg,33,Crispy pastry with filling,main|veg|Street Food|popular,0.0
I07478,R0756,Papad,side,veg,22,Crispy papad,side|veg|Street Food,0.132
I07479,R0756,Extra Pav,side,veg,16,Extra bread,side|veg|Street Food,0.332
I07480,R0756,Jalebi,dessert,veg,55,Sweet fried spirals,dessert|veg|Street Food,0.191
I07481,R0756,Rabri,dessert,veg,88,Thickened sweet milk,dessert|veg|Street Food,0.364
I07482,R0756,Masala Chai,beverage,veg,33,Spiced tea,beverage|veg|Street Food,0.394
I07483,R0756,Lassi,beverage,veg,66,Yogurt drink,beverage|veg|Street Food,0.304
I07484,R0757,Waffle,main,veg,225,Belgian waffle with toppings,main|veg|Desserts|popular,0.0
I07485,R0757,Pancake,main,veg,200,Fluffy pancakes,main|veg|Desserts|popular,0.0
I07486,R0757,Ice Cream Sundae,main,veg,187,Loaded ice cream sundae,main|veg|Desserts|popular,0.0
I07487,R0757,Extra Toppings,side,veg,50,Additional toppings,side|veg|Desserts,0.14
I07488,R0757,Syrup Shot,side,veg,37,Extra syrup,side|veg|Desserts,0.132
I07489,R0757,Cheesecake,dessert,veg,225,Creamy cheesecake,dessert|veg|Desserts,0.1
I07490,R0757,Chocolate Cake,dessert,veg,150,Rich chocolate cake,dessert|veg|Desserts,0.259
I07491,R0757,Hot Chocolate,beverage,veg,125,Rich hot chocolate,beverage|veg|Desserts,0.4
I07492,R0757,Milkshake,beverage,veg,162,Thick milkshake,beverage|veg|Desserts,0.37
I07493,R0758,Pav Bhaji,main,veg,114,Mashed vegetable curry with bread,main|veg|Street Food|popular,0.0
I07494,R0758,Samosa,main,veg,28,Crispy pastry with filling,main|veg|Street Food|popular,0.0
I07495,R0758,Pani Puri,main,veg,57,Crispy puris with flavored water,main|veg|Street Food|popular,0.0
I07496,R0758,Chole Bhature,main,veg,123,Chickpea curry with fried bread,main|veg|Street Food|popular,0.0
I07497,R0758,Papad,side,veg,19,Crispy papad,side|veg|Street Food,0.38
I07498,R0758,Extra Pav,side,veg,14,Extra bread,side|veg|Street Food,0.245
I07499,R0758,Rabri,dessert,veg,76,Thickened sweet milk,dessert|veg|Street Food,0.122
I07500,R0758,Jalebi,dessert,veg,47,Sweet fried spirals,dessert|veg|Street Food,0.236
I07501,R0758,Masala Chai,beverage,veg,28,Spiced tea,beverage|veg|Street Food,0.26
I07502,R0758,Lassi,beverage,veg,57,Yogurt drink,beverage|veg|Street Food,0.258
I07503,R0759,Mojito,main,veg,104,Refreshing mint drink,main|veg|Beverages|popular,0.0
I07504,R0759,Smoothie,main,veg,142,Fruit smoothie,main|veg|Beverages|popular,0.0
I07505,R0759,Cold Coffee,main,veg,123,Iced coffee,main|veg|Beverages|popular,0.0
I07506,R0759,Whipped Cream,side,veg,23,Extra whipped cream,side|veg|Beverages,0.187
I07507,R0759,Extra Shot,side,veg,28,Extra coffee shot,side|veg|Beverages,0.366
I07508,R0759,Muffin,dessert,veg,57,Fresh muffin,dessert|veg|Beverages,0.228
I07509,R0759,Cookie,dessert,veg,47,Fresh baked cookie,dessert|veg|Beverages,0.271
I07510,R0759,Soft Drink,beverage,veg,47,Refreshing beverage,beverage|veg|Beverages,0.188
I07511,R0759,Water Bottle,beverage,veg,19,Mineral water,beverage|veg|Beverages,0.156
I07512,R0760,Ice Cream Sundae,main,veg,210,Loaded ice cream sundae,main|veg|Desserts|popular,0.0
I07513,R0760,Waffle,main,veg,251,Belgian waffle with toppings,main|veg|Desserts|popular,0.0
I07514,R0760,Syrup Shot,side,veg,42,Extra syrup,side|veg|Desserts,0.378
I07515,R0760,Extra Toppings,side,veg,56,Additional toppings,side|veg|Desserts,0.262
I07516,R0760,Cheesecake,dessert,veg,251,Creamy cheesecake,dessert|veg|Desserts,0.343
I07517,R0760,Chocolate Cake,dessert,veg,168,Rich chocolate cake,dessert|veg|Desserts,0.166
I07518,R0760,Milkshake,beverage,veg,182,Thick milkshake,beverage|veg|Desserts,0.216
I07519,R0760,Hot Chocolate,beverage,veg,140,Rich hot chocolate,beverage|veg|Desserts,0.37
I07520,R0761,Cold Coffee,main,veg,162,Iced coffee,main|veg|Beverages|popular,0.0
I07521,R0761,Smoothie,main,veg,187,Fruit smoothie,main|veg|Beverages|popular,0.0
I07522,R0761,Mojito,main,veg,137,Refreshing mint drink,main|veg|Beverages|popular,0.0
I07523,R0761,Extra Shot,side,veg,37,Extra coffee shot,side|veg|Beverages,0.322
I07524,R0761,Whipped Cream,side,veg,31,Extra whipped cream,side|veg|Beverages,0.109
I07525,R0761,Muffin,dessert,veg,75,Fresh muffin,dessert|veg|Beverages,0.365
I07526,R0761,Cookie,dessert,veg,62,Fresh baked cookie,dessert|veg|Beverages,0.206
I07527,R0761,Soft Drink,beverage,veg,62,Refreshing beverage,beverage|veg|Beverages,0.339
I07528,R0761,Water Bottle,beverage,veg,25,Mineral water,beverage|veg|Beverages,0.343
I07529,R0762,Sandwich,main,veg,140,Grilled sandwich,main|veg|Italian|popular,0.0
I07530,R0762,Frankie,main,veg,168,Stuffed roll,main|veg|Italian|popular,0.0
I07531,R0762,Fries,side,veg,112,Crispy fries,side|veg|Italian,0.319
I07532,R0762,Onion Rings,side,veg,125,Crispy onion rings,side|veg|Italian,0.289
I07533,R0762,Ice Cream,dessert,veg,84,Vanilla ice cream,dessert|veg|Italian,0.167
I07534,R0762,Brownie,dessert,veg,140,Chocolate brownie,dessert|veg|Italian,0.295
I07535,R0762,Cold Coffee,beverage,veg,168,Iced coffee,beverage|veg|Italian,0.145
I07536,R0762,Soft Drink,beverage,veg,70,Refreshing beverage,beverage|veg|Italian,0.315
I07537,R0763,Rogan Josh,main,non-veg,418,Kashmiri lamb curry,main|non-veg|North Indian|popular,0.0
I07538,R0763,Butter Chicken,main,non-veg,352,Creamy tomato-based chicken curry,main|non-veg|North Indian|popular,0.0
I07539,R0763,Dal Makhani,main,veg,242,Creamy black lentils,main|veg|North Indian|popular,0.0
I07540,R0763,Paneer Tikka,main,veg,308,Grilled cottage cheese,main|veg|North Indian|popular,0.0
I07541,R0763,Jeera Rice,side,veg,132,Cumin flavored rice,side|veg|North Indian,0.341
I07542,R0763,Tandoori Roti,side,veg,27,Whole wheat flatbread,side|veg|North Indian,0.252
I07543,R0763,Butter Naan,side,veg,55,Buttery flatbread,side|veg|North Indian,0.187
I07544,R0763,Garlic Naan,side,veg,66,Garlic flavored naan,side|veg|North Indian,0.218
I07545,R0763,Gulab Jamun,dessert,veg,66,Sweet milk dumplings,dessert|veg|North Indian,0.156
I07546,R0763,Rasmalai,dessert,veg,88,Soft cheese patties in milk,dessert|veg|North Indian,0.321
I07547,R0763,Lassi,beverage,veg,77,Sweet yogurt drink,beverage|veg|North Indian,0.316
I07548,R0763,Buttermilk,beverage,veg,44,Spiced yogurt drink,beverage|veg|North Indian,0.319
I07549,R0764,Rogan Josh,main,non-veg,475,Kashmiri lamb curry,main|non-veg|North Indian|popular,0.0
I07550,R0764,Butter Chicken,main,non-veg,400,Creamy tomato-based chicken curry,main|non-veg|North Indian|popular,0.0
I07551,R0764,Dal Makhani,main,veg,275,Creamy black lentils,main|veg|North Indian|popular,0.0
I07552,R0764,Butter Naan,side,veg,62,Buttery flatbread,side|veg|North Indian,0.205
I07553,R0764,Jeera Rice,side,veg,150,Cumin flavored rice,side|veg|North Indian,0.125
I07554,R0764,Tandoori Roti,side,veg,31,Whole wheat flatbread,side|veg|North Indian,0.257
I07555,R0764,Rasmalai,dessert,veg,100,Soft cheese patties in milk,dessert|veg|North Indian,0.182
I07556,R0764,Gulab Jamun,dessert,veg,75,Sweet milk dumplings,dessert|veg|North Indian,0.27
I07557,R0764,Buttermilk,beverage,veg,50,Spiced yogurt drink,beverage|veg|North Indian,0.197
I07558,R0764,Lassi,beverage,veg,87,Sweet yogurt drink,beverage|veg|North Indian,0.258
I07559,R0765,Egg Biryani,main,non-veg,275,Rice with boiled eggs and spices,main|non-veg|Biryani|popular,0.0
I07560,R0765,Mutton Biryani,main,non-veg,437,Aromatic rice with succulent mutton,main|non-veg|Biryani|popular,0.0
I07561,R0765,Chicken Biryani,main,non-veg,350,Fragrant basmati rice with tender chicken pieces,main|non-veg|Biryani|popular,0.0
I07562,R0765,Salan,side,veg,75,Spicy curry accompaniment,side|veg|Biryani,0.188
I07563,R0765,Double Ka Meetha,side,veg,100,Sweet bread pudding,side|veg|Biryani,0.31
I07564,R0765,Raita,side,veg,50,Cooling yogurt with cucumber and spices,side|veg|Biryani,0.128
I07565,R0765,Khubani Ka Meetha,dessert,veg,112,Apricot dessert,dessert|veg|Biryani,0.216
I07566,R0765,Gulab Jamun,dessert,veg,75,Soft milk dumplings in sugar syrup,dessert|veg|Biryani,0.128
I07567,R0765,Lassi,beverage,veg,87,Thick yogurt drink,beverage|veg|Biryani,0.172
I07568,R0765,Soft Drink,beverage,veg,62,Refreshing carbonated beverage,beverage|veg|Biryani,0.285
I07569,R0766,Mojito,main,veg,154,Refreshing mint drink,main|veg|Beverages|popular,0.0
I07570,R0766,Smoothie,main,veg,210,Fruit smoothie,main|veg|Beverages|popular,0.0
I07571,R0766,Whipped Cream,side,veg,35,Extra whipped cream,side|veg|Beverages,0.281
I07572,R0766,Extra Shot,side,veg,42,Extra coffee shot,side|veg|Beverages,0.16
I07573,R0766,Muffin,dessert,veg,84,Fresh muffin,dessert|veg|Beverages,0.319
I07574,R0766,Cookie,dessert,veg,70,Fresh baked cookie,dessert|veg|Beverages,0.257
I07575,R0766,Soft Drink,beverage,veg,70,Refreshing beverage,beverage|veg|Beverages,0.275
I07576,R0766,Water Bottle,beverage,veg,28,Mineral water,beverage|veg|Beverages,0.201
I07577,R0767,Veg Steak,main,veg,392,Grilled vegetable steak,main|veg|Continental|popular,0.0
I07578,R0767,Fish and Chips,main,non-veg,489,Classic fish and chips,main|non-veg|Continental|popular,0.0
I07579,R0767,Mashed Potatoes,side,veg,140,Creamy mashed potatoes,side|veg|Continental,0.267
I07580,R0767,Caesar Salad,side,veg,196,Classic Caesar salad,side|veg|Continental,0.205
I07581,R0767,Tiramisu,dessert,veg,251,Classic Italian dessert,dessert|veg|Continental,0.142
I07582,R0767,Panna Cotta,dessert,veg,224,Italian custard,dessert|veg|Continental,0.243
I07583,R0767,Iced Tea,beverage,veg,112,Refreshing iced tea,beverage|veg|Continental,0.131
I07584,R0767,Lemonade,beverage,veg,98,Fresh lemonade,beverage|veg|Continental,0.377
I07585,R0768,Vada,main,veg,77,Crispy fried lentil donuts,main|veg|South Indian|popular,0.0
I07586,R0768,Chicken Chettinad,main,non-veg,308,Spicy Chettinad chicken,main|non-veg|South Indian|popular,0.0
I07587,R0768,Masala Dosa,main,veg,132,Crispy crepe with potato filling,main|veg|South Indian|popular,0.0
I07588,R0768,Idli Sambar,main,veg,88,Steamed rice cakes with lentil curry,main|veg|South Indian|popular,0.0
I07589,R0768,Sambar,side,veg,44,Lentil and vegetable curry,side|veg|South Indian,0.395
I07590,R0768,Tomato Chutney,side,veg,33,Tangy tomato chutney,side|veg|South Indian,0.167
I07591,R0768,Coconut Chutney,side,veg,33,Fresh coconut chutney,side|veg|South Indian,0.102
I07592,R0768,Payasam,dessert,veg,66,Sweet milk pudding,dessert|veg|South Indian,0.392
I07593,R0768,Kesari,dessert,veg,55,Semolina sweet,dessert|veg|South Indian,0.323
I07594,R0768,Buttermilk,beverage,veg,38,Spiced yogurt drink,beverage|veg|South Indian,0.228
I07595,R0768,Filter Coffee,beverage,veg,44,South Indian filter coffee,beverage|veg|South Indian,0.315
I07596,R0769,Paneer Tikka,main,veg,308,Grilled cottage cheese,main|veg|North Indian|popular,0.0
I07597,R0769,Rogan Josh,main,non-veg,418,Kashmiri lamb curry,main|non-veg|North Indian|popular,0.0
I07598,R0769,Dal Makhani,main,veg,242,Creamy black lentils,main|veg|North Indian|popular,0.0
I07599,R0769,Butter Chicken,main,non-veg,352,Creamy tomato-based chicken curry,main|non-veg|North Indian|popular,0.0
I07600,R0769,Jeera Rice,side,veg,132,Cumin flavored rice,side|veg|North Indian,0.12
I07601,R0769,Butter Naan,side,veg,55,Buttery flatbread,side|veg|North Indian,0.211
I07602,R0769,Garlic Naan,side,veg,66,Garlic flavored naan,side|veg|North Indian,0.238
I07603,R0769,Tandoori Roti,side,veg,27,Whole wheat flatbread,side|veg|North Indian,0.174
I07604,R0769,Gulab Jamun,dessert,veg,66,Sweet milk dumplings,dessert|veg|North Indian,0.198
I07605,R0769,Rasmalai,dessert,veg,88,Soft cheese patties in milk,dessert|veg|North Indian,0.293
I07606,R0769,Lassi,beverage,veg,77,Sweet yogurt drink,beverage|veg|North Indian,0.102
I07607,R0769,Buttermilk,beverage,veg,44,Spiced yogurt drink,beverage|veg|North Indian,0.107
I07608,R0770,Chicken Chettinad,main,non-veg,266,Spicy Chettinad chicken,main|non-veg|South Indian|popular,0.0
I07609,R0770,Idli Sambar,main,veg,76,Steamed rice cakes with lentil curry,main|veg|South Indian|popular,0.0
I07610,R0770,Vada,main,veg,66,Crispy fried lentil donuts,main|veg|South Indian|popular,0.0
I07611,R0770,Masala Dosa,main,veg,114,Crispy crepe with potato filling,main|veg|South Indian|popular,0.0
I07612,R0770,Tomato Chutney,side,veg,28,Tangy tomato chutney,side|veg|South Indian,0.194
I07613,R0770,Sambar,side,veg,38,Lentil and vegetable curry,side|veg|South Indian,0.238
I07614,R0770,Coconut Chutney,side,veg,28,Fresh coconut chutney,side|veg|South Indian,0.189
I07615,R0770,Payasam,dessert,veg,57,Sweet milk pudding,dessert|veg|South Indian,0.136
I07616,R0770,Kesari,dessert,veg,47,Semolina sweet,dessert|veg|South Indian,0.237
I07617,R0770,Filter Coffee,beverage,veg,38,South Indian filter coffee,beverage|veg|South Indian,0.261
I07618,R0770,Buttermilk,beverage,veg,33,Spiced yogurt drink,beverage|veg|South Indian,0.17
I07619,R0771,Veg Biryani,main,veg,280,Flavorful rice with mixed vegetables,main|veg|Biryani|popular,0.0
I07620,R0771,Egg Biryani,main,non-veg,308,Rice with boiled eggs and spices,main|non-veg|Biryani|popular,0.0
I07621,R0771,Salan,side,veg,84,Spicy curry accompaniment,side|veg|Biryani,0.291
I07622,R0771,Raita,side,veg,56,Cooling yogurt with cucumber and spices,side|veg|Biryani,0.362
I07623,R0771,Gulab Jamun,dessert,veg,84,Soft milk dumplings in sugar syrup,dessert|veg|Biryani,0.209
I07624,R0771,Khubani Ka Meetha,dessert,veg,125,Apricot dessert,dessert|veg|Biryani,0.186
I07625,R0771,Soft Drink,beverage,veg,70,Refreshing carbonated beverage,beverage|veg|Biryani,0.362
I07626,R0771,Lassi,beverage,veg,98,Thick yogurt drink,beverage|veg|Biryani,0.299
I07627,R0772,Vada,main,veg,77,Crispy fried lentil donuts,main|veg|South Indian|popular,0.0
I07628,R0772,Masala Dosa,main,veg,132,Crispy crepe with potato filling,main|veg|South Indian|popular,0.0
I07629,R0772,Idli Sambar,main,veg,88,Steamed rice cakes with lentil curry,main|veg|South Indian|popular,0.0
I07630,R0772,Chicken Chettinad,main,non-veg,308,Spicy Chettinad chicken,main|non-veg|South Indian|popular,0.0
I07631,R0772,Tomato Chutney,side,veg,33,Tangy tomato chutney,side|veg|South Indian,0.193
I07632,R0772,Sambar,side,veg,44,Lentil and vegetable curry,side|veg|South Indian,0.132
I07633,R0772,Coconut Chutney,side,veg,33,Fresh coconut chutney,side|veg|South Indian,0.179
I07634,R0772,Payasam,dessert,veg,66,Sweet milk pudding,dessert|veg|South Indian,0.11
I07635,R0772,Kesari,dessert,veg,55,Semolina sweet,dessert|veg|South Indian,0.13
I07636,R0772,Buttermilk,beverage,veg,38,Spiced yogurt drink,beverage|veg|South Indian,0.27
I07637,R0772,Filter Coffee,beverage,veg,44,South Indian filter coffee,beverage|veg|South Indian,0.298
I07638,R0773,Ice Cream Sundae,main,veg,142,Loaded ice cream sundae,main|veg|Desserts|popular,0.0
I07639,R0773,Pancake,main,veg,152,Fluffy pancakes,main|veg|Desserts|popular,0.0
I07640,R0773,Waffle,main,veg,171,Belgian waffle with toppings,main|veg|Desserts|popular,0.0
I07641,R0773,Syrup Shot,side,veg,28,Extra syrup,side|veg|Desserts,0.185
I07642,R0773,Extra Toppings,side,veg,38,Additional toppings,side|veg|Desserts,0.395
I07643,R0773,Chocolate Cake,dessert,veg,114,Rich chocolate cake,dessert|veg|Desserts,0.14
I07644,R0773,Cheesecake,dessert,veg,171,Creamy cheesecake,dessert|veg|Desserts,0.242
I07645,R0773,Hot Chocolate,beverage,veg,95,Rich hot chocolate,beverage|veg|Desserts,0.394
I07646,R0773,Milkshake,beverage,veg,123,Thick milkshake,beverage|veg|Desserts,0.309
I07647,R0774,Dal Makhani,main,veg,308,Creamy black lentils,main|veg|North Indian|popular,0.0
I07648,R0774,Paneer Tikka,main,veg,392,Grilled cottage cheese,main|veg|North Indian|popular,0.0
I07649,R0774,Jeera Rice,side,veg,168,Cumin flavored rice,side|veg|North Indian,0.348
I07650,R0774,Butter Naan,side,veg,70,Buttery flatbread,side|veg|North Indian,0.28
I07651,R0774,Gulab Jamun,dessert,veg,84,Sweet milk dumplings,dessert|veg|North Indian,0.185
I07652,R0774,Rasmalai,dessert,veg,112,Soft cheese patties in milk,dessert|veg|North Indian,0.246
I07653,R0774,Buttermilk,beverage,veg,56,Spiced yogurt drink,beverage|veg|North Indian,0.374
I07654,R0774,Lassi,beverage,veg,98,Sweet yogurt drink,beverage|veg|North Indian,0.101
I07655,R0775,Ice Cream Sundae,main,veg,187,Loaded ice cream sundae,main|veg|Desserts|popular,0.0
I07656,R0775,Pancake,main,veg,200,Fluffy pancakes,main|veg|Desserts|popular,0.0
I07657,R0775,Waffle,main,veg,225,Belgian waffle with toppings,main|veg|Desserts|popular,0.0
I07658,R0775,Extra Toppings,side,veg,50,Additional toppings,side|veg|Desserts,0.359
I07659,R0775,Syrup Shot,side,veg,37,Extra syrup,side|veg|Desserts,0.178
I07660,R0775,Chocolate Cake,dessert,veg,150,Rich chocolate cake,dessert|veg|Desserts,0.198
I07661,R0775,Cheesecake,dessert,veg,225,Creamy cheesecake,dessert|veg|Desserts,0.325
I07662,R0775,Hot Chocolate,beverage,veg,125,Rich hot chocolate,beverage|veg|Desserts,0.308
I07663,R0775,Milkshake,beverage,veg,162,Thick milkshake,beverage|veg|Desserts,0.174
I07664,R0776,Veg Steak,main,veg,266,Grilled vegetable steak,main|veg|Continental|popular,0.0
I07665,R0776,Pasta Arrabbiata,main,veg,228,Spicy tomato pasta,main|veg|Continental|popular,0.0
I07666,R0776,Fish and Chips,main,non-veg,332,Classic fish and chips,main|non-veg|Continental|popular,0.0
I07667,R0776,Grilled Chicken,main,non-veg,304,Herb grilled chicken,main|non-veg|Continental|popular,0.0
I07668,R0776,Garlic Bread,side,veg,85,Garlic bread,side|veg|Continental,0.39
I07669,R0776,Caesar Salad,side,veg,133,Classic Caesar salad,side|veg|Continental,0.257
I07670,R0776,Mashed Potatoes,side,veg,95,Creamy mashed potatoes,side|veg|Continental,0.379
I07671,R0776,Tiramisu,dessert,veg,171,Classic Italian dessert,dessert|veg|Continental,0.196
I07672,R0776,Panna Cotta,dessert,veg,152,Italian custard,dessert|veg|Continental,0.154
I07673,R0776,Lemonade,beverage,veg,66,Fresh lemonade,beverage|veg|Continental,0.396
I07674,R0776,Iced Tea,beverage,veg,76,Refreshing iced tea,beverage|veg|Continental,0.266
I07675,R0777,Dal Makhani,main,veg,242,Creamy black lentils,main|veg|North Indian|popular,0.0
I07676,R0777,Rogan Josh,main,non-veg,418,Kashmiri lamb curry,main|non-veg|North Indian|popular,0.0
I07677,R0777,Butter Chicken,main,non-veg,352,Creamy tomato-based chicken curry,main|non-veg|North Indian|popular,0.0
I07678,R0777,Paneer Tikka,main,veg,308,Grilled cottage cheese,main|veg|North Indian|popular,0.0
I07679,R0777,Butter Naan,side,veg,55,Buttery flatbread,side|veg|North Indian,0.1
I07680,R0777,Tandoori Roti,side,veg,27,Whole wheat flatbread,side|veg|North Indian,0.378
I07681,R0777,Jeera Rice,side,veg,132,Cumin flavored rice,side|veg|North Indian,0.237
I07682,R0777,Garlic Naan,side,veg,66,Garlic flavored naan,side|veg|North Indian,0.146
I07683,R0777,Rasmalai,dessert,veg,88,Soft cheese patties in milk,dessert|veg|North Indian,0.289
I07684,R0777,Gulab Jamun,dessert,veg,66,Sweet milk dumplings,dessert|veg|North Indian,0.336
I07685,R0777,Lassi,beverage,veg,77,Sweet yogurt drink,beverage|veg|North Indian,0.373
I07686,R0777,Buttermilk,beverage,veg,44,Spiced yogurt drink,beverage|veg|North Indian,0.4
I07687,R0778,Grilled Chicken,main,non-veg,400,Herb grilled chicken,main|non-veg|Continental|popular,0.0
I07688,R0778,Pasta Arrabbiata,main,veg,300,Spicy tomato pasta,main|veg|Continental|popular,0.0
I07689,R0778,Veg Steak,main,veg,350,Grilled vegetable steak,main|veg|Continental|popular,0.0
I07690,R0778,Mashed Potatoes,side,veg,125,Creamy mashed potatoes,side|veg|Continental,0.271
I07691,R0778,Caesar Salad,side,veg,175,Classic Caesar salad,side|veg|Continental,0.151
I07692,R0778,Garlic Bread,side,veg,112,Garlic bread,side|veg|Continental,0.15
I07693,R0778,Panna Cotta,dessert,veg,200,Italian custard,dessert|veg|Continental,0.383
I07694,R0778,Tiramisu,dessert,veg,225,Classic Italian dessert,dessert|veg|Continental,0.217
I07695,R0778,Iced Tea,beverage,veg,100,Refreshing iced tea,beverage|veg|Continental,0.181
I07696,R0778,Lemonade,beverage,veg,87,Fresh lemonade,beverage|veg|Continental,0.205
I07697,R0779,Veg Wrap,main,veg,143,Vegetable stuffed wrap,main|veg|Fast Food|popular,0.0
I07698,R0779,Sandwich,main,veg,110,Grilled sandwich,main|veg|Fast Food|popular,0.0
I07699,R0779,Frankie,main,veg,132,Stuffed roll,main|veg|Fast Food|popular,0.0
I07700,R0779,Chicken Wrap,main,non-veg,198,Chicken stuffed wrap,main|non-veg|Fast Food|popular,0.0
I07701,R0779,Fries,side,veg,88,Crispy fries,side|veg|Fast Food,0.236
I07702,R0779,Onion Rings,side,veg,99,Crispy onion rings,side|veg|Fast Food,0.14
I07703,R0779,Ice Cream,dessert,veg,66,Vanilla ice cream,dessert|veg|Fast Food,0.355
I07704,R0779,Brownie,dessert,veg,110,Chocolate brownie,dessert|veg|Fast Food,0.38
I07705,R0779,Cold Coffee,beverage,veg,132,Iced coffee,beverage|veg|Fast Food,0.2
I07706,R0779,Soft Drink,beverage,veg,55,Refreshing beverage,beverage|veg|Fast Food,0.331
I07707,R0780,Pav Bhaji,main,veg,132,Mashed vegetable curry with bread,main|veg|Street Food|popular,0.0
I07708,R0780,Samosa,main,veg,33,Crispy pastry with filling,main|veg|Street Food|popular,0.0
I07709,R0780,Pani Puri,main,veg,66,Crispy puris with flavored water,main|veg|Street Food|popular,0.0
I07710,R0780,Chole Bhature,main,veg,143,Chickpea curry with fried bread,main|veg|Street Food|popular,0.0
I07711,R0780,Extra Pav,side,veg,16,Extra bread,side|veg|Street Food,0.293
I07712,R0780,Papad,side,veg,22,Crispy papad,side|veg|Street Food,0.181
I07713,R0780,Rabri,dessert,veg,88,Thickened sweet milk,dessert|veg|Street Food,0.283
I07714,R0780,Jalebi,dessert,veg,55,Sweet fried spirals,dessert|veg|Street Food,0.116
I07715,R0780,Masala Chai,beverage,veg,33,Spiced tea,beverage|veg|Street Food,0.382
I07716,R0780,Lassi,beverage,veg,66,Yogurt drink,beverage|veg|Street Food,0.208
I07717,R0781,Pancake,main,veg,200,Fluffy pancakes,main|veg|Desserts|popular,0.0
I07718,R0781,Waffle,main,veg,225,Belgian waffle with toppings,main|veg|Desserts|popular,0.0
I07719,R0781,Ice Cream Sundae,main,veg,187,Loaded ice cream sundae,main|veg|Desserts|popular,0.0
I07720,R0781,Extra Toppings,side,veg,50,Additional toppings,side|veg|Desserts,0.179
I07721,R0781,Syrup Shot,side,veg,37,Extra syrup,side|veg|Desserts,0.296
I07722,R0781,Chocolate Cake,dessert,veg,150,Rich chocolate cake,dessert|veg|Desserts,0.124
I07723,R0781,Cheesecake,dessert,veg,225,Creamy cheesecake,dessert|veg|Desserts,0.28
I07724,R0781,Milkshake,beverage,veg,162,Thick milkshake,beverage|veg|Desserts,0.388
I07725,R0781,Hot Chocolate,beverage,veg,125,Rich hot chocolate,beverage|veg|Desserts,0.267
I07726,R0782,Sandwich,main,veg,110,Grilled sandwich,main|veg|Italian|popular,0.0
I07727,R0782,Veg Wrap,main,veg,143,Vegetable stuffed wrap,main|veg|Italian|popular,0.0
I07728,R0782,Frankie,main,veg,132,Stuffed roll,main|veg|Italian|popular,0.0
I07729,R0782,Chicken Wrap,main,non-veg,198,Chicken stuffed wrap,main|non-veg|Italian|popular,0.0
I07730,R0782,Onion Rings,side,veg,99,Crispy onion rings,side|veg|Italian,0.182
I07731,R0782,Fries,side,veg,88,Crispy fries,side|veg|Italian,0.276
I07732,R0782,Ice Cream,dessert,veg,66,Vanilla ice cream,dessert|veg|Italian,0.119
I07733,R0782,Brownie,dessert,veg,110,Chocolate brownie,dessert|veg|Italian,0.24
I07734,R0782,Cold Coffee,beverage,veg,132,Iced coffee,beverage|veg|Italian,0.296
I07735,R0782,Soft Drink,beverage,veg,55,Refreshing beverage,beverage|veg|Italian,0.156
I07736,R0783,Chicken Biryani,main,non-veg,350,Fragrant basmati rice with tender chicken pieces,main|non-veg|Biryani|popular,0.0
I07737,R0783,Mutton Biryani,main,non-veg,437,Aromatic rice with succulent mutton,main|non-veg|Biryani|popular,0.0
I07738,R0783,Veg Biryani,main,veg,250,Flavorful rice with mixed vegetables,main|veg|Biryani|popular,0.0
I07739,R0783,Salan,side,veg,75,Spicy curry accompaniment,side|veg|Biryani,0.269
I07740,R0783,Raita,side,veg,50,Cooling yogurt with cucumber and spices,side|veg|Biryani,0.285
I07741,R0783,Double Ka Meetha,side,veg,100,Sweet bread pudding,side|veg|Biryani,0.136
I07742,R0783,Gulab Jamun,dessert,veg,75,Soft milk dumplings in sugar syrup,dessert|veg|Biryani,0.201
I07743,R0783,Khubani Ka Meetha,dessert,veg,112,Apricot dessert,dessert|veg|Biryani,0.255
I07744,R0783,Lassi,beverage,veg,87,Thick yogurt drink,beverage|veg|Biryani,0.276
I07745,R0783,Soft Drink,beverage,veg,62,Refreshing carbonated beverage,beverage|veg|Biryani,0.113
I07746,R0784,Veg Wrap,main,veg,143,Vegetable stuffed wrap,main|veg|Italian|popular,0.0
I07747,R0784,Sandwich,main,veg,110,Grilled sandwich,main|veg|Italian|popular,0.0
I07748,R0784,Frankie,main,veg,132,Stuffed roll,main|veg|Italian|popular,0.0
I07749,R0784,Chicken Wrap,main,non-veg,198,Chicken stuffed wrap,main|non-veg|Italian|popular,0.0
I07750,R0784,Fries,side,veg,88,Crispy fries,side|veg|Italian,0.204
I07751,R0784,Onion Rings,side,veg,99,Crispy onion rings,side|veg|Italian,0.262
I07752,R0784,Ice Cream,dessert,veg,66,Vanilla ice cream,dessert|veg|Italian,0.297
I07753,R0784,Brownie,dessert,veg,110,Chocolate brownie,dessert|veg|Italian,0.396
I07754,R0784,Soft Drink,beverage,veg,55,Refreshing beverage,beverage|veg|Italian,0.207
I07755,R0784,Cold Coffee,beverage,veg,132,Iced coffee,beverage|veg|Italian,0.341
I07756,R0785,Butter Chicken,main,non-veg,352,Creamy tomato-based chicken curry,main|non-veg|North Indian|popular,0.0
I07757,R0785,Dal Makhani,main,veg,242,Creamy black lentils,main|veg|North Indian|popular,0.0
I07758,R0785,Paneer Tikka,main,veg,308,Grilled cottage cheese,main|veg|North Indian|popular,0.0
I07759,R0785,Rogan Josh,main,non-veg,418,Kashmiri lamb curry,main|non-veg|North Indian|popular,0.0
I07760,R0785,Garlic Naan,side,veg,66,Garlic flavored naan,side|veg|North Indian,0.196
I07761,R0785,Jeera Rice,side,veg,132,Cumin flavored rice,side|veg|North Indian,0.144
I07762,R0785,Tandoori Roti,side,veg,27,Whole wheat flatbread,side|veg|North Indian,0.372
I07763,R0785,Butter Naan,side,veg,55,Buttery flatbread,side|veg|North Indian,0.139
I07764,R0785,Rasmalai,dessert,veg,88,Soft cheese patties in milk,dessert|veg|North Indian,0.362
I07765,R0785,Gulab Jamun,dessert,veg,66,Sweet milk dumplings,dessert|veg|North Indian,0.227
I07766,R0785,Lassi,beverage,veg,77,Sweet yogurt drink,beverage|veg|North Indian,0.227
I07767,R0785,Buttermilk,beverage,veg,44,Spiced yogurt drink,beverage|veg|North Indian,0.28
I07768,R0786,Veg Wrap,main,veg,162,Vegetable stuffed wrap,main|veg|Fast Food|popular,0.0
I07769,R0786,Frankie,main,veg,150,Stuffed roll,main|veg|Fast Food|popular,0.0
I07770,R0786,Sandwich,main,veg,125,Grilled sandwich,main|veg|Fast Food|popular,0.0
I07771,R0786,Onion Rings,side,veg,112,Crispy onion rings,side|veg|Fast Food,0.138
I07772,R0786,Fries,side,veg,100,Crispy fries,side|veg|Fast Food,0.163
I07773,R0786,Ice Cream,dessert,veg,75,Vanilla ice cream,dessert|veg|Fast Food,0.311
I07774,R0786,Brownie,dessert,veg,125,Chocolate brownie,dessert|veg|Fast Food,0.188
I07775,R0786,Cold Coffee,beverage,veg,150,Iced coffee,beverage|veg|Fast Food,0.304
I07776,R0786,Soft Drink,beverage,veg,62,Refreshing beverage,beverage|veg|Fast Food,0.101
I07777,R0787,Sandwich,main,veg,110,Grilled sandwich,main|veg|Fast Food|popular,0.0
I07778,R0787,Veg Wrap,main,veg,143,Vegetable stuffed wrap,main|veg|Fast Food|popular,0.0
I07779,R0787,Frankie,main,veg,132,Stuffed roll,main|veg|Fast Food|popular,0.0
I07780,R0787,Chicken Wrap,main,non-veg,198,Chicken stuffed wrap,main|non-veg|Fast Food|popular,0.0
I07781,R0787,Onion Rings,side,veg,99,Crispy onion rings,side|veg|Fast Food,0.192
I07782,R0787,Fries,side,veg,88,Crispy fries,side|veg|Fast Food,0.181
I07783,R0787,Brownie,dessert,veg,110,Chocolate brownie,dessert|veg|Fast Food,0.286
I07784,R0787,Ice Cream,dessert,veg,66,Vanilla ice cream,dessert|veg|Fast Food,0.208
I07785,R0787,Cold Coffee,beverage,veg,132,Iced coffee,beverage|veg|Fast Food,0.369
I07786,R0787,Soft Drink,beverage,veg,55,Refreshing beverage,beverage|veg|Fast Food,0.351
I07787,R0788,Veg Steak,main,veg,266,Grilled vegetable steak,main|veg|Continental|popular,0.0
I07788,R0788,Pasta Arrabbiata,main,veg,228,Spicy tomato pasta,main|veg|Continental|popular,0.0
I07789,R0788,Fish and Chips,main,non-veg,332,Classic fish and chips,main|non-veg|Continental|popular,0.0
I07790,R0788,Grilled Chicken,main,non-veg,304,Herb grilled chicken,main|non-veg|Continental|popular,0.0
I07791,R0788,Garlic Bread,side,veg,85,Garlic bread,side|veg|Continental,0.383
I07792,R0788,Mashed Potatoes,side,veg,95,Creamy mashed potatoes,side|veg|Continental,0.259
I07793,R0788,Caesar Salad,side,veg,133,Classic Caesar salad,side|veg|Continental,0.2
I07794,R0788,Tiramisu,dessert,veg,171,Classic Italian dessert,dessert|veg|Continental,0.383
I07795,R0788,Panna Cotta,dessert,veg,152,Italian custard,dessert|veg|Continental,0.128
I07796,R0788,Iced Tea,beverage,veg,76,Refreshing iced tea,beverage|veg|Continental,0.315
I07797,R0788,Lemonade,beverage,veg,66,Fresh lemonade,beverage|veg|Continental,0.349
I07798,R0789,Idli Sambar,main,veg,76,Steamed rice cakes with lentil curry,main|veg|South Indian|popular,0.0
I07799,R0789,Chicken Chettinad,main,non-veg,266,Spicy Chettinad chicken,main|non-veg|South Indian|popular,0.0
I07800,R0789,Vada,main,veg,66,Crispy fried lentil donuts,main|veg|South Indian|popular,0.0
I07801,R0789,Masala Dosa,main,veg,114,Crispy crepe with potato filling,main|veg|South Indian|popular,0.0
I07802,R0789,Sambar,side,veg,38,Lentil and vegetable curry,side|veg|South Indian,0.346
I07803,R0789,Coconut Chutney,side,veg,28,Fresh coconut chutney,side|veg|South Indian,0.367
I07804,R0789,Tomato Chutney,side,veg,28,Tangy tomato chutney,side|veg|South Indian,0.14
I07805,R0789,Payasam,dessert,veg,57,Sweet milk pudding,dessert|veg|South Indian,0.158
I07806,R0789,Kesari,dessert,veg,47,Semolina sweet,dessert|veg|South Indian,0.195
I07807,R0789,Buttermilk,beverage,veg,33,Spiced yogurt drink,beverage|veg|South Indian,0.237
I07808,R0789,Filter Coffee,beverage,veg,38,South Indian filter coffee,beverage|veg|South Indian,0.164
I07809,R0790,Samosa,main,veg,33,Crispy pastry with filling,main|veg|Street Food|popular,0.0
I07810,R0790,Chole Bhature,main,veg,143,Chickpea curry with fried bread,main|veg|Street Food|popular,0.0
I07811,R0790,Pani Puri,main,veg,66,Crispy puris with flavored water,main|veg|Street Food|popular,0.0
I07812,R0790,Pav Bhaji,main,veg,132,Mashed vegetable curry with bread,main|veg|Street Food|popular,0.0
I07813,R0790,Papad,side,veg,22,Crispy papad,side|veg|Street Food,0.387
I07814,R0790,Extra Pav,side,veg,16,Extra bread,side|veg|Street Food,0.208
I07815,R0790,Rabri,dessert,veg,88,Thickened sweet milk,dessert|veg|Street Food,0.142
I07816,R0790,Jalebi,dessert,veg,55,Sweet fried spirals,dessert|veg|Street Food,0.253
I07817,R0790,Lassi,beverage,veg,66,Yogurt drink,beverage|veg|Street Food,0.363
I07818,R0790,Masala Chai,beverage,veg,33,Spiced tea,beverage|veg|Street Food,0.208
I07819,R0791,Egg Biryani,main,non-veg,275,Rice with boiled eggs and spices,main|non-veg|Biryani|popular,0.0
I07820,R0791,Mutton Biryani,main,non-veg,437,Aromatic rice with succulent mutton,main|non-veg|Biryani|popular,0.0
I07821,R0791,Veg Biryani,main,veg,250,Flavorful rice with mixed vegetables,main|veg|Biryani|popular,0.0
I07822,R0791,Double Ka Meetha,side,veg,100,Sweet bread pudding,side|veg|Biryani,0.297
I07823,R0791,Salan,side,veg,75,Spicy curry accompaniment,side|veg|Biryani,0.193
I07824,R0791,Raita,side,veg,50,Cooling yogurt with cucumber and spices,side|veg|Biryani,0.392
I07825,R0791,Khubani Ka Meetha,dessert,veg,112,Apricot dessert,dessert|veg|Biryani,0.167
I07826,R0791,Gulab Jamun,dessert,veg,75,Soft milk dumplings in sugar syrup,dessert|veg|Biryani,0.115
I07827,R0791,Soft Drink,beverage,veg,62,Refreshing carbonated beverage,beverage|veg|Biryani,0.206
I07828,R0791,Lassi,beverage,veg,87,Thick yogurt drink,beverage|veg|Biryani,0.222
I07829,R0792,Mojito,main,veg,121,Refreshing mint drink,main|veg|Beverages|popular,0.0
I07830,R0792,Smoothie,main,veg,165,Fruit smoothie,main|veg|Beverages|popular,0.0
I07831,R0792,Cold Coffee,main,veg,143,Iced coffee,main|veg|Beverages|popular,0.0
I07832,R0792,Extra Shot,side,veg,33,Extra coffee shot,side|veg|Beverages,0.233
I07833,R0792,Whipped Cream,side,veg,27,Extra whipped cream,side|veg|Beverages,0.253
I07834,R0792,Cookie,dessert,veg,55,Fresh baked cookie,dessert|veg|Beverages,0.291
I07835,R0792,Muffin,dessert,veg,66,Fresh muffin,dessert|veg|Beverages,0.393
I07836,R0792,Water Bottle,beverage,veg,22,Mineral water,beverage|veg|Beverages,0.237
I07837,R0792,Soft Drink,beverage,veg,55,Refreshing beverage,beverage|veg|Beverages,0.186
I07838,R0793,Fried Rice,main,veg,225,Stir-fried rice with vegetables,main|veg|Chinese|popular,0.0
I07839,R0793,Manchurian,main,veg,250,Vegetable balls in gravy,main|veg|Chinese|popular,0.0
I07840,R0793,Hakka Noodles,main,veg,212,Stir-fried noodles,main|veg|Chinese|popular,0.0
I07841,R0793,Momos,side,veg,150,Steamed dumplings,side|veg|Chinese,0.3
I07842,R0793,Spring Roll,side,veg,112,Crispy vegetable rolls,side|veg|Chinese,0.216
I07843,R0793,Chilli Potato,side,veg,137,Spicy potato fingers,side|veg|Chinese,0.33
I07844,R0793,Date Pancake,dessert,veg,125,Sweet pancake with dates,dessert|veg|Chinese,0.228
I07845,R0793,Honey Noodles,dessert,veg,100,Crispy noodles with honey,dessert|veg|Chinese,0.373
I07846,R0793,Soft Drink,beverage,veg,62,Refreshing beverage,beverage|veg|Chinese,0.257
I07847,R0793,Green Tea,beverage,veg,50,Hot green tea,beverage|veg|Chinese,0.277
I07848,R0794,Pancake,main,veg,176,Fluffy pancakes,main|veg|Desserts|popular,0.0
I07849,R0794,Ice Cream Sundae,main,veg,165,Loaded ice cream sundae,main|veg|Desserts|popular,0.0
I07850,R0794,Waffle,main,veg,198,Belgian waffle with toppings,main|veg|Desserts|popular,0.0
I07851,R0794,Syrup Shot,side,veg,33,Extra syrup,side|veg|Desserts,0.296
I07852,R0794,Extra Toppings,side,veg,44,Additional toppings,side|veg|Desserts,0.204
I07853,R0794,Cheesecake,dessert,veg,198,Creamy cheesecake,dessert|veg|Desserts,0.153
I07854,R0794,Chocolate Cake,dessert,veg,132,Rich chocolate cake,dessert|veg|Desserts,0.257
I07855,R0794,Hot Chocolate,beverage,veg,110,Rich hot chocolate,beverage|veg|Desserts,0.174
I07856,R0794,Milkshake,beverage,veg,143,Thick milkshake,beverage|veg|Desserts,0.379
I07857,R0795,Chicken Wrap,main,non-veg,225,Chicken stuffed wrap,main|non-veg|Italian|popular,0.0
I07858,R0795,Frankie,main,veg,150,Stuffed roll,main|veg|Italian|popular,0.0
I07859,R0795,Veg Wrap,main,veg,162,Vegetable stuffed wrap,main|veg|Italian|popular,0.0
I07860,R0795,Onion Rings,side,veg,112,Crispy onion rings,side|veg|Italian,0.316
I07861,R0795,Fries,side,veg,100,Crispy fries,side|veg|Italian,0.124
I07862,R0795,Ice Cream,dessert,veg,75,Vanilla ice cream,dessert|veg|Italian,0.314
I07863,R0795,Brownie,dessert,veg,125,Chocolate brownie,dessert|veg|Italian,0.213
I07864,R0795,Cold Coffee,beverage,veg,150,Iced coffee,beverage|veg|Italian,0.382
I07865,R0795,Soft Drink,beverage,veg,62,Refreshing beverage,beverage|veg|Italian,0.158
I07866,R0796,Grilled Chicken,main,non-veg,400,Herb grilled chicken,main|non-veg|Continental|popular,0.0
I07867,R0796,Pasta Arrabbiata,main,veg,300,Spicy tomato pasta,main|veg|Continental|popular,0.0
I07868,R0796,Veg Steak,main,veg,350,Grilled vegetable steak,main|veg|Continental|popular,0.0
I07869,R0796,Caesar Salad,side,veg,175,Classic Caesar salad,side|veg|Continental,0.232
I07870,R0796,Garlic Bread,side,veg,112,Garlic bread,side|veg|Continental,0.398
I07871,R0796,Mashed Potatoes,side,veg,125,Creamy mashed potatoes,side|veg|Continental,0.167
I07872,R0796,Panna Cotta,dessert,veg,200,Italian custard,dessert|veg|Continental,0.241
I07873,R0796,Tiramisu,dessert,veg,225,Classic Italian dessert,dessert|veg|Continental,0.4
I07874,R0796,Iced Tea,beverage,veg,100,Refreshing iced tea,beverage|veg|Continental,0.333
I07875,R0796,Lemonade,beverage,veg,87,Fresh lemonade,beverage|veg|Continental,0.217
I07876,R0797,Pasta Arrabbiata,main,veg,300,Spicy tomato pasta,main|veg|Continental|popular,0.0
I07877,R0797,Fish and Chips,main,non-veg,437,Classic fish and chips,main|non-veg|Continental|popular,0.0
I07878,R0797,Veg Steak,main,veg,350,Grilled vegetable steak,main|veg|Continental|popular,0.0
I07879,R0797,Mashed Potatoes,side,veg,125,Creamy mashed potatoes,side|veg|Continental,0.31
I07880,R0797,Garlic Bread,side,veg,112,Garlic bread,side|veg|Continental,0.258
I07881,R0797,Caesar Salad,side,veg,175,Classic Caesar salad,side|veg|Continental,0.244
I07882,R0797,Panna Cotta,dessert,veg,200,Italian custard,dessert|veg|Continental,0.192
I07883,R0797,Tiramisu,dessert,veg,225,Classic Italian dessert,dessert|veg|Continental,0.318
I07884,R0797,Iced Tea,beverage,veg,100,Refreshing iced tea,beverage|veg|Continental,0.157
I07885,R0797,Lemonade,beverage,veg,87,Fresh lemonade,beverage|veg|Continental,0.337
I07886,R0798,Samosa,main,veg,33,Crispy pastry with filling,main|veg|Street Food|popular,0.0
I07887,R0798,Chole Bhature,main,veg,143,Chickpea curry with fried bread,main|veg|Street Food|popular,0.0
I07888,R0798,Pav Bhaji,main,veg,132,Mashed vegetable curry with bread,main|veg|Street Food|popular,0.0
I07889,R0798,Pani Puri,main,veg,66,Crispy puris with flavored water,main|veg|Street Food|popular,0.0
I07890,R0798,Extra Pav,side,veg,16,Extra bread,side|veg|Street Food,0.351
I07891,R0798,Papad,side,veg,22,Crispy papad,side|veg|Street Food,0.321
I07892,R0798,Jalebi,dessert,veg,55,Sweet fried spirals,dessert|veg|Street Food,0.158
I07893,R0798,Rabri,dessert,veg,88,Thickened sweet milk,dessert|veg|Street Food,0.119
I07894,R0798,Lassi,beverage,veg,66,Yogurt drink,beverage|veg|Street Food,0.211
I07895,R0798,Masala Chai,beverage,veg,33,Spiced tea,beverage|veg|Street Food,0.309
I07896,R0799,Samosa,main,veg,37,Crispy pastry with filling,main|veg|Street Food|popular,0.0
I07897,R0799,Pav Bhaji,main,veg,150,Mashed vegetable curry with bread,main|veg|Street Food|popular,0.0
I07898,R0799,Pani Puri,main,veg,75,Crispy puris with flavored water,main|veg|Street Food|popular,0.0
I07899,R0799,Extra Pav,side,veg,18,Extra bread,side|veg|Street Food,0.378
I07900,R0799,Papad,side,veg,25,Crispy papad,side|veg|Street Food,0.286
I07901,R0799,Rabri,dessert,veg,100,Thickened sweet milk,dessert|veg|Street Food,0.272
I07902,R0799,Jalebi,dessert,veg,62,Sweet fried spirals,dessert|veg|Street Food,0.212
I07903,R0799,Masala Chai,beverage,veg,37,Spiced tea,beverage|veg|Street Food,0.225
I07904,R0799,Lassi,beverage,veg,75,Yogurt drink,beverage|veg|Street Food,0.127
I07905,R0800,Veg Wrap,main,veg,143,Vegetable stuffed wrap,main|veg|Italian|popular,0.0
I07906,R0800,Chicken Wrap,main,non-veg,198,Chicken stuffed wrap,main|non-veg|Italian|popular,0.0
I07907,R0800,Frankie,main,veg,132,Stuffed roll,main|veg|Italian|popular,0.0
I07908,R0800,Sandwich,main,veg,110,Grilled sandwich,main|veg|Italian|popular,0.0
I07909,R0800,Fries,side,veg,88,Crispy fries,side|veg|Italian,0.334
I07910,R0800,Onion Rings,side,veg,99,Crispy onion rings,side|veg|Italian,0.308
I07911,R0800,Ice Cream,dessert,veg,66,Vanilla ice cream,dessert|veg|Italian,0.274
I07912,R0800,Brownie,dessert,veg,110,Chocolate brownie,dessert|veg|Italian,0.192
I07913,R0800,Soft Drink,beverage,veg,55,Refreshing beverage,beverage|veg|Italian,0.329
I07914,R0800,Cold Coffee,beverage,veg,132,Iced coffee,beverage|veg|Italian,0.397
