session_id,user_id,restaurant_id,timestamp,city,device,meal_time,is_weekend,day_of_week
S000001,U01578,R0136,2026-01-06 11:13:31,Chennai,mobile,lunch,False,Tuesday
S000002,U01845,R0474,2025-12-02 20:48:31,Mumbai,tablet,dinner,False,Tuesday
S000003,U04313,R0334,2026-02-25 06:47:31,Chennai,mobile,breakfast,False,Wednesday
S000004,U02141,R0384,2025-12-20 06:57:31,Delhi,mobile,breakfast,True,Saturday
S000005,U01020,R0287,2026-01-26 09:36:31,Kolkata,web,breakfast,False,Monday
S000006,U00061,R0071,2026-01-28 10:47:31,Delhi,mobile,breakfast,False,Wednesday
S000007,U02465,R0059,2026-01-27 08:34:31,Kolkata,web,breakfast,False,Tuesday
S000008,U01744,R0351,2026-01-17 15:45:31,Chennai,tablet,snack,True,Saturday
S000009,U03908,R0534,2025-11-30 20:56:31,Chennai,web,dinner,True,Sunday
S000010,U02722,R0653,2026-01-28 19:27:31,Chennai,mobile,dinner,False,Wednesday
S000011,U02296,R0793,2026-01-08 11:37:31,Mumbai,web,lunch,False,Thursday
S000012,U02162,R0276,2025-12-11 07:16:31,Bangalore,mobile,breakfast,False,Thursday
S000013,U00708,R0468,2025-12-26 18:59:31,Kolkata,mobile,dinner,False,Friday
S000014,U00945,R0661,2025-12-19 04:57:31,Mumbai,mobile,late_night,False,Friday
S000015,U03867,R0571,2026-01-13 12:15:31,Pune,mobile,lunch,False,Tuesday
S000016,U04676,R0008,2026-02-06 06:25:31,Mumbai,mobile,breakfast,False,Friday
S000017,U04976,R0535,2025-12-09 16:19:31,Mumbai,mobile,snack,False,Tuesday
S000018,U03036,R0497,2026-01-29 22:37:31,Chennai,web,late_night,False,Thursday
S000019,U04720,R0133,2025-12-20 10:33:31,Hyderabad,web,breakfast,True,Saturday
S000020,U00096,R0058,2026-02-20 14:24:31,Delhi,mobile,lunch,False,Friday
S000021,U01662,R0688,2025-12-16 05:13:31,Chennai,mobile,late_night,False,Tuesday
S000022,U03694,R0135,2026-02-02 13:13:31,Mumbai,web,lunch,False,Monday
S000023,U01836,R0778,2026-01-05 13:03:31,Chennai,web,lunch,False,Monday
S000024,U01438,R0792,2026-02-05 13:31:31,Bangalore,mobile,lunch,False,Thursday
S000025,U02207,R0613,2025-12-31 22:58:31,Kolkata,mobile,late_night,False,Wednesday
S000026,U04472,R0531,2026-01-30 22:44:31,Delhi,mobile,late_night,False,Friday
S000027,U02127,R0143,2026-01-25 08:31:31,Chennai,mobile,breakfast,True,Sunday
S000028,U04192,R0097,2026-01-06 19:10:31,Chennai,web,dinner,False,Tuesday
S000029,U00128,R0734,2025-12-25 10:53:31,Kolkata,tablet,breakfast,False,Thursday
S000030,U02004,R0030,2026-01-09 10:45:31,Mumbai,mobile,breakfast,False,Friday
S000031,U01611,R0562,2026-02-23 21:24:31,Pune,mobile,dinner,False,Monday
S000032,U03746,R0117,2025-12-12 12:20:31,Delhi,tablet,lunch,False,Friday
S000033,U02386,R0770,2026-02-10 22:05:31,Pune,web,late_night,False,Tuesday
S000034,U04683,R0578,2026-02-22 12:54:31,Hyderabad,mobile,lunch,True,Sunday
S000035,U04964,R0311,2026-02-05 19:04:31,Bangalore,mobile,dinner,False,Thursday
S000036,U00514,R0547,2026-01-03 10:30:31,Bangalore,mobile,breakfast,True,Saturday
S000037,U03634,R0739,2026-02-09 20:31:31,Mumbai,mobile,dinner,False,Monday
S000038,U04397,R0178,2025-12-19 10:37:31,Kolkata,tablet,breakfast,False,Friday
S000039,U00653,R0457,2026-01-19 08:35:31,Delhi,web,breakfast,False,Monday
S000040,U01911,R0165,2026-01-16 14:01:31,Kolkata,web,lunch,False,Friday
S000041,U02980,R0555,2025-12-01 10:55:31,Bangalore,mobile,breakfast,False,Monday
S000042,U04797,R0027,2025-12-30 18:22:31,Bangalore,web,dinner,False,Tuesday
S000043,U04570,R0623,2026-01-24 19:48:31,Mumbai,mobile,dinner,True,Saturday
S000044,U02128,R0214,2026-02-19 07:27:31,Delhi,web,breakfast,False,Thursday
S000045,U03231,R0223,2025-12-10 00:15:31,Delhi,mobile,late_night,False,Wednesday
S000046,U04871,R0333,2026-01-14 11:08:31,Pune,web,lunch,False,Wednesday
S000047,U02726,R0259,2025-12-06 07:26:31,Delhi,mobile,breakfast,True,Saturday
S000048,U03471,R0140,2025-12-17 07:08:31,Kolkata,web,breakfast,False,Wednesday
S000049,U00372,R0435,2025-12-25 20:25:31,Chennai,mobile,dinner,False,Thursday
S000050,U00503,R0296,2026-01-25 21:18:31,Hyderabad,web,dinner,True,Sunday
S000051,U03908,R0322,2025-12-19 21:03:31,Chennai,web,dinner,False,Friday
S000052,U02841,R0371,2025-12-28 14:21:31,Kolkata,web,lunch,True,Sunday
S000053,U04687,R0314,2025-12-15 12:01:31,Chennai,mobile,lunch,False,Monday
S000054,U04911,R0160,2026-02-02 14:38:31,Pune,mobile,lunch,False,Monday
S000055,U02486,R0569,2026-01-15 18:37:31,Kolkata,mobile,dinner,False,Thursday
S000056,U04796,R0143,2026-02-01 15:57:31,Chennai,mobile,snack,True,Sunday
S000057,U03845,R0083,2025-12-01 18:17:31,Delhi,mobile,dinner,False,Monday
S000058,U00958,R0695,2026-02-08 08:25:31,Kolkata,mobile,breakfast,True,Sunday
S000059,U04293,R0123,2026-01-15 10:42:31,Bangalore,web,breakfast,False,Thursday
S000060,U00944,R0729,2026-01-18 23:34:31,Kolkata,mobile,late_night,True,Sunday
S000061,U04642,R0766,2026-02-04 07:36:31,Bangalore,mobile,breakfast,False,Wednesday
S000062,U04835,R0349,2026-01-18 06:06:31,Bangalore,mobile,breakfast,True,Sunday
S000063,U03619,R0600,2026-01-24 08:17:31,Mumbai,mobile,breakfast,True,Saturday
S000064,U01766,R0307,2025-12-12 14:19:31,Kolkata,web,lunch,False,Friday
S000065,U02675,R0577,2026-02-18 09:37:31,Mumbai,mobile,breakfast,False,Wednesday
S000066,U04149,R0686,2026-01-24 13:54:31,Mumbai,mobile,lunch,True,Saturday
S000067,U02870,R0122,2026-01-20 12:26:31,Chennai,mobile,lunch,False,Tuesday
S000068,U01890,R0235,2026-01-10 10:09:31,Mumbai,mobile,breakfast,True,Saturday
S000069,U00481,R0636,2026-02-14 14:55:31,Pune,mobile,lunch,True,Saturday
S000070,U02966,R0138,2026-02-07 14:49:31,Mumbai,mobile,lunch,True,Saturday
S000071,U04088,R0753,2025-12-21 19:48:31,Chennai,mobile,dinner,True,Sunday
S000072,U02377,R0382,2026-01-31 12:15:31,Hyderabad,web,lunch,True,Saturday
S000073,U00643,R0685,2026-02-17 05:05:31,Mumbai,mobile,late_night,False,Tuesday
S000074,U04063,R0377,2025-11-28 13:26:31,Hyderabad,web,lunch,False,Friday
S000075,U03867,R0345,2026-02-14 10:49:31,Pune,mobile,breakfast,True,Saturday
S000076,U03140,R0342,2026-01-04 11:00:31,Mumbai,mobile,lunch,True,Sunday
S000077,U02295,R0182,2025-12-08 04:40:31,Delhi,mobile,late_night,False,Monday
S000078,U03251,R0394,2026-01-15 14:40:31,Hyderabad,mobile,lunch,False,Thursday
S000079,U01910,R0523,2025-12-22 07:54:31,Delhi,mobile,breakfast,False,Monday
S000080,U03773,R0362,2026-02-13 18:16:31,Delhi,mobile,dinner,False,Friday
S000081,U04330,R0221,2025-12-28 04:46:31,Kolkata,mobile,late_night,True,Sunday
S000082,U02677,R0152,2026-02-23 09:46:31,Pune,mobile,breakfast,False,Monday
S000083,U02928,R0231,2026-01-10 12:28:31,Hyderabad,mobile,lunch,True,Saturday
S000084,U03985,R0559,2026-02-20 07:10:31,Hyderabad,mobile,breakfast,False,Friday
S000085,U04930,R0125,2025-12-21 08:34:31,Bangalore,mobile,breakfast,True,Sunday
S000086,U03613,R0592,2026-02-11 19:23:31,Kolkata,web,dinner,False,Wednesday
S000087,U03413,R0540,2026-01-10 09:30:31,Chennai,mobile,breakfast,True,Saturday
S000088,U03224,R0458,2026-01-14 14:44:31,Chennai,mobile,lunch,False,Wednesday
S000089,U00204,R0255,2026-01-03 23:49:31,Pune,mobile,late_night,True,Saturday
S000090,U02266,R0028,2025-12-10 20:23:31,Chennai,mobile,dinner,False,Wednesday
S000091,U03068,R0556,2026-02-08 12:11:31,Kolkata,mobile,lunch,True,Sunday
S000092,U03689,R0042,2025-12-07 11:30:31,Pune,web,lunch,True,Sunday
S000093,U00096,R0146,2026-01-24 03:21:31,Delhi,mobile,late_night,True,Saturday
S000094,U01595,R0204,2025-12-15 21:28:31,Mumbai,mobile,dinner,False,Monday
S000095,U02525,R0696,2025-12-12 12:59:31,Bangalore,mobile,lunch,False,Friday
S000096,U02449,R0491,2026-01-03 21:46:31,Mumbai,mobile,dinner,True,Saturday
S000097,U04144,R0014,2026-02-08 04:42:31,Chennai,mobile,late_night,True,Sunday
S000098,U02637,R0326,2026-01-23 20:44:31,Mumbai,mobile,dinner,False,Friday
S000099,U01505,R0227,2026-02-20 20:51:31,Kolkata,web,dinner,False,Friday
S000100,U02651,R0104,2026-02-15 17:24:31,Pune,web,snack,True,Sunday
S000101,U04510,R0020,2025-12-07 09:48:31,Kolkata,web,breakfast,True,Sunday
S000102,U00152,R0690,2025-12-02 08:01:31,Delhi,mobile,breakfast,False,Tuesday
S000103,U03760,R0639,2026-01-07 20:53:31,Bangalore,web,dinner,False,Wednesday
S000104,U01687,R0030,2025-11-28 23:09:31,Mumbai,web,late_night,False,Friday
S000105,U03068,R0295,2026-01-10 11:15:31,Kolkata,mobile,lunch,True,Saturday
S000106,U02905,R0538,2026-02-17 11:23:31,Mumbai,mobile,lunch,False,Tuesday
S000107,U01672,R0153,2025-11-30 19:23:31,Chennai,mobile,dinner,True,Sunday
S000108,U03658,R0075,2026-01-23 18:15:31,Bangalore,mobile,dinner,False,Friday
S000109,U01998,R0703,2025-12-15 10:56:31,Chennai,mobile,breakfast,False,Monday
S000110,U00189,R0728,2025-12-10 10:20:31,Kolkata,mobile,breakfast,False,Wednesday
S000111,U02570,R0080,2026-02-18 22:57:31,Bangalore,mobile,late_night,False,Wednesday
S000112,U04281,R0505,2026-01-10 08:25:31,Chennai,mobile,breakfast,True,Saturday
S000113,U02841,R0068,2026-01-29 10:23:31,Kolkata,mobile,breakfast,False,Thursday
S000114,U00001,R0201,2026-02-26 17:30:31,Delhi,web,snack,False,Thursday
S000115,U04187,R0559,2026-01-04 15:01:31,Hyderabad,mobile,snack,True,Sunday
S000116,U00094,R0531,2026-01-25 11:57:31,Delhi,mobile,lunch,True,Sunday
S000117,U01993,R0162,2026-01-23 21:17:31,Pune,mobile,dinner,False,Friday
S000118,U04343,R0280,2025-12-01 11:04:31,Pune,mobile,lunch,False,Monday
S000119,U01814,R0557,2026-02-24 17:08:31,Pune,mobile,snack,False,Tuesday
S000120,U01469,R0155,2025-12-16 12:13:31,Bangalore,mobile,lunch,False,Tuesday
S000121,U00114,R0054,2025-12-23 20:30:31,Mumbai,web,dinner,False,Tuesday
S000122,U04480,R0489,2025-12-22 21:21:31,Bangalore,mobile,dinner,False,Monday
S000123,U01834,R0713,2026-01-28 11:39:31,Chennai,web,lunch,False,Wednesday
S000124,U01999,R0536,2025-12-02 14:29:31,Mumbai,mobile,lunch,False,Tuesday
S000125,U03459,R0205,2026-01-23 11:02:31,Pune,mobile,lunch,False,Friday
S000126,U02827,R0134,2026-01-28 16:16:31,Hyderabad,mobile,snack,False,Wednesday
S000127,U04462,R0528,2026-02-17 11:24:31,Hyderabad,mobile,lunch,False,Tuesday
S000128,U03876,R0015,2025-12-07 12:58:31,Bangalore,web,lunch,True,Sunday
S000129,U01377,R0429,2025-12-04 08:23:31,Bangalore,web,breakfast,False,Thursday
S000130,U01792,R0482,2026-02-25 19:03:31,Hyderabad,mobile,dinner,False,Wednesday
S000131,U03633,R0645,2026-02-17 22:43:31,Pune,mobile,late_night,False,Tuesday
S000132,U02486,R0595,2025-12-22 12:29:31,Kolkata,mobile,lunch,False,Monday
S000133,U01861,R0323,2025-12-07 10:00:31,Pune,tablet,breakfast,True,Sunday
S000134,U04589,R0243,2025-12-11 20:44:31,Delhi,mobile,dinner,False,Thursday
S000135,U03457,R0486,2025-12-30 10:33:31,Chennai,mobile,breakfast,False,Tuesday
S000136,U01257,R0584,2025-12-23 12:07:31,Mumbai,mobile,lunch,False,Tuesday
S000137,U02890,R0529,2026-01-28 20:12:31,Bangalore,mobile,dinner,False,Wednesday
S000138,U03169,R0577,2026-01-14 14:58:31,Mumbai,mobile,lunch,False,Wednesday
S000139,U02646,R0637,2026-01-07 21:16:31,Hyderabad,mobile,dinner,False,Wednesday
S000140,U00858,R0076,2026-01-16 02:27:31,Chennai,mobile,late_night,False,Friday
S000141,U03361,R0800,2026-01-25 21:54:31,Bangalore,mobile,dinner,True,Sunday
S000142,U00356,R0787,2026-01-18 19:19:31,Delhi,mobile,dinner,True,Sunday
S000143,U04987,R0047,2025-12-24 06:53:31,Pune,mobile,breakfast,False,Wednesday
S000144,U02637,R0411,2026-01-15 11:55:31,Mumbai,mobile,lunch,False,Thursday
S000145,U00843,R0146,2026-01-31 23:12:31,Delhi,tablet,late_night,True,Saturday
S000146,U01155,R0394,2025-12-23 20:30:31,Hyderabad,mobile,dinner,False,Tuesday
S000147,U03217,R0776,2025-12-26 11:46:31,Pune,web,lunch,False,Friday
S000148,U03151,R0642,2025-12-28 23:52:31,Mumbai,mobile,late_night,True,Sunday
S000149,U01896,R0271,2026-02-20 21:27:31,Chennai,web,dinner,False,Friday
S000150,U03495,R0642,2026-01-20 10:32:31,Mumbai,mobile,breakfast,False,Tuesday
S000151,U00329,R0599,2026-02-26 05:44:31,Pune,mobile,late_night,False,Thursday
S000152,U00060,R0430,2026-02-10 11:16:31,Bangalore,web,lunch,False,Tuesday
S000153,U02758,R0133,2025-12-22 16:32:31,Hyderabad,mobile,snack,False,Monday
S000154,U00707,R0427,2026-01-18 01:20:31,Chennai,web,late_night,True,Sunday
S000155,U03542,R0534,2026-01-30 22:41:31,Chennai,mobile,late_night,False,Friday
S000156,U02733,R0443,2025-12-25 09:10:31,Kolkata,mobile,breakfast,False,Thursday
S000157,U00232,R0567,2026-02-04 12:50:31,Pune,mobile,lunch,False,Wednesday
S000158,U04159,R0255,2026-01-30 18:36:31,Pune,mobile,dinner,False,Friday
S000159,U03740,R0666,2025-12-18 11:27:31,Delhi,mobile,lunch,False,Thursday
S000160,U00813,R0730,2026-01-01 06:52:31,Pune,mobile,breakfast,False,Thursday
S000161,U01621,R0526,2026-01-22 04:57:31,Kolkata,mobile,late_night,False,Thursday
S000162,U02971,R0029,2026-01-17 13:04:31,Chennai,mobile,lunch,True,Saturday
S000163,U03466,R0380,2026-01-25 22:21:31,Kolkata,mobile,late_night,True,Sunday
S000164,U02389,R0383,2026-02-26 13:31:31,Pune,mobile,lunch,False,Thursday
S000165,U04061,R0319,2026-02-01 04:02:31,Chennai,mobile,late_night,True,Sunday
S000166,U01429,R0515,2026-02-11 12:48:31,Delhi,mobile,lunch,False,Wednesday
S000167,U02191,R0663,2026-02-23 17:00:31,Hyderabad,web,snack,False,Monday
S000168,U01638,R0560,2026-01-12 22:01:31,Hyderabad,mobile,late_night,False,Monday
S000169,U02188,R0238,2025-11-28 15:00:31,Chennai,mobile,snack,False,Friday
S000170,U01086,R0290,2026-02-10 07:49:31,Mumbai,mobile,breakfast,False,Tuesday
S000171,U00147,R0273,2025-12-20 23:06:31,Mumbai,web,late_night,True,Saturday
S000172,U00998,R0636,2026-02-01 17:18:31,Pune,mobile,snack,True,Sunday
S000173,U04343,R0348,2026-01-31 11:54:31,Pune,mobile,lunch,True,Saturday
S000174,U02048,R0134,2026-01-20 11:43:31,Hyderabad,web,lunch,False,Tuesday
S000175,U00587,R0776,2026-02-23 09:47:31,Pune,mobile,breakfast,False,Monday
S000176,U04111,R0471,2025-12-22 11:50:31,Pune,web,lunch,False,Monday
S000177,U01903,R0064,2025-12-25 07:30:31,Bangalore,mobile,breakfast,False,Thursday
S000178,U00207,R0550,2025-12-12 12:30:31,Chennai,web,lunch,False,Friday
S000179,U03337,R0578,2026-01-06 00:36:31,Hyderabad,web,late_night,False,Tuesday
S000180,U02233,R0386,2025-11-30 08:35:31,Kolkata,mobile,breakfast,True,Sunday
S000181,U00414,R0606,2025-11-30 20:33:31,Bangalore,web,dinner,True,Sunday
S000182,U00203,R0099,2025-12-08 17:27:31,Delhi,mobile,snack,False,Monday
S000183,U04167,R0747,2025-12-03 19:41:31,Pune,mobile,dinner,False,Wednesday
S000184,U02290,R0332,2026-02-05 11:48:31,Hyderabad,mobile,lunch,False,Thursday
S000185,U00176,R0289,2026-02-01 12:23:31,Pune,mobile,lunch,True,Sunday
S000186,U04584,R0063,2026-01-21 06:49:31,Chennai,web,breakfast,False,Wednesday
S000187,U03737,R0358,2025-12-01 18:52:31,Pune,web,dinner,False,Monday
S000188,U01944,R0230,2026-01-06 19:51:31,Pune,mobile,dinner,False,Tuesday
S000189,U01138,R0406,2026-01-11 23:40:31,Chennai,mobile,late_night,True,Sunday
S000190,U00350,R0664,2025-12-31 10:45:31,Delhi,mobile,breakfast,False,Wednesday
S000191,U04915,R0583,2026-01-20 00:43:31,Delhi,mobile,late_night,False,Tuesday
S000192,U00134,R0215,2026-01-13 14:04:31,Bangalore,mobile,lunch,False,Tuesday
S000193,U03736,R0707,2025-12-01 08:37:31,Kolkata,tablet,breakfast,False,Monday
S000194,U01520,R0511,2026-01-19 07:12:31,Delhi,mobile,breakfast,False,Monday
S000195,U03151,R0235,2026-02-13 18:28:31,Mumbai,web,dinner,False,Friday
S000196,U00117,R0062,2026-01-17 22:39:31,Kolkata,tablet,late_night,True,Saturday
S000197,U00243,R0474,2025-12-09 15:37:31,Mumbai,mobile,snack,False,Tuesday
S000198,U04663,R0549,2026-02-26 18:43:31,Chennai,mobile,dinner,False,Thursday
S000199,U01553,R0096,2026-01-19 20:37:31,Mumbai,mobile,dinner,False,Monday
S000200,U04594,R0296,2026-02-21 11:21:31,Hyderabad,mobile,lunch,True,Saturday
S000201,U00529,R0649,2026-01-21 18:45:31,Bangalore,web,dinner,False,Wednesday
S000202,U02020,R0138,2026-02-09 10:04:31,Mumbai,mobile,breakfast,False,Monday
S000203,U00866,R0090,2026-02-05 20:51:31,Delhi,mobile,dinner,False,Thursday
S000204,U04872,R0659,2026-02-05 10:31:31,Bangalore,mobile,breakfast,False,Thursday
S000205,U01109,R0160,2026-02-14 21:41:31,Pune,mobile,dinner,True,Saturday
S000206,U00513,R0290,2025-12-21 18:18:31,Mumbai,mobile,dinner,True,Sunday
S000207,U04552,R0530,2026-01-25 15:07:31,Pune,mobile,snack,True,Sunday
S000208,U02659,R0184,2026-01-23 13:59:31,Pune,mobile,lunch,False,Friday
S000209,U03687,R0021,2026-01-10 18:09:31,Chennai,tablet,dinner,True,Saturday
S000210,U04314,R0298,2025-12-06 21:06:31,Mumbai,mobile,dinner,True,Saturday
S000211,U03673,R0266,2025-12-31 09:15:31,Hyderabad,mobile,breakfast,False,Wednesday
S000212,U03088,R0566,2026-01-23 11:46:31,Delhi,mobile,lunch,False,Friday
S000213,U02793,R0623,2026-01-27 07:35:31,Mumbai,mobile,breakfast,False,Tuesday
S000214,U03619,R0234,2025-11-30 19:47:31,Mumbai,web,dinner,True,Sunday
S000215,U01961,R0711,2026-01-15 21:44:31,Chennai,web,dinner,False,Thursday
S000216,U04110,R0010,2026-01-07 07:11:31,Bangalore,mobile,breakfast,False,Wednesday
S000217,U02026,R0518,2026-01-15 09:26:31,Hyderabad,web,breakfast,False,Thursday
S000218,U00234,R0374,2025-12-02 14:24:31,Pune,mobile,lunch,False,Tuesday
S000219,U04766,R0176,2026-02-08 21:02:31,Chennai,web,dinner,True,Sunday
S000220,U01206,R0778,2026-01-03 03:20:31,Chennai,mobile,late_night,True,Saturday
S000221,U02134,R0634,2026-02-18 19:41:31,Chennai,web,dinner,False,Wednesday
S000222,U03162,R0656,2026-02-22 18:25:31,Kolkata,mobile,dinner,True,Sunday
S000223,U04951,R0434,2026-02-08 12:43:31,Mumbai,mobile,lunch,True,Sunday
S000224,U02113,R0800,2026-02-20 21:28:31,Bangalore,tablet,dinner,False,Friday
S000225,U02854,R0756,2025-12-26 04:28:31,Chennai,mobile,late_night,False,Friday
S000226,U03852,R0147,2026-01-20 10:54:31,Delhi,mobile,breakfast,False,Tuesday
S000227,U00789,R0448,2025-12-28 14:12:31,Pune,web,lunch,True,Sunday
S000228,U01450,R0146,2026-01-06 12:14:31,Delhi,mobile,lunch,False,Tuesday
S000229,U04971,R0253,2025-12-03 21:01:31,Chennai,mobile,dinner,False,Wednesday
S000230,U00478,R0502,2025-12-22 01:55:31,Delhi,mobile,late_night,False,Monday
S000231,U00259,R0144,2025-11-28 10:16:31,Bangalore,mobile,breakfast,False,Friday
S000232,U04283,R0260,2026-01-28 22:39:31,Pune,mobile,late_night,False,Wednesday
S000233,U02790,R0791,2025-12-31 14:20:31,Hyderabad,web,lunch,False,Wednesday
S000234,U03889,R0348,2026-02-13 19:09:31,Pune,mobile,dinner,False,Friday
S000235,U01154,R0523,2026-01-28 16:03:31,Delhi,mobile,snack,False,Wednesday
S000236,U00741,R0767,2026-01-06 11:52:31,Hyderabad,mobile,lunch,False,Tuesday
S000237,U00403,R0154,2026-02-02 07:48:31,Bangalore,mobile,breakfast,False,Monday
S000238,U03121,R0752,2025-12-24 07:00:31,Kolkata,mobile,breakfast,False,Wednesday
S000239,U01893,R0668,2025-12-23 19:55:31,Bangalore,mobile,dinner,False,Tuesday
S000240,U02540,R0393,2026-02-05 20:52:31,Chennai,mobile,dinner,False,Thursday
S000241,U03284,R0275,2026-01-28 12:14:31,Bangalore,web,lunch,False,Wednesday
S000242,U04405,R0256,2026-01-13 06:55:31,Kolkata,mobile,breakfast,False,Tuesday
S000243,U02999,R0520,2025-12-07 16:43:31,Chennai,mobile,snack,True,Sunday
S000244,U02813,R0338,2025-12-29 02:38:31,Pune,mobile,late_night,False,Monday
S000245,U04525,R0368,2025-12-02 14:52:31,Mumbai,mobile,lunch,False,Tuesday
S000246,U01313,R0167,2025-12-14 18:30:31,Mumbai,mobile,dinner,True,Sunday
S000247,U04147,R0299,2026-02-08 14:16:31,Mumbai,mobile,lunch,True,Sunday
S000248,U01553,R0157,2025-12-14 05:26:31,Mumbai,mobile,late_night,True,Sunday
S000249,U00592,R0322,2026-01-29 19:16:31,Chennai,mobile,dinner,False,Thursday
S000250,U02138,R0409,2025-12-31 16:11:31,Mumbai,mobile,snack,False,Wednesday
S000251,U03756,R0652,2026-01-05 15:27:31,Mumbai,mobile,snack,False,Monday
S000252,U03742,R0556,2026-01-10 18:28:31,Kolkata,mobile,dinner,True,Saturday
S000253,U04595,R0764,2026-01-20 09:15:31,Delhi,mobile,breakfast,False,Tuesday
S000254,U00201,R0218,2026-01-10 14:52:31,Bangalore,web,lunch,True,Saturday
S000255,U02199,R0132,2025-12-05 02:05:31,Bangalore,mobile,late_night,False,Friday
S000256,U04597,R0724,2026-01-13 12:43:31,Kolkata,mobile,lunch,False,Tuesday
S000257,U02256,R0329,2025-12-19 15:24:31,Delhi,mobile,snack,False,Friday
S000258,U03187,R0215,2026-01-03 15:00:31,Bangalore,mobile,snack,True,Saturday
S000259,U04035,R0228,2026-01-24 08:19:31,Mumbai,mobile,breakfast,True,Saturday
S000260,U04862,R0681,2026-01-01 14:46:31,Kolkata,mobile,lunch,False,Thursday
S000261,U03766,R0169,2026-01-25 12:16:31,Delhi,tablet,lunch,True,Sunday
S000262,U04081,R0710,2026-02-17 15:49:31,Delhi,mobile,snack,False,Tuesday
S000263,U01320,R0470,2026-01-16 15:58:31,Bangalore,web,snack,False,Friday
S000264,U00059,R0552,2026-02-24 04:53:31,Pune,mobile,late_night,False,Tuesday
S000265,U03727,R0209,2025-12-02 22:22:31,Pune,tablet,late_night,False,Tuesday
S000266,U01165,R0144,2025-12-10 16:37:31,Bangalore,tablet,snack,False,Wednesday
S000267,U04504,R0745,2026-01-18 19:18:31,Delhi,mobile,dinner,True,Sunday
S000268,U03355,R0398,2026-02-23 14:56:31,Bangalore,mobile,lunch,False,Monday
S000269,U04808,R0182,2025-12-05 13:31:31,Delhi,web,lunch,False,Friday
S000270,U04025,R0397,2026-01-07 14:19:31,Mumbai,mobile,lunch,False,Wednesday
S000271,U00159,R0118,2025-11-28 07:09:31,Hyderabad,mobile,breakfast,False,Friday
S000272,U03322,R0314,2026-02-26 10:20:31,Chennai,mobile,breakfast,False,Thursday
S000273,U04656,R0746,2026-02-05 06:40:31,Pune,web,breakfast,False,Thursday
S000274,U01453,R0431,2026-02-03 21:54:31,Bangalore,mobile,dinner,False,Tuesday
S000275,U04634,R0019,2026-01-14 13:33:31,Bangalore,mobile,lunch,False,Wednesday
S000276,U04390,R0379,2025-12-26 12:09:31,Mumbai,mobile,lunch,False,Friday
S000277,U04185,R0454,2026-01-05 18:23:31,Bangalore,web,dinner,False,Monday
S000278,U02672,R0263,2026-01-26 15:02:31,Hyderabad,mobile,snack,False,Monday
S000279,U03475,R0799,2025-12-20 08:40:31,Pune,mobile,breakfast,True,Saturday
S000280,U02879,R0149,2026-01-18 21:00:31,Chennai,mobile,dinner,True,Sunday
S000281,U03604,R0285,2026-01-08 16:53:31,Kolkata,mobile,snack,False,Thursday
S000282,U00876,R0122,2026-02-02 22:42:31,Chennai,mobile,late_night,False,Monday
S000283,U04139,R0176,2026-01-10 14:45:31,Chennai,web,lunch,True,Saturday
S000284,U00899,R0002,2026-01-21 00:29:31,Pune,mobile,late_night,False,Wednesday
S000285,U00515,R0027,2026-01-17 07:44:31,Bangalore,mobile,breakfast,True,Saturday
S000286,U01920,R0723,2025-12-22 07:52:31,Mumbai,mobile,breakfast,False,Monday
S000287,U01984,R0078,2026-02-14 21:35:31,Mumbai,mobile,dinner,True,Saturday
S000288,U04696,R0056,2026-02-11 13:55:31,Chennai,mobile,lunch,False,Wednesday
S000289,U02333,R0545,2026-02-23 19:14:31,Kolkata,mobile,dinner,False,Monday
S000290,U04840,R0557,2025-12-18 18:59:31,Pune,web,dinner,False,Thursday
S000291,U02665,R0047,2026-02-19 12:42:31,Pune,mobile,lunch,False,Thursday
S000292,U04608,R0622,2025-12-15 05:16:31,Hyderabad,web,late_night,False,Monday
S000293,U02066,R0412,2026-02-25 20:08:31,Pune,web,dinner,False,Wednesday
S000294,U03605,R0303,2026-02-11 06:18:31,Bangalore,mobile,breakfast,False,Wednesday
S000295,U04751,R0329,2026-01-30 20:44:31,Delhi,web,dinner,False,Friday
S000296,U02943,R0274,2026-01-05 22:31:31,Delhi,tablet,late_night,False,Monday
S000297,U01176,R0548,2026-01-29 12:26:31,Delhi,mobile,lunch,False,Thursday
S000298,U01460,R0731,2026-01-15 16:54:31,Kolkata,mobile,snack,False,Thursday
S000299,U01009,R0610,2026-02-25 12:20:31,Chennai,mobile,lunch,False,Wednesday
S000300,U04468,R0778,2026-01-26 07:26:31,Chennai,mobile,breakfast,False,Monday
S000301,U01280,R0680,2025-12-30 22:17:31,Kolkata,web,late_night,False,Tuesday
S000302,U03130,R0089,2026-02-05 18:08:31,Mumbai,mobile,dinner,False,Thursday
S000303,U03439,R0372,2026-02-07 23:04:31,Hyderabad,mobile,late_night,True,Saturday
S000304,U00084,R0489,2026-01-02 10:04:31,Bangalore,mobile,breakfast,False,Friday
S000305,U03962,R0418,2025-12-17 17:25:31,Bangalore,mobile,snack,False,Wednesday
S000306,U03884,R0419,2025-12-02 23:47:31,Hyderabad,web,late_night,False,Tuesday
S000307,U01319,R0796,2025-12-20 19:36:31,Mumbai,mobile,dinner,True,Saturday
S000308,U03418,R0226,2025-12-27 20:55:31,Delhi,mobile,dinner,True,Saturday
S000309,U02098,R0105,2026-01-07 07:03:31,Pune,mobile,breakfast,False,Wednesday
S000310,U02193,R0121,2026-01-28 09:41:31,Bangalore,web,breakfast,False,Wednesday
S000311,U00875,R0067,2025-12-22 20:43:31,Kolkata,mobile,dinner,False,Monday
S000312,U04146,R0759,2026-02-23 11:03:31,Hyderabad,mobile,lunch,False,Monday
S000313,U00446,R0241,2026-01-23 15:23:31,Kolkata,web,snack,False,Friday
S000314,U01485,R0696,2025-12-16 12:00:31,Bangalore,web,lunch,False,Tuesday
S000315,U02415,R0164,2026-02-13 19:28:31,Hyderabad,mobile,dinner,False,Friday
S000316,U03261,R0716,2026-01-15 12:51:31,Hyderabad,mobile,lunch,False,Thursday
S000317,U02328,R0204,2025-12-13 10:06:31,Mumbai,web,breakfast,True,Saturday
S000318,U03868,R0719,2026-01-16 21:18:31,Chennai,web,dinner,False,Friday
S000319,U00013,R0350,2025-12-23 18:00:31,Pune,web,dinner,False,Tuesday
S000320,U00860,R0001,2026-01-19 07:04:31,Chennai,web,breakfast,False,Monday
S000321,U03687,R0617,2026-01-23 19:08:31,Chennai,mobile,dinner,False,Friday
S000322,U04405,R0046,2026-02-11 11:20:31,Kolkata,web,lunch,False,Wednesday
S000323,U00612,R0085,2025-12-06 06:39:31,Mumbai,mobile,breakfast,True,Saturday
S000324,U00961,R0034,2026-01-07 03:14:31,Delhi,mobile,late_night,False,Wednesday
S000325,U03527,R0130,2025-12-11 10:59:31,Mumbai,mobile,breakfast,False,Thursday
S000326,U01097,R0758,2026-01-14 08:49:31,Mumbai,web,breakfast,False,Wednesday
S000327,U02037,R0578,2025-12-21 20:42:31,Hyderabad,tablet,dinner,True,Sunday
S000328,U02080,R0264,2025-12-09 20:11:31,Mumbai,mobile,dinner,False,Tuesday
S000329,U04185,R0705,2026-01-25 11:43:31,Bangalore,mobile,lunch,True,Sunday
S000330,U00610,R0026,2025-12-31 17:52:31,Bangalore,mobile,snack,False,Wednesday
S000331,U01912,R0487,2026-02-08 15:48:31,Hyderabad,mobile,snack,True,Sunday
S000332,U01439,R0078,2026-01-15 08:32:31,Mumbai,mobile,breakfast,False,Thursday
S000333,U00313,R0316,2025-12-23 07:55:31,Chennai,web,breakfast,False,Tuesday
S000334,U03899,R0444,2025-12-24 21:29:31,Bangalore,mobile,dinner,False,Wednesday
S000335,U02684,R0348,2025-12-22 11:22:31,Pune,mobile,lunch,False,Monday
S000336,U03981,R0500,2025-12-20 15:58:31,Pune,mobile,snack,True,Saturday
S000337,U03378,R0131,2025-12-26 00:06:31,Chennai,mobile,late_night,False,Friday
S000338,U02438,R0568,2025-12-23 02:00:31,Hyderabad,mobile,late_night,False,Tuesday
S000339,U04339,R0541,2026-01-27 09:41:31,Hyderabad,mobile,breakfast,False,Tuesday
S000340,U01400,R0058,2026-01-10 17:04:31,Delhi,web,snack,True,Saturday
S000341,U03910,R0444,2026-01-23 16:56:31,Bangalore,web,snack,False,Friday
S000342,U02810,R0050,2026-01-20 22:32:31,Pune,mobile,late_night,False,Tuesday
S000343,U03648,R0302,2025-12-05 20:10:31,Delhi,mobile,dinner,False,Friday
S000344,U02934,R0219,2026-01-12 20:05:31,Delhi,mobile,dinner,False,Monday
S000345,U03981,R0373,2026-01-10 22:44:31,Pune,mobile,late_night,True,Saturday
S000346,U02455,R0551,2025-12-06 11:25:31,Pune,web,lunch,True,Saturday
S000347,U02573,R0481,2026-01-01 07:39:31,Mumbai,mobile,breakfast,False,Thursday
S000348,U02988,R0447,2025-12-09 21:27:31,Delhi,mobile,dinner,False,Tuesday
S000349,U02639,R0075,2025-12-28 15:12:31,Bangalore,mobile,snack,True,Sunday
S000350,U00254,R0754,2026-02-03 18:57:31,Hyderabad,mobile,dinner,False,Tuesday
S000351,U03949,R0187,2025-12-12 21:17:31,Kolkata,mobile,dinner,False,Friday
S000352,U02556,R0755,2025-12-24 00:06:31,Chennai,mobile,late_night,False,Wednesday
S000353,U01986,R0571,2026-01-13 06:03:31,Pune,mobile,breakfast,False,Tuesday
S000354,U00293,R0283,2026-01-30 05:44:31,Delhi,mobile,late_night,False,Friday
S000355,U02908,R0652,2026-01-12 10:39:31,Mumbai,mobile,breakfast,False,Monday
S000356,U02286,R0265,2025-12-09 07:59:31,Pune,mobile,breakfast,False,Tuesday
S000357,U01305,R0060,2026-01-04 20:03:31,Mumbai,mobile,dinner,True,Sunday
S000358,U04728,R0648,2026-01-30 11:05:31,Delhi,mobile,lunch,False,Friday
S000359,U00202,R0459,2026-01-20 23:55:31,Chennai,mobile,late_night,False,Tuesday
S000360,U01533,R0144,2026-01-03 02:52:31,Bangalore,mobile,late_night,True,Saturday
S000361,U01720,R0410,2026-02-24 18:13:31,Delhi,web,dinner,False,Tuesday
S000362,U01824,R0654,2025-12-01 17:21:31,Pune,mobile,snack,False,Monday
S000363,U00405,R0119,2026-02-02 15:40:31,Hyderabad,mobile,snack,False,Monday
S000364,U00748,R0079,2026-01-10 21:11:31,Bangalore,tablet,dinner,True,Saturday
S000365,U00639,R0497,2026-01-03 15:45:31,Chennai,mobile,snack,True,Saturday
S000366,U04309,R0064,2025-12-08 14:42:31,Bangalore,mobile,lunch,False,Monday
S000367,U04820,R0155,2026-02-13 21:15:31,Bangalore,mobile,dinner,False,Friday
S000368,U01185,R0105,2026-02-25 18:31:31,Pune,mobile,dinner,False,Wednesday
S000369,U04986,R0441,2026-02-02 07:57:31,Chennai,mobile,breakfast,False,Monday
S000370,U02986,R0727,2026-01-17 08:59:31,Delhi,mobile,breakfast,True,Saturday
S000371,U02179,R0087,2026-01-22 19:12:31,Hyderabad,web,dinner,False,Thursday
S000372,U01696,R0177,2026-01-17 23:39:31,Pune,mobile,late_night,True,Saturday
S000373,U03330,R0660,2026-02-24 10:20:31,Pune,mobile,breakfast,False,Tuesday
S000374,U03343,R0151,2025-12-25 08:23:31,Hyderabad,mobile,breakfast,False,Thursday
S000375,U02788,R0261,2026-02-14 15:40:31,Hyderabad,mobile,snack,True,Saturday
S000376,U00623,R0283,2026-01-31 21:28:31,Delhi,mobile,dinner,True,Saturday
S000377,U03679,R0495,2026-01-19 19:40:31,Kolkata,mobile,dinner,False,Monday
S000378,U03132,R0150,2025-12-29 22:53:31,Pune,mobile,late_night,False,Monday
S000379,U00919,R0285,2025-12-25 19:04:31,Kolkata,mobile,dinner,False,Thursday
S000380,U04012,R0100,2025-12-27 21:04:31,Mumbai,mobile,dinner,True,Saturday
S000381,U03932,R0316,2026-02-24 12:36:31,Chennai,mobile,lunch,False,Tuesday
S000382,U03275,R0497,2026-02-11 11:54:31,Chennai,web,lunch,False,Wednesday
S000383,U00077,R0657,2026-01-21 15:57:31,Delhi,mobile,snack,False,Wednesday
S000384,U01640,R0577,2025-12-03 12:55:31,Mumbai,mobile,lunch,False,Wednesday
S000385,U03131,R0054,2025-12-28 18:03:31,Mumbai,mobile,dinner,True,Sunday
S000386,U02473,R0179,2025-12-20 08:58:31,Kolkata,mobile,breakfast,True,Saturday
S000387,U02328,R0768,2026-02-14 17:52:31,Mumbai,mobile,snack,True,Saturday
S000388,U04572,R0095,2026-01-01 12:29:31,Kolkata,mobile,lunch,False,Thursday
S000389,U01107,R0437,2025-12-21 19:13:31,Kolkata,mobile,dinner,True,Sunday
S000390,U01912,R0643,2025-12-17 10:01:31,Hyderabad,web,breakfast,False,Wednesday
S000391,U04695,R0715,2025-12-01 17:38:31,Delhi,mobile,snack,False,Monday
S000392,U00779,R0079,2026-02-08 19:51:31,Bangalore,web,dinner,True,Sunday
S000393,U01223,R0307,2026-01-31 20:49:31,Kolkata,web,dinner,True,Saturday
S000394,U01536,R0792,2025-12-22 03:54:31,Bangalore,mobile,late_night,False,Monday
S000395,U01590,R0264,2026-01-14 22:31:31,Mumbai,mobile,late_night,False,Wednesday
S000396,U03705,R0351,2026-01-11 19:30:31,Chennai,tablet,dinner,True,Sunday
S000397,U00404,R0341,2025-12-20 11:51:31,Bangalore,mobile,lunch,True,Saturday
S000398,U01697,R0286,2025-12-18 21:57:31,Delhi,mobile,dinner,False,Thursday
S000399,U02588,R0439,2026-01-22 14:21:31,Pune,web,lunch,False,Thursday
S000400,U00251,R0457,2026-01-06 13:26:31,Delhi,mobile,lunch,False,Tuesday
S000401,U03118,R0337,2026-01-15 16:53:31,Chennai,mobile,snack,False,Thursday
S000402,U01067,R0261,2026-01-05 12:00:31,Hyderabad,mobile,lunch,False,Monday
S000403,U00803,R0415,2025-12-23 11:52:31,Pune,web,lunch,False,Tuesday
S000404,U00858,R0189,2026-02-07 19:59:31,Chennai,web,dinner,True,Saturday
S000405,U03133,R0697,2025-11-29 08:54:31,Mumbai,mobile,breakfast,True,Saturday
S000406,U00908,R0601,2025-12-17 17:44:31,Pune,mobile,snack,False,Wednesday
S000407,U03997,R0223,2025-12-09 14:50:31,Delhi,mobile,lunch,False,Tuesday
S000408,U04660,R0791,2026-01-21 13:10:31,Hyderabad,mobile,lunch,False,Wednesday
S000409,U01207,R0349,2026-01-09 10:17:31,Bangalore,mobile,breakfast,False,Friday
S000410,U00568,R0279,2026-01-07 08:11:31,Mumbai,mobile,breakfast,False,Wednesday
S000411,U02562,R0681,2026-02-05 11:36:31,Kolkata,mobile,lunch,False,Thursday
S000412,U03535,R0695,2025-12-27 08:44:31,Kolkata,web,breakfast,True,Saturday
S000413,U01190,R0529,2026-01-05 22:11:31,Bangalore,web,late_night,False,Monday
S000414,U03988,R0356,2026-01-09 14:56:31,Delhi,mobile,lunch,False,Friday
S000415,U01013,R0612,2025-12-24 02:09:31,Mumbai,web,late_night,False,Wednesday
S000416,U01182,R0543,2025-12-20 06:29:31,Hyderabad,web,breakfast,True,Saturday
S000417,U04367,R0603,2026-02-24 00:58:31,Bangalore,mobile,late_night,False,Tuesday
S000418,U03983,R0189,2026-01-25 22:21:31,Chennai,web,late_night,True,Sunday
S000419,U04462,R0637,2025-12-17 13:32:31,Hyderabad,mobile,lunch,False,Wednesday
S000420,U00045,R0001,2025-12-21 13:30:31,Chennai,web,lunch,True,Sunday
S000421,U04460,R0612,2026-01-14 15:41:31,Mumbai,mobile,snack,False,Wednesday
S000422,U00791,R0497,2026-01-15 22:57:31,Chennai,mobile,late_night,False,Thursday
S000423,U01671,R0707,2026-01-03 20:45:31,Kolkata,web,dinner,True,Saturday
S000424,U03565,R0393,2025-12-19 11:55:31,Chennai,web,lunch,False,Friday
S000425,U01546,R0009,2026-02-16 20:32:31,Hyderabad,mobile,dinner,False,Monday
S000426,U04774,R0577,2025-12-14 08:01:31,Mumbai,mobile,breakfast,True,Sunday
S000427,U02246,R0054,2026-01-14 19:19:31,Mumbai,mobile,dinner,False,Wednesday
S000428,U04049,R0515,2025-12-13 13:25:31,Delhi,mobile,lunch,True,Saturday
S000429,U03552,R0420,2026-01-19 06:48:31,Chennai,mobile,breakfast,False,Monday
S000430,U03409,R0028,2025-12-26 12:12:31,Chennai,mobile,lunch,False,Friday
S000431,U00696,R0541,2026-01-22 19:13:31,Hyderabad,mobile,dinner,False,Thursday
S000432,U02857,R0113,2026-01-12 21:26:31,Hyderabad,tablet,dinner,False,Monday
S000433,U01536,R0596,2025-12-10 20:10:31,Bangalore,mobile,dinner,False,Wednesday
S000434,U00614,R0749,2026-02-23 18:59:31,Hyderabad,mobile,dinner,False,Monday
S000435,U02726,R0117,2026-02-26 05:44:31,Delhi,mobile,late_night,False,Thursday
S000436,U03854,R0087,2025-12-11 06:47:31,Hyderabad,mobile,breakfast,False,Thursday
S000437,U04556,R0253,2026-02-03 18:58:31,Chennai,mobile,dinner,False,Tuesday
S000438,U02199,R0772,2026-01-12 21:42:31,Bangalore,mobile,dinner,False,Monday
S000439,U03081,R0470,2025-12-30 06:19:31,Bangalore,mobile,breakfast,False,Tuesday
S000440,U00986,R0135,2026-01-17 12:56:31,Mumbai,mobile,lunch,True,Saturday
S000441,U03883,R0763,2026-02-22 19:36:31,Pune,mobile,dinner,True,Sunday
S000442,U03197,R0321,2026-01-10 19:13:31,Delhi,mobile,dinner,True,Saturday
S000443,U04165,R0694,2026-02-19 19:07:31,Kolkata,mobile,dinner,False,Thursday
S000444,U03730,R0732,2026-01-29 13:46:31,Chennai,mobile,lunch,False,Thursday
S000445,U04393,R0740,2026-01-18 21:47:31,Hyderabad,mobile,dinner,True,Sunday
S000446,U04983,R0634,2025-12-10 05:15:31,Chennai,mobile,late_night,False,Wednesday
S000447,U01887,R0294,2025-12-26 16:32:31,Pune,mobile,snack,False,Friday
S000448,U02311,R0341,2026-01-29 08:02:31,Bangalore,web,breakfast,False,Thursday
S000449,U01744,R0170,2025-12-05 18:11:31,Chennai,mobile,dinner,False,Friday
S000450,U03574,R0453,2026-02-06 16:03:31,Delhi,mobile,snack,False,Friday
S000451,U02702,R0393,2026-01-24 18:25:31,Chennai,mobile,dinner,True,Saturday
S000452,U00132,R0431,2025-12-22 10:48:31,Bangalore,mobile,breakfast,False,Monday
S000453,U00261,R0195,2026-02-11 00:48:31,Hyderabad,mobile,late_night,False,Wednesday
S000454,U02749,R0525,2026-01-01 19:50:31,Kolkata,mobile,dinner,False,Thursday
S000455,U01404,R0303,2026-02-09 12:07:31,Bangalore,mobile,lunch,False,Monday
S000456,U04195,R0535,2026-01-26 09:12:31,Mumbai,mobile,breakfast,False,Monday
S000457,U03551,R0628,2025-12-11 07:01:31,Hyderabad,mobile,breakfast,False,Thursday
S000458,U02478,R0386,2025-12-02 06:53:31,Kolkata,web,breakfast,False,Tuesday
S000459,U03816,R0653,2025-12-28 20:30:31,Chennai,mobile,dinner,True,Sunday
S000460,U04172,R0593,2026-02-18 08:44:31,Kolkata,web,breakfast,False,Wednesday
S000461,U02509,R0746,2025-12-23 16:03:31,Pune,mobile,snack,False,Tuesday
S000462,U02588,R0624,2025-12-02 03:30:31,Pune,mobile,late_night,False,Tuesday
S000463,U04526,R0532,2025-12-03 18:16:31,Pune,mobile,dinner,False,Wednesday
S000464,U04909,R0392,2026-01-02 21:38:31,Delhi,mobile,dinner,False,Friday
S000465,U02415,R0646,2025-12-04 20:06:31,Hyderabad,web,dinner,False,Thursday
S000466,U04150,R0137,2026-02-12 21:17:31,Hyderabad,web,dinner,False,Thursday
S000467,U00763,R0053,2026-02-07 12:25:31,Kolkata,web,lunch,True,Saturday
S000468,U00085,R0154,2026-02-14 20:32:31,Bangalore,web,dinner,True,Saturday
S000469,U00769,R0571,2026-01-19 05:15:31,Pune,web,late_night,False,Monday
S000470,U00642,R0097,2026-01-29 06:49:31,Chennai,mobile,breakfast,False,Thursday
S000471,U03285,R0352,2026-01-26 00:59:31,Mumbai,web,late_night,False,Monday
S000472,U00953,R0378,2026-01-31 07:46:31,Hyderabad,mobile,breakfast,True,Saturday
S000473,U03491,R0704,2026-02-22 07:57:31,Delhi,web,breakfast,True,Sunday
S000474,U03144,R0031,2026-02-20 14:08:31,Chennai,mobile,lunch,False,Friday
S000475,U04437,R0781,2026-02-13 17:30:31,Kolkata,mobile,snack,False,Friday
S000476,U03478,R0657,2026-02-15 21:00:31,Delhi,mobile,dinner,True,Sunday
S000477,U02725,R0694,2025-12-29 15:35:31,Kolkata,tablet,snack,False,Monday
S000478,U04471,R0507,2025-12-21 23:29:31,Pune,mobile,late_night,True,Sunday
S000479,U03160,R0163,2025-12-08 03:53:31,Hyderabad,mobile,late_night,False,Monday
S000480,U01942,R0570,2026-01-29 12:43:31,Kolkata,mobile,lunch,False,Thursday
S000481,U04899,R0127,2026-02-04 07:32:31,Hyderabad,mobile,breakfast,False,Wednesday
S000482,U01619,R0132,2026-02-18 04:41:31,Bangalore,web,late_night,False,Wednesday
S000483,U02785,R0460,2025-12-22 22:13:31,Delhi,mobile,late_night,False,Monday
S000484,U01479,R0625,2026-02-24 12:59:31,Bangalore,tablet,lunch,False,Tuesday
S000485,U01359,R0339,2026-01-25 10:17:31,Mumbai,mobile,breakfast,True,Sunday
S000486,U04742,R0446,2025-12-05 08:49:31,Pune,mobile,breakfast,False,Friday
S000487,U03276,R0096,2026-02-21 21:21:31,Mumbai,mobile,dinner,True,Saturday
S000488,U02393,R0165,2025-12-25 03:30:31,Kolkata,mobile,late_night,False,Thursday
S000489,U03765,R0425,2026-01-16 21:38:31,Chennai,web,dinner,False,Friday
S000490,U04128,R0417,2026-02-14 17:49:31,Hyderabad,mobile,snack,True,Saturday
S000491,U04254,R0688,2026-01-22 13:26:31,Chennai,mobile,lunch,False,Thursday
S000492,U01403,R0374,2025-12-08 20:06:31,Pune,mobile,dinner,False,Monday
S000493,U02677,R0763,2026-02-15 11:08:31,Pune,mobile,lunch,True,Sunday
S000494,U03976,R0460,2025-12-03 10:43:31,Delhi,mobile,breakfast,False,Wednesday
S000495,U00904,R0697,2026-01-06 10:30:31,Mumbai,web,breakfast,False,Tuesday
S000496,U01182,R0478,2026-02-12 07:48:31,Hyderabad,mobile,breakfast,False,Thursday
S000497,U01740,R0548,2026-01-27 18:43:31,Delhi,mobile,dinner,False,Tuesday
S000498,U03000,R0289,2025-12-17 19:22:31,Pune,mobile,dinner,False,Wednesday
S000499,U02761,R0734,2026-01-03 08:34:31,Kolkata,mobile,breakfast,True,Saturday
S000500,U01863,R0665,2026-01-26 15:52:31,Chennai,mobile,snack,False,Monday
S000501,U02354,R0047,2026-01-29 13:06:31,Pune,mobile,lunch,False,Thursday
S000502,U02302,R0064,2025-12-05 16:28:31,Bangalore,mobile,snack,False,Friday
S000503,U02330,R0626,2026-02-14 08:10:31,Kolkata,mobile,breakfast,True,Saturday
S000504,U03095,R0700,2026-01-25 19:58:31,Pune,mobile,dinner,True,Sunday
S000505,U03128,R0425,2026-02-04 08:40:31,Chennai,mobile,breakfast,False,Wednesday
S000506,U01795,R0459,2026-01-19 06:39:31,Chennai,mobile,breakfast,False,Monday
S000507,U04154,R0245,2026-02-15 13:56:31,Delhi,mobile,lunch,True,Sunday
S000508,U01177,R0685,2025-12-28 11:39:31,Mumbai,web,lunch,True,Sunday
S000509,U02903,R0716,2025-12-01 11:28:31,Hyderabad,mobile,lunch,False,Monday
S000510,U00984,R0738,2025-11-28 14:07:31,Pune,mobile,lunch,False,Friday
S000511,U01159,R0338,2026-02-24 18:41:31,Pune,mobile,dinner,False,Tuesday
S000512,U01595,R0379,2026-02-02 17:50:31,Mumbai,mobile,snack,False,Monday
S000513,U01765,R0234,2026-02-18 13:10:31,Mumbai,web,lunch,False,Wednesday
S000514,U04364,R0342,2025-12-26 07:18:31,Mumbai,mobile,breakfast,False,Friday
S000515,U00113,R0462,2026-01-08 15:26:31,Mumbai,mobile,snack,False,Thursday
S000516,U03708,R0771,2025-12-07 00:37:31,Bangalore,mobile,late_night,True,Sunday
S000517,U00279,R0094,2026-01-16 15:50:31,Delhi,mobile,snack,False,Friday
S000518,U03438,R0068,2026-02-19 15:31:31,Kolkata,mobile,snack,False,Thursday
S000519,U00977,R0298,2025-11-30 10:46:31,Mumbai,mobile,breakfast,True,Sunday
S000520,U02362,R0175,2025-12-01 11:39:31,Delhi,tablet,lunch,False,Monday
S000521,U00491,R0018,2025-12-01 20:34:31,Chennai,mobile,dinner,False,Monday
S000522,U02751,R0622,2026-02-04 04:22:31,Hyderabad,mobile,late_night,False,Wednesday
S000523,U01346,R0226,2026-01-21 23:15:31,Delhi,mobile,late_night,False,Wednesday
S000524,U00932,R0523,2026-02-14 22:00:31,Delhi,mobile,late_night,True,Saturday
S000525,U02236,R0686,2026-01-27 15:39:31,Mumbai,mobile,snack,False,Tuesday
S000526,U00500,R0126,2026-02-11 12:17:31,Chennai,mobile,lunch,False,Wednesday
S000527,U01080,R0752,2025-11-29 13:44:31,Kolkata,web,lunch,True,Saturday
S000528,U00162,R0443,2025-12-25 12:24:31,Kolkata,mobile,lunch,False,Thursday
S000529,U02933,R0663,2026-02-13 08:25:31,Hyderabad,tablet,breakfast,False,Friday
S000530,U04974,R0530,2026-02-23 14:19:31,Pune,web,lunch,False,Monday
S000531,U02987,R0027,2025-12-02 20:44:31,Bangalore,mobile,dinner,False,Tuesday
S000532,U04062,R0744,2026-02-02 21:37:31,Bangalore,mobile,dinner,False,Monday
S000533,U03123,R0599,2026-01-25 09:47:31,Pune,mobile,breakfast,True,Sunday
S000534,U00007,R0771,2026-01-13 06:01:31,Bangalore,mobile,breakfast,False,Tuesday
S000535,U00268,R0501,2025-12-20 15:55:31,Mumbai,tablet,snack,True,Saturday
S000536,U04091,R0680,2025-12-27 16:45:31,Kolkata,web,snack,True,Saturday
S000537,U01229,R0115,2026-01-19 09:42:31,Bangalore,tablet,breakfast,False,Monday
S000538,U02793,R0623,2026-02-04 06:56:31,Mumbai,mobile,breakfast,False,Wednesday
S000539,U01339,R0529,2025-12-27 21:03:31,Bangalore,mobile,dinner,True,Saturday
S000540,U01533,R0590,2025-12-27 09:05:31,Bangalore,mobile,breakfast,True,Saturday
S000541,U04585,R0039,2026-02-01 21:07:31,Delhi,mobile,dinner,True,Sunday
S000542,U00236,R0698,2026-01-21 10:05:31,Kolkata,mobile,breakfast,False,Wednesday
S000543,U00785,R0747,2025-12-01 03:43:31,Pune,mobile,late_night,False,Monday
S000544,U01055,R0272,2026-01-10 16:16:31,Delhi,mobile,snack,True,Saturday
S000545,U01001,R0596,2025-11-30 19:13:31,Bangalore,mobile,dinner,True,Sunday
S000546,U01993,R0002,2026-02-05 11:10:31,Pune,web,lunch,False,Thursday
S000547,U00790,R0281,2026-02-06 08:58:31,Pune,mobile,breakfast,False,Friday
S000548,U00829,R0050,2026-01-11 22:21:31,Pune,mobile,late_night,True,Sunday
S000549,U01597,R0507,2026-02-07 09:01:31,Pune,mobile,breakfast,True,Saturday
S000550,U04131,R0758,2026-02-20 21:38:31,Mumbai,mobile,dinner,False,Friday
S000551,U00901,R0764,2026-01-07 15:27:31,Delhi,mobile,snack,False,Wednesday
S000552,U00283,R0190,2025-12-17 06:42:31,Bangalore,mobile,breakfast,False,Wednesday
S000553,U03017,R0387,2026-02-20 14:00:31,Chennai,mobile,lunch,False,Friday
S000554,U02896,R0457,2025-12-30 15:49:31,Delhi,mobile,snack,False,Tuesday
S000555,U03510,R0309,2026-02-04 04:48:31,Kolkata,mobile,late_night,False,Wednesday
S000556,U03762,R0128,2026-01-26 06:59:31,Chennai,mobile,breakfast,False,Monday
S000557,U01328,R0769,2026-02-17 09:30:31,Bangalore,mobile,breakfast,False,Tuesday
S000558,U01683,R0128,2025-12-01 14:17:31,Chennai,mobile,lunch,False,Monday
S000559,U04181,R0468,2026-02-22 19:30:31,Kolkata,web,dinner,True,Sunday
S000560,U02397,R0212,2026-02-05 09:14:31,Bangalore,mobile,breakfast,False,Thursday
S000561,U03891,R0219,2026-02-15 19:31:31,Delhi,mobile,dinner,True,Sunday
S000562,U03684,R0516,2026-01-12 13:29:31,Mumbai,mobile,lunch,False,Monday
S000563,U04703,R0349,2026-01-26 19:02:31,Bangalore,web,dinner,False,Monday
S000564,U02779,R0070,2026-02-04 11:44:31,Pune,mobile,lunch,False,Wednesday
S000565,U02856,R0594,2025-12-14 12:07:31,Chennai,tablet,lunch,True,Sunday
S000566,U03005,R0676,2026-01-29 16:16:31,Chennai,mobile,snack,False,Thursday
S000567,U02421,R0079,2026-01-20 12:15:31,Bangalore,mobile,lunch,False,Tuesday
S000568,U02270,R0243,2026-01-11 07:04:31,Delhi,mobile,breakfast,True,Sunday
S000569,U04804,R0277,2025-12-05 12:40:31,Bangalore,mobile,lunch,False,Friday
S000570,U01362,R0672,2026-01-06 08:15:31,Delhi,web,breakfast,False,Tuesday
S000571,U01338,R0734,2026-01-09 21:44:31,Kolkata,mobile,dinner,False,Friday
S000572,U02129,R0432,2026-01-22 11:23:31,Hyderabad,mobile,lunch,False,Thursday
S000573,U02098,R0224,2025-12-18 05:01:31,Pune,mobile,late_night,False,Thursday
S000574,U04662,R0088,2025-11-29 22:14:31,Mumbai,web,late_night,True,Saturday
S000575,U04322,R0371,2025-12-22 08:46:31,Kolkata,mobile,breakfast,False,Monday
S000576,U03739,R0325,2026-02-20 23:08:31,Kolkata,web,late_night,False,Friday
S000577,U04648,R0252,2026-01-28 07:40:31,Kolkata,web,breakfast,False,Wednesday
S000578,U04909,R0353,2025-12-23 11:41:31,Delhi,mobile,lunch,False,Tuesday
S000579,U00875,R0140,2025-12-06 05:49:31,Kolkata,mobile,late_night,True,Saturday
S000580,U00083,R0534,2025-12-30 18:00:31,Chennai,mobile,dinner,False,Tuesday
S000581,U01802,R0198,2025-12-30 00:53:31,Hyderabad,mobile,late_night,False,Tuesday
S000582,U00740,R0606,2026-02-15 07:51:31,Bangalore,tablet,breakfast,True,Sunday
S000583,U02312,R0242,2026-01-23 19:10:31,Hyderabad,web,dinner,False,Friday
S000584,U03295,R0659,2026-02-16 19:09:31,Bangalore,mobile,dinner,False,Monday
S000585,U02120,R0199,2025-12-23 22:06:31,Mumbai,mobile,late_night,False,Tuesday
S000586,U04738,R0762,2025-11-30 10:27:31,Delhi,mobile,breakfast,True,Sunday
S000587,U04067,R0172,2026-01-22 07:35:31,Hyderabad,web,breakfast,False,Thursday
S000588,U03213,R0651,2026-01-10 10:03:31,Mumbai,mobile,breakfast,True,Saturday
S000589,U03727,R0323,2026-02-19 19:31:31,Pune,mobile,dinner,False,Thursday
S000590,U03542,R0072,2026-01-04 14:44:31,Chennai,mobile,lunch,True,Sunday
S000591,U02713,R0261,2026-01-17 17:47:31,Hyderabad,web,snack,True,Saturday
S000592,U04927,R0409,2026-01-17 09:08:31,Mumbai,mobile,breakfast,True,Saturday
S000593,U03147,R0350,2026-02-26 09:32:31,Pune,web,breakfast,False,Thursday
S000594,U01184,R0011,2025-12-17 17:57:31,Kolkata,mobile,snack,False,Wednesday
S000595,U01661,R0143,2025-12-12 10:33:31,Chennai,web,breakfast,False,Friday
S000596,U03360,R0217,2026-02-05 20:30:31,Mumbai,mobile,dinner,False,Thursday
S000597,U03193,R0129,2026-01-04 05:26:31,Bangalore,mobile,late_night,True,Sunday
S000598,U03289,R0651,2026-02-06 05:48:31,Mumbai,mobile,late_night,False,Friday
S000599,U02718,R0483,2026-02-19 11:14:31,Hyderabad,mobile,lunch,False,Thursday
S000600,U01680,R0207,2026-01-17 22:19:31,Bangalore,web,late_night,True,Saturday
S000601,U01791,R0174,2025-12-11 17:06:31,Delhi,mobile,snack,False,Thursday
S000602,U02474,R0225,2025-12-02 08:42:31,Chennai,mobile,breakfast,False,Tuesday
S000603,U01894,R0447,2025-12-25 00:56:31,Delhi,mobile,late_night,False,Thursday
S000604,U02251,R0400,2026-02-23 15:13:31,Hyderabad,mobile,snack,False,Monday
S000605,U01710,R0424,2025-12-05 16:57:31,Pune,mobile,snack,False,Friday
S000606,U03957,R0764,2025-12-21 18:41:31,Delhi,mobile,dinner,True,Sunday
S000607,U03913,R0303,2026-01-10 22:02:31,Bangalore,web,late_night,True,Saturday
S000608,U00765,R0327,2026-01-16 14:50:31,Pune,mobile,lunch,False,Friday
S000609,U04531,R0400,2026-01-19 15:49:31,Hyderabad,mobile,snack,False,Monday
S000610,U03044,R0584,2025-12-03 09:46:31,Mumbai,mobile,breakfast,False,Wednesday
S000611,U01897,R0291,2026-01-09 13:47:31,Hyderabad,web,lunch,False,Friday
S000612,U02882,R0613,2026-02-16 09:19:31,Kolkata,mobile,breakfast,False,Monday
S000613,U03281,R0555,2026-01-17 23:41:31,Bangalore,mobile,late_night,True,Saturday
S000614,U03490,R0045,2025-12-04 20:41:31,Hyderabad,mobile,dinner,False,Thursday
S000615,U01187,R0262,2026-01-23 12:18:31,Mumbai,mobile,lunch,False,Friday
S000616,U00362,R0402,2026-01-19 07:11:31,Delhi,mobile,breakfast,False,Monday
S000617,U00089,R0504,2026-02-22 12:22:31,Mumbai,web,lunch,True,Sunday
S000618,U00811,R0273,2026-01-30 07:04:31,Mumbai,mobile,breakfast,False,Friday
S000619,U01516,R0696,2026-02-10 22:05:31,Bangalore,web,late_night,False,Tuesday
S000620,U01883,R0521,2026-01-21 12:41:31,Mumbai,mobile,lunch,False,Wednesday
S000621,U00638,R0061,2026-02-12 12:31:31,Chennai,mobile,lunch,False,Thursday
S000622,U02429,R0556,2026-02-24 13:10:31,Kolkata,web,lunch,False,Tuesday
S000623,U03388,R0518,2026-02-06 05:00:31,Hyderabad,mobile,late_night,False,Friday
S000624,U00406,R0354,2026-01-23 21:41:31,Hyderabad,web,dinner,False,Friday
S000625,U01716,R0098,2026-01-07 10:02:31,Delhi,mobile,breakfast,False,Wednesday
S000626,U04410,R0253,2025-12-29 15:28:31,Chennai,mobile,snack,False,Monday
S000627,U00552,R0343,2025-12-02 15:52:31,Pune,mobile,snack,False,Tuesday
S000628,U04084,R0305,2026-02-19 14:33:31,Kolkata,mobile,lunch,False,Thursday
S000629,U04616,R0088,2026-01-31 13:05:31,Mumbai,mobile,lunch,True,Saturday
S000630,U02464,R0629,2026-01-16 21:32:31,Pune,mobile,dinner,False,Friday
S000631,U04926,R0134,2026-02-05 21:03:31,Hyderabad,web,dinner,False,Thursday
S000632,U02543,R0351,2025-12-15 19:32:31,Chennai,mobile,dinner,False,Monday
S000633,U00425,R0473,2025-12-31 13:40:31,Kolkata,mobile,lunch,False,Wednesday
S000634,U02847,R0469,2026-02-18 22:57:31,Delhi,web,late_night,False,Wednesday
S000635,U01007,R0291,2026-02-25 13:54:31,Hyderabad,mobile,lunch,False,Wednesday
S000636,U00536,R0700,2026-02-05 20:00:31,Pune,mobile,dinner,False,Thursday
S000637,U03835,R0223,2025-12-12 14:03:31,Delhi,mobile,lunch,False,Friday
S000638,U00350,R0581,2025-12-07 19:30:31,Delhi,mobile,dinner,True,Sunday
S000639,U01893,R0757,2025-12-29 12:56:31,Bangalore,mobile,lunch,False,Monday
S000640,U01827,R0398,2026-01-18 18:15:31,Bangalore,web,dinner,True,Sunday
S000641,U02717,R0642,2026-01-13 18:47:31,Mumbai,mobile,dinner,False,Tuesday
S000642,U02936,R0407,2025-12-30 12:34:31,Kolkata,mobile,lunch,False,Tuesday
S000643,U02377,R0791,2026-02-04 21:01:31,Hyderabad,mobile,dinner,False,Wednesday
S000644,U01476,R0618,2025-12-17 21:09:31,Mumbai,mobile,dinner,False,Wednesday
S000645,U03905,R0683,2025-12-20 22:30:31,Hyderabad,mobile,late_night,True,Saturday
S000646,U01138,R0238,2026-02-25 21:05:31,Chennai,mobile,dinner,False,Wednesday
S000647,U03044,R0408,2026-01-25 12:21:31,Mumbai,web,lunch,True,Sunday
S000648,U04426,R0566,2025-12-03 19:56:31,Delhi,web,dinner,False,Wednesday
S000649,U01603,R0484,2026-01-20 17:47:31,Pune,mobile,snack,False,Tuesday
S000650,U00261,R0784,2025-12-09 14:59:31,Hyderabad,mobile,lunch,False,Tuesday
S000651,U01509,R0148,2025-12-12 20:19:31,Delhi,tablet,dinner,False,Friday
S000652,U03252,R0016,2025-12-09 18:47:31,Pune,mobile,dinner,False,Tuesday
S000653,U00665,R0311,2025-12-29 15:53:31,Bangalore,mobile,snack,False,Monday
S000654,U03320,R0115,2025-11-28 02:37:31,Bangalore,web,late_night,False,Friday
S000655,U04133,R0220,2026-01-21 20:59:31,Hyderabad,mobile,dinner,False,Wednesday
S000656,U00167,R0167,2025-12-17 00:57:31,Mumbai,mobile,late_night,False,Wednesday
S000657,U04520,R0498,2026-01-23 01:33:31,Kolkata,mobile,late_night,False,Friday
S000658,U00248,R0234,2026-01-05 09:35:31,Mumbai,mobile,breakfast,False,Monday
S000659,U04427,R0533,2026-02-08 22:40:31,Kolkata,web,late_night,True,Sunday
S000660,U04202,R0769,2025-12-19 20:33:31,Bangalore,mobile,dinner,False,Friday
S000661,U00562,R0482,2026-01-15 07:51:31,Hyderabad,mobile,breakfast,False,Thursday
S000662,U03337,R0663,2025-12-08 09:17:31,Hyderabad,mobile,breakfast,False,Monday
S000663,U04766,R0153,2026-02-13 06:45:31,Chennai,mobile,breakfast,False,Friday
S000664,U03358,R0092,2025-12-06 16:41:31,Bangalore,mobile,snack,True,Saturday
S000665,U00931,R0597,2025-12-03 10:11:31,Hyderabad,web,breakfast,False,Wednesday
S000666,U01575,R0103,2026-02-23 23:01:31,Hyderabad,mobile,late_night,False,Monday
S000667,U02245,R0432,2026-02-18 19:20:31,Hyderabad,web,dinner,False,Wednesday
S000668,U00145,R0627,2025-12-28 06:41:31,Kolkata,mobile,breakfast,True,Sunday
S000669,U02391,R0752,2026-02-17 10:09:31,Kolkata,tablet,breakfast,False,Tuesday
S000670,U02234,R0539,2025-12-17 15:18:31,Pune,mobile,snack,False,Wednesday
S000671,U03221,R0035,2025-12-25 22:12:31,Kolkata,web,late_night,False,Thursday
S000672,U01787,R0284,2025-12-27 20:46:31,Pune,web,dinner,True,Saturday
S000673,U02750,R0202,2025-12-13 10:26:31,Kolkata,mobile,breakfast,True,Saturday
S000674,U00020,R0455,2025-12-28 02:04:31,Pune,mobile,late_night,True,Sunday
S000675,U02142,R0214,2026-01-22 15:03:31,Delhi,mobile,snack,False,Thursday
S000676,U03811,R0340,2026-01-29 07:39:31,Delhi,mobile,breakfast,False,Thursday
S000677,U04876,R0630,2025-12-10 10:41:31,Hyderabad,mobile,breakfast,False,Wednesday
S000678,U01828,R0605,2025-12-23 12:52:31,Hyderabad,mobile,lunch,False,Tuesday
S000679,U03510,R0295,2025-12-12 21:30:31,Kolkata,mobile,dinner,False,Friday
S000680,U01876,R0478,2025-12-02 13:53:31,Hyderabad,mobile,lunch,False,Tuesday
S000681,U04661,R0616,2026-02-17 22:35:31,Mumbai,web,late_night,False,Tuesday
S000682,U00305,R0079,2025-12-19 10:36:31,Bangalore,mobile,breakfast,False,Friday
S000683,U03719,R0795,2025-12-21 15:56:31,Mumbai,web,snack,True,Sunday
S000684,U01736,R0307,2025-12-26 20:47:31,Kolkata,mobile,dinner,False,Friday
S000685,U01524,R0735,2026-01-16 14:22:31,Hyderabad,mobile,lunch,False,Friday
S000686,U04135,R0146,2026-01-24 07:19:31,Delhi,mobile,breakfast,True,Saturday
S000687,U03071,R0234,2026-02-06 13:44:31,Mumbai,mobile,lunch,False,Friday
S000688,U00674,R0686,2026-01-31 12:11:31,Mumbai,mobile,lunch,True,Saturday
S000689,U00863,R0138,2026-01-02 18:17:31,Mumbai,web,dinner,False,Friday
S000690,U00271,R0059,2025-12-28 12:55:31,Kolkata,mobile,lunch,True,Sunday
S000691,U04746,R0146,2025-11-28 10:03:31,Delhi,mobile,breakfast,False,Friday
S000692,U02206,R0123,2025-12-12 00:35:31,Bangalore,mobile,late_night,False,Friday
S000693,U02827,R0483,2025-12-03 21:56:31,Hyderabad,mobile,dinner,False,Wednesday
S000694,U01894,R0049,2025-12-07 22:58:31,Delhi,web,late_night,True,Sunday
S000695,U02910,R0366,2026-01-27 07:34:31,Kolkata,mobile,breakfast,False,Tuesday
S000696,U02859,R0642,2026-01-02 18:51:31,Mumbai,web,dinner,False,Friday
S000697,U04783,R0418,2025-12-10 12:58:31,Bangalore,mobile,lunch,False,Wednesday
S000698,U00801,R0375,2026-02-07 08:27:31,Kolkata,web,breakfast,True,Saturday
S000699,U03054,R0375,2025-12-20 21:37:31,Kolkata,mobile,dinner,True,Saturday
S000700,U02299,R0501,2026-01-04 14:45:31,Mumbai,mobile,lunch,True,Sunday
S000701,U03148,R0184,2025-12-09 14:53:31,Pune,mobile,lunch,False,Tuesday
S000702,U01944,R0224,2025-12-23 00:16:31,Pune,web,late_night,False,Tuesday
S000703,U00102,R0604,2025-12-25 13:08:31,Pune,mobile,lunch,False,Thursday
S000704,U02603,R0177,2025-12-25 21:04:31,Pune,web,dinner,False,Thursday
S000705,U04930,R0691,2026-01-05 22:41:31,Bangalore,mobile,late_night,False,Monday
S000706,U01769,R0210,2025-12-31 23:21:31,Delhi,mobile,late_night,False,Wednesday
S000707,U00616,R0214,2026-01-11 20:29:31,Delhi,web,dinner,True,Sunday
S000708,U02175,R0424,2026-02-05 20:12:31,Pune,mobile,dinner,False,Thursday
S000709,U00886,R0518,2025-11-28 07:52:31,Hyderabad,mobile,breakfast,False,Friday
S000710,U03243,R0404,2026-01-28 23:08:31,Chennai,web,late_night,False,Wednesday
S000711,U01903,R0615,2025-12-18 11:07:31,Bangalore,web,lunch,False,Thursday
S000712,U04659,R0448,2026-01-31 12:43:31,Pune,mobile,lunch,True,Saturday
S000713,U04204,R0324,2026-01-09 18:13:31,Delhi,web,dinner,False,Friday
S000714,U02015,R0248,2026-01-25 15:57:31,Delhi,web,snack,True,Sunday
S000715,U02574,R0039,2026-02-03 10:23:31,Delhi,tablet,breakfast,False,Tuesday
S000716,U03768,R0026,2026-01-19 03:02:31,Bangalore,mobile,late_night,False,Monday
S000717,U01551,R0084,2025-12-01 22:11:31,Mumbai,mobile,late_night,False,Monday
S000718,U03576,R0584,2026-01-31 12:45:31,Mumbai,mobile,lunch,True,Saturday
S000719,U03782,R0670,2026-02-11 20:46:31,Kolkata,mobile,dinner,False,Wednesday
S000720,U04605,R0581,2025-12-03 10:30:31,Delhi,web,breakfast,False,Wednesday
S000721,U02899,R0080,2025-12-10 20:16:31,Bangalore,mobile,dinner,False,Wednesday
S000722,U00780,R0086,2026-01-21 18:47:31,Kolkata,mobile,dinner,False,Wednesday
S000723,U01399,R0503,2025-12-31 22:59:31,Pune,mobile,late_night,False,Wednesday
S000724,U00194,R0097,2026-02-19 06:04:31,Chennai,mobile,breakfast,False,Thursday
S000725,U02249,R0508,2025-12-21 18:17:31,Chennai,mobile,dinner,True,Sunday
S000726,U03143,R0246,2026-01-03 21:47:31,Hyderabad,mobile,dinner,True,Saturday
S000727,U04564,R0006,2025-12-11 11:17:31,Chennai,web,lunch,False,Thursday
S000728,U02215,R0602,2025-12-23 11:32:31,Pune,mobile,lunch,False,Tuesday
S000729,U00094,R0392,2025-12-25 12:38:31,Delhi,web,lunch,False,Thursday
S000730,U01026,R0384,2025-12-11 13:54:31,Delhi,web,lunch,False,Thursday
S000731,U02743,R0504,2026-02-19 15:01:31,Mumbai,web,snack,False,Thursday
S000732,U04767,R0402,2026-02-14 10:21:31,Delhi,mobile,breakfast,True,Saturday
S000733,U01613,R0116,2026-02-05 13:09:31,Hyderabad,mobile,lunch,False,Thursday
S000734,U04258,R0410,2025-12-18 05:27:31,Delhi,mobile,late_night,False,Thursday
S000735,U01317,R0163,2025-12-13 12:03:31,Hyderabad,mobile,lunch,True,Saturday
S000736,U04127,R0124,2026-02-12 15:14:31,Hyderabad,web,snack,False,Thursday
S000737,U04349,R0619,2026-02-15 08:55:31,Hyderabad,mobile,breakfast,True,Sunday
S000738,U01026,R0737,2026-01-19 21:21:31,Delhi,mobile,dinner,False,Monday
S000739,U03142,R0463,2025-12-12 16:58:31,Delhi,mobile,snack,False,Friday
S000740,U03150,R0084,2025-11-30 15:51:31,Mumbai,mobile,snack,True,Sunday
S000741,U00369,R0681,2025-12-25 19:47:31,Kolkata,mobile,dinner,False,Thursday
S000742,U04910,R0603,2025-12-30 11:43:31,Bangalore,web,lunch,False,Tuesday
S000743,U00785,R0629,2025-12-07 16:09:31,Pune,mobile,snack,True,Sunday
S000744,U02358,R0583,2026-01-24 07:52:31,Delhi,mobile,breakfast,True,Saturday
S000745,U03746,R0689,2025-12-07 18:38:31,Delhi,web,dinner,True,Sunday
S000746,U00365,R0176,2026-02-05 14:50:31,Chennai,tablet,lunch,False,Thursday
S000747,U01085,R0101,2026-02-26 04:34:31,Hyderabad,mobile,late_night,False,Thursday
S000748,U03925,R0284,2026-01-29 18:13:31,Pune,web,dinner,False,Thursday
S000749,U01961,R0688,2025-11-30 11:11:31,Chennai,mobile,lunch,True,Sunday
S000750,U03634,R0572,2026-01-11 20:28:31,Mumbai,mobile,dinner,True,Sunday
S000751,U04966,R0486,2026-01-09 22:17:31,Chennai,mobile,late_night,False,Friday
S000752,U00629,R0432,2026-01-06 16:22:31,Hyderabad,mobile,snack,False,Tuesday
S000753,U00383,R0759,2026-02-19 13:51:31,Hyderabad,mobile,lunch,False,Thursday
S000754,U00434,R0631,2025-12-18 01:14:31,Delhi,mobile,late_night,False,Thursday
S000755,U01227,R0298,2026-02-10 13:00:31,Mumbai,mobile,lunch,False,Tuesday
S000756,U02219,R0503,2026-02-19 12:51:31,Pune,mobile,lunch,False,Thursday
S000757,U00385,R0045,2025-12-23 20:26:31,Hyderabad,mobile,dinner,False,Tuesday
S000758,U00312,R0500,2025-12-17 15:18:31,Pune,mobile,snack,False,Wednesday
S000759,U00702,R0042,2025-12-08 10:11:31,Pune,mobile,breakfast,False,Monday
S000760,U04134,R0310,2026-01-02 12:12:31,Hyderabad,web,lunch,False,Friday
S000761,U04428,R0574,2026-01-27 06:54:31,Chennai,mobile,breakfast,False,Tuesday
S000762,U01978,R0560,2026-02-10 03:02:31,Hyderabad,mobile,late_night,False,Tuesday
S000763,U02740,R0466,2026-02-07 12:30:31,Kolkata,mobile,lunch,True,Saturday
S000764,U02050,R0218,2025-12-26 22:43:31,Bangalore,mobile,late_night,False,Friday
S000765,U02595,R0283,2026-01-25 09:21:31,Delhi,mobile,breakfast,True,Sunday
S000766,U04493,R0500,2025-12-16 20:00:31,Pune,web,dinner,False,Tuesday
S000767,U03396,R0715,2025-12-24 03:50:31,Delhi,mobile,late_night,False,Wednesday
S000768,U03342,R0194,2026-02-11 21:21:31,Kolkata,mobile,dinner,False,Wednesday
S000769,U04115,R0225,2026-02-23 00:42:31,Chennai,mobile,late_night,False,Monday
S000770,U03222,R0618,2026-02-14 10:25:31,Mumbai,mobile,breakfast,True,Saturday
S000771,U02585,R0432,2025-12-16 09:41:31,Hyderabad,web,breakfast,False,Tuesday
S000772,U00960,R0134,2026-01-28 14:48:31,Hyderabad,mobile,lunch,False,Wednesday
S000773,U03105,R0189,2025-12-16 09:57:31,Chennai,mobile,breakfast,False,Tuesday
S000774,U00488,R0642,2026-01-14 20:53:31,Mumbai,mobile,dinner,False,Wednesday
S000775,U00629,R0382,2026-02-15 07:49:31,Hyderabad,mobile,breakfast,True,Sunday
S000776,U03941,R0397,2025-12-13 11:52:31,Mumbai,mobile,lunch,True,Saturday
S000777,U00153,R0659,2026-02-24 15:27:31,Bangalore,mobile,snack,False,Tuesday
S000778,U02302,R0075,2026-02-02 22:07:31,Bangalore,mobile,late_night,False,Monday
S000779,U04496,R0245,2025-11-28 10:10:31,Delhi,mobile,breakfast,False,Friday
S000780,U01587,R0355,2025-12-01 12:10:31,Hyderabad,mobile,lunch,False,Monday
S000781,U03595,R0562,2026-02-01 12:30:31,Pune,mobile,lunch,True,Sunday
S000782,U04733,R0127,2025-12-07 20:23:31,Hyderabad,mobile,dinner,True,Sunday
S000783,U01511,R0132,2026-02-16 14:55:31,Bangalore,mobile,lunch,False,Monday
S000784,U00630,R0463,2026-01-24 20:50:31,Delhi,mobile,dinner,True,Saturday
S000785,U03572,R0502,2025-11-29 20:15:31,Delhi,web,dinner,True,Saturday
S000786,U04578,R0622,2026-01-29 06:22:31,Hyderabad,mobile,breakfast,False,Thursday
S000787,U04686,R0029,2025-12-09 13:20:31,Chennai,mobile,lunch,False,Tuesday
S000788,U03035,R0741,2026-01-09 08:22:31,Hyderabad,web,breakfast,False,Friday
S000789,U03326,R0770,2026-01-18 22:07:31,Pune,mobile,late_night,True,Sunday
S000790,U04172,R0437,2025-12-19 10:08:31,Kolkata,mobile,breakfast,False,Friday
S000791,U03309,R0225,2026-02-01 22:33:31,Chennai,mobile,late_night,True,Sunday
S000792,U03930,R0481,2026-02-09 10:56:31,Mumbai,mobile,breakfast,False,Monday
S000793,U03878,R0202,2025-12-25 16:30:31,Kolkata,tablet,snack,False,Thursday
S000794,U01114,R0671,2026-02-19 10:43:31,Hyderabad,mobile,breakfast,False,Thursday
S000795,U00664,R0042,2026-02-14 12:28:31,Pune,mobile,lunch,True,Saturday
S000796,U03383,R0235,2026-01-30 12:51:31,Mumbai,tablet,lunch,False,Friday
S000797,U04479,R0333,2026-01-18 14:01:31,Pune,mobile,lunch,True,Sunday
S000798,U01583,R0271,2025-12-08 07:23:31,Chennai,mobile,breakfast,False,Monday
S000799,U02348,R0477,2025-12-02 11:22:31,Mumbai,web,lunch,False,Tuesday
S000800,U04785,R0769,2026-02-14 07:53:31,Bangalore,mobile,breakfast,True,Saturday
S000801,U00291,R0353,2025-12-10 21:16:31,Delhi,mobile,dinner,False,Wednesday
S000802,U04959,R0047,2026-01-12 19:55:31,Pune,mobile,dinner,False,Monday
S000803,U01065,R0660,2025-12-31 10:09:31,Pune,mobile,breakfast,False,Wednesday
S000804,U01965,R0652,2025-11-29 22:38:31,Mumbai,web,late_night,True,Saturday
S000805,U00390,R0440,2025-12-28 22:20:31,Mumbai,mobile,late_night,True,Sunday
S000806,U04608,R0012,2026-01-25 12:01:31,Hyderabad,mobile,lunch,True,Sunday
S000807,U02373,R0238,2026-01-20 21:30:31,Chennai,mobile,dinner,False,Tuesday
S000808,U04193,R0533,2026-01-22 15:37:31,Kolkata,mobile,snack,False,Thursday
S000809,U03744,R0294,2026-01-13 07:29:31,Pune,web,breakfast,False,Tuesday
S000810,U04246,R0759,2026-01-28 21:52:31,Hyderabad,mobile,dinner,False,Wednesday
S000811,U01596,R0584,2026-01-10 20:27:31,Mumbai,mobile,dinner,True,Saturday
S000812,U04352,R0075,2026-02-14 18:07:31,Bangalore,mobile,dinner,True,Saturday
S000813,U01821,R0166,2025-12-27 09:23:31,Pune,web,breakfast,True,Saturday
S000814,U02099,R0202,2026-01-10 21:27:31,Kolkata,mobile,dinner,True,Saturday
S000815,U03332,R0798,2026-01-26 19:54:31,Pune,mobile,dinner,False,Monday
S000816,U01402,R0618,2025-11-29 10:51:31,Mumbai,mobile,breakfast,True,Saturday
S000817,U04197,R0365,2025-12-23 16:33:31,Kolkata,mobile,snack,False,Tuesday
S000818,U02133,R0514,2026-02-13 16:42:31,Kolkata,mobile,snack,False,Friday
S000819,U00330,R0268,2025-12-31 06:07:31,Chennai,mobile,breakfast,False,Wednesday
S000820,U00987,R0459,2025-12-19 22:52:31,Chennai,mobile,late_night,False,Friday
S000821,U04975,R0419,2026-01-25 18:17:31,Hyderabad,web,dinner,True,Sunday
S000822,U00535,R0011,2025-11-29 18:06:31,Kolkata,mobile,dinner,True,Saturday
S000823,U04361,R0751,2026-02-04 23:45:31,Chennai,web,late_night,False,Wednesday
S000824,U01453,R0335,2026-02-11 09:38:31,Bangalore,web,breakfast,False,Wednesday
S000825,U00410,R0345,2026-02-06 00:01:31,Pune,web,late_night,False,Friday
S000826,U01153,R0333,2025-12-09 07:44:31,Pune,mobile,breakfast,False,Tuesday
S000827,U04987,R0160,2026-01-09 23:26:31,Pune,mobile,late_night,False,Friday
S000828,U01965,R0130,2025-12-20 12:35:31,Mumbai,mobile,lunch,True,Saturday
S000829,U00370,R0493,2025-12-03 09:47:31,Hyderabad,web,breakfast,False,Wednesday
S000830,U00501,R0415,2026-01-14 14:43:31,Pune,mobile,lunch,False,Wednesday
S000831,U04943,R0081,2025-12-22 10:33:31,Hyderabad,web,breakfast,False,Monday
S000832,U02014,R0092,2026-02-20 01:53:31,Bangalore,web,late_night,False,Friday
S000833,U02744,R0451,2026-02-05 07:04:31,Chennai,mobile,breakfast,False,Thursday
S000834,U04368,R0140,2025-12-12 20:33:31,Kolkata,web,dinner,False,Friday
S000835,U02978,R0027,2026-02-26 06:36:31,Bangalore,mobile,breakfast,False,Thursday
S000836,U03967,R0511,2026-01-05 11:38:31,Delhi,mobile,lunch,False,Monday
S000837,U00681,R0063,2025-12-31 21:34:31,Chennai,web,dinner,False,Wednesday
S000838,U01087,R0772,2025-12-13 14:14:31,Bangalore,mobile,lunch,True,Saturday
S000839,U00756,R0148,2026-02-14 22:13:31,Delhi,web,late_night,True,Saturday
S000840,U01922,R0359,2025-12-15 12:19:31,Mumbai,mobile,lunch,False,Monday
S000841,U04113,R0347,2026-01-18 07:13:31,Kolkata,mobile,breakfast,True,Sunday
S000842,U02200,R0491,2026-02-23 10:51:31,Mumbai,mobile,breakfast,False,Monday
S000843,U00229,R0449,2026-02-21 10:25:31,Chennai,mobile,breakfast,True,Saturday
S000844,U00631,R0527,2026-01-12 20:41:31,Kolkata,mobile,dinner,False,Monday
S000845,U04205,R0190,2026-02-15 11:42:31,Bangalore,web,lunch,True,Sunday
S000846,U02701,R0068,2025-12-05 17:25:31,Kolkata,mobile,snack,False,Friday
S000847,U01506,R0310,2026-01-06 19:56:31,Hyderabad,mobile,dinner,False,Tuesday
S000848,U01169,R0796,2026-02-12 05:57:31,Mumbai,mobile,late_night,False,Thursday
S000849,U03391,R0267,2026-02-07 08:57:31,Chennai,mobile,breakfast,True,Saturday
S000850,U02605,R0533,2026-01-03 19:49:31,Kolkata,web,dinner,True,Saturday
S000851,U01043,R0741,2025-11-30 16:28:31,Hyderabad,mobile,snack,True,Sunday
S000852,U00084,R0055,2026-02-06 16:12:31,Bangalore,mobile,snack,False,Friday
S000853,U04199,R0432,2026-01-22 07:58:31,Hyderabad,mobile,breakfast,False,Thursday
S000854,U01580,R0235,2026-02-12 21:04:31,Mumbai,mobile,dinner,False,Thursday
S000855,U01384,R0280,2026-01-24 15:27:31,Pune,mobile,snack,True,Saturday
S000856,U04505,R0200,2026-02-08 11:10:31,Kolkata,mobile,lunch,True,Sunday
S000857,U01021,R0020,2026-01-19 20:40:31,Kolkata,mobile,dinner,False,Monday
S000858,U04902,R0769,2026-01-31 23:33:31,Bangalore,mobile,late_night,True,Saturday
S000859,U01429,R0353,2026-01-14 13:21:31,Delhi,web,lunch,False,Wednesday
S000860,U03070,R0798,2026-02-18 08:50:31,Pune,mobile,breakfast,False,Wednesday
S000861,U03576,R0796,2026-01-20 14:25:31,Mumbai,web,lunch,False,Tuesday
S000862,U04261,R0666,2025-12-21 19:00:31,Delhi,tablet,dinner,True,Sunday
S000863,U01498,R0322,2026-02-17 20:22:31,Chennai,mobile,dinner,False,Tuesday
S000864,U02206,R0161,2026-02-25 16:45:31,Bangalore,mobile,snack,False,Wednesday
S000865,U00695,R0248,2025-12-18 17:39:31,Delhi,mobile,snack,False,Thursday
S000866,U01534,R0648,2025-12-31 04:06:31,Delhi,mobile,late_night,False,Wednesday
S000867,U03300,R0623,2026-02-13 18:03:31,Mumbai,mobile,dinner,False,Friday
S000868,U01877,R0086,2026-02-04 20:27:31,Kolkata,mobile,dinner,False,Wednesday
S000869,U04886,R0349,2026-02-01 22:47:31,Bangalore,mobile,late_night,True,Sunday
S000870,U03919,R0038,2026-02-01 08:17:31,Pune,tablet,breakfast,True,Sunday
S000871,U03417,R0452,2025-12-21 02:05:31,Bangalore,mobile,late_night,True,Sunday
S000872,U00437,R0026,2026-01-06 19:38:31,Bangalore,web,dinner,False,Tuesday
S000873,U00202,R0112,2025-12-20 20:06:31,Chennai,web,dinner,True,Saturday
S000874,U04343,R0168,2026-02-04 14:04:31,Pune,mobile,lunch,False,Wednesday
S000875,U03031,R0071,2026-01-06 13:44:31,Delhi,mobile,lunch,False,Tuesday
S000876,U03208,R0388,2026-01-26 02:35:31,Bangalore,mobile,late_night,False,Monday
S000877,U04933,R0539,2025-12-27 08:15:31,Pune,mobile,breakfast,True,Saturday
S000878,U01762,R0596,2025-12-22 13:12:31,Bangalore,mobile,lunch,False,Monday
S000879,U02755,R0436,2026-01-23 11:05:31,Mumbai,mobile,lunch,False,Friday
S000880,U03733,R0426,2025-12-13 06:33:31,Hyderabad,mobile,breakfast,True,Saturday
S000881,U02865,R0752,2025-11-30 10:09:31,Kolkata,web,breakfast,True,Sunday
S000882,U03466,R0545,2026-01-06 14:24:31,Kolkata,web,lunch,False,Tuesday
S000883,U02252,R0708,2025-12-24 20:16:31,Bangalore,mobile,dinner,False,Wednesday
S000884,U01759,R0255,2026-01-02 16:55:31,Pune,mobile,snack,False,Friday
S000885,U03303,R0611,2025-12-24 00:21:31,Chennai,mobile,late_night,False,Wednesday
S000886,U03188,R0380,2025-12-03 07:01:31,Kolkata,mobile,breakfast,False,Wednesday
S000887,U00224,R0371,2026-01-30 19:55:31,Kolkata,mobile,dinner,False,Friday
S000888,U01637,R0597,2026-01-11 14:58:31,Hyderabad,mobile,lunch,True,Sunday
S000889,U03148,R0558,2025-12-12 21:47:31,Pune,web,dinner,False,Friday
S000890,U00603,R0375,2026-01-25 07:08:31,Kolkata,web,breakfast,True,Sunday
S000891,U01231,R0782,2025-12-10 08:32:31,Bangalore,web,breakfast,False,Wednesday
S000892,U01079,R0429,2026-02-26 07:00:31,Bangalore,web,breakfast,False,Thursday
S000893,U00098,R0241,2025-12-31 06:19:31,Kolkata,mobile,breakfast,False,Wednesday
S000894,U02587,R0060,2025-12-08 13:40:31,Mumbai,mobile,lunch,False,Monday
S000895,U04274,R0234,2026-01-15 10:14:31,Mumbai,mobile,breakfast,False,Thursday
S000896,U00256,R0373,2026-02-26 08:56:31,Pune,mobile,breakfast,False,Thursday
S000897,U03887,R0276,2026-02-19 13:32:31,Bangalore,web,lunch,False,Thursday
S000898,U00680,R0502,2026-01-03 08:40:31,Delhi,mobile,breakfast,True,Saturday
S000899,U04384,R0652,2026-02-07 16:45:31,Mumbai,web,snack,True,Saturday
S000900,U00343,R0336,2025-12-13 07:47:31,Kolkata,mobile,breakfast,True,Saturday
S000901,U02392,R0002,2026-01-19 11:38:31,Pune,mobile,lunch,False,Monday
S000902,U03266,R0026,2026-01-17 08:41:31,Bangalore,mobile,breakfast,True,Saturday
S000903,U01673,R0042,2026-02-05 19:49:31,Pune,web,dinner,False,Thursday
S000904,U00568,R0342,2025-12-18 13:09:31,Mumbai,mobile,lunch,False,Thursday
S000905,U03485,R0740,2025-12-29 18:18:31,Hyderabad,web,dinner,False,Monday
S000906,U04834,R0036,2026-02-04 21:04:31,Hyderabad,mobile,dinner,False,Wednesday
S000907,U03558,R0640,2026-01-28 19:54:31,Mumbai,web,dinner,False,Wednesday
S000908,U03780,R0060,2025-11-30 19:10:31,Mumbai,mobile,dinner,True,Sunday
S000909,U00500,R0351,2026-02-03 11:09:31,Chennai,mobile,lunch,False,Tuesday
S000910,U03927,R0087,2025-11-30 21:30:31,Hyderabad,web,dinner,True,Sunday
S000911,U04612,R0341,2026-02-03 19:31:31,Bangalore,mobile,dinner,False,Tuesday
S000912,U02304,R0463,2026-01-02 12:38:31,Delhi,mobile,lunch,False,Friday
S000913,U04949,R0078,2026-01-06 15:27:31,Mumbai,mobile,snack,False,Tuesday
S000914,U00250,R0552,2026-01-19 04:17:31,Pune,mobile,late_night,False,Monday
S000915,U02101,R0083,2025-12-16 20:05:31,Delhi,mobile,dinner,False,Tuesday
S000916,U01549,R0459,2026-01-11 08:29:31,Chennai,mobile,breakfast,True,Sunday
S000917,U03438,R0498,2026-02-25 14:39:31,Kolkata,mobile,lunch,False,Wednesday
S000918,U01922,R0054,2026-01-20 13:03:31,Mumbai,mobile,lunch,False,Tuesday
S000919,U01127,R0350,2026-02-08 20:27:31,Pune,mobile,dinner,True,Sunday
S000920,U04429,R0500,2026-01-02 23:03:31,Pune,mobile,late_night,False,Friday
S000921,U01314,R0626,2025-11-30 14:28:31,Kolkata,web,lunch,True,Sunday
S000922,U03859,R0564,2026-01-24 08:54:31,Pune,web,breakfast,True,Saturday
S000923,U01240,R0566,2026-02-12 17:20:31,Delhi,mobile,snack,False,Thursday
S000924,U03022,R0054,2026-02-02 20:45:31,Mumbai,mobile,dinner,False,Monday
S000925,U02408,R0097,2025-12-29 07:01:31,Chennai,mobile,breakfast,False,Monday
S000926,U00001,R0648,2025-12-10 15:03:31,Delhi,mobile,snack,False,Wednesday
S000927,U00243,R0298,2026-01-08 19:20:31,Mumbai,mobile,dinner,False,Thursday
S000928,U03086,R0757,2025-12-24 23:18:31,Bangalore,mobile,late_night,False,Wednesday
S000929,U03333,R0231,2026-01-25 10:01:31,Hyderabad,tablet,breakfast,True,Sunday
S000930,U02874,R0621,2026-01-27 13:31:31,Mumbai,mobile,lunch,False,Tuesday
S000931,U00104,R0714,2026-02-03 16:24:31,Chennai,web,snack,False,Tuesday
S000932,U04263,R0696,2026-01-12 20:02:31,Bangalore,mobile,dinner,False,Monday
S000933,U04100,R0715,2026-02-11 13:28:31,Delhi,mobile,lunch,False,Wednesday
S000934,U02596,R0228,2025-12-21 14:37:31,Mumbai,mobile,lunch,True,Sunday
S000935,U02160,R0778,2026-01-11 00:23:31,Chennai,mobile,late_night,True,Sunday
S000936,U04233,R0138,2026-01-08 13:37:31,Mumbai,mobile,lunch,False,Thursday
S000937,U01137,R0309,2026-01-28 16:59:31,Kolkata,mobile,snack,False,Wednesday
S000938,U04629,R0350,2026-01-27 09:39:31,Pune,mobile,breakfast,False,Tuesday
S000939,U04241,R0276,2026-02-04 17:04:31,Bangalore,mobile,snack,False,Wednesday
S000940,U02041,R0656,2025-12-31 19:44:31,Kolkata,web,dinner,False,Wednesday
S000941,U03646,R0015,2025-12-08 05:41:31,Bangalore,mobile,late_night,False,Monday
S000942,U01259,R0055,2025-12-16 14:04:31,Bangalore,mobile,lunch,False,Tuesday
S000943,U02704,R0005,2026-01-15 12:49:31,Pune,mobile,lunch,False,Thursday
S000944,U00606,R0181,2026-02-18 22:38:31,Hyderabad,mobile,late_night,False,Wednesday
S000945,U04171,R0187,2025-12-03 19:34:31,Kolkata,mobile,dinner,False,Wednesday
S000946,U02240,R0618,2026-02-14 22:30:31,Mumbai,mobile,late_night,True,Saturday
S000947,U04298,R0164,2026-02-26 18:27:31,Hyderabad,tablet,dinner,False,Thursday
S000948,U01316,R0236,2025-12-29 05:34:31,Hyderabad,mobile,late_night,False,Monday
S000949,U00571,R0567,2026-02-26 21:48:31,Pune,mobile,dinner,False,Thursday
S000950,U03765,R0225,2026-01-24 20:48:31,Chennai,mobile,dinner,True,Saturday
S000951,U04060,R0753,2026-01-12 12:17:31,Chennai,mobile,lunch,False,Monday
S000952,U00228,R0792,2026-02-02 21:30:31,Bangalore,mobile,dinner,False,Monday
S000953,U04980,R0346,2026-02-13 18:37:31,Delhi,mobile,dinner,False,Friday
S000954,U00662,R0291,2026-01-21 10:39:31,Hyderabad,mobile,breakfast,False,Wednesday
S000955,U02926,R0474,2025-12-21 20:40:31,Mumbai,mobile,dinner,True,Sunday
S000956,U03273,R0499,2025-11-28 14:49:31,Hyderabad,mobile,lunch,False,Friday
S000957,U01494,R0013,2026-01-25 03:24:31,Delhi,mobile,late_night,True,Sunday
S000958,U00601,R0462,2025-12-14 09:14:31,Mumbai,mobile,breakfast,True,Sunday
S000959,U00542,R0587,2026-01-14 13:22:31,Hyderabad,mobile,lunch,False,Wednesday
S000960,U04107,R0717,2025-12-21 21:09:31,Kolkata,tablet,dinner,True,Sunday
S000961,U02737,R0646,2026-01-20 21:29:31,Hyderabad,mobile,dinner,False,Tuesday
S000962,U03203,R0085,2026-02-26 23:46:31,Mumbai,web,late_night,False,Thursday
S000963,U04194,R0441,2026-01-13 12:24:31,Chennai,mobile,lunch,False,Tuesday
S000964,U00248,R0264,2026-01-29 10:04:31,Mumbai,mobile,breakfast,False,Thursday
S000965,U01067,R0382,2026-01-21 23:00:31,Hyderabad,mobile,late_night,False,Wednesday
S000966,U04012,R0685,2026-02-02 09:35:31,Mumbai,web,breakfast,False,Monday
S000967,U01520,R0090,2026-01-14 15:59:31,Delhi,web,snack,False,Wednesday
S000968,U00458,R0442,2026-02-11 10:10:31,Bangalore,web,breakfast,False,Wednesday
S000969,U03873,R0578,2026-01-08 11:57:31,Hyderabad,tablet,lunch,False,Thursday
S000970,U01775,R0714,2025-12-11 14:06:31,Chennai,mobile,lunch,False,Thursday
S000971,U00380,R0279,2025-12-12 12:43:31,Mumbai,mobile,lunch,False,Friday
S000972,U00562,R0721,2026-01-17 21:56:31,Hyderabad,mobile,dinner,True,Saturday
S000973,U01298,R0366,2026-02-23 10:21:31,Kolkata,mobile,breakfast,False,Monday
S000974,U04435,R0620,2026-01-08 17:40:31,Mumbai,mobile,snack,False,Thursday
S000975,U02960,R0395,2026-01-09 04:35:31,Pune,mobile,late_night,False,Friday
S000976,U03174,R0662,2026-01-02 06:55:31,Mumbai,mobile,breakfast,False,Friday
S000977,U04291,R0012,2025-12-29 17:27:31,Hyderabad,mobile,snack,False,Monday
S000978,U03431,R0438,2026-02-14 06:28:31,Mumbai,mobile,breakfast,True,Saturday
S000979,U02193,R0188,2026-01-19 11:11:31,Bangalore,web,lunch,False,Monday
S000980,U01132,R0031,2026-02-06 22:56:31,Chennai,web,late_night,False,Friday
S000981,U00850,R0694,2025-12-16 14:25:31,Kolkata,mobile,lunch,False,Tuesday
S000982,U02932,R0516,2025-12-14 19:48:31,Mumbai,mobile,dinner,True,Sunday
S000983,U01369,R0573,2026-02-11 13:35:31,Bangalore,mobile,lunch,False,Wednesday
S000984,U02600,R0767,2025-12-08 04:49:31,Hyderabad,mobile,late_night,False,Monday
S000985,U00401,R0185,2026-01-16 16:05:31,Mumbai,mobile,snack,False,Friday
S000986,U00958,R0305,2026-01-09 19:56:31,Kolkata,tablet,dinner,False,Friday
S000987,U03715,R0479,2026-02-06 22:05:31,Kolkata,mobile,late_night,False,Friday
S000988,U00266,R0086,2026-01-06 20:23:31,Kolkata,web,dinner,False,Tuesday
S000989,U03680,R0128,2025-12-08 22:22:31,Chennai,mobile,late_night,False,Monday
S000990,U01223,R0656,2026-02-26 19:01:31,Kolkata,mobile,dinner,False,Thursday
S000991,U02774,R0051,2025-11-28 08:41:31,Mumbai,mobile,breakfast,False,Friday
S000992,U00773,R0170,2026-02-01 09:45:31,Chennai,web,breakfast,True,Sunday
S000993,U04763,R0516,2025-12-10 09:07:31,Mumbai,mobile,breakfast,False,Wednesday
S000994,U04394,R0630,2026-01-03 14:10:31,Hyderabad,mobile,lunch,True,Saturday
S000995,U04066,R0143,2025-12-06 10:08:31,Chennai,mobile,breakfast,True,Saturday
S000996,U02663,R0343,2026-02-17 21:09:31,Pune,mobile,dinner,False,Tuesday
S000997,U02527,R0455,2026-02-09 09:40:31,Pune,mobile,breakfast,False,Monday
S000998,U00401,R0065,2025-11-28 21:36:31,Mumbai,mobile,dinner,False,Friday
S000999,U04579,R0640,2026-02-26 12:04:31,Mumbai,mobile,lunch,False,Thursday
S001000,U00150,R0451,2026-01-12 19:16:31,Chennai,mobile,dinner,False,Monday
S001001,U03082,R0175,2026-01-26 18:25:31,Delhi,web,dinner,False,Monday
S001002,U00173,R0577,2026-02-13 21:09:31,Mumbai,mobile,dinner,False,Friday
S001003,U02826,R0231,2026-01-02 13:06:31,Hyderabad,mobile,lunch,False,Friday
S001004,U02256,R0174,2025-12-07 21:30:31,Delhi,mobile,dinner,True,Sunday
S001005,U01713,R0525,2026-01-05 20:43:31,Kolkata,mobile,dinner,False,Monday
S001006,U01314,R0376,2026-01-12 08:46:31,Kolkata,mobile,breakfast,False,Monday
S001007,U00744,R0747,2026-01-18 12:35:31,Pune,tablet,lunch,True,Sunday
S001008,U03302,R0767,2026-01-05 22:38:31,Hyderabad,web,late_night,False,Monday
S001009,U01551,R0008,2025-12-25 15:02:31,Mumbai,mobile,snack,False,Thursday
S001010,U04486,R0427,2026-02-02 21:18:31,Chennai,mobile,dinner,False,Monday
S001011,U03845,R0175,2026-01-01 14:46:31,Delhi,mobile,lunch,False,Thursday
S001012,U02168,R0799,2026-01-06 23:29:31,Pune,tablet,late_night,False,Tuesday
S001013,U04044,R0327,2025-12-22 13:08:31,Pune,mobile,lunch,False,Monday
S001014,U04061,R0789,2026-01-23 03:58:31,Chennai,web,late_night,False,Friday
S001015,U02057,R0636,2026-02-11 19:55:31,Pune,tablet,dinner,False,Wednesday
S001016,U02041,R0527,2026-02-19 07:00:31,Kolkata,mobile,breakfast,False,Thursday
S001017,U02433,R0166,2026-01-15 21:49:31,Pune,mobile,dinner,False,Thursday
S001018,U01817,R0555,2025-12-18 11:20:31,Bangalore,mobile,lunch,False,Thursday
S001019,U03060,R0787,2026-01-17 07:20:31,Delhi,mobile,breakfast,True,Saturday
S001020,U04632,R0377,2026-01-19 12:44:31,Hyderabad,mobile,lunch,False,Monday
S001021,U04021,R0107,2026-02-07 19:24:31,Bangalore,mobile,dinner,True,Saturday
S001022,U01312,R0359,2025-12-25 18:05:31,Mumbai,mobile,dinner,False,Thursday
S001023,U03852,R0109,2025-12-26 06:39:31,Delhi,mobile,breakfast,False,Friday
S001024,U02485,R0203,2026-02-24 22:41:31,Chennai,mobile,late_night,False,Tuesday
S001025,U01148,R0238,2026-01-12 18:06:31,Chennai,web,dinner,False,Monday
S001026,U03838,R0170,2026-02-20 13:32:31,Chennai,mobile,lunch,False,Friday
S001027,U00333,R0461,2026-02-03 15:23:31,Chennai,mobile,snack,False,Tuesday
S001028,U00967,R0566,2025-12-04 21:53:31,Delhi,mobile,dinner,False,Thursday
S001029,U04016,R0345,2025-12-26 17:28:31,Pune,mobile,snack,False,Friday
S001030,U01278,R0509,2026-02-01 20:16:31,Bangalore,mobile,dinner,True,Sunday
S001031,U00943,R0730,2025-12-24 14:46:31,Pune,web,lunch,False,Wednesday
S001032,U03514,R0338,2025-12-21 09:10:31,Pune,mobile,breakfast,True,Sunday
S001033,U01373,R0655,2025-12-24 04:32:31,Kolkata,mobile,late_night,False,Wednesday
S001034,U02214,R0063,2026-01-31 21:32:31,Chennai,web,dinner,True,Saturday
S001035,U02860,R0683,2026-01-11 13:25:31,Hyderabad,web,lunch,True,Sunday
S001036,U03478,R0384,2025-12-22 18:04:31,Delhi,mobile,dinner,False,Monday
S001037,U00847,R0323,2026-01-19 13:56:31,Pune,tablet,lunch,False,Monday
S001038,U02879,R0665,2026-02-13 20:04:31,Chennai,mobile,dinner,False,Friday
S001039,U03021,R0284,2026-01-29 10:09:31,Pune,mobile,breakfast,False,Thursday
S001040,U03936,R0725,2026-01-26 18:11:31,Hyderabad,mobile,dinner,False,Monday
S001041,U01140,R0653,2025-12-10 19:15:31,Chennai,mobile,dinner,False,Wednesday
S001042,U03043,R0426,2026-01-21 08:53:31,Hyderabad,mobile,breakfast,False,Wednesday
S001043,U00349,R0456,2026-02-20 00:37:31,Kolkata,mobile,late_night,False,Friday
S001044,U03994,R0001,2026-01-05 09:45:31,Chennai,web,breakfast,False,Monday
S001045,U04937,R0350,2026-01-03 10:08:31,Pune,mobile,breakfast,True,Saturday
S001046,U01172,R0084,2026-01-06 11:51:31,Mumbai,mobile,lunch,False,Tuesday
S001047,U02937,R0211,2025-12-13 10:48:31,Pune,mobile,breakfast,True,Saturday
S001048,U04736,R0459,2026-02-06 13:17:31,Chennai,mobile,lunch,False,Friday
S001049,U04162,R0737,2026-02-23 21:24:31,Delhi,web,dinner,False,Monday
S001050,U01310,R0414,2025-12-07 15:55:31,Mumbai,mobile,snack,True,Sunday
S001051,U00073,R0210,2026-01-31 21:23:31,Delhi,web,dinner,True,Saturday
S001052,U00600,R0723,2026-01-23 22:14:31,Mumbai,mobile,late_night,False,Friday
S001053,U01390,R0378,2026-02-08 11:39:31,Hyderabad,mobile,lunch,True,Sunday
S001054,U01249,R0159,2026-01-09 14:01:31,Hyderabad,tablet,lunch,False,Friday
S001055,U02737,R0382,2026-01-14 07:53:31,Hyderabad,mobile,breakfast,False,Wednesday
S001056,U00700,R0658,2026-02-25 18:08:31,Mumbai,mobile,dinner,False,Wednesday
S001057,U02570,R0010,2025-12-31 21:39:31,Bangalore,mobile,dinner,False,Wednesday
S001058,U04364,R0199,2026-02-01 21:12:31,Mumbai,web,dinner,True,Sunday
S001059,U02550,R0120,2026-02-06 14:31:31,Hyderabad,mobile,lunch,False,Friday
S001060,U02825,R0548,2026-01-21 21:47:31,Delhi,mobile,dinner,False,Wednesday
S001061,U02621,R0169,2026-02-19 22:10:31,Delhi,mobile,late_night,False,Thursday
S001062,U02248,R0350,2025-12-04 21:15:31,Pune,mobile,dinner,False,Thursday
S001063,U02231,R0778,2025-12-11 12:37:31,Chennai,mobile,lunch,False,Thursday
S001064,U00414,R0141,2026-02-10 10:41:31,Bangalore,mobile,breakfast,False,Tuesday
S001065,U04636,R0173,2026-01-14 09:37:31,Mumbai,mobile,breakfast,False,Wednesday
S001066,U04647,R0409,2026-02-16 21:28:31,Mumbai,mobile,dinner,False,Monday
S001067,U00303,R0436,2026-02-22 06:41:31,Mumbai,mobile,breakfast,True,Sunday
S001068,U04307,R0526,2025-12-21 21:20:31,Kolkata,mobile,dinner,True,Sunday
S001069,U01036,R0408,2026-01-31 09:19:31,Mumbai,web,breakfast,True,Saturday
S001070,U01545,R0497,2026-02-16 06:24:31,Chennai,mobile,breakfast,False,Monday
S001071,U03232,R0796,2026-01-13 09:36:31,Mumbai,mobile,breakfast,False,Tuesday
S001072,U00862,R0736,2025-12-23 07:07:31,Delhi,mobile,breakfast,False,Tuesday
S001073,U03992,R0655,2026-01-28 01:01:31,Kolkata,web,late_night,False,Wednesday
S001074,U01018,R0695,2026-02-14 15:24:31,Kolkata,web,snack,True,Saturday
S001075,U03478,R0094,2026-02-14 20:22:31,Delhi,tablet,dinner,True,Saturday
S001076,U03231,R0049,2026-01-30 14:43:31,Delhi,mobile,lunch,False,Friday
S001077,U00675,R0178,2026-02-21 16:11:31,Kolkata,web,snack,True,Saturday
S001078,U01473,R0401,2026-01-07 13:43:31,Hyderabad,mobile,lunch,False,Wednesday
S001079,U03493,R0597,2026-01-27 17:17:31,Hyderabad,mobile,snack,False,Tuesday
S001080,U02397,R0190,2026-01-13 08:27:31,Bangalore,mobile,breakfast,False,Tuesday
S001081,U00712,R0030,2025-11-30 21:23:31,Mumbai,mobile,dinner,True,Sunday
S001082,U01983,R0331,2026-01-02 11:16:31,Bangalore,mobile,lunch,False,Friday
S001083,U01919,R0354,2026-01-23 19:29:31,Hyderabad,web,dinner,False,Friday
S001084,U03133,R0620,2025-12-31 20:43:31,Mumbai,mobile,dinner,False,Wednesday
S001085,U00832,R0282,2025-12-05 12:56:31,Delhi,mobile,lunch,False,Friday
S001086,U01998,R0427,2025-12-05 20:36:31,Chennai,mobile,dinner,False,Friday
S001087,U03934,R0578,2025-12-06 20:47:31,Hyderabad,mobile,dinner,True,Saturday
S001088,U03148,R0104,2025-12-03 08:09:31,Pune,mobile,breakfast,False,Wednesday
S001089,U01634,R0034,2025-12-15 11:31:31,Delhi,mobile,lunch,False,Monday
S001090,U00535,R0375,2026-01-21 21:23:31,Kolkata,mobile,dinner,False,Wednesday
S001091,U03406,R0453,2026-02-06 17:16:31,Delhi,mobile,snack,False,Friday
S001092,U01410,R0242,2025-11-29 11:44:31,Hyderabad,mobile,lunch,True,Saturday
S001093,U03120,R0692,2026-01-24 13:26:31,Hyderabad,web,lunch,True,Saturday
S001094,U04145,R0282,2025-12-06 22:41:31,Delhi,web,late_night,True,Saturday
S001095,U02490,R0432,2026-01-28 12:49:31,Hyderabad,mobile,lunch,False,Wednesday
S001096,U00625,R0076,2025-11-28 21:37:31,Chennai,mobile,dinner,False,Friday
S001097,U01421,R0561,2026-02-23 19:18:31,Bangalore,web,dinner,False,Monday
S001098,U04957,R0189,2026-01-27 10:27:31,Chennai,mobile,breakfast,False,Tuesday
S001099,U00557,R0333,2026-01-14 20:31:31,Pune,mobile,dinner,False,Wednesday
S001100,U03780,R0584,2026-01-17 19:38:31,Mumbai,mobile,dinner,True,Saturday
S001101,U01968,R0168,2025-12-30 18:43:31,Pune,mobile,dinner,False,Tuesday
S001102,U02483,R0003,2026-01-30 14:52:31,Bangalore,mobile,lunch,False,Friday
S001103,U03190,R0375,2025-12-30 07:40:31,Kolkata,mobile,breakfast,False,Tuesday
S001104,U04537,R0234,2026-02-20 12:46:31,Mumbai,mobile,lunch,False,Friday
S001105,U04821,R0120,2026-01-17 23:45:31,Hyderabad,mobile,late_night,True,Saturday
S001106,U02913,R0219,2025-11-30 17:23:31,Delhi,web,snack,True,Sunday
S001107,U03524,R0013,2025-12-27 12:12:31,Delhi,tablet,lunch,True,Saturday
S001108,U04766,R0676,2026-01-16 08:12:31,Chennai,mobile,breakfast,False,Friday
S001109,U00788,R0304,2026-01-02 18:06:31,Pune,mobile,dinner,False,Friday
S001110,U03278,R0617,2026-02-20 21:28:31,Chennai,mobile,dinner,False,Friday
S001111,U02593,R0531,2026-01-25 10:34:31,Delhi,mobile,breakfast,True,Sunday
S001112,U00858,R0669,2025-12-26 17:35:31,Chennai,tablet,snack,False,Friday
S001113,U04114,R0462,2026-02-02 15:45:31,Mumbai,mobile,snack,False,Monday
S001114,U00705,R0042,2025-12-16 09:31:31,Pune,mobile,breakfast,False,Tuesday
S001115,U03069,R0154,2025-12-16 14:28:31,Bangalore,tablet,lunch,False,Tuesday
S001116,U02805,R0475,2026-02-10 22:50:31,Bangalore,mobile,late_night,False,Tuesday
S001117,U00781,R0785,2026-01-13 12:19:31,Bangalore,mobile,lunch,False,Tuesday
S001118,U00701,R0782,2026-01-27 20:35:31,Bangalore,mobile,dinner,False,Tuesday
S001119,U01317,R0675,2025-12-12 14:50:31,Hyderabad,mobile,lunch,False,Friday
S001120,U02285,R0761,2026-01-17 21:17:31,Hyderabad,web,dinner,True,Saturday
S001121,U03808,R0109,2025-12-20 20:09:31,Delhi,mobile,dinner,True,Saturday
S001122,U02105,R0438,2026-01-26 21:09:31,Mumbai,mobile,dinner,False,Monday
S001123,U01710,R0002,2026-01-23 20:24:31,Pune,mobile,dinner,False,Friday
S001124,U04804,R0388,2026-01-06 12:58:31,Bangalore,mobile,lunch,False,Tuesday
S001125,U02834,R0564,2025-12-11 12:00:31,Pune,web,lunch,False,Thursday
S001126,U03202,R0628,2026-01-24 02:23:31,Hyderabad,mobile,late_night,True,Saturday
S001127,U04429,R0604,2026-01-11 20:23:31,Pune,mobile,dinner,True,Sunday
S001128,U01080,R0790,2026-02-22 19:07:31,Kolkata,mobile,dinner,True,Sunday
S001129,U00352,R0711,2025-12-26 11:10:31,Chennai,mobile,lunch,False,Friday
S001130,U04178,R0790,2025-11-29 21:20:31,Kolkata,mobile,dinner,True,Saturday
S001131,U04037,R0520,2025-12-27 19:40:31,Chennai,web,dinner,True,Saturday
S001132,U00194,R0334,2025-12-30 07:42:31,Chennai,web,breakfast,False,Tuesday
S001133,U03910,R0726,2026-01-15 20:47:31,Bangalore,web,dinner,False,Thursday
S001134,U00287,R0576,2026-02-02 12:45:31,Mumbai,mobile,lunch,False,Monday
S001135,U01617,R0031,2026-01-06 13:31:31,Chennai,mobile,lunch,False,Tuesday
S001136,U04495,R0279,2026-02-08 21:47:31,Mumbai,mobile,dinner,True,Sunday
S001137,U00287,R0563,2025-11-29 11:16:31,Mumbai,mobile,lunch,True,Saturday
S001138,U01628,R0058,2026-01-12 11:25:31,Delhi,mobile,lunch,False,Monday
S001139,U00843,R0340,2026-02-25 21:15:31,Delhi,web,dinner,False,Wednesday
S001140,U04950,R0702,2025-12-16 07:41:31,Delhi,mobile,breakfast,False,Tuesday
S001141,U02146,R0629,2026-01-29 15:24:31,Pune,mobile,snack,False,Thursday
S001142,U00926,R0185,2026-01-22 10:40:31,Mumbai,mobile,breakfast,False,Thursday
S001143,U03714,R0754,2026-01-03 17:50:31,Hyderabad,mobile,snack,True,Saturday
S001144,U00460,R0189,2026-01-31 19:04:31,Chennai,mobile,dinner,True,Saturday
S001145,U00959,R0768,2026-01-14 23:46:31,Mumbai,mobile,late_night,False,Wednesday
S001146,U02493,R0660,2025-12-29 18:40:31,Pune,mobile,dinner,False,Monday
S001147,U00260,R0223,2026-02-02 22:35:31,Delhi,mobile,late_night,False,Monday
S001148,U00930,R0451,2026-02-15 10:40:31,Chennai,mobile,breakfast,True,Sunday
S001149,U01365,R0123,2026-02-01 20:48:31,Bangalore,mobile,dinner,True,Sunday
S001150,U01816,R0141,2025-12-23 21:17:31,Bangalore,web,dinner,False,Tuesday
S001151,U02745,R0054,2026-02-13 12:51:31,Mumbai,tablet,lunch,False,Friday
S001152,U03821,R0441,2025-12-13 13:11:31,Chennai,mobile,lunch,True,Saturday
S001153,U03494,R0330,2026-02-13 16:58:31,Kolkata,mobile,snack,False,Friday
S001154,U01031,R0557,2025-12-14 12:54:31,Pune,mobile,lunch,True,Sunday
S001155,U02911,R0175,2025-12-23 19:01:31,Delhi,mobile,dinner,False,Tuesday
S001156,U03019,R0565,2025-11-30 12:24:31,Kolkata,mobile,lunch,True,Sunday
S001157,U01880,R0155,2026-02-02 20:16:31,Bangalore,mobile,dinner,False,Monday
S001158,U00978,R0321,2025-12-16 22:03:31,Delhi,web,late_night,False,Tuesday
S001159,U04998,R0218,2026-02-05 10:51:31,Bangalore,mobile,breakfast,False,Thursday
S001160,U00607,R0012,2026-02-13 19:01:31,Hyderabad,tablet,dinner,False,Friday
S001161,U01352,R0451,2026-02-10 18:36:31,Chennai,mobile,dinner,False,Tuesday
S001162,U03120,R0528,2025-12-27 22:24:31,Hyderabad,mobile,late_night,True,Saturday
S001163,U03472,R0708,2026-02-20 21:49:31,Bangalore,web,dinner,False,Friday
S001164,U00756,R0677,2026-01-26 11:08:31,Delhi,mobile,lunch,False,Monday
S001165,U03939,R0691,2026-01-13 11:32:31,Bangalore,mobile,lunch,False,Tuesday
S001166,U03572,R0531,2026-01-20 12:58:31,Delhi,mobile,lunch,False,Tuesday
S001167,U04873,R0206,2026-02-18 01:27:31,Kolkata,mobile,late_night,False,Wednesday
S001168,U00880,R0199,2026-02-08 13:53:31,Mumbai,mobile,lunch,True,Sunday
S001169,U04163,R0742,2026-01-25 08:31:31,Mumbai,web,breakfast,True,Sunday
S001170,U01850,R0147,2025-12-29 11:15:31,Delhi,mobile,lunch,False,Monday
S001171,U04973,R0640,2026-01-18 23:00:31,Mumbai,mobile,late_night,True,Sunday
S001172,U01172,R0582,2026-02-05 05:03:31,Mumbai,mobile,late_night,False,Thursday
S001173,U01072,R0045,2026-01-24 10:27:31,Hyderabad,mobile,breakfast,True,Saturday
S001174,U01971,R0027,2025-12-15 20:15:31,Bangalore,web,dinner,False,Monday
S001175,U00489,R0687,2026-01-27 08:57:31,Hyderabad,mobile,breakfast,False,Tuesday
S001176,U04276,R0212,2026-02-24 10:47:31,Bangalore,mobile,breakfast,False,Tuesday
S001177,U03382,R0392,2025-12-26 12:57:31,Delhi,mobile,lunch,False,Friday
S001178,U02341,R0389,2026-01-29 12:51:31,Bangalore,mobile,lunch,False,Thursday
S001179,U00401,R0582,2026-01-22 17:51:31,Mumbai,mobile,snack,False,Thursday
S001180,U02748,R0341,2025-12-15 18:43:31,Bangalore,mobile,dinner,False,Monday
S001181,U00428,R0421,2026-02-26 12:40:31,Hyderabad,mobile,lunch,False,Thursday
S001182,U04360,R0396,2025-12-22 06:40:31,Chennai,mobile,breakfast,False,Monday
S001183,U03538,R0761,2025-12-08 13:28:31,Hyderabad,mobile,lunch,False,Monday
S001184,U04648,R0046,2026-01-19 18:17:31,Kolkata,mobile,dinner,False,Monday
S001185,U04347,R0594,2026-01-18 19:52:31,Chennai,mobile,dinner,True,Sunday
S001186,U03337,R0483,2026-01-27 04:19:31,Hyderabad,mobile,late_night,False,Tuesday
S001187,U03815,R0508,2026-02-06 09:26:31,Chennai,mobile,breakfast,False,Friday
S001188,U04828,R0129,2025-12-17 11:23:31,Bangalore,mobile,lunch,False,Wednesday
S001189,U02655,R0405,2026-02-03 17:49:31,Pune,mobile,snack,False,Tuesday
S001190,U00357,R0292,2026-02-10 19:46:31,Mumbai,mobile,dinner,False,Tuesday
S001191,U01877,R0473,2026-01-12 23:23:31,Kolkata,mobile,late_night,False,Monday
S001192,U00819,R0424,2026-01-04 13:57:31,Pune,web,lunch,True,Sunday
S001193,U01600,R0227,2026-02-07 16:13:31,Kolkata,web,snack,True,Saturday
S001194,U03942,R0340,2026-01-04 16:16:31,Delhi,mobile,snack,True,Sunday
S001195,U04083,R0271,2025-12-20 12:01:31,Chennai,web,lunch,True,Saturday
S001196,U02290,R0426,2026-01-06 21:33:31,Hyderabad,mobile,dinner,False,Tuesday
S001197,U01567,R0541,2025-12-20 10:25:31,Hyderabad,mobile,breakfast,True,Saturday
S001198,U00928,R0456,2025-12-02 12:50:31,Kolkata,mobile,lunch,False,Tuesday
S001199,U00113,R0096,2026-02-05 12:07:31,Mumbai,web,lunch,False,Thursday
S001200,U03047,R0031,2026-02-13 19:36:31,Chennai,mobile,dinner,False,Friday
S001201,U02393,R0734,2025-11-30 14:07:31,Kolkata,tablet,lunch,True,Sunday
S001202,U00711,R0193,2025-12-19 14:40:31,Chennai,tablet,lunch,False,Friday
S001203,U04660,R0236,2025-12-31 06:01:31,Hyderabad,mobile,breakfast,False,Wednesday
S001204,U03383,R0490,2026-02-25 10:16:31,Mumbai,mobile,breakfast,False,Wednesday
S001205,U03467,R0003,2025-12-24 10:36:31,Bangalore,mobile,breakfast,False,Wednesday
S001206,U02605,R0465,2026-01-11 13:45:31,Kolkata,mobile,lunch,True,Sunday
S001207,U00311,R0072,2026-02-17 12:49:31,Chennai,tablet,lunch,False,Tuesday
S001208,U04173,R0192,2025-12-22 13:27:31,Pune,mobile,lunch,False,Monday
S001209,U03144,R0703,2025-12-29 15:33:31,Chennai,mobile,snack,False,Monday
S001210,U03369,R0167,2026-01-05 00:07:31,Mumbai,mobile,late_night,False,Monday
S001211,U00251,R0041,2025-12-31 13:21:31,Delhi,mobile,lunch,False,Wednesday
S001212,U03736,R0613,2026-01-25 18:56:31,Kolkata,mobile,dinner,True,Sunday
S001213,U00138,R0467,2026-01-17 19:32:31,Pune,mobile,dinner,True,Saturday
S001214,U04103,R0520,2025-12-31 10:34:31,Chennai,mobile,breakfast,False,Wednesday
S001215,U00900,R0108,2026-01-18 08:58:31,Kolkata,web,breakfast,True,Sunday
S001216,U02673,R0239,2026-01-21 16:12:31,Chennai,mobile,snack,False,Wednesday
S001217,U04104,R0601,2025-12-06 12:40:31,Pune,mobile,lunch,True,Saturday
S001218,U04558,R0522,2025-12-18 14:39:31,Hyderabad,mobile,lunch,False,Thursday
S001219,U03706,R0729,2026-02-23 11:24:31,Kolkata,mobile,lunch,False,Monday
S001220,U02848,R0776,2025-12-16 19:12:31,Pune,mobile,dinner,False,Tuesday
S001221,U00305,R0606,2025-12-09 11:39:31,Bangalore,mobile,lunch,False,Tuesday
S001222,U03796,R0705,2025-12-23 02:19:31,Bangalore,web,late_night,False,Tuesday
S001223,U02828,R0660,2026-02-18 13:02:31,Pune,mobile,lunch,False,Wednesday
S001224,U01027,R0361,2026-01-24 11:40:31,Chennai,mobile,lunch,True,Saturday
S001225,U04068,R0061,2026-01-29 23:25:31,Chennai,mobile,late_night,False,Thursday
S001226,U01734,R0419,2026-02-10 10:07:31,Hyderabad,mobile,breakfast,False,Tuesday
S001227,U00477,R0150,2026-02-18 06:51:31,Pune,web,breakfast,False,Wednesday
S001228,U04223,R0767,2026-01-09 10:26:31,Hyderabad,mobile,breakfast,False,Friday
S001229,U03752,R0276,2025-12-23 08:21:31,Bangalore,mobile,breakfast,False,Tuesday
S001230,U00151,R0564,2025-12-28 19:11:31,Pune,web,dinner,True,Sunday
S001231,U00921,R0149,2026-01-12 19:06:31,Chennai,tablet,dinner,False,Monday
S001232,U00861,R0193,2026-01-05 12:40:31,Chennai,mobile,lunch,False,Monday
S001233,U04766,R0750,2025-12-18 13:46:31,Chennai,web,lunch,False,Thursday
S001234,U00114,R0723,2026-01-21 12:12:31,Mumbai,mobile,lunch,False,Wednesday
S001235,U03879,R0118,2025-12-15 10:26:31,Hyderabad,web,breakfast,False,Monday
S001236,U00558,R0178,2026-02-22 21:21:31,Kolkata,mobile,dinner,True,Sunday
S001237,U02264,R0312,2026-02-04 00:31:31,Mumbai,mobile,late_night,False,Wednesday
S001238,U03134,R0417,2026-02-26 15:23:31,Hyderabad,mobile,snack,False,Thursday
S001239,U04332,R0695,2026-01-31 08:39:31,Kolkata,mobile,breakfast,True,Saturday
S001240,U02824,R0409,2026-02-01 07:47:31,Mumbai,mobile,breakfast,True,Sunday
S001241,U04585,R0148,2026-02-04 09:37:31,Delhi,mobile,breakfast,False,Wednesday
S001242,U03054,R0086,2026-01-24 08:16:31,Kolkata,mobile,breakfast,True,Saturday
S001243,U01946,R0141,2026-01-21 21:44:31,Bangalore,mobile,dinner,False,Wednesday
S001244,U01482,R0782,2026-01-14 08:27:31,Bangalore,web,breakfast,False,Wednesday
S001245,U01644,R0138,2026-02-01 13:59:31,Mumbai,mobile,lunch,True,Sunday
S001246,U03659,R0659,2026-01-26 19:19:31,Bangalore,mobile,dinner,False,Monday
S001247,U04102,R0085,2025-12-23 05:24:31,Mumbai,mobile,late_night,False,Tuesday
S001248,U04988,R0387,2025-12-20 20:03:31,Chennai,mobile,dinner,True,Saturday
S001249,U03854,R0692,2026-02-03 10:05:31,Hyderabad,mobile,breakfast,False,Tuesday
S001250,U02546,R0092,2026-02-08 08:00:31,Bangalore,mobile,breakfast,True,Sunday
S001251,U00757,R0229,2026-02-16 06:20:31,Mumbai,mobile,breakfast,False,Monday
S001252,U01243,R0315,2026-01-31 14:39:31,Kolkata,mobile,lunch,True,Saturday
S001253,U00449,R0038,2025-12-19 01:36:31,Pune,mobile,late_night,False,Friday
S001254,U01261,R0282,2025-12-28 07:28:31,Delhi,mobile,breakfast,True,Sunday
S001255,U02155,R0504,2025-12-08 14:16:31,Mumbai,mobile,lunch,False,Monday
S001256,U03979,R0104,2026-01-26 20:48:31,Pune,mobile,dinner,False,Monday
S001257,U01157,R0717,2025-12-13 19:40:31,Kolkata,mobile,dinner,True,Saturday
S001258,U00671,R0692,2026-01-16 15:19:31,Hyderabad,mobile,snack,False,Friday
S001259,U01169,R0504,2025-12-24 22:12:31,Mumbai,mobile,late_night,False,Wednesday
S001260,U04426,R0259,2025-11-29 18:18:31,Delhi,web,dinner,True,Saturday
S001261,U00675,R0257,2026-01-28 12:01:31,Kolkata,mobile,lunch,False,Wednesday
S001262,U04344,R0297,2026-02-02 17:11:31,Pune,web,snack,False,Monday
S001263,U04932,R0242,2026-01-16 22:50:31,Hyderabad,mobile,late_night,False,Friday
S001264,U04916,R0455,2025-12-29 14:14:31,Pune,mobile,lunch,False,Monday
S001265,U00688,R0312,2026-01-14 23:49:31,Mumbai,mobile,late_night,False,Wednesday
S001266,U04324,R0359,2025-12-01 08:25:31,Mumbai,web,breakfast,False,Monday
S001267,U02327,R0566,2026-01-31 05:41:31,Delhi,web,late_night,True,Saturday
S001268,U00026,R0619,2026-02-07 08:45:31,Hyderabad,mobile,breakfast,True,Saturday
S001269,U02912,R0544,2025-12-21 12:47:31,Kolkata,mobile,lunch,True,Sunday
S001270,U04506,R0323,2025-12-14 14:00:31,Pune,mobile,lunch,True,Sunday
S001271,U02496,R0135,2026-02-19 12:19:31,Mumbai,mobile,lunch,False,Thursday
S001272,U02043,R0211,2026-01-03 22:29:31,Pune,mobile,late_night,True,Saturday
S001273,U04620,R0423,2025-12-22 12:38:31,Hyderabad,mobile,lunch,False,Monday
S001274,U01230,R0452,2026-01-25 21:37:31,Bangalore,mobile,dinner,True,Sunday
S001275,U03855,R0395,2026-01-19 06:15:31,Pune,mobile,breakfast,False,Monday
S001276,U03493,R0073,2026-01-25 12:41:31,Hyderabad,mobile,lunch,True,Sunday
S001277,U01754,R0748,2025-12-16 10:14:31,Hyderabad,web,breakfast,False,Tuesday
S001278,U01709,R0590,2026-02-17 08:57:31,Bangalore,mobile,breakfast,False,Tuesday
S001279,U00155,R0204,2026-01-15 15:04:31,Mumbai,mobile,snack,False,Thursday
S001280,U03682,R0650,2026-01-18 12:46:31,Hyderabad,mobile,lunch,True,Sunday
S001281,U00207,R0271,2026-01-17 20:01:31,Chennai,mobile,dinner,True,Saturday
S001282,U01594,R0246,2026-01-07 18:15:31,Hyderabad,web,dinner,False,Wednesday
S001283,U00157,R0034,2026-01-30 18:49:31,Delhi,mobile,dinner,False,Friday
S001284,U03440,R0071,2025-12-23 12:14:31,Delhi,mobile,lunch,False,Tuesday
S001285,U03824,R0523,2025-12-06 22:47:31,Delhi,web,late_night,True,Saturday
S001286,U01908,R0588,2026-02-09 17:55:31,Bangalore,mobile,snack,False,Monday
S001287,U01783,R0527,2025-12-21 17:57:31,Kolkata,mobile,snack,True,Sunday
S001288,U01038,R0322,2026-02-23 21:23:31,Chennai,mobile,dinner,False,Monday
S001289,U00622,R0538,2025-12-17 14:17:31,Mumbai,web,lunch,False,Wednesday
S001290,U02532,R0163,2026-01-25 13:49:31,Hyderabad,mobile,lunch,True,Sunday
S001291,U00740,R0388,2026-02-06 22:03:31,Bangalore,web,late_night,False,Friday
S001292,U01810,R0347,2025-12-18 14:25:31,Kolkata,web,lunch,False,Thursday
S001293,U01980,R0534,2026-01-07 11:46:31,Chennai,mobile,lunch,False,Wednesday
S001294,U04572,R0035,2026-02-17 00:34:31,Kolkata,mobile,late_night,False,Tuesday
S001295,U03947,R0428,2026-02-07 09:07:31,Kolkata,mobile,breakfast,True,Saturday
S001296,U01505,R0285,2026-01-07 19:56:31,Kolkata,web,dinner,False,Wednesday
S001297,U02295,R0324,2026-01-24 21:37:31,Delhi,mobile,dinner,True,Saturday
S001298,U03398,R0525,2026-01-15 12:22:31,Kolkata,mobile,lunch,False,Thursday
S001299,U00514,R0553,2026-02-26 20:04:31,Bangalore,mobile,dinner,False,Thursday
S001300,U01447,R0518,2026-02-16 21:31:31,Hyderabad,web,dinner,False,Monday
S001301,U02812,R0785,2026-02-18 17:27:31,Bangalore,mobile,snack,False,Wednesday
S001302,U01418,R0417,2026-02-05 12:12:31,Hyderabad,mobile,lunch,False,Thursday
S001303,U02264,R0572,2026-01-07 16:27:31,Mumbai,mobile,snack,False,Wednesday
S001304,U01197,R0742,2026-02-09 07:13:31,Mumbai,tablet,breakfast,False,Monday
S001305,U03511,R0312,2025-12-05 08:04:31,Mumbai,mobile,breakfast,False,Friday
S001306,U04909,R0786,2026-01-14 01:37:31,Delhi,web,late_night,False,Wednesday
S001307,U00289,R0504,2026-02-14 08:23:31,Mumbai,mobile,breakfast,True,Saturday
S001308,U04260,R0125,2025-11-30 19:26:31,Bangalore,mobile,dinner,True,Sunday
S001309,U03316,R0718,2026-02-21 20:11:31,Chennai,mobile,dinner,True,Saturday
S001310,U03493,R0198,2026-02-18 02:03:31,Hyderabad,web,late_night,False,Wednesday
S001311,U01859,R0465,2026-01-11 07:59:31,Kolkata,mobile,breakfast,True,Sunday
S001312,U03096,R0021,2026-02-17 12:13:31,Chennai,mobile,lunch,False,Tuesday
S001313,U04646,R0675,2026-01-01 11:52:31,Hyderabad,mobile,lunch,False,Thursday
S001314,U00001,R0702,2026-01-16 17:38:31,Delhi,mobile,snack,False,Friday
S001315,U04579,R0368,2026-02-07 10:26:31,Mumbai,mobile,breakfast,True,Saturday
S001316,U03903,R0387,2026-02-10 18:24:31,Chennai,web,dinner,False,Tuesday
S001317,U02650,R0088,2025-12-31 12:16:31,Mumbai,mobile,lunch,False,Wednesday
S001318,U01583,R0334,2026-01-02 23:11:31,Chennai,mobile,late_night,False,Friday
S001319,U00866,R0764,2026-01-22 18:09:31,Delhi,mobile,dinner,False,Thursday
S001320,U04920,R0544,2026-01-19 15:05:31,Kolkata,mobile,snack,False,Monday
S001321,U00626,R0152,2025-12-03 03:03:31,Pune,mobile,late_night,False,Wednesday
S001322,U02514,R0393,2026-01-25 12:45:31,Chennai,mobile,lunch,True,Sunday
S001323,U01525,R0561,2025-12-06 19:28:31,Bangalore,mobile,dinner,True,Saturday
S001324,U00822,R0039,2026-01-20 10:51:31,Delhi,mobile,breakfast,False,Tuesday
S001325,U04662,R0065,2026-01-29 16:43:31,Mumbai,mobile,snack,False,Thursday
S001326,U03492,R0420,2025-12-24 20:47:31,Chennai,mobile,dinner,False,Wednesday
S001327,U00933,R0685,2026-01-25 10:48:31,Mumbai,web,breakfast,True,Sunday
S001328,U01307,R0205,2026-02-23 08:59:31,Pune,mobile,breakfast,False,Monday
S001329,U01277,R0551,2025-12-08 15:28:31,Pune,mobile,snack,False,Monday
S001330,U02436,R0185,2025-12-23 11:27:31,Mumbai,mobile,lunch,False,Tuesday
S001331,U01753,R0261,2026-01-04 13:55:31,Hyderabad,web,lunch,True,Sunday
S001332,U04473,R0401,2025-12-18 11:02:31,Hyderabad,mobile,lunch,False,Thursday
S001333,U03107,R0081,2025-12-28 11:39:31,Hyderabad,web,lunch,True,Sunday
S001334,U00825,R0488,2026-01-10 17:30:31,Pune,mobile,snack,True,Saturday
S001335,U01388,R0120,2026-02-15 16:05:31,Hyderabad,mobile,snack,True,Sunday
S001336,U03879,R0246,2026-02-26 12:23:31,Hyderabad,mobile,lunch,False,Thursday
S001337,U04696,R0258,2026-02-06 15:53:31,Chennai,tablet,snack,False,Friday
S001338,U04027,R0060,2025-12-22 19:55:31,Mumbai,mobile,dinner,False,Monday
S001339,U04724,R0450,2025-12-04 19:03:31,Bangalore,mobile,dinner,False,Thursday
S001340,U03835,R0463,2025-12-26 06:13:31,Delhi,mobile,breakfast,False,Friday
S001341,U01787,R0446,2026-01-11 12:03:31,Pune,mobile,lunch,True,Sunday
S001342,U02356,R0157,2025-12-07 13:37:31,Mumbai,web,lunch,True,Sunday
S001343,U02874,R0685,2025-12-09 16:01:31,Mumbai,mobile,snack,False,Tuesday
S001344,U00862,R0245,2026-02-06 20:05:31,Delhi,web,dinner,False,Friday
S001345,U02959,R0066,2026-02-15 21:06:31,Hyderabad,mobile,dinner,True,Sunday
S001346,U04594,R0721,2025-12-29 14:52:31,Hyderabad,mobile,lunch,False,Monday
S001347,U03502,R0430,2026-02-13 11:26:31,Bangalore,mobile,lunch,False,Friday
S001348,U04305,R0507,2025-12-17 21:44:31,Pune,mobile,dinner,False,Wednesday
S001349,U01450,R0033,2026-01-16 18:57:31,Delhi,mobile,dinner,False,Friday
S001350,U04355,R0764,2026-02-12 23:30:31,Delhi,mobile,late_night,False,Thursday
S001351,U01323,R0532,2025-12-20 18:57:31,Pune,mobile,dinner,True,Saturday
S001352,U04633,R0509,2026-01-22 20:27:31,Bangalore,mobile,dinner,False,Thursday
S001353,U01109,R0002,2026-02-13 10:44:31,Pune,mobile,breakfast,False,Friday
S001354,U01048,R0006,2026-01-29 23:44:31,Chennai,mobile,late_night,False,Thursday
S001355,U01752,R0186,2026-01-20 13:47:31,Delhi,mobile,lunch,False,Tuesday
S001356,U03259,R0419,2026-01-15 11:48:31,Hyderabad,mobile,lunch,False,Thursday
S001357,U03822,R0633,2025-12-02 06:45:31,Bangalore,web,breakfast,False,Tuesday
S001358,U00354,R0222,2026-01-26 12:21:31,Pune,mobile,lunch,False,Monday
S001359,U04663,R0688,2025-12-23 19:20:31,Chennai,mobile,dinner,False,Tuesday
S001360,U00326,R0538,2025-12-21 06:33:31,Mumbai,web,breakfast,True,Sunday
S001361,U03308,R0103,2026-01-04 06:28:31,Hyderabad,web,breakfast,True,Sunday
S001362,U02272,R0327,2026-02-14 16:52:31,Pune,mobile,snack,True,Saturday
S001363,U02648,R0398,2025-12-19 19:37:31,Bangalore,web,dinner,False,Friday
S001364,U01577,R0654,2026-01-25 12:11:31,Pune,mobile,lunch,True,Sunday
S001365,U02554,R0347,2026-01-10 19:51:31,Kolkata,mobile,dinner,True,Saturday
S001366,U04068,R0449,2025-12-23 10:08:31,Chennai,web,breakfast,False,Tuesday
S001367,U00911,R0611,2026-02-09 06:51:31,Chennai,mobile,breakfast,False,Monday
S001368,U03116,R0546,2026-01-20 16:17:31,Chennai,tablet,snack,False,Tuesday
S001369,U04123,R0490,2025-11-29 21:22:31,Mumbai,mobile,dinner,True,Saturday
S001370,U03521,R0078,2026-01-02 19:40:31,Mumbai,mobile,dinner,False,Friday
S001371,U00263,R0101,2025-12-23 18:12:31,Hyderabad,mobile,dinner,False,Tuesday
S001372,U04695,R0146,2026-01-30 19:56:31,Delhi,mobile,dinner,False,Friday
S001373,U00059,R0530,2026-02-15 03:05:31,Pune,mobile,late_night,True,Sunday
S001374,U04362,R0185,2026-01-26 14:53:31,Mumbai,tablet,lunch,False,Monday
S001375,U00657,R0089,2026-01-08 10:38:31,Mumbai,mobile,breakfast,False,Thursday
S001376,U00948,R0718,2026-02-18 18:46:31,Chennai,mobile,dinner,False,Wednesday
S001377,U02069,R0647,2026-01-07 14:34:31,Delhi,mobile,lunch,False,Wednesday
S001378,U00129,R0728,2026-01-11 11:11:31,Kolkata,mobile,lunch,True,Sunday
S001379,U02790,R0432,2026-01-03 21:32:31,Hyderabad,mobile,dinner,True,Saturday
S001380,U03652,R0176,2026-02-01 22:40:31,Chennai,web,late_night,True,Sunday
S001381,U03419,R0187,2026-02-08 15:28:31,Kolkata,mobile,snack,True,Sunday
S001382,U04343,R0091,2026-02-15 23:40:31,Pune,mobile,late_night,True,Sunday
S001383,U03633,R0635,2025-12-06 13:37:31,Pune,mobile,lunch,True,Saturday
S001384,U00575,R0698,2026-01-08 20:21:31,Kolkata,mobile,dinner,False,Thursday
S001385,U00812,R0268,2026-01-23 05:13:31,Chennai,mobile,late_night,False,Friday
S001386,U00619,R0615,2025-12-09 00:15:31,Bangalore,mobile,late_night,False,Tuesday
S001387,U02182,R0449,2025-12-14 23:33:31,Chennai,mobile,late_night,True,Sunday
S001388,U01072,R0250,2026-01-11 18:59:31,Hyderabad,web,dinner,True,Sunday
S001389,U00545,R0194,2025-11-28 14:23:31,Kolkata,mobile,lunch,False,Friday
S001390,U01527,R0343,2025-12-27 10:36:31,Pune,mobile,breakfast,True,Saturday
S001391,U02645,R0160,2026-01-02 01:22:31,Pune,mobile,late_night,False,Friday
S001392,U04578,R0493,2026-02-25 05:14:31,Hyderabad,web,late_night,False,Wednesday
S001393,U00701,R0277,2025-12-15 22:52:31,Bangalore,mobile,late_night,False,Monday
S001394,U00415,R0323,2026-01-01 16:52:31,Pune,mobile,snack,False,Thursday
S001395,U00384,R0513,2026-01-03 20:03:31,Kolkata,web,dinner,True,Saturday
S001396,U00719,R0336,2026-02-19 02:22:31,Kolkata,web,late_night,False,Thursday
S001397,U01415,R0654,2025-12-24 13:46:31,Pune,mobile,lunch,False,Wednesday
S001398,U04757,R0694,2026-01-27 19:36:31,Kolkata,mobile,dinner,False,Tuesday
S001399,U03242,R0625,2026-01-04 17:24:31,Bangalore,tablet,snack,True,Sunday
S001400,U03770,R0621,2026-01-12 06:22:31,Mumbai,web,breakfast,False,Monday
S001401,U01374,R0434,2025-12-24 21:01:31,Mumbai,mobile,dinner,False,Wednesday
S001402,U00015,R0784,2025-12-27 14:57:31,Hyderabad,mobile,lunch,True,Saturday
S001403,U00316,R0730,2026-02-26 11:13:31,Pune,mobile,lunch,False,Thursday
S001404,U03685,R0742,2026-02-05 17:37:31,Mumbai,mobile,snack,False,Thursday
S001405,U00909,R0312,2026-02-04 12:19:31,Mumbai,mobile,lunch,False,Wednesday
S001406,U03111,R0661,2026-02-01 21:02:31,Mumbai,mobile,dinner,True,Sunday
S001407,U01345,R0758,2026-01-30 00:22:31,Mumbai,web,late_night,False,Friday
S001408,U02070,R0784,2026-01-30 11:34:31,Hyderabad,mobile,lunch,False,Friday
S001409,U02751,R0181,2025-12-10 11:02:31,Hyderabad,mobile,lunch,False,Wednesday
S001410,U01854,R0710,2026-02-15 08:44:31,Delhi,mobile,breakfast,True,Sunday
S001411,U03929,R0127,2025-12-23 22:01:31,Hyderabad,mobile,late_night,False,Tuesday
S001412,U02502,R0224,2026-01-13 21:17:31,Pune,mobile,dinner,False,Tuesday
S001413,U04902,R0123,2026-01-25 20:38:31,Bangalore,mobile,dinner,True,Sunday
S001414,U01484,R0548,2025-12-05 18:27:31,Delhi,mobile,dinner,False,Friday
S001415,U04814,R0731,2026-02-13 21:10:31,Kolkata,web,dinner,False,Friday
S001416,U03913,R0588,2026-02-09 11:45:31,Bangalore,mobile,lunch,False,Monday
S001417,U00535,R0681,2025-12-07 21:34:31,Kolkata,mobile,dinner,True,Sunday
S001418,U04587,R0457,2026-02-04 22:21:31,Delhi,mobile,late_night,False,Wednesday
S001419,U01909,R0165,2025-12-14 11:38:31,Kolkata,web,lunch,True,Sunday
S001420,U04363,R0640,2026-02-12 23:08:31,Mumbai,web,late_night,False,Thursday
S001421,U02412,R0281,2026-01-29 06:26:31,Pune,mobile,breakfast,False,Thursday
S001422,U00465,R0123,2025-12-21 21:11:31,Bangalore,mobile,dinner,True,Sunday
S001423,U01375,R0685,2025-12-26 13:38:31,Mumbai,tablet,lunch,False,Friday
S001424,U00915,R0062,2025-12-10 13:20:31,Kolkata,mobile,lunch,False,Wednesday
S001425,U02418,R0181,2026-02-25 22:31:31,Hyderabad,mobile,late_night,False,Wednesday
S001426,U03274,R0565,2025-12-16 11:04:31,Kolkata,web,lunch,False,Tuesday
S001427,U01010,R0420,2026-01-11 15:35:31,Chennai,web,snack,True,Sunday
S001428,U04679,R0622,2025-12-03 13:23:31,Hyderabad,mobile,lunch,False,Wednesday
S001429,U00744,R0177,2026-01-24 13:27:31,Pune,web,lunch,True,Saturday
S001430,U00299,R0563,2026-01-16 04:51:31,Mumbai,mobile,late_night,False,Friday
S001431,U03390,R0737,2026-02-23 19:56:31,Delhi,mobile,dinner,False,Monday
S001432,U01557,R0605,2026-02-19 17:33:31,Hyderabad,mobile,snack,False,Thursday
S001433,U00346,R0257,2026-01-05 11:47:31,Kolkata,mobile,lunch,False,Monday
S001434,U02512,R0432,2026-01-03 07:25:31,Hyderabad,mobile,breakfast,True,Saturday
S001435,U00586,R0372,2026-02-11 21:35:31,Hyderabad,web,dinner,False,Wednesday
S001436,U03644,R0574,2026-01-11 16:50:31,Chennai,mobile,snack,True,Sunday
S001437,U01326,R0778,2026-02-11 10:26:31,Chennai,mobile,breakfast,False,Wednesday
S001438,U02982,R0232,2026-02-17 13:15:31,Bangalore,mobile,lunch,False,Tuesday
S001439,U04283,R0598,2026-01-25 07:22:31,Pune,mobile,breakfast,True,Sunday
S001440,U01820,R0144,2026-01-21 15:46:31,Bangalore,mobile,snack,False,Wednesday
S001441,U03973,R0532,2026-02-16 10:09:31,Pune,mobile,breakfast,False,Monday
S001442,U04734,R0199,2026-01-05 16:49:31,Mumbai,mobile,snack,False,Monday
S001443,U01449,R0377,2025-12-27 00:34:31,Hyderabad,tablet,late_night,True,Saturday
S001444,U04941,R0391,2025-12-27 15:57:31,Chennai,mobile,snack,True,Saturday
S001445,U04661,R0623,2026-02-14 18:01:31,Mumbai,tablet,dinner,True,Saturday
S001446,U03900,R0259,2025-12-06 21:40:31,Delhi,web,dinner,True,Saturday
S001447,U00489,R0266,2026-01-31 11:25:31,Hyderabad,mobile,lunch,True,Saturday
S001448,U01248,R0400,2026-02-16 15:19:31,Hyderabad,mobile,snack,False,Monday
S001449,U00200,R0460,2026-01-12 11:30:31,Delhi,web,lunch,False,Monday
S001450,U03546,R0639,2025-12-05 23:22:31,Bangalore,mobile,late_night,False,Friday
S001451,U02377,R0118,2026-02-02 22:40:31,Hyderabad,mobile,late_night,False,Monday
S001452,U00944,R0694,2026-01-19 06:03:31,Kolkata,mobile,breakfast,False,Monday
S001453,U04059,R0027,2026-01-08 21:13:31,Bangalore,mobile,dinner,False,Thursday
S001454,U02996,R0196,2025-12-09 19:12:31,Mumbai,mobile,dinner,False,Tuesday
S001455,U01803,R0210,2026-02-16 19:11:31,Delhi,mobile,dinner,False,Monday
S001456,U00458,R0708,2026-01-13 19:34:31,Bangalore,mobile,dinner,False,Tuesday
S001457,U02461,R0620,2025-12-17 13:14:31,Mumbai,mobile,lunch,False,Wednesday
S001458,U04968,R0235,2026-01-24 02:13:31,Mumbai,web,late_night,True,Saturday
S001459,U04392,R0685,2026-02-09 00:01:31,Mumbai,mobile,late_night,False,Monday
S001460,U00282,R0552,2026-02-19 18:14:31,Pune,mobile,dinner,False,Thursday
S001461,U02717,R0685,2025-12-30 11:58:31,Mumbai,mobile,lunch,False,Tuesday
S001462,U02994,R0090,2025-12-09 07:11:31,Delhi,mobile,breakfast,False,Tuesday
S001463,U04953,R0719,2026-01-02 21:48:31,Chennai,mobile,dinner,False,Friday
S001464,U00361,R0527,2026-01-13 23:26:31,Kolkata,mobile,late_night,False,Tuesday
S001465,U00691,R0448,2025-12-01 10:09:31,Pune,mobile,breakfast,False,Monday
S001466,U01314,R0613,2025-12-06 15:35:31,Kolkata,web,snack,True,Saturday
S001467,U00150,R0393,2026-01-18 10:17:31,Chennai,tablet,breakfast,True,Sunday
S001468,U01593,R0373,2025-12-11 19:54:31,Pune,mobile,dinner,False,Thursday
S001469,U04757,R0706,2026-01-13 13:19:31,Kolkata,mobile,lunch,False,Tuesday
S001470,U04412,R0509,2025-12-24 21:29:31,Bangalore,mobile,dinner,False,Wednesday
S001471,U02290,R0249,2026-01-04 06:11:31,Hyderabad,mobile,breakfast,True,Sunday
S001472,U02166,R0006,2026-02-17 11:01:31,Chennai,mobile,lunch,False,Tuesday
S001473,U03325,R0350,2026-02-26 09:14:31,Pune,mobile,breakfast,False,Thursday
S001474,U02344,R0413,2025-12-20 21:17:31,Bangalore,mobile,dinner,True,Saturday
S001475,U01411,R0290,2025-12-13 10:51:31,Mumbai,mobile,breakfast,True,Saturday
S001476,U01697,R0786,2025-12-12 08:34:31,Delhi,tablet,breakfast,False,Friday
S001477,U04313,R0001,2025-11-28 07:12:31,Chennai,mobile,breakfast,False,Friday
S001478,U03756,R0685,2025-12-04 18:59:31,Mumbai,mobile,dinner,False,Thursday
S001479,U04345,R0545,2026-02-11 20:13:31,Kolkata,web,dinner,False,Wednesday
S001480,U04044,R0673,2026-01-13 06:47:31,Pune,mobile,breakfast,False,Tuesday
S001481,U03410,R0653,2025-12-25 21:17:31,Chennai,mobile,dinner,False,Thursday
S001482,U02929,R0352,2026-02-10 14:20:31,Mumbai,web,lunch,False,Tuesday
S001483,U00175,R0514,2025-12-28 23:22:31,Kolkata,web,late_night,True,Sunday
S001484,U02899,R0075,2026-01-06 11:47:31,Bangalore,mobile,lunch,False,Tuesday
S001485,U03664,R0185,2025-12-19 08:17:31,Mumbai,mobile,breakfast,False,Friday
S001486,U03078,R0546,2026-02-04 12:09:31,Chennai,mobile,lunch,False,Wednesday
S001487,U00811,R0060,2026-02-13 03:42:31,Mumbai,mobile,late_night,False,Friday
S001488,U02262,R0331,2026-01-22 08:08:31,Bangalore,mobile,breakfast,False,Thursday
S001489,U04466,R0409,2026-02-12 11:01:31,Mumbai,mobile,lunch,False,Thursday
S001490,U00847,R0558,2026-01-30 14:01:31,Pune,web,lunch,False,Friday
S001491,U03942,R0041,2026-02-11 16:08:31,Delhi,mobile,snack,False,Wednesday
S001492,U02929,R0030,2026-01-16 19:57:31,Mumbai,mobile,dinner,False,Friday
S001493,U01909,R0466,2026-02-26 19:01:31,Kolkata,mobile,dinner,False,Thursday
S001494,U03023,R0755,2026-02-18 10:52:31,Chennai,mobile,breakfast,False,Wednesday
S001495,U01852,R0783,2025-12-23 14:42:31,Bangalore,mobile,lunch,False,Tuesday
S001496,U03585,R0619,2026-01-24 04:36:31,Hyderabad,mobile,late_night,True,Saturday
S001497,U01247,R0074,2025-12-15 07:39:31,Delhi,mobile,breakfast,False,Monday
S001498,U03744,R0281,2026-01-21 11:38:31,Pune,mobile,lunch,False,Wednesday
S001499,U04759,R0451,2025-11-28 13:46:31,Chennai,mobile,lunch,False,Friday
S001500,U01254,R0344,2025-12-11 15:29:31,Chennai,mobile,snack,False,Thursday
S001501,U03167,R0140,2026-01-27 03:54:31,Kolkata,mobile,late_night,False,Tuesday
S001502,U04289,R0411,2026-02-25 20:33:31,Mumbai,mobile,dinner,False,Wednesday
S001503,U02091,R0388,2026-01-18 19:37:31,Bangalore,mobile,dinner,True,Sunday
S001504,U02506,R0348,2025-12-19 13:41:31,Pune,web,lunch,False,Friday
S001505,U02334,R0381,2026-01-29 11:44:31,Bangalore,mobile,lunch,False,Thursday
S001506,U02132,R0012,2026-01-29 21:12:31,Hyderabad,mobile,dinner,False,Thursday
S001507,U01015,R0311,2026-01-07 06:38:31,Bangalore,mobile,breakfast,False,Wednesday
S001508,U00781,R0606,2026-02-23 21:49:31,Bangalore,mobile,dinner,False,Monday
S001509,U04573,R0019,2025-12-04 13:29:31,Bangalore,mobile,lunch,False,Thursday
S001510,U01236,R0708,2025-12-27 00:14:31,Bangalore,mobile,late_night,True,Saturday
S001511,U00688,R0085,2026-02-03 10:58:31,Mumbai,web,breakfast,False,Tuesday
S001512,U00846,R0490,2026-01-21 12:30:31,Mumbai,mobile,lunch,False,Wednesday
S001513,U00613,R0146,2025-12-14 14:56:31,Delhi,mobile,lunch,True,Sunday
S001514,U02940,R0180,2026-01-09 18:41:31,Chennai,mobile,dinner,False,Friday
S001515,U04784,R0325,2025-12-09 01:49:31,Kolkata,mobile,late_night,False,Tuesday
S001516,U03710,R0318,2026-01-24 10:54:31,Hyderabad,mobile,breakfast,True,Saturday
S001517,U00973,R0179,2026-01-08 12:37:31,Kolkata,mobile,lunch,False,Thursday
S001518,U02375,R0652,2025-12-24 18:18:31,Mumbai,mobile,dinner,False,Wednesday
S001519,U02716,R0454,2025-12-22 15:26:31,Bangalore,mobile,snack,False,Monday
S001520,U04922,R0015,2026-01-18 22:51:31,Bangalore,web,late_night,True,Sunday
S001521,U01448,R0123,2026-02-01 18:56:31,Bangalore,mobile,dinner,True,Sunday
S001522,U02741,R0038,2026-01-13 19:26:31,Pune,mobile,dinner,False,Tuesday
S001523,U04736,R0644,2026-02-06 15:50:31,Chennai,mobile,snack,False,Friday
S001524,U03916,R0101,2026-01-13 13:29:31,Hyderabad,mobile,lunch,False,Tuesday
S001525,U04045,R0074,2026-01-14 22:09:31,Delhi,mobile,late_night,False,Wednesday
S001526,U04927,R0408,2025-12-13 08:58:31,Mumbai,mobile,breakfast,True,Saturday
S001527,U02157,R0778,2026-01-09 13:41:31,Chennai,mobile,lunch,False,Friday
S001528,U04451,R0533,2025-12-18 08:39:31,Kolkata,mobile,breakfast,False,Thursday
S001529,U04282,R0442,2025-12-04 15:35:31,Bangalore,web,snack,False,Thursday
S001530,U02706,R0700,2026-02-19 07:58:31,Pune,mobile,breakfast,False,Thursday
S001531,U01268,R0294,2025-12-19 10:13:31,Pune,tablet,breakfast,False,Friday
S001532,U03006,R0048,2026-01-19 07:20:31,Bangalore,mobile,breakfast,False,Monday
S001533,U00873,R0420,2025-12-30 11:29:31,Chennai,mobile,lunch,False,Tuesday
S001534,U01000,R0074,2026-02-10 07:06:31,Delhi,web,breakfast,False,Tuesday
S001535,U00876,R0006,2026-01-28 14:52:31,Chennai,mobile,lunch,False,Wednesday
S001536,U02216,R0644,2026-01-18 21:06:31,Chennai,web,dinner,True,Sunday
S001537,U02991,R0347,2026-01-09 19:39:31,Kolkata,mobile,dinner,False,Friday
S001538,U03526,R0381,2025-12-07 18:55:31,Bangalore,mobile,dinner,True,Sunday
S001539,U04405,R0765,2025-12-17 14:17:31,Kolkata,mobile,lunch,False,Wednesday
S001540,U00566,R0613,2026-02-21 20:50:31,Kolkata,mobile,dinner,True,Saturday
S001541,U02109,R0564,2025-12-05 19:09:31,Pune,mobile,dinner,False,Friday
S001542,U01819,R0478,2026-02-03 05:13:31,Hyderabad,mobile,late_night,False,Tuesday
S001543,U01720,R0210,2026-01-15 21:16:31,Delhi,mobile,dinner,False,Thursday
S001544,U01330,R0788,2026-01-01 22:45:31,Pune,mobile,late_night,False,Thursday
S001545,U03491,R0329,2026-01-19 07:41:31,Delhi,mobile,breakfast,False,Monday
S001546,U01068,R0478,2025-12-02 21:15:31,Hyderabad,web,dinner,False,Tuesday
S001547,U03524,R0672,2026-02-08 15:18:31,Delhi,mobile,snack,True,Sunday
S001548,U04744,R0446,2026-01-12 20:24:31,Pune,mobile,dinner,False,Monday
S001549,U02478,R0200,2025-12-09 15:32:31,Kolkata,mobile,snack,False,Tuesday
S001550,U00214,R0381,2025-12-26 10:33:31,Bangalore,mobile,breakfast,False,Friday
S001551,U00317,R0561,2026-01-13 20:08:31,Bangalore,web,dinner,False,Tuesday
S001552,U01232,R0205,2025-11-28 19:43:31,Pune,mobile,dinner,False,Friday
S001553,U04856,R0447,2026-02-04 07:03:31,Delhi,mobile,breakfast,False,Wednesday
S001554,U00242,R0784,2026-02-09 22:53:31,Hyderabad,mobile,late_night,False,Monday
S001555,U02265,R0141,2026-01-14 18:03:31,Bangalore,mobile,dinner,False,Wednesday
S001556,U04602,R0049,2026-02-10 10:00:31,Delhi,mobile,breakfast,False,Tuesday
S001557,U04089,R0134,2025-12-11 12:28:31,Hyderabad,mobile,lunch,False,Thursday
S001558,U04308,R0167,2025-12-17 18:47:31,Mumbai,mobile,dinner,False,Wednesday
S001559,U02521,R0629,2026-01-18 21:09:31,Pune,mobile,dinner,True,Sunday
S001560,U01440,R0315,2026-02-14 12:12:31,Kolkata,mobile,lunch,True,Saturday
S001561,U03590,R0509,2026-01-30 17:52:31,Bangalore,mobile,snack,False,Friday
S001562,U04853,R0352,2025-12-08 10:44:31,Mumbai,web,breakfast,False,Monday
S001563,U03410,R0253,2026-01-28 04:03:31,Chennai,mobile,late_night,False,Wednesday
S001564,U01415,R0205,2025-12-20 22:41:31,Pune,mobile,late_night,True,Saturday
S001565,U04096,R0518,2026-01-10 09:30:31,Hyderabad,mobile,breakfast,True,Saturday
S001566,U01874,R0378,2025-12-28 05:42:31,Hyderabad,tablet,late_night,True,Sunday
S001567,U01953,R0441,2025-12-26 12:43:31,Chennai,web,lunch,False,Friday
S001568,U01469,R0783,2025-12-12 21:10:31,Bangalore,mobile,dinner,False,Friday
S001569,U03890,R0424,2026-01-03 06:44:31,Pune,mobile,breakfast,True,Saturday
S001570,U03165,R0321,2025-12-09 19:36:31,Delhi,mobile,dinner,False,Tuesday
S001571,U02937,R0350,2026-02-15 19:21:31,Pune,web,dinner,True,Sunday
S001572,U03373,R0554,2025-12-23 11:42:31,Kolkata,tablet,lunch,False,Tuesday
S001573,U03558,R0279,2026-02-26 20:41:31,Mumbai,mobile,dinner,False,Thursday
S001574,U01924,R0284,2026-01-04 18:18:31,Pune,mobile,dinner,True,Sunday
S001575,U00915,R0592,2026-01-22 12:58:31,Kolkata,mobile,lunch,False,Thursday
S001576,U03438,R0200,2025-12-11 19:14:31,Kolkata,mobile,dinner,False,Thursday
S001577,U02100,R0055,2025-12-13 11:29:31,Bangalore,web,lunch,True,Saturday
S001578,U03204,R0330,2025-12-04 23:30:31,Kolkata,mobile,late_night,False,Thursday
S001579,U03714,R0369,2026-01-09 06:15:31,Hyderabad,mobile,breakfast,False,Friday
S001580,U01617,R0404,2025-12-24 12:43:31,Chennai,mobile,lunch,False,Wednesday
S001581,U01063,R0605,2026-02-09 12:19:31,Hyderabad,tablet,lunch,False,Monday
S001582,U04694,R0584,2026-01-07 13:36:31,Mumbai,web,lunch,False,Wednesday
S001583,U04531,R0081,2026-01-16 11:29:31,Hyderabad,mobile,lunch,False,Friday
S001584,U01773,R0475,2025-12-12 22:22:31,Bangalore,web,late_night,False,Friday
S001585,U00361,R0443,2026-02-03 23:24:31,Kolkata,mobile,late_night,False,Tuesday
S001586,U03455,R0354,2026-01-11 12:21:31,Hyderabad,mobile,lunch,True,Sunday
S001587,U02456,R0177,2026-02-13 07:56:31,Pune,mobile,breakfast,False,Friday
S001588,U02910,R0456,2026-02-24 08:10:31,Kolkata,mobile,breakfast,False,Tuesday
S001589,U03566,R0015,2026-02-16 16:46:31,Bangalore,web,snack,False,Monday
S001590,U03033,R0487,2026-01-24 11:58:31,Hyderabad,mobile,lunch,True,Saturday
S001591,U01623,R0479,2026-01-18 06:59:31,Kolkata,mobile,breakfast,True,Sunday
S001592,U02783,R0409,2025-12-18 15:55:31,Mumbai,mobile,snack,False,Thursday
S001593,U00816,R0165,2026-01-15 02:42:31,Kolkata,mobile,late_night,False,Thursday
S001594,U04917,R0121,2026-02-23 09:27:31,Bangalore,mobile,breakfast,False,Monday
S001595,U03107,R0246,2025-12-07 12:42:31,Hyderabad,mobile,lunch,True,Sunday
S001596,U02821,R0013,2026-01-18 12:32:31,Delhi,mobile,lunch,True,Sunday
S001597,U01180,R0786,2026-01-24 16:26:31,Delhi,mobile,snack,True,Saturday
S001598,U04383,R0222,2026-01-05 21:05:31,Pune,mobile,dinner,False,Monday
S001599,U01942,R0145,2026-02-04 21:53:31,Kolkata,mobile,dinner,False,Wednesday
S001600,U02720,R0500,2026-01-31 04:36:31,Pune,web,late_night,True,Saturday
S001601,U01255,R0487,2026-01-24 16:13:31,Hyderabad,mobile,snack,True,Saturday
S001602,U00416,R0736,2026-01-03 22:11:31,Delhi,mobile,late_night,True,Saturday
S001603,U03556,R0695,2025-12-04 04:42:31,Kolkata,mobile,late_night,False,Thursday
S001604,U03174,R0768,2026-02-22 10:06:31,Mumbai,mobile,breakfast,True,Sunday
S001605,U04910,R0769,2025-12-06 19:00:31,Bangalore,tablet,dinner,True,Saturday
S001606,U00459,R0362,2025-12-05 17:20:31,Delhi,mobile,snack,False,Friday
S001607,U02183,R0689,2025-12-25 02:07:31,Delhi,web,late_night,False,Thursday
S001608,U00198,R0791,2026-02-21 08:28:31,Hyderabad,mobile,breakfast,True,Saturday
S001609,U00743,R0036,2026-01-29 10:54:31,Hyderabad,mobile,breakfast,False,Thursday
S001610,U02013,R0245,2026-01-06 13:42:31,Delhi,mobile,lunch,False,Tuesday
S001611,U04772,R0047,2025-12-18 13:06:31,Pune,mobile,lunch,False,Thursday
S001612,U02429,R0095,2025-12-04 03:13:31,Kolkata,mobile,late_night,False,Thursday
S001613,U04135,R0360,2026-02-25 16:18:31,Delhi,mobile,snack,False,Wednesday
S001614,U03675,R0793,2026-02-10 07:41:31,Mumbai,web,breakfast,False,Tuesday
S001615,U01405,R0369,2025-12-12 17:41:31,Hyderabad,mobile,snack,False,Friday
S001616,U02072,R0423,2025-12-03 22:56:31,Hyderabad,mobile,late_night,False,Wednesday
S001617,U00466,R0341,2025-12-22 18:59:31,Bangalore,mobile,dinner,False,Monday
S001618,U02820,R0609,2025-12-06 15:11:31,Bangalore,mobile,snack,True,Saturday
S001619,U00654,R0034,2025-12-16 12:34:31,Delhi,web,lunch,False,Tuesday
S001620,U00510,R0395,2026-01-24 11:06:31,Pune,mobile,lunch,True,Saturday
S001621,U04939,R0486,2026-01-06 20:46:31,Chennai,mobile,dinner,False,Tuesday
S001622,U01665,R0281,2025-12-07 19:39:31,Pune,mobile,dinner,True,Sunday
S001623,U00186,R0216,2026-02-02 15:04:31,Hyderabad,mobile,snack,False,Monday
S001624,U00476,R0003,2026-02-22 06:25:31,Bangalore,mobile,breakfast,True,Sunday
S001625,U04144,R0549,2025-12-12 22:58:31,Chennai,mobile,late_night,False,Friday
S001626,U01034,R0775,2026-02-10 12:10:31,Delhi,web,lunch,False,Tuesday
S001627,U02663,R0678,2025-12-30 16:33:31,Pune,web,snack,False,Tuesday
S001628,U02888,R0228,2025-12-21 21:19:31,Mumbai,mobile,dinner,True,Sunday
S001629,U03643,R0550,2025-12-01 10:26:31,Chennai,mobile,breakfast,False,Monday
S001630,U03718,R0524,2025-12-16 04:14:31,Pune,mobile,late_night,False,Tuesday
S001631,U01080,R0585,2026-02-04 21:15:31,Kolkata,web,dinner,False,Wednesday
S001632,U03993,R0737,2026-02-21 09:00:31,Delhi,mobile,breakfast,True,Saturday
S001633,U02162,R0114,2026-02-09 08:27:31,Bangalore,mobile,breakfast,False,Monday
S001634,U04530,R0238,2025-12-06 05:28:31,Chennai,web,late_night,True,Saturday
S001635,U00994,R0083,2025-12-14 07:27:31,Delhi,mobile,breakfast,True,Sunday
S001636,U03600,R0371,2026-01-25 11:30:31,Kolkata,web,lunch,True,Sunday
S001637,U01373,R0556,2025-12-11 12:13:31,Kolkata,mobile,lunch,False,Thursday
S001638,U02759,R0793,2026-01-17 19:27:31,Mumbai,mobile,dinner,True,Saturday
S001639,U04243,R0291,2025-12-17 13:04:31,Hyderabad,mobile,lunch,False,Wednesday
S001640,U04810,R0675,2026-02-25 11:51:31,Hyderabad,mobile,lunch,False,Wednesday
S001641,U00566,R0309,2025-12-29 11:24:31,Kolkata,mobile,lunch,False,Monday
S001642,U04845,R0309,2026-02-14 19:02:31,Kolkata,mobile,dinner,True,Saturday
S001643,U04737,R0707,2026-02-25 22:15:31,Kolkata,mobile,late_night,False,Wednesday
S001644,U03426,R0798,2026-02-26 17:03:31,Pune,mobile,snack,False,Thursday
S001645,U00777,R0326,2025-12-05 12:01:31,Mumbai,mobile,lunch,False,Friday
S001646,U02832,R0627,2026-01-31 19:19:31,Kolkata,web,dinner,True,Saturday
S001647,U03237,R0339,2025-11-30 21:53:31,Mumbai,mobile,dinner,True,Sunday
S001648,U00984,R0673,2025-12-22 18:05:31,Pune,web,dinner,False,Monday
S001649,U01090,R0224,2026-02-12 11:17:31,Pune,mobile,lunch,False,Thursday
S001650,U01161,R0072,2026-01-29 12:17:31,Chennai,web,lunch,False,Thursday
S001651,U02209,R0406,2026-02-04 19:57:31,Chennai,tablet,dinner,False,Wednesday
S001652,U00971,R0785,2026-01-16 19:31:31,Bangalore,mobile,dinner,False,Friday
S001653,U03427,R0128,2025-12-10 13:13:31,Chennai,web,lunch,False,Wednesday
S001654,U01881,R0007,2026-01-01 18:57:31,Bangalore,mobile,dinner,False,Thursday
S001655,U04201,R0241,2026-01-09 15:02:31,Kolkata,mobile,snack,False,Friday
S001656,U01729,R0016,2025-12-25 06:28:31,Pune,mobile,breakfast,False,Thursday
S001657,U02855,R0139,2025-12-31 00:39:31,Delhi,mobile,late_night,False,Wednesday
S001658,U01576,R0692,2025-12-20 20:41:31,Hyderabad,mobile,dinner,True,Saturday
S001659,U03433,R0350,2026-02-23 20:34:31,Pune,mobile,dinner,False,Monday
S001660,U03185,R0226,2025-12-25 20:34:31,Delhi,mobile,dinner,False,Thursday
S001661,U04735,R0500,2025-12-15 09:44:31,Pune,mobile,breakfast,False,Monday
S001662,U04593,R0088,2026-01-25 20:54:31,Mumbai,mobile,dinner,True,Sunday
S001663,U02123,R0158,2026-01-15 07:25:31,Mumbai,mobile,breakfast,False,Thursday
S001664,U02073,R0567,2025-11-29 12:05:31,Pune,tablet,lunch,True,Saturday
S001665,U01673,R0022,2026-02-19 17:44:31,Pune,mobile,snack,False,Thursday
S001666,U03616,R0307,2026-01-04 17:17:31,Kolkata,mobile,snack,True,Sunday
S001667,U01570,R0353,2025-11-29 13:37:31,Delhi,mobile,lunch,True,Saturday
S001668,U04140,R0082,2025-12-15 08:05:31,Bangalore,web,breakfast,False,Monday
S001669,U03706,R0468,2026-02-11 03:29:31,Kolkata,web,late_night,False,Wednesday
S001670,U03974,R0697,2026-01-01 20:44:31,Mumbai,mobile,dinner,False,Thursday
S001671,U03662,R0205,2025-12-01 17:24:31,Pune,mobile,snack,False,Monday
S001672,U02703,R0475,2026-01-09 16:37:31,Bangalore,web,snack,False,Friday
S001673,U04411,R0591,2025-12-31 19:10:31,Hyderabad,web,dinner,False,Wednesday
S001674,U04772,R0162,2025-11-30 19:54:31,Pune,mobile,dinner,True,Sunday
S001675,U04219,R0134,2026-02-04 21:26:31,Hyderabad,mobile,dinner,False,Wednesday
S001676,U00323,R0382,2025-12-06 08:59:31,Hyderabad,mobile,breakfast,True,Saturday
S001677,U03513,R0073,2026-01-13 07:50:31,Hyderabad,mobile,breakfast,False,Tuesday
S001678,U04325,R0274,2026-02-14 19:04:31,Delhi,tablet,dinner,True,Saturday
S001679,U03551,R0261,2026-02-12 06:41:31,Hyderabad,mobile,breakfast,False,Thursday
S001680,U00693,R0676,2025-12-28 01:00:31,Chennai,mobile,late_night,True,Sunday
S001681,U01190,R0429,2025-12-10 11:32:31,Bangalore,mobile,lunch,False,Wednesday
S001682,U04378,R0241,2025-12-01 19:27:31,Kolkata,mobile,dinner,False,Monday
S001683,U04214,R0215,2025-12-03 12:45:31,Bangalore,mobile,lunch,False,Wednesday
S001684,U01683,R0607,2026-02-01 21:42:31,Chennai,mobile,dinner,True,Sunday
S001685,U03551,R0069,2025-12-14 15:40:31,Hyderabad,mobile,snack,True,Sunday
S001686,U03834,R0087,2026-01-02 04:55:31,Hyderabad,web,late_night,False,Friday
S001687,U04059,R0357,2026-01-20 10:20:31,Bangalore,mobile,breakfast,False,Tuesday
S001688,U04028,R0117,2026-02-05 13:08:31,Delhi,tablet,lunch,False,Thursday
S001689,U00930,R0517,2026-01-25 16:43:31,Chennai,mobile,snack,True,Sunday
S001690,U00915,R0542,2026-01-23 13:15:31,Kolkata,mobile,lunch,False,Friday
S001691,U03904,R0669,2026-01-03 10:54:31,Chennai,mobile,breakfast,True,Saturday
S001692,U01613,R0057,2026-02-05 19:28:31,Hyderabad,tablet,dinner,False,Thursday
S001693,U00720,R0351,2025-12-26 20:37:31,Chennai,mobile,dinner,False,Friday
S001694,U02796,R0531,2026-02-22 23:58:31,Delhi,mobile,late_night,True,Sunday
S001695,U01765,R0279,2026-01-12 12:51:31,Mumbai,mobile,lunch,False,Monday
S001696,U03809,R0188,2026-02-12 17:53:31,Bangalore,mobile,snack,False,Thursday
S001697,U01145,R0015,2026-02-03 03:26:31,Bangalore,mobile,late_night,False,Tuesday
S001698,U00547,R0312,2026-02-22 03:05:31,Mumbai,tablet,late_night,True,Sunday
S001699,U04576,R0529,2026-02-05 11:33:31,Bangalore,mobile,lunch,False,Thursday
S001700,U00520,R0457,2026-01-03 22:21:31,Delhi,mobile,late_night,True,Saturday
S001701,U01894,R0583,2026-01-05 07:51:31,Delhi,web,breakfast,False,Monday
S001702,U02545,R0241,2025-12-14 19:29:31,Kolkata,mobile,dinner,True,Sunday
S001703,U02865,R0569,2026-01-25 20:54:31,Kolkata,web,dinner,True,Sunday
S001704,U00756,R0469,2025-12-15 14:23:31,Delhi,mobile,lunch,False,Monday
S001705,U00886,R0156,2026-01-09 05:30:31,Hyderabad,mobile,late_night,False,Friday
S001706,U01461,R0287,2026-01-01 10:20:31,Kolkata,mobile,breakfast,False,Thursday
S001707,U00177,R0313,2026-02-20 21:19:31,Hyderabad,mobile,dinner,False,Friday
S001708,U04690,R0533,2025-12-18 12:16:31,Kolkata,mobile,lunch,False,Thursday
S001709,U01600,R0256,2026-01-29 10:39:31,Kolkata,mobile,breakfast,False,Thursday
S001710,U04873,R0479,2025-12-21 15:21:31,Kolkata,web,snack,True,Sunday
S001711,U02150,R0127,2026-02-07 18:46:31,Hyderabad,mobile,dinner,True,Saturday
S001712,U03213,R0088,2026-01-14 20:04:31,Mumbai,mobile,dinner,False,Wednesday
S001713,U01697,R0272,2026-01-15 21:37:31,Delhi,mobile,dinner,False,Thursday
S001714,U02624,R0581,2026-02-02 12:47:31,Delhi,mobile,lunch,False,Monday
S001715,U01207,R0418,2026-01-28 15:08:31,Bangalore,tablet,snack,False,Wednesday
S001716,U00723,R0163,2025-12-06 21:44:31,Hyderabad,mobile,dinner,True,Saturday
S001717,U04798,R0572,2025-12-02 20:43:31,Mumbai,mobile,dinner,False,Tuesday
S001718,U04482,R0171,2025-12-10 21:25:31,Kolkata,web,dinner,False,Wednesday
S001719,U01506,R0151,2026-02-02 10:44:31,Hyderabad,mobile,breakfast,False,Monday
S001720,U04884,R0155,2026-01-06 10:32:31,Bangalore,mobile,breakfast,False,Tuesday
S001721,U01881,R0275,2026-01-05 13:58:31,Bangalore,web,lunch,False,Monday
S001722,U00449,R0567,2026-02-10 07:50:31,Pune,mobile,breakfast,False,Tuesday
S001723,U02305,R0038,2025-12-12 14:30:31,Pune,mobile,lunch,False,Friday
S001724,U03569,R0775,2026-01-19 06:09:31,Delhi,web,breakfast,False,Monday
S001725,U03852,R0712,2026-01-04 11:35:31,Delhi,web,lunch,True,Sunday
S001726,U00496,R0037,2026-01-16 12:10:31,Kolkata,mobile,lunch,False,Friday
S001727,U02350,R0017,2026-01-10 19:16:31,Delhi,web,dinner,True,Saturday
S001728,U01420,R0777,2025-12-30 12:15:31,Kolkata,mobile,lunch,False,Tuesday
S001729,U03327,R0163,2026-02-06 12:45:31,Hyderabad,web,lunch,False,Friday
S001730,U00322,R0724,2026-02-11 03:51:31,Kolkata,web,late_night,False,Wednesday
S001731,U03901,R0680,2026-01-20 06:01:31,Kolkata,web,breakfast,False,Tuesday
S001732,U04710,R0016,2026-02-15 11:04:31,Pune,mobile,lunch,True,Sunday
S001733,U04708,R0381,2025-12-29 13:52:31,Bangalore,mobile,lunch,False,Monday
S001734,U04912,R0105,2026-02-08 08:24:31,Pune,mobile,breakfast,True,Sunday
S001735,U00269,R0293,2025-11-30 07:27:31,Delhi,mobile,breakfast,True,Sunday
S001736,U03394,R0263,2026-01-25 12:01:31,Hyderabad,mobile,lunch,True,Sunday
S001737,U03352,R0514,2025-12-27 12:44:31,Kolkata,mobile,lunch,True,Saturday
S001738,U03683,R0618,2025-12-15 15:26:31,Mumbai,mobile,snack,False,Monday
S001739,U04463,R0450,2025-12-25 03:05:31,Bangalore,mobile,late_night,False,Thursday
S001740,U03716,R0752,2026-02-23 11:37:31,Kolkata,mobile,lunch,False,Monday
S001741,U04842,R0447,2025-12-10 19:13:31,Delhi,mobile,dinner,False,Wednesday
S001742,U02029,R0680,2026-02-18 19:05:31,Kolkata,mobile,dinner,False,Wednesday
S001743,U03292,R0070,2025-12-16 17:32:31,Pune,mobile,snack,False,Tuesday
S001744,U04748,R0660,2026-01-24 22:37:31,Pune,mobile,late_night,True,Saturday
S001745,U00900,R0288,2025-12-21 09:46:31,Kolkata,web,breakfast,True,Sunday
S001746,U02022,R0704,2026-01-25 13:04:31,Delhi,mobile,lunch,True,Sunday
S001747,U04404,R0436,2025-12-13 20:05:31,Mumbai,web,dinner,True,Saturday
S001748,U04061,R0153,2025-12-04 06:36:31,Chennai,mobile,breakfast,False,Thursday
S001749,U01932,R0113,2025-12-18 13:33:31,Hyderabad,mobile,lunch,False,Thursday
S001750,U04528,R0196,2026-02-12 07:09:31,Mumbai,mobile,breakfast,False,Thursday
S001751,U04553,R0077,2025-12-02 18:46:31,Delhi,mobile,dinner,False,Tuesday
S001752,U03506,R0019,2025-12-26 13:30:31,Bangalore,web,lunch,False,Friday
S001753,U02985,R0013,2026-02-22 12:56:31,Delhi,mobile,lunch,True,Sunday
S001754,U01771,R0421,2026-02-16 19:42:31,Hyderabad,mobile,dinner,False,Monday
S001755,U03299,R0203,2025-11-28 21:32:31,Chennai,mobile,dinner,False,Friday
S001756,U04573,R0092,2026-01-10 17:46:31,Bangalore,web,snack,True,Saturday
S001757,U00484,R0789,2026-02-24 19:49:31,Chennai,mobile,dinner,False,Tuesday
S001758,U03629,R0507,2026-01-07 18:39:31,Pune,mobile,dinner,False,Wednesday
S001759,U04244,R0018,2026-02-06 13:42:31,Chennai,mobile,lunch,False,Friday
S001760,U00421,R0631,2025-12-21 22:13:31,Delhi,web,late_night,True,Sunday
S001761,U01802,R0254,2026-02-05 17:41:31,Hyderabad,mobile,snack,False,Thursday
S001762,U03608,R0677,2026-02-11 20:13:31,Delhi,mobile,dinner,False,Wednesday
S001763,U00615,R0310,2026-02-26 20:25:31,Hyderabad,mobile,dinner,False,Thursday
S001764,U04228,R0021,2026-01-21 15:37:31,Chennai,web,snack,False,Wednesday
S001765,U03531,R0223,2025-12-24 00:43:31,Delhi,web,late_night,False,Wednesday
S001766,U04389,R0268,2026-01-21 13:57:31,Chennai,mobile,lunch,False,Wednesday
S001767,U04284,R0284,2025-12-19 19:32:31,Pune,mobile,dinner,False,Friday
S001768,U04286,R0144,2025-12-05 14:58:31,Bangalore,mobile,lunch,False,Friday
S001769,U03773,R0117,2025-12-21 18:22:31,Delhi,mobile,dinner,True,Sunday
S001770,U02044,R0048,2026-01-12 15:44:31,Bangalore,mobile,snack,False,Monday
S001771,U01545,R0153,2026-01-20 20:48:31,Chennai,web,dinner,False,Tuesday
S001772,U01732,R0186,2026-02-24 15:04:31,Delhi,mobile,snack,False,Tuesday
S001773,U01851,R0230,2025-12-31 15:56:31,Pune,mobile,snack,False,Wednesday
S001774,U04175,R0481,2025-11-29 12:58:31,Mumbai,mobile,lunch,True,Saturday
S001775,U04587,R0098,2026-02-17 14:36:31,Delhi,web,lunch,False,Tuesday
S001776,U04953,R0021,2026-02-20 10:17:31,Chennai,mobile,breakfast,False,Friday
S001777,U00094,R0631,2025-12-16 13:52:31,Delhi,mobile,lunch,False,Tuesday
S001778,U04152,R0064,2026-02-14 13:49:31,Bangalore,mobile,lunch,True,Saturday
S001779,U02976,R0423,2026-01-15 22:06:31,Hyderabad,tablet,late_night,False,Thursday
S001780,U04413,R0533,2026-02-24 22:59:31,Kolkata,tablet,late_night,False,Tuesday
S001781,U00288,R0083,2025-12-30 00:07:31,Delhi,mobile,late_night,False,Tuesday
S001782,U03798,R0340,2026-01-15 14:26:31,Delhi,web,lunch,False,Thursday
S001783,U03838,R0550,2026-01-11 21:38:31,Chennai,mobile,dinner,True,Sunday
S001784,U04063,R0684,2025-12-10 14:53:31,Hyderabad,mobile,lunch,False,Wednesday
S001785,U04394,R0483,2026-02-23 08:28:31,Hyderabad,mobile,breakfast,False,Monday
S001786,U01158,R0596,2025-12-19 21:39:31,Bangalore,mobile,dinner,False,Friday
S001787,U00140,R0519,2026-01-17 09:46:31,Mumbai,mobile,breakfast,True,Saturday
S001788,U03230,R0368,2026-02-16 13:59:31,Mumbai,tablet,lunch,False,Monday
S001789,U00071,R0031,2026-02-03 08:56:31,Chennai,mobile,breakfast,False,Tuesday
S001790,U02683,R0472,2026-01-14 20:33:31,Pune,mobile,dinner,False,Wednesday
S001791,U00977,R0477,2026-01-29 17:27:31,Mumbai,mobile,snack,False,Thursday
S001792,U00385,R0249,2025-12-29 21:40:31,Hyderabad,mobile,dinner,False,Monday
S001793,U04691,R0095,2026-01-24 22:26:31,Kolkata,mobile,late_night,True,Saturday
S001794,U01410,R0587,2025-12-15 17:00:31,Hyderabad,web,snack,False,Monday
S001795,U03416,R0008,2025-12-06 15:00:31,Mumbai,mobile,snack,True,Saturday
S001796,U02390,R0504,2026-02-11 21:10:31,Mumbai,mobile,dinner,False,Wednesday
S001797,U02959,R0637,2025-12-08 15:58:31,Hyderabad,mobile,snack,False,Monday
S001798,U00639,R0789,2026-01-21 08:18:31,Chennai,mobile,breakfast,False,Wednesday
S001799,U03953,R0141,2025-11-29 18:51:31,Bangalore,mobile,dinner,True,Saturday
S001800,U04685,R0415,2025-12-31 16:27:31,Pune,mobile,snack,False,Wednesday
S001801,U04335,R0527,2026-01-15 07:43:31,Kolkata,web,breakfast,False,Thursday
S001802,U03895,R0162,2026-02-02 21:00:31,Pune,mobile,dinner,False,Monday
S001803,U00030,R0433,2025-12-28 18:06:31,Mumbai,tablet,dinner,True,Sunday
S001804,U01776,R0288,2026-01-31 12:29:31,Kolkata,mobile,lunch,True,Saturday
S001805,U03446,R0173,2026-02-16 13:01:31,Mumbai,web,lunch,False,Monday
S001806,U03291,R0757,2026-02-08 08:45:31,Bangalore,mobile,breakfast,True,Sunday
S001807,U04652,R0161,2025-12-30 09:01:31,Bangalore,mobile,breakfast,False,Tuesday
S001808,U02911,R0041,2026-01-28 05:48:31,Delhi,mobile,late_night,False,Wednesday
S001809,U02018,R0387,2025-12-18 21:19:31,Chennai,tablet,dinner,False,Thursday
S001810,U01773,R0010,2026-02-16 05:32:31,Bangalore,tablet,late_night,False,Monday
S001811,U02829,R0634,2026-02-07 07:15:31,Chennai,mobile,breakfast,True,Saturday
S001812,U03396,R0219,2026-01-15 21:20:31,Delhi,mobile,dinner,False,Thursday
S001813,U04575,R0016,2026-01-06 11:17:31,Pune,mobile,lunch,False,Tuesday
S001814,U03127,R0059,2026-01-27 23:32:31,Kolkata,web,late_night,False,Tuesday
S001815,U03534,R0148,2026-01-23 11:41:31,Delhi,mobile,lunch,False,Friday
S001816,U04867,R0320,2025-11-29 19:14:31,Bangalore,mobile,dinner,True,Saturday
S001817,U01992,R0698,2025-11-28 10:54:31,Kolkata,tablet,breakfast,False,Friday
S001818,U00192,R0579,2025-12-22 08:28:31,Pune,mobile,breakfast,False,Monday
S001819,U02656,R0564,2025-12-15 12:05:31,Pune,web,lunch,False,Monday
S001820,U04029,R0266,2026-02-21 18:44:31,Hyderabad,mobile,dinner,True,Saturday
S001821,U01282,R0421,2025-12-02 19:06:31,Hyderabad,mobile,dinner,False,Tuesday
S001822,U01860,R0413,2025-12-15 20:25:31,Bangalore,mobile,dinner,False,Monday
S001823,U04859,R0665,2025-12-29 08:27:31,Chennai,web,breakfast,False,Monday
S001824,U02992,R0288,2025-12-02 10:21:31,Kolkata,mobile,breakfast,False,Tuesday
S001825,U02030,R0371,2026-02-01 07:53:31,Kolkata,web,breakfast,True,Sunday
S001826,U03368,R0379,2026-01-15 10:08:31,Mumbai,tablet,breakfast,False,Thursday
S001827,U00675,R0227,2025-12-02 00:41:31,Kolkata,web,late_night,False,Tuesday
S001828,U04042,R0367,2026-01-12 00:46:31,Bangalore,mobile,late_night,False,Monday
S001829,U03689,R0338,2025-12-07 06:51:31,Pune,mobile,breakfast,True,Sunday
S001830,U03640,R0194,2026-01-12 13:14:31,Kolkata,tablet,lunch,False,Monday
S001831,U01407,R0219,2025-12-15 10:32:31,Delhi,mobile,breakfast,False,Monday
S001832,U00180,R0585,2026-02-03 23:26:31,Kolkata,mobile,late_night,False,Tuesday
S001833,U04845,R0525,2026-01-04 19:28:31,Kolkata,mobile,dinner,True,Sunday
S001834,U03127,R0734,2026-01-17 22:07:31,Kolkata,mobile,late_night,True,Saturday
S001835,U04708,R0590,2025-12-23 21:17:31,Bangalore,mobile,dinner,False,Tuesday
S001836,U04939,R0122,2026-01-23 17:06:31,Chennai,mobile,snack,False,Friday
S001837,U04444,R0326,2026-02-20 12:05:31,Mumbai,web,lunch,False,Friday
S001838,U01256,R0474,2026-02-14 12:53:31,Mumbai,web,lunch,True,Saturday
S001839,U02163,R0189,2025-12-10 19:46:31,Chennai,mobile,dinner,False,Wednesday
S001840,U04178,R0565,2025-12-17 12:53:31,Kolkata,mobile,lunch,False,Wednesday
S001841,U00950,R0664,2026-01-13 13:43:31,Delhi,mobile,lunch,False,Tuesday
S001842,U02998,R0242,2026-01-03 20:58:31,Hyderabad,mobile,dinner,True,Saturday
S001843,U04952,R0799,2026-02-09 23:06:31,Pune,web,late_night,False,Monday
S001844,U01514,R0572,2026-01-30 14:07:31,Mumbai,mobile,lunch,False,Friday
S001845,U00039,R0606,2025-12-04 11:17:31,Bangalore,mobile,lunch,False,Thursday
S001846,U02330,R0473,2025-12-07 12:10:31,Kolkata,mobile,lunch,True,Sunday
S001847,U00596,R0589,2026-01-12 19:46:31,Chennai,mobile,dinner,False,Monday
S001848,U04297,R0096,2025-12-27 19:50:31,Mumbai,mobile,dinner,True,Saturday
S001849,U03723,R0076,2026-01-20 18:17:31,Chennai,mobile,dinner,False,Tuesday
S001850,U00866,R0109,2026-01-31 02:15:31,Delhi,web,late_night,True,Saturday
S001851,U00750,R0022,2025-12-10 19:59:31,Pune,web,dinner,False,Wednesday
S001852,U03918,R0470,2025-12-11 20:44:31,Bangalore,mobile,dinner,False,Thursday
S001853,U03805,R0625,2026-02-03 16:40:31,Bangalore,mobile,snack,False,Tuesday
S001854,U02347,R0651,2026-01-27 13:53:31,Mumbai,mobile,lunch,False,Tuesday
S001855,U02328,R0773,2026-01-28 10:27:31,Mumbai,mobile,breakfast,False,Wednesday
S001856,U00884,R0664,2025-12-15 15:00:31,Delhi,mobile,snack,False,Monday
S001857,U04492,R0710,2026-02-07 13:43:31,Delhi,tablet,lunch,True,Saturday
S001858,U00087,R0180,2026-01-31 07:31:31,Chennai,mobile,breakfast,True,Saturday
S001859,U03136,R0610,2026-01-03 19:20:31,Chennai,mobile,dinner,True,Saturday
S001860,U02788,R0332,2026-01-16 13:05:31,Hyderabad,mobile,lunch,False,Friday
S001861,U04265,R0410,2026-02-20 06:10:31,Delhi,mobile,breakfast,False,Friday
S001862,U04017,R0625,2026-02-10 05:35:31,Bangalore,mobile,late_night,False,Tuesday
S001863,U01528,R0530,2025-11-29 18:17:31,Pune,mobile,dinner,True,Saturday
S001864,U02996,R0474,2025-12-25 08:40:31,Mumbai,mobile,breakfast,False,Thursday
S001865,U01777,R0313,2026-02-05 08:36:31,Hyderabad,mobile,breakfast,False,Thursday
S001866,U03551,R0103,2025-11-29 12:39:31,Hyderabad,mobile,lunch,True,Saturday
S001867,U00087,R0056,2026-02-25 13:40:31,Chennai,web,lunch,False,Wednesday
S001868,U03589,R0476,2026-02-25 17:34:31,Mumbai,mobile,snack,False,Wednesday
S001869,U03349,R0393,2026-02-07 20:58:31,Chennai,web,dinner,True,Saturday
S001870,U02715,R0721,2025-12-25 08:20:31,Hyderabad,mobile,breakfast,False,Thursday
S001871,U01556,R0057,2026-02-08 19:22:31,Hyderabad,mobile,dinner,True,Sunday
S001872,U04296,R0005,2026-01-07 18:55:31,Pune,mobile,dinner,False,Wednesday
S001873,U01795,R0550,2026-01-18 20:56:31,Chennai,mobile,dinner,True,Sunday
S001874,U03127,R0595,2026-01-31 17:19:31,Kolkata,mobile,snack,True,Saturday
S001875,U01408,R0192,2025-12-02 06:25:31,Pune,web,breakfast,False,Tuesday
S001876,U03676,R0520,2025-12-19 23:01:31,Chennai,web,late_night,False,Friday
S001877,U01865,R0707,2026-01-05 10:17:31,Kolkata,mobile,breakfast,False,Monday
S001878,U02213,R0479,2026-02-12 23:53:31,Kolkata,mobile,late_night,False,Thursday
S001879,U01316,R0522,2026-01-11 15:16:31,Hyderabad,mobile,snack,True,Sunday
S001880,U03861,R0516,2025-12-18 20:55:31,Mumbai,web,dinner,False,Thursday
S001881,U01487,R0799,2025-11-28 21:37:31,Pune,mobile,dinner,False,Friday
S001882,U01360,R0445,2025-12-19 20:04:31,Pune,web,dinner,False,Friday
S001883,U01767,R0688,2026-01-04 07:21:31,Chennai,mobile,breakfast,True,Sunday
S001884,U01623,R0145,2026-01-01 12:18:31,Kolkata,mobile,lunch,False,Thursday
S001885,U02752,R0530,2025-12-04 21:01:31,Pune,mobile,dinner,False,Thursday
S001886,U04249,R0695,2025-11-29 15:20:31,Kolkata,web,snack,True,Saturday
S001887,U02528,R0498,2026-02-03 15:15:31,Kolkata,mobile,snack,False,Tuesday
S001888,U03088,R0259,2025-12-05 12:55:31,Delhi,mobile,lunch,False,Friday
S001889,U03223,R0662,2026-02-08 12:10:31,Mumbai,mobile,lunch,True,Sunday
S001890,U03683,R0481,2025-12-17 22:50:31,Mumbai,mobile,late_night,False,Wednesday
S001891,U00932,R0286,2026-02-15 11:17:31,Delhi,mobile,lunch,True,Sunday
S001892,U03476,R0604,2026-01-17 10:02:31,Pune,mobile,breakfast,True,Saturday
S001893,U03714,R0522,2025-12-03 07:08:31,Hyderabad,mobile,breakfast,False,Wednesday
S001894,U00092,R0503,2026-01-09 13:28:31,Pune,mobile,lunch,False,Friday
S001895,U02840,R0643,2025-12-06 11:14:31,Hyderabad,mobile,lunch,True,Saturday
S001896,U03851,R0235,2025-12-27 16:43:31,Mumbai,mobile,snack,True,Saturday
S001897,U03770,R0060,2026-02-11 12:17:31,Mumbai,mobile,lunch,False,Wednesday
S001898,U04067,R0024,2026-02-02 20:36:31,Hyderabad,web,dinner,False,Monday
S001899,U01115,R0561,2026-02-25 10:51:31,Bangalore,mobile,breakfast,False,Wednesday
S001900,U01718,R0257,2025-12-28 06:46:31,Kolkata,mobile,breakfast,True,Sunday
S001901,U04166,R0273,2026-02-08 21:25:31,Mumbai,mobile,dinner,True,Sunday
S001902,U00312,R0635,2026-01-10 07:03:31,Pune,web,breakfast,True,Saturday
S001903,U03073,R0780,2025-12-30 13:27:31,Kolkata,mobile,lunch,False,Tuesday
S001904,U03524,R0169,2026-01-29 09:22:31,Delhi,mobile,breakfast,False,Thursday
S001905,U04137,R0095,2026-02-18 22:32:31,Kolkata,web,late_night,False,Wednesday
S001906,U00431,R0525,2026-02-03 20:51:31,Kolkata,mobile,dinner,False,Tuesday
S001907,U04930,R0431,2026-02-08 05:00:31,Bangalore,mobile,late_night,True,Sunday
S001908,U04497,R0736,2025-12-13 09:33:31,Delhi,mobile,breakfast,True,Saturday
S001909,U02680,R0344,2026-02-08 12:18:31,Chennai,mobile,lunch,True,Sunday
S001910,U01096,R0378,2026-02-06 06:49:31,Hyderabad,mobile,breakfast,False,Friday
S001911,U04643,R0130,2026-01-07 10:21:31,Mumbai,mobile,breakfast,False,Wednesday
S001912,U03477,R0528,2025-12-28 10:16:31,Hyderabad,mobile,breakfast,True,Sunday
S001913,U01473,R0119,2026-02-02 01:23:31,Hyderabad,web,late_night,False,Monday
S001914,U00839,R0367,2025-11-28 11:17:31,Bangalore,mobile,lunch,False,Friday
S001915,U02756,R0483,2026-02-26 07:16:31,Hyderabad,tablet,breakfast,False,Thursday
S001916,U03878,R0556,2026-02-16 06:01:31,Kolkata,mobile,breakfast,False,Monday
S001917,U00576,R0135,2026-02-21 21:41:31,Mumbai,mobile,dinner,True,Saturday
S001918,U02274,R0657,2025-12-27 19:46:31,Delhi,mobile,dinner,True,Saturday
S001919,U03121,R0780,2025-12-12 09:56:31,Kolkata,mobile,breakfast,False,Friday
S001920,U02645,R0552,2025-12-24 09:27:31,Pune,web,breakfast,False,Wednesday
S001921,U00222,R0731,2026-01-13 07:15:31,Kolkata,mobile,breakfast,False,Tuesday
S001922,U02773,R0506,2026-01-03 19:52:31,Kolkata,mobile,dinner,True,Saturday
S001923,U03968,R0237,2025-12-22 19:31:31,Chennai,mobile,dinner,False,Monday
S001924,U03855,R0412,2025-12-22 12:23:31,Pune,mobile,lunch,False,Monday
S001925,U02861,R0376,2026-01-12 08:12:31,Kolkata,mobile,breakfast,False,Monday
S001926,U02450,R0582,2025-12-08 13:37:31,Mumbai,mobile,lunch,False,Monday
S001927,U02185,R0216,2026-02-21 17:27:31,Hyderabad,mobile,snack,True,Saturday
S001928,U00402,R0281,2026-02-25 08:54:31,Pune,mobile,breakfast,False,Wednesday
S001929,U01282,R0266,2026-02-07 02:54:31,Hyderabad,web,late_night,True,Saturday
S001930,U01396,R0270,2026-01-14 13:20:31,Mumbai,web,lunch,False,Wednesday
S001931,U02755,R0084,2026-01-10 18:58:31,Mumbai,web,dinner,True,Saturday
S001932,U03820,R0350,2026-01-03 08:58:31,Pune,mobile,breakfast,True,Saturday
S001933,U03367,R0562,2025-12-03 17:58:31,Pune,mobile,snack,False,Wednesday
S001934,U02722,R0072,2026-01-25 20:54:31,Chennai,mobile,dinner,True,Sunday
S001935,U03969,R0186,2026-02-24 06:08:31,Delhi,mobile,breakfast,False,Tuesday
S001936,U01426,R0187,2025-12-04 17:39:31,Kolkata,mobile,snack,False,Thursday
S001937,U02762,R0329,2025-12-26 11:22:31,Delhi,mobile,lunch,False,Friday
S001938,U03675,R0621,2026-01-31 14:02:31,Mumbai,mobile,lunch,True,Saturday
S001939,U02670,R0071,2025-12-27 10:28:31,Delhi,mobile,breakfast,True,Saturday
S001940,U00566,R0179,2025-12-19 07:27:31,Kolkata,mobile,breakfast,False,Friday
S001941,U01417,R0303,2026-02-21 20:49:31,Bangalore,tablet,dinner,True,Saturday
S001942,U04221,R0667,2025-12-09 21:25:31,Pune,mobile,dinner,False,Tuesday
S001943,U01062,R0473,2026-02-19 09:22:31,Kolkata,mobile,breakfast,False,Thursday
S001944,U00019,R0210,2025-12-08 17:40:31,Delhi,mobile,snack,False,Monday
S001945,U03072,R0713,2026-01-21 08:12:31,Chennai,mobile,breakfast,False,Wednesday
S001946,U00241,R0639,2026-01-17 18:24:31,Bangalore,tablet,dinner,True,Saturday
S001947,U01461,R0465,2026-02-11 16:23:31,Kolkata,mobile,snack,False,Wednesday
S001948,U04806,R0143,2026-01-16 11:03:31,Chennai,web,lunch,False,Friday
S001949,U01840,R0651,2026-01-28 21:54:31,Mumbai,mobile,dinner,False,Wednesday
S001950,U02113,R0771,2026-01-26 03:22:31,Bangalore,mobile,late_night,False,Monday
S001951,U04937,R0348,2025-12-20 22:55:31,Pune,mobile,late_night,True,Saturday
S001952,U01307,R0632,2025-12-09 11:28:31,Pune,mobile,lunch,False,Tuesday
S001953,U04694,R0359,2026-02-14 10:02:31,Mumbai,web,breakfast,True,Saturday
S001954,U00175,R0680,2026-01-27 10:00:31,Kolkata,mobile,breakfast,False,Tuesday
S001955,U03829,R0342,2026-01-31 21:28:31,Mumbai,mobile,dinner,True,Saturday
S001956,U02395,R0005,2025-12-30 10:32:31,Pune,mobile,breakfast,False,Tuesday
S001957,U04806,R0126,2026-01-26 10:44:31,Chennai,mobile,breakfast,False,Monday
S001958,U01456,R0781,2026-01-22 19:00:31,Kolkata,mobile,dinner,False,Thursday
S001959,U04817,R0731,2026-02-13 04:43:31,Kolkata,mobile,late_night,False,Friday
S001960,U00715,R0574,2025-12-02 11:56:31,Chennai,mobile,lunch,False,Tuesday
S001961,U03366,R0495,2026-02-05 21:15:31,Kolkata,web,dinner,False,Thursday
S001962,U00500,R0316,2026-01-12 13:39:31,Chennai,web,lunch,False,Monday
S001963,U03552,R0056,2025-12-02 17:50:31,Chennai,mobile,snack,False,Tuesday
S001964,U04252,R0091,2026-01-23 14:45:31,Pune,mobile,lunch,False,Friday
S001965,U02205,R0312,2026-01-26 13:33:31,Mumbai,mobile,lunch,False,Monday
S001966,U00919,R0794,2025-12-28 14:03:31,Kolkata,mobile,lunch,True,Sunday
S001967,U02344,R0529,2026-01-29 06:09:31,Bangalore,mobile,breakfast,False,Thursday
S001968,U03972,R0494,2026-01-31 13:34:31,Delhi,mobile,lunch,True,Saturday
S001969,U03426,R0348,2026-02-21 12:06:31,Pune,mobile,lunch,True,Saturday
S001970,U01883,R0491,2025-12-31 04:27:31,Mumbai,mobile,late_night,False,Wednesday
S001971,U02055,R0462,2026-02-20 11:24:31,Mumbai,mobile,lunch,False,Friday
S001972,U02224,R0784,2025-12-27 12:08:31,Hyderabad,mobile,lunch,True,Saturday
S001973,U00085,R0555,2026-01-18 19:55:31,Bangalore,mobile,dinner,True,Sunday
S001974,U02549,R0530,2025-12-18 21:46:31,Pune,mobile,dinner,False,Thursday
S001975,U03912,R0648,2026-02-21 08:51:31,Delhi,mobile,breakfast,True,Saturday
S001976,U04471,R0539,2026-01-15 19:35:31,Pune,mobile,dinner,False,Thursday
S001977,U03650,R0670,2026-01-03 18:22:31,Kolkata,mobile,dinner,True,Saturday
S001978,U03575,R0262,2026-01-26 11:33:31,Mumbai,mobile,lunch,False,Monday
S001979,U04048,R0314,2026-02-17 23:04:31,Chennai,web,late_night,False,Tuesday
S001980,U03911,R0718,2026-02-04 16:22:31,Chennai,mobile,snack,False,Wednesday
S001981,U03956,R0518,2025-12-06 11:22:31,Hyderabad,mobile,lunch,True,Saturday
S001982,U04862,R0728,2026-01-11 13:09:31,Kolkata,mobile,lunch,True,Sunday
S001983,U01681,R0503,2025-12-19 08:22:31,Pune,mobile,breakfast,False,Friday
S001984,U01442,R0766,2026-01-06 11:38:31,Bangalore,mobile,lunch,False,Tuesday
S001985,U00888,R0607,2026-02-03 18:57:31,Chennai,web,dinner,False,Tuesday
S001986,U00955,R0652,2025-12-07 14:14:31,Mumbai,mobile,lunch,True,Sunday
S001987,U00790,R0673,2026-02-19 14:34:31,Pune,mobile,lunch,False,Thursday
S001988,U03586,R0419,2026-02-18 08:40:31,Hyderabad,mobile,breakfast,False,Wednesday
S001989,U00688,R0538,2026-02-21 20:31:31,Mumbai,web,dinner,True,Saturday
S001990,U04236,R0704,2026-01-30 21:31:31,Delhi,mobile,dinner,False,Friday
S001991,U03086,R0800,2026-01-18 20:58:31,Bangalore,mobile,dinner,True,Sunday
S001992,U01175,R0686,2026-02-13 17:02:31,Mumbai,mobile,snack,False,Friday
S001993,U01783,R0140,2026-02-08 08:11:31,Kolkata,mobile,breakfast,True,Sunday
S001994,U00816,R0595,2025-11-28 19:02:31,Kolkata,mobile,dinner,False,Friday
S001995,U01040,R0106,2026-01-08 19:07:31,Mumbai,mobile,dinner,False,Thursday
S001996,U04203,R0717,2025-12-05 03:33:31,Kolkata,mobile,late_night,False,Friday
S001997,U01610,R0204,2026-02-02 17:11:31,Mumbai,mobile,snack,False,Monday
S001998,U03596,R0072,2025-12-21 03:50:31,Chennai,web,late_night,True,Sunday
S001999,U01771,R0740,2026-01-10 12:30:31,Hyderabad,mobile,lunch,True,Saturday
S002000,U02455,R0455,2026-01-18 22:07:31,Pune,mobile,late_night,True,Sunday
S002001,U02639,R0240,2026-01-10 11:14:31,Bangalore,tablet,lunch,True,Saturday
S002002,U02260,R0413,2025-12-17 19:14:31,Bangalore,mobile,dinner,False,Wednesday
S002003,U02247,R0651,2025-12-17 11:23:31,Mumbai,mobile,lunch,False,Wednesday
S002004,U04097,R0721,2025-12-05 03:04:31,Hyderabad,mobile,late_night,False,Friday
S002005,U01593,R0770,2025-12-20 10:31:31,Pune,mobile,breakfast,True,Saturday
S002006,U04524,R0135,2025-12-16 10:10:31,Mumbai,mobile,breakfast,False,Tuesday
S002007,U00838,R0629,2026-01-01 22:29:31,Pune,mobile,late_night,False,Thursday
S002008,U01450,R0580,2026-01-08 23:51:31,Delhi,mobile,late_night,False,Thursday
S002009,U00404,R0705,2026-02-17 06:44:31,Bangalore,mobile,breakfast,False,Tuesday
S002010,U03240,R0324,2025-12-23 14:32:31,Delhi,mobile,lunch,False,Tuesday
S002011,U03763,R0546,2025-12-29 20:37:31,Chennai,web,dinner,False,Monday
S002012,U01307,R0050,2025-12-24 21:59:31,Pune,web,dinner,False,Wednesday
S002013,U04530,R0427,2025-12-28 15:56:31,Chennai,mobile,snack,True,Sunday
S002014,U01695,R0184,2025-12-13 16:00:31,Pune,mobile,snack,True,Saturday
S002015,U02435,R0535,2026-02-04 21:28:31,Mumbai,mobile,dinner,False,Wednesday
S002016,U02225,R0728,2026-01-14 08:25:31,Kolkata,mobile,breakfast,False,Wednesday
S002017,U04062,R0132,2026-02-10 20:42:31,Bangalore,web,dinner,False,Tuesday
S002018,U04071,R0568,2026-02-10 07:12:31,Hyderabad,mobile,breakfast,False,Tuesday
S002019,U01742,R0460,2025-11-28 21:55:31,Delhi,web,dinner,False,Friday
S002020,U03419,R0781,2026-02-21 18:37:31,Kolkata,mobile,dinner,True,Saturday
S002021,U02737,R0116,2026-01-29 11:19:31,Hyderabad,mobile,lunch,False,Thursday
S002022,U00063,R0728,2025-12-05 10:40:31,Kolkata,web,breakfast,False,Friday
S002023,U01990,R0243,2026-01-01 07:46:31,Delhi,mobile,breakfast,False,Thursday
S002024,U04468,R0550,2026-01-06 10:46:31,Chennai,mobile,breakfast,False,Tuesday
S002025,U02201,R0049,2026-02-13 06:35:31,Delhi,mobile,breakfast,False,Friday
S002026,U01105,R0640,2025-12-14 04:25:31,Mumbai,mobile,late_night,True,Sunday
S002027,U02433,R0632,2026-01-27 18:42:31,Pune,mobile,dinner,False,Tuesday
S002028,U00953,R0637,2025-12-02 20:13:31,Hyderabad,mobile,dinner,False,Tuesday
S002029,U01351,R0234,2026-02-03 14:49:31,Mumbai,mobile,lunch,False,Tuesday
S002030,U00956,R0125,2025-12-28 12:35:31,Bangalore,mobile,lunch,True,Sunday
S002031,U01568,R0167,2026-01-31 10:33:31,Mumbai,web,breakfast,True,Saturday
S002032,U03952,R0155,2026-02-22 22:55:31,Bangalore,mobile,late_night,True,Sunday
S002033,U04093,R0077,2025-12-29 07:49:31,Delhi,web,breakfast,False,Monday
S002034,U04267,R0510,2026-02-16 07:27:31,Chennai,mobile,breakfast,False,Monday
S002035,U01008,R0608,2025-11-28 19:21:31,Hyderabad,mobile,dinner,False,Friday
S002036,U01918,R0387,2026-02-16 18:36:31,Chennai,tablet,dinner,False,Monday
S002037,U00670,R0394,2026-01-14 12:49:31,Hyderabad,web,lunch,False,Wednesday
S002038,U02799,R0699,2025-12-21 19:29:31,Pune,web,dinner,True,Sunday
S002039,U00936,R0085,2026-02-08 14:10:31,Mumbai,mobile,lunch,True,Sunday
S002040,U04336,R0403,2026-02-06 15:16:31,Chennai,tablet,snack,False,Friday
S002041,U02165,R0475,2026-02-05 10:22:31,Bangalore,mobile,breakfast,False,Thursday
S002042,U00009,R0749,2026-02-09 18:14:31,Hyderabad,mobile,dinner,False,Monday
S002043,U04205,R0553,2026-02-10 13:07:31,Bangalore,mobile,lunch,False,Tuesday
S002044,U03940,R0608,2026-02-20 15:03:31,Hyderabad,mobile,snack,False,Friday
S002045,U02239,R0581,2025-12-18 14:26:31,Delhi,mobile,lunch,False,Thursday
S002046,U01769,R0174,2025-12-25 22:38:31,Delhi,mobile,late_night,False,Thursday
S002047,U02000,R0414,2025-12-10 08:41:31,Mumbai,mobile,breakfast,False,Wednesday
S002048,U01622,R0046,2025-12-22 18:05:31,Kolkata,mobile,dinner,False,Monday
S002049,U00684,R0193,2026-01-30 21:15:31,Chennai,tablet,dinner,False,Friday
S002050,U02441,R0209,2026-01-30 15:26:31,Pune,mobile,snack,False,Friday
S002051,U00695,R0214,2026-01-14 06:38:31,Delhi,mobile,breakfast,False,Wednesday
S002052,U00047,R0785,2026-01-23 05:08:31,Bangalore,web,late_night,False,Friday
S002053,U00799,R0590,2026-01-14 16:11:31,Bangalore,mobile,snack,False,Wednesday
S002054,U04312,R0135,2025-12-26 21:29:31,Mumbai,mobile,dinner,False,Friday
S002055,U04083,R0435,2025-12-07 21:14:31,Chennai,mobile,dinner,True,Sunday
S002056,U03644,R0709,2026-02-14 23:47:31,Chennai,tablet,late_night,True,Saturday
S002057,U00478,R0515,2025-12-21 20:23:31,Delhi,mobile,dinner,True,Sunday
S002058,U04247,R0687,2026-01-26 12:35:31,Hyderabad,mobile,lunch,False,Monday
S002059,U03622,R0071,2026-02-16 10:34:31,Delhi,mobile,breakfast,False,Monday
S002060,U00500,R0403,2026-01-13 06:29:31,Chennai,mobile,breakfast,False,Tuesday
S002061,U03792,R0155,2026-01-18 14:51:31,Bangalore,web,lunch,True,Sunday
S002062,U04389,R0549,2026-01-17 23:37:31,Chennai,web,late_night,True,Saturday
S002063,U03429,R0243,2026-02-17 13:10:31,Delhi,web,lunch,False,Tuesday
S002064,U04199,R0156,2025-12-18 22:08:31,Hyderabad,mobile,late_night,False,Thursday
S002065,U04427,R0221,2026-01-24 20:43:31,Kolkata,mobile,dinner,True,Saturday
S002066,U04622,R0178,2026-02-11 11:39:31,Kolkata,web,lunch,False,Wednesday
S002067,U02986,R0098,2026-01-13 07:14:31,Delhi,mobile,breakfast,False,Tuesday
S002068,U03040,R0497,2026-01-22 06:56:31,Chennai,mobile,breakfast,False,Thursday
S002069,U03862,R0688,2025-12-05 16:25:31,Chennai,mobile,snack,False,Friday
S002070,U02087,R0263,2025-12-10 23:16:31,Hyderabad,mobile,late_night,False,Wednesday
S002071,U02469,R0160,2026-02-24 21:38:31,Pune,mobile,dinner,False,Tuesday
S002072,U04222,R0317,2026-01-05 13:53:31,Hyderabad,mobile,lunch,False,Monday
S002073,U02263,R0184,2025-12-22 18:01:31,Pune,mobile,dinner,False,Monday
S002074,U00053,R0150,2026-02-23 11:33:31,Pune,mobile,lunch,False,Monday
S002075,U01186,R0552,2025-12-09 19:11:31,Pune,mobile,dinner,False,Tuesday
S002076,U00287,R0773,2025-12-29 11:32:31,Mumbai,mobile,lunch,False,Monday
S002077,U04533,R0537,2026-01-03 20:07:31,Delhi,web,dinner,True,Saturday
S002078,U02621,R0058,2026-01-11 21:33:31,Delhi,tablet,dinner,True,Sunday
S002079,U01437,R0105,2026-01-08 14:30:31,Pune,mobile,lunch,False,Thursday
S002080,U03873,R0478,2026-02-15 17:24:31,Hyderabad,mobile,snack,True,Sunday
S002081,U03973,R0184,2026-01-04 07:39:31,Pune,mobile,breakfast,True,Sunday
S002082,U03372,R0508,2026-01-14 13:01:31,Chennai,mobile,lunch,False,Wednesday
S002083,U01624,R0160,2026-01-30 18:11:31,Pune,mobile,dinner,False,Friday
S002084,U01724,R0782,2025-12-15 21:49:31,Bangalore,web,dinner,False,Monday
S002085,U03365,R0456,2026-01-07 10:51:31,Kolkata,web,breakfast,False,Wednesday
S002086,U04351,R0226,2026-02-18 18:04:31,Delhi,mobile,dinner,False,Wednesday
S002087,U04359,R0634,2025-12-25 19:43:31,Chennai,web,dinner,False,Thursday
S002088,U04055,R0502,2026-01-06 16:39:31,Delhi,tablet,snack,False,Tuesday
S002089,U04196,R0337,2025-12-04 12:50:31,Chennai,web,lunch,False,Thursday
S002090,U01440,R0794,2025-11-29 09:52:31,Kolkata,mobile,breakfast,True,Saturday
S002091,U02653,R0678,2026-02-04 16:00:31,Pune,tablet,snack,False,Wednesday
S002092,U02732,R0472,2026-01-18 14:29:31,Pune,mobile,lunch,True,Sunday
S002093,U01694,R0436,2025-11-29 20:32:31,Mumbai,mobile,dinner,True,Saturday
S002094,U03766,R0356,2025-12-14 06:53:31,Delhi,mobile,breakfast,True,Sunday
S002095,U02592,R0582,2026-02-26 15:48:31,Mumbai,tablet,snack,False,Thursday
S002096,U01369,R0277,2026-02-05 19:32:31,Bangalore,mobile,dinner,False,Thursday
S002097,U03720,R0611,2026-02-24 23:33:31,Chennai,mobile,late_night,False,Tuesday
S002098,U02612,R0003,2026-02-14 08:17:31,Bangalore,web,breakfast,True,Saturday
S002099,U03807,R0526,2026-02-17 17:06:31,Kolkata,tablet,snack,False,Tuesday
S002100,U00322,R0247,2026-01-07 16:46:31,Kolkata,web,snack,False,Wednesday
S002101,U03358,R0207,2026-02-02 14:07:31,Bangalore,mobile,lunch,False,Monday
S002102,U03115,R0391,2025-12-25 19:53:31,Chennai,mobile,dinner,False,Thursday
S002103,U03159,R0243,2025-12-18 02:57:31,Delhi,mobile,late_night,False,Thursday
S002104,U03094,R0288,2026-01-14 05:59:31,Kolkata,mobile,late_night,False,Wednesday
S002105,U00304,R0422,2025-11-30 19:19:31,Kolkata,web,dinner,True,Sunday
S002106,U04069,R0425,2025-12-21 01:43:31,Chennai,mobile,late_night,True,Sunday
S002107,U01404,R0132,2026-01-05 21:04:31,Bangalore,web,dinner,False,Monday
S002108,U02810,R0602,2025-12-07 12:15:31,Pune,web,lunch,True,Sunday
S002109,U00433,R0343,2026-02-26 19:37:31,Pune,web,dinner,False,Thursday
S002110,U03610,R0238,2026-02-20 10:06:31,Chennai,mobile,breakfast,False,Friday
S002111,U03880,R0175,2026-02-01 13:49:31,Delhi,tablet,lunch,True,Sunday
S002112,U00169,R0769,2025-12-22 11:55:31,Bangalore,mobile,lunch,False,Monday
S002113,U01096,R0118,2026-02-23 18:39:31,Hyderabad,mobile,dinner,False,Monday
S002114,U02237,R0082,2026-01-30 03:44:31,Bangalore,mobile,late_night,False,Friday
S002115,U04146,R0181,2026-01-11 22:36:31,Hyderabad,mobile,late_night,True,Sunday
S002116,U04253,R0531,2025-11-28 14:48:31,Delhi,mobile,lunch,False,Friday
S002117,U01268,R0636,2026-02-06 18:13:31,Pune,mobile,dinner,False,Friday
S002118,U01428,R0576,2026-01-20 05:34:31,Mumbai,tablet,late_night,False,Tuesday
S002119,U00208,R0336,2026-02-14 07:17:31,Kolkata,mobile,breakfast,True,Saturday
S002120,U04458,R0232,2026-01-11 10:56:31,Bangalore,web,breakfast,True,Sunday
S002121,U03241,R0696,2025-12-27 16:02:31,Bangalore,mobile,snack,True,Saturday
S002122,U04970,R0681,2026-01-11 13:19:31,Kolkata,web,lunch,True,Sunday
S002123,U02566,R0657,2026-01-04 18:18:31,Delhi,mobile,dinner,True,Sunday
S002124,U01426,R0777,2026-02-15 23:52:31,Kolkata,web,late_night,True,Sunday
S002125,U02982,R0183,2025-11-30 19:46:31,Bangalore,mobile,dinner,True,Sunday
S002126,U01961,R0451,2026-02-07 12:55:31,Chennai,mobile,lunch,True,Saturday
S002127,U04061,R0718,2026-02-04 03:49:31,Chennai,mobile,late_night,False,Wednesday
S002128,U00247,R0046,2025-12-14 21:33:31,Kolkata,mobile,dinner,True,Sunday
S002129,U03228,R0389,2026-01-31 17:36:31,Bangalore,mobile,snack,True,Saturday
S002130,U01498,R0461,2026-02-09 08:30:31,Chennai,mobile,breakfast,False,Monday
S002131,U00735,R0443,2025-12-15 15:20:31,Kolkata,mobile,snack,False,Monday
S002132,U04257,R0530,2026-02-14 18:06:31,Pune,mobile,dinner,True,Saturday
S002133,U00922,R0171,2025-12-23 11:44:31,Kolkata,mobile,lunch,False,Tuesday
S002134,U02286,R0552,2026-02-16 12:44:31,Pune,mobile,lunch,False,Monday
S002135,U03462,R0035,2025-12-29 09:09:31,Kolkata,mobile,breakfast,False,Monday
S002136,U03189,R0112,2025-12-29 22:20:31,Chennai,tablet,late_night,False,Monday
S002137,U02129,R0113,2026-01-27 14:23:31,Hyderabad,mobile,lunch,False,Tuesday
S002138,U00220,R0056,2026-01-23 23:50:31,Chennai,mobile,late_night,False,Friday
S002139,U01189,R0352,2026-01-02 14:30:31,Mumbai,web,lunch,False,Friday
S002140,U00121,R0003,2026-02-08 20:23:31,Bangalore,mobile,dinner,True,Sunday
S002141,U03457,R0753,2026-02-02 22:01:31,Chennai,mobile,late_night,False,Monday
S002142,U01187,R0616,2025-12-06 19:53:31,Mumbai,mobile,dinner,True,Saturday
S002143,U03076,R0396,2026-02-17 08:20:31,Chennai,web,breakfast,False,Tuesday
S002144,U02266,R0574,2026-02-10 10:22:31,Chennai,web,breakfast,False,Tuesday
S002145,U04522,R0399,2025-12-19 18:01:31,Bangalore,web,dinner,False,Friday
S002146,U00638,R0486,2025-12-14 08:17:31,Chennai,mobile,breakfast,True,Sunday
S002147,U02199,R0154,2026-01-13 05:54:31,Bangalore,mobile,late_night,False,Tuesday
S002148,U02717,R0292,2026-02-02 20:01:31,Mumbai,mobile,dinner,False,Monday
S002149,U03867,R0280,2026-01-06 23:37:31,Pune,mobile,late_night,False,Tuesday
S002150,U03694,R0434,2026-01-22 17:33:31,Mumbai,mobile,snack,False,Thursday
S002151,U03653,R0693,2026-02-09 15:09:31,Delhi,mobile,snack,False,Monday
S002152,U02074,R0292,2026-01-09 12:34:31,Mumbai,mobile,lunch,False,Friday
S002153,U02713,R0355,2026-02-10 20:15:31,Hyderabad,mobile,dinner,False,Tuesday
S002154,U03102,R0302,2025-11-28 00:53:31,Delhi,mobile,late_night,False,Friday
S002155,U01226,R0520,2026-01-30 14:26:31,Chennai,mobile,lunch,False,Friday
S002156,U04378,R0325,2026-01-15 07:25:31,Kolkata,mobile,breakfast,False,Thursday
S002157,U03274,R0513,2025-11-28 11:10:31,Kolkata,web,lunch,False,Friday
S002158,U01475,R0375,2026-01-14 10:44:31,Kolkata,mobile,breakfast,False,Wednesday
S002159,U03696,R0579,2026-02-15 07:49:31,Pune,mobile,breakfast,True,Sunday
S002160,U04144,R0239,2026-02-24 03:43:31,Chennai,mobile,late_night,False,Tuesday
S002161,U01281,R0721,2025-12-21 21:14:31,Hyderabad,mobile,dinner,True,Sunday
S002162,U01025,R0097,2026-01-03 10:32:31,Chennai,mobile,breakfast,True,Saturday
S002163,U03971,R0671,2026-02-06 19:24:31,Hyderabad,tablet,dinner,False,Friday
S002164,U00259,R0691,2026-02-21 13:02:31,Bangalore,mobile,lunch,True,Saturday
S002165,U04544,R0718,2026-01-19 07:08:31,Chennai,tablet,breakfast,False,Monday
S002166,U01577,R0333,2025-11-29 19:34:31,Pune,mobile,dinner,True,Saturday
S002167,U02605,R0206,2026-01-02 17:02:31,Kolkata,mobile,snack,False,Friday
S002168,U01224,R0570,2025-12-25 15:21:31,Kolkata,mobile,snack,False,Thursday
S002169,U04745,R0027,2025-12-29 11:19:31,Bangalore,mobile,lunch,False,Monday
S002170,U02163,R0607,2026-01-13 20:03:31,Chennai,mobile,dinner,False,Tuesday
S002171,U03943,R0232,2026-01-02 07:44:31,Bangalore,web,breakfast,False,Friday
S002172,U02093,R0269,2026-01-25 10:13:31,Mumbai,mobile,breakfast,True,Sunday
S002173,U01765,R0535,2025-12-10 21:27:31,Mumbai,mobile,dinner,False,Wednesday
S002174,U04819,R0684,2026-02-09 03:11:31,Hyderabad,mobile,late_night,False,Monday
S002175,U03461,R0305,2025-12-03 13:00:31,Kolkata,web,lunch,False,Wednesday
S002176,U01632,R0316,2026-02-14 10:05:31,Chennai,mobile,breakfast,True,Saturday
S002177,U00025,R0481,2026-01-03 05:23:31,Mumbai,mobile,late_night,True,Saturday
S002178,U02850,R0595,2025-12-15 11:48:31,Kolkata,web,lunch,False,Monday
S002179,U01721,R0450,2025-12-01 20:03:31,Bangalore,mobile,dinner,False,Monday
S002180,U04989,R0606,2026-02-10 09:24:31,Bangalore,tablet,breakfast,False,Tuesday
S002181,U00819,R0678,2026-01-23 17:03:31,Pune,mobile,snack,False,Friday
S002182,U02504,R0588,2026-02-16 17:40:31,Bangalore,web,snack,False,Monday
S002183,U02438,R0568,2025-12-19 13:08:31,Hyderabad,mobile,lunch,False,Friday
S002184,U01127,R0788,2025-12-21 12:34:31,Pune,mobile,lunch,True,Sunday
S002185,U02775,R0494,2025-12-11 08:38:31,Delhi,web,breakfast,False,Thursday
S002186,U00051,R0662,2026-02-20 19:34:31,Mumbai,mobile,dinner,False,Friday
S002187,U04967,R0134,2025-12-29 13:54:31,Hyderabad,mobile,lunch,False,Monday
S002188,U00970,R0555,2025-12-20 18:29:31,Bangalore,mobile,dinner,True,Saturday
S002189,U00665,R0026,2026-01-19 19:39:31,Bangalore,mobile,dinner,False,Monday
S002190,U04632,R0317,2026-01-11 10:11:31,Hyderabad,mobile,breakfast,True,Sunday
S002191,U04154,R0580,2026-01-27 06:58:31,Delhi,mobile,breakfast,False,Tuesday
S002192,U04620,R0363,2026-02-13 13:10:31,Hyderabad,mobile,lunch,False,Friday
S002193,U00185,R0641,2026-01-15 07:07:31,Chennai,mobile,breakfast,False,Thursday
S002194,U04265,R0581,2026-01-01 14:40:31,Delhi,mobile,lunch,False,Thursday
S002195,U03683,R0157,2026-01-06 17:07:31,Mumbai,mobile,snack,False,Tuesday
S002196,U03866,R0598,2025-12-26 21:36:31,Pune,mobile,dinner,False,Friday
S002197,U01756,R0290,2025-11-30 21:13:31,Mumbai,mobile,dinner,True,Sunday
S002198,U01627,R0088,2026-02-05 19:19:31,Mumbai,web,dinner,False,Thursday
S002199,U02145,R0540,2026-02-18 15:17:31,Chennai,mobile,snack,False,Wednesday
S002200,U00207,R0122,2026-01-04 08:48:31,Chennai,mobile,breakfast,True,Sunday
S002201,U01714,R0684,2026-01-27 06:32:31,Hyderabad,mobile,breakfast,False,Tuesday
S002202,U02531,R0551,2026-01-24 20:40:31,Pune,mobile,dinner,True,Saturday
S002203,U03125,R0720,2025-12-03 18:00:31,Hyderabad,mobile,dinner,False,Wednesday
S002204,U04624,R0072,2026-01-08 12:07:31,Chennai,mobile,lunch,False,Thursday
S002205,U01059,R0074,2026-02-09 12:37:31,Delhi,mobile,lunch,False,Monday
S002206,U02771,R0652,2025-12-12 09:16:31,Mumbai,mobile,breakfast,False,Friday
S002207,U04963,R0725,2026-01-24 10:50:31,Hyderabad,mobile,breakfast,True,Saturday
S002208,U01009,R0480,2026-01-29 19:26:31,Chennai,web,dinner,False,Thursday
S002209,U03333,R0124,2026-02-11 21:23:31,Hyderabad,mobile,dinner,False,Wednesday
S002210,U03023,R0029,2026-01-29 08:51:31,Chennai,mobile,breakfast,False,Thursday
S002211,U02220,R0257,2026-02-06 09:17:31,Kolkata,mobile,breakfast,False,Friday
S002212,U03544,R0216,2025-12-07 15:00:31,Hyderabad,mobile,snack,True,Sunday
S002213,U03437,R0152,2025-12-28 11:17:31,Pune,mobile,lunch,True,Sunday
S002214,U03009,R0661,2026-02-23 05:16:31,Mumbai,mobile,late_night,False,Monday
S002215,U00723,R0069,2026-02-15 08:19:31,Hyderabad,mobile,breakfast,True,Sunday
S002216,U03276,R0685,2026-01-19 07:06:31,Mumbai,mobile,breakfast,False,Monday
S002217,U02227,R0481,2026-01-23 10:31:31,Mumbai,mobile,breakfast,False,Friday
S002218,U01265,R0632,2026-02-09 07:02:31,Pune,web,breakfast,False,Monday
S002219,U04976,R0793,2025-12-21 20:09:31,Mumbai,mobile,dinner,True,Sunday
S002220,U00831,R0143,2025-12-10 09:10:31,Chennai,web,breakfast,False,Wednesday
S002221,U01944,R0350,2025-12-04 04:35:31,Pune,tablet,late_night,False,Thursday
S002222,U02892,R0373,2025-12-16 15:54:31,Pune,mobile,snack,False,Tuesday
S002223,U00609,R0118,2026-01-13 10:59:31,Hyderabad,mobile,breakfast,False,Tuesday
S002224,U00931,R0485,2026-02-01 11:07:31,Hyderabad,mobile,lunch,True,Sunday
S002225,U01980,R0110,2026-02-14 14:28:31,Chennai,mobile,lunch,True,Saturday
S002226,U03833,R0263,2026-02-05 16:54:31,Hyderabad,tablet,snack,False,Thursday
S002227,U02770,R0561,2025-12-11 07:59:31,Bangalore,mobile,breakfast,False,Thursday
S002228,U00096,R0049,2025-12-05 11:36:31,Delhi,mobile,lunch,False,Friday
S002229,U03314,R0290,2026-01-06 11:26:31,Mumbai,mobile,lunch,False,Tuesday
S002230,U00015,R0318,2026-01-14 14:21:31,Hyderabad,mobile,lunch,False,Wednesday
S002231,U03660,R0657,2026-01-17 11:25:31,Delhi,mobile,lunch,True,Saturday
S002232,U03500,R0293,2026-01-22 20:17:31,Delhi,mobile,dinner,False,Thursday
S002233,U04907,R0339,2025-12-26 11:39:31,Mumbai,mobile,lunch,False,Friday
S002234,U03753,R0486,2026-01-04 14:58:31,Chennai,mobile,lunch,True,Sunday
S002235,U01133,R0684,2026-01-05 07:40:31,Hyderabad,web,breakfast,False,Monday
S002236,U03292,R0042,2026-02-25 08:46:31,Pune,mobile,breakfast,False,Wednesday
S002237,U00747,R0095,2025-12-17 10:33:31,Kolkata,mobile,breakfast,False,Wednesday
S002238,U00925,R0613,2026-01-30 11:58:31,Kolkata,mobile,lunch,False,Friday
S002239,U03480,R0615,2025-12-11 19:22:31,Bangalore,mobile,dinner,False,Thursday
S002240,U01579,R0622,2026-01-07 12:04:31,Hyderabad,mobile,lunch,False,Wednesday
S002241,U02225,R0059,2026-01-03 14:16:31,Kolkata,mobile,lunch,True,Saturday
S002242,U01516,R0055,2026-02-09 08:14:31,Bangalore,mobile,breakfast,False,Monday
S002243,U00291,R0704,2026-01-01 14:06:31,Delhi,mobile,lunch,False,Thursday
S002244,U03934,R0242,2026-02-08 12:40:31,Hyderabad,mobile,lunch,True,Sunday
S002245,U03585,R0578,2026-02-24 18:53:31,Hyderabad,mobile,dinner,False,Tuesday
S002246,U02052,R0754,2026-01-07 22:27:31,Hyderabad,mobile,late_night,False,Wednesday
S002247,U03895,R0700,2025-12-02 20:37:31,Pune,mobile,dinner,False,Tuesday
S002248,U03706,R0247,2026-01-04 13:25:31,Kolkata,web,lunch,True,Sunday
S002249,U00628,R0061,2026-02-01 22:25:31,Chennai,mobile,late_night,True,Sunday
S002250,U03204,R0062,2025-12-02 12:09:31,Kolkata,web,lunch,False,Tuesday
S002251,U01142,R0210,2026-02-26 20:13:31,Delhi,mobile,dinner,False,Thursday
S002252,U02396,R0398,2025-12-02 06:31:31,Bangalore,mobile,breakfast,False,Tuesday
S002253,U01201,R0665,2026-01-16 18:47:31,Chennai,mobile,dinner,False,Friday
S002254,U03849,R0785,2026-01-19 13:48:31,Bangalore,mobile,lunch,False,Monday
S002255,U02607,R0342,2026-02-25 07:37:31,Mumbai,web,breakfast,False,Wednesday
S002256,U01584,R0565,2026-01-14 11:50:31,Kolkata,web,lunch,False,Wednesday
S002257,U00443,R0606,2025-12-19 09:11:31,Bangalore,mobile,breakfast,False,Friday
S002258,U04069,R0112,2026-02-04 13:04:31,Chennai,mobile,lunch,False,Wednesday
S002259,U01950,R0072,2026-01-26 13:31:31,Chennai,web,lunch,False,Monday
S002260,U02303,R0288,2025-12-06 01:55:31,Kolkata,mobile,late_night,True,Saturday
S002261,U00804,R0126,2026-02-18 22:02:31,Chennai,mobile,late_night,False,Wednesday
S002262,U04859,R0112,2025-12-02 09:36:31,Chennai,mobile,breakfast,False,Tuesday
S002263,U00699,R0363,2026-02-08 20:00:31,Hyderabad,mobile,dinner,True,Sunday
S002264,U03481,R0750,2026-02-02 23:02:31,Chennai,mobile,late_night,False,Monday
S002265,U01297,R0005,2025-12-22 08:42:31,Pune,mobile,breakfast,False,Monday
S002266,U03540,R0255,2026-01-24 21:07:31,Pune,web,dinner,True,Saturday
S002267,U03320,R0335,2026-02-26 18:59:31,Bangalore,mobile,dinner,False,Thursday
S002268,U01525,R0129,2026-01-12 14:02:31,Bangalore,web,lunch,False,Monday
S002269,U03407,R0508,2025-12-25 10:26:31,Chennai,web,breakfast,False,Thursday
S002270,U02647,R0670,2025-12-04 21:44:31,Kolkata,mobile,dinner,False,Thursday
S002271,U04344,R0503,2026-02-08 11:15:31,Pune,mobile,lunch,True,Sunday
S002272,U01711,R0167,2026-02-02 11:28:31,Mumbai,mobile,lunch,False,Monday
S002273,U03086,R0561,2025-12-28 12:26:31,Bangalore,mobile,lunch,True,Sunday
S002274,U03629,R0280,2026-01-20 23:05:31,Pune,tablet,late_night,False,Tuesday
S002275,U04302,R0766,2026-01-15 15:53:31,Bangalore,mobile,snack,False,Thursday
S002276,U00566,R0626,2026-02-09 11:23:31,Kolkata,mobile,lunch,False,Monday
S002277,U00162,R0513,2026-01-29 07:33:31,Kolkata,mobile,breakfast,False,Thursday
S002278,U02508,R0496,2026-01-21 21:32:31,Chennai,mobile,dinner,False,Wednesday
S002279,U02766,R0358,2026-02-23 18:47:31,Pune,mobile,dinner,False,Monday
S002280,U00515,R0207,2026-01-30 09:09:31,Bangalore,mobile,breakfast,False,Friday
S002281,U03400,R0519,2026-02-26 15:53:31,Mumbai,mobile,snack,False,Thursday
S002282,U04803,R0112,2025-12-13 13:59:31,Chennai,mobile,lunch,True,Saturday
S002283,U02023,R0738,2026-02-22 10:06:31,Pune,mobile,breakfast,True,Sunday
S002284,U03832,R0419,2025-11-29 19:53:31,Hyderabad,mobile,dinner,True,Saturday
S002285,U02395,R0500,2026-02-19 20:43:31,Pune,mobile,dinner,False,Thursday
S002286,U03553,R0538,2026-01-09 12:26:31,Mumbai,mobile,lunch,False,Friday
S002287,U02095,R0735,2026-01-27 11:35:31,Hyderabad,web,lunch,False,Tuesday
S002288,U03946,R0666,2026-02-15 14:58:31,Delhi,tablet,lunch,True,Sunday
S002289,U03963,R0566,2026-01-30 19:07:31,Delhi,web,dinner,False,Friday
S002290,U00710,R0292,2026-02-21 13:42:31,Mumbai,mobile,lunch,True,Saturday
S002291,U04313,R0239,2025-12-28 16:42:31,Chennai,mobile,snack,True,Sunday
S002292,U03665,R0797,2026-01-31 11:12:31,Bangalore,mobile,lunch,True,Saturday
S002293,U03775,R0589,2025-12-30 17:27:31,Chennai,mobile,snack,False,Tuesday
S002294,U01378,R0308,2026-02-10 18:54:31,Bangalore,web,dinner,False,Tuesday
S002295,U04533,R0460,2026-01-21 12:03:31,Delhi,web,lunch,False,Wednesday
S002296,U03650,R0178,2026-02-02 07:34:31,Kolkata,mobile,breakfast,False,Monday
S002297,U01729,R0323,2025-12-11 11:51:31,Pune,web,lunch,False,Thursday
S002298,U02535,R0448,2026-02-17 21:37:31,Pune,mobile,dinner,False,Tuesday
S002299,U00417,R0725,2025-11-30 18:23:31,Hyderabad,mobile,dinner,True,Sunday
S002300,U03896,R0553,2025-12-14 09:34:31,Bangalore,web,breakfast,True,Sunday
S002301,U00469,R0509,2026-01-20 12:46:31,Bangalore,mobile,lunch,False,Tuesday
S002302,U02425,R0592,2026-01-14 02:01:31,Kolkata,tablet,late_night,False,Wednesday
S002303,U02672,R0103,2026-01-17 12:52:31,Hyderabad,web,lunch,True,Saturday
S002304,U00328,R0438,2025-12-20 12:28:31,Mumbai,mobile,lunch,True,Saturday
S002305,U04641,R0397,2025-12-27 23:26:31,Mumbai,mobile,late_night,True,Saturday
S002306,U03898,R0447,2026-01-21 22:54:31,Delhi,mobile,late_night,False,Wednesday
S002307,U04699,R0776,2026-01-06 15:46:31,Pune,mobile,snack,False,Tuesday
S002308,U01847,R0149,2026-01-05 11:29:31,Chennai,mobile,lunch,False,Monday
S002309,U00416,R0710,2026-01-10 06:46:31,Delhi,mobile,breakfast,True,Saturday
S002310,U01784,R0448,2025-12-04 13:49:31,Pune,mobile,lunch,False,Thursday
S002311,U03952,R0757,2026-02-07 06:18:31,Bangalore,mobile,breakfast,True,Saturday
S002312,U03892,R0241,2026-01-13 12:17:31,Kolkata,mobile,lunch,False,Tuesday
S002313,U00671,R0363,2025-12-06 19:58:31,Hyderabad,tablet,dinner,True,Saturday
S002314,U00678,R0034,2025-12-16 20:21:31,Delhi,mobile,dinner,False,Tuesday
S002315,U04695,R0712,2025-12-25 12:43:31,Delhi,mobile,lunch,False,Thursday
S002316,U02619,R0573,2026-01-05 21:50:31,Bangalore,web,dinner,False,Monday
S002317,U04904,R0546,2026-02-06 10:53:31,Chennai,web,breakfast,False,Friday
S002318,U03710,R0313,2026-02-07 17:40:31,Hyderabad,mobile,snack,True,Saturday
S002319,U01006,R0533,2026-01-20 11:22:31,Kolkata,mobile,lunch,False,Tuesday
S002320,U01575,R0198,2025-11-30 07:31:31,Hyderabad,mobile,breakfast,True,Sunday
S002321,U01232,R0799,2026-01-25 22:27:31,Pune,mobile,late_night,True,Sunday
S002322,U01282,R0181,2026-01-07 08:47:31,Hyderabad,mobile,breakfast,False,Wednesday
S002323,U04695,R0402,2026-01-10 20:11:31,Delhi,web,dinner,True,Saturday
S002324,U00067,R0431,2025-12-28 03:49:31,Bangalore,tablet,late_night,True,Sunday
S002325,U03162,R0347,2026-01-11 09:17:31,Kolkata,mobile,breakfast,True,Sunday
S002326,U01627,R0538,2025-12-06 20:44:31,Mumbai,mobile,dinner,True,Saturday
S002327,U00414,R0125,2026-02-21 19:24:31,Bangalore,tablet,dinner,True,Saturday
S002328,U04245,R0594,2025-12-29 12:02:31,Chennai,mobile,lunch,False,Monday
S002329,U00236,R0593,2025-12-20 21:45:31,Kolkata,mobile,dinner,True,Saturday
S002330,U01560,R0717,2026-01-20 13:23:31,Kolkata,mobile,lunch,False,Tuesday
S002331,U01993,R0488,2025-12-17 19:52:31,Pune,mobile,dinner,False,Wednesday
S002332,U04107,R0287,2026-02-03 07:34:31,Kolkata,mobile,breakfast,False,Tuesday
S002333,U01812,R0201,2026-01-28 11:59:31,Delhi,mobile,lunch,False,Wednesday
S002334,U03335,R0646,2025-12-27 10:57:31,Hyderabad,mobile,breakfast,True,Saturday
S002335,U04109,R0598,2026-02-26 09:39:31,Pune,web,breakfast,False,Thursday
S002336,U01795,R0170,2025-12-11 20:09:31,Chennai,mobile,dinner,False,Thursday
S002337,U01827,R0555,2025-11-29 20:31:31,Bangalore,mobile,dinner,True,Saturday
S002338,U00860,R0253,2026-01-23 21:50:31,Chennai,web,dinner,False,Friday
S002339,U03078,R0253,2025-11-28 18:23:31,Chennai,mobile,dinner,False,Friday
S002340,U04357,R0137,2026-02-05 12:29:31,Hyderabad,web,lunch,False,Thursday
S002341,U01761,R0437,2026-01-25 01:23:31,Kolkata,mobile,late_night,True,Sunday
S002342,U00559,R0163,2026-02-05 01:18:31,Hyderabad,mobile,late_night,False,Thursday
S002343,U00285,R0237,2026-02-10 16:28:31,Chennai,mobile,snack,False,Tuesday
S002344,U04422,R0171,2026-02-17 10:03:31,Kolkata,web,breakfast,False,Tuesday
S002345,U04528,R0621,2025-12-11 06:43:31,Mumbai,mobile,breakfast,False,Thursday
S002346,U04733,R0332,2026-01-01 05:40:31,Hyderabad,mobile,late_night,False,Thursday
S002347,U02995,R0231,2026-01-22 23:12:31,Hyderabad,mobile,late_night,False,Thursday
S002348,U03815,R0441,2026-01-19 13:58:31,Chennai,mobile,lunch,False,Monday
S002349,U04639,R0302,2026-01-08 21:24:31,Delhi,web,dinner,False,Thursday
S002350,U02451,R0508,2026-02-01 21:25:31,Chennai,mobile,dinner,True,Sunday
S002351,U01062,R0780,2026-01-10 08:23:31,Kolkata,mobile,breakfast,True,Saturday
S002352,U03403,R0367,2026-02-05 07:48:31,Bangalore,mobile,breakfast,False,Thursday
S002353,U03786,R0293,2025-12-10 15:05:31,Delhi,mobile,snack,False,Wednesday
S002354,U04914,R0511,2026-02-20 12:00:31,Delhi,mobile,lunch,False,Friday
S002355,U03380,R0606,2026-01-31 20:22:31,Bangalore,mobile,dinner,True,Saturday
S002356,U01311,R0465,2025-12-31 11:53:31,Kolkata,mobile,lunch,False,Wednesday
S002357,U01490,R0294,2025-12-23 06:56:31,Pune,mobile,breakfast,False,Tuesday
S002358,U00569,R0730,2025-12-08 17:16:31,Pune,mobile,snack,False,Monday
S002359,U04430,R0098,2026-02-11 11:39:31,Delhi,mobile,lunch,False,Wednesday
S002360,U01301,R0015,2025-12-05 19:07:31,Bangalore,mobile,dinner,False,Friday
S002361,U00962,R0380,2026-02-22 20:39:31,Kolkata,mobile,dinner,True,Sunday
S002362,U00572,R0772,2026-01-25 08:09:31,Bangalore,mobile,breakfast,True,Sunday
S002363,U02736,R0473,2025-12-22 11:09:31,Kolkata,mobile,lunch,False,Monday
S002364,U03135,R0191,2026-01-18 18:09:31,Mumbai,mobile,dinner,True,Sunday
S002365,U01229,R0040,2025-12-29 08:58:31,Bangalore,mobile,breakfast,False,Monday
S002366,U01011,R0568,2025-12-05 06:58:31,Hyderabad,web,breakfast,False,Friday
S002367,U03603,R0544,2026-01-03 14:42:31,Kolkata,mobile,lunch,True,Saturday
S002368,U04716,R0475,2026-01-22 12:00:31,Bangalore,mobile,lunch,False,Thursday
S002369,U00171,R0756,2026-02-19 11:19:31,Chennai,mobile,lunch,False,Thursday
S002370,U01220,R0737,2025-12-02 10:26:31,Delhi,mobile,breakfast,False,Tuesday
S002371,U00268,R0434,2025-12-17 17:25:31,Mumbai,mobile,snack,False,Wednesday
S002372,U03514,R0730,2025-12-28 15:21:31,Pune,mobile,snack,True,Sunday
S002373,U04252,R0471,2025-12-22 20:16:31,Pune,mobile,dinner,False,Monday
S002374,U04385,R0113,2026-01-25 23:09:31,Hyderabad,mobile,late_night,True,Sunday
S002375,U00431,R0390,2025-12-03 06:46:31,Kolkata,mobile,breakfast,False,Wednesday
S002376,U04136,R0781,2025-12-05 19:17:31,Kolkata,mobile,dinner,False,Friday
S002377,U04764,R0306,2025-12-13 23:19:31,Bangalore,mobile,late_night,True,Saturday
S002378,U04181,R0765,2026-01-21 04:40:31,Kolkata,web,late_night,False,Wednesday
S002379,U01965,R0234,2025-12-07 07:35:31,Mumbai,mobile,breakfast,True,Sunday
S002380,U04580,R0267,2026-02-26 18:06:31,Chennai,web,dinner,False,Thursday
S002381,U04081,R0077,2025-12-07 12:25:31,Delhi,mobile,lunch,True,Sunday
S002382,U03707,R0038,2025-12-12 06:21:31,Pune,mobile,breakfast,False,Friday
S002383,U02400,R0047,2026-02-08 13:11:31,Pune,mobile,lunch,True,Sunday
S002384,U02066,R0604,2025-12-11 17:29:31,Pune,mobile,snack,False,Thursday
S002385,U00461,R0260,2025-12-22 22:10:31,Pune,web,late_night,False,Monday
S002386,U02098,R0016,2026-01-26 16:33:31,Pune,mobile,snack,False,Monday
S002387,U01639,R0655,2026-02-11 01:39:31,Kolkata,mobile,late_night,False,Wednesday
S002388,U04152,R0442,2025-12-19 13:47:31,Bangalore,mobile,lunch,False,Friday
S002389,U03040,R0406,2025-12-20 13:50:31,Chennai,web,lunch,True,Saturday
S002390,U04180,R0049,2026-01-26 05:21:31,Delhi,mobile,late_night,False,Monday
S002391,U00738,R0347,2026-01-09 15:55:31,Kolkata,mobile,snack,False,Friday
S002392,U02039,R0285,2026-01-26 09:07:31,Kolkata,mobile,breakfast,False,Monday
S002393,U03512,R0373,2026-02-20 20:32:31,Pune,mobile,dinner,False,Friday
S002394,U04414,R0530,2025-12-08 12:13:31,Pune,mobile,lunch,False,Monday
S002395,U00269,R0679,2025-12-24 12:43:31,Delhi,mobile,lunch,False,Wednesday
S002396,U04877,R0469,2026-01-13 11:15:31,Delhi,tablet,lunch,False,Tuesday
S002397,U03400,R0298,2026-01-17 16:11:31,Mumbai,tablet,snack,True,Saturday
S002398,U04019,R0511,2026-01-31 22:38:31,Delhi,mobile,late_night,True,Saturday
S002399,U03865,R0265,2026-01-29 12:47:31,Pune,mobile,lunch,False,Thursday
S002400,U00002,R0520,2025-12-25 22:36:31,Chennai,mobile,late_night,False,Thursday
S002401,U00462,R0647,2026-01-11 06:43:31,Delhi,mobile,breakfast,True,Sunday
S002402,U01481,R0105,2025-12-01 15:25:31,Pune,mobile,snack,False,Monday
S002403,U00694,R0426,2026-02-01 06:05:31,Hyderabad,mobile,breakfast,True,Sunday
S002404,U00161,R0790,2026-02-09 19:42:31,Kolkata,mobile,dinner,False,Monday
S002405,U03806,R0003,2025-12-13 19:48:31,Bangalore,web,dinner,True,Saturday
S002406,U03571,R0324,2026-02-17 23:11:31,Delhi,mobile,late_night,False,Tuesday
S002407,U04426,R0324,2026-02-08 17:27:31,Delhi,mobile,snack,True,Sunday
S002408,U02745,R0723,2026-01-28 06:09:31,Mumbai,mobile,breakfast,False,Wednesday
S002409,U01983,R0782,2026-01-15 10:28:31,Bangalore,mobile,breakfast,False,Thursday
S002410,U02955,R0256,2025-12-30 23:56:31,Kolkata,mobile,late_night,False,Tuesday
S002411,U02560,R0338,2026-01-14 19:57:31,Pune,mobile,dinner,False,Wednesday
S002412,U03863,R0014,2026-01-21 09:09:31,Chennai,mobile,breakfast,False,Wednesday
S002413,U02433,R0730,2025-12-17 10:36:31,Pune,mobile,breakfast,False,Wednesday
S002414,U01499,R0263,2026-01-31 02:30:31,Hyderabad,web,late_night,True,Saturday
S002415,U04415,R0185,2025-12-21 18:36:31,Mumbai,mobile,dinner,True,Sunday
S002416,U01588,R0446,2026-02-16 09:00:31,Pune,web,breakfast,False,Monday
S002417,U00420,R0549,2025-12-02 21:31:31,Chennai,web,dinner,False,Tuesday
S002418,U02343,R0045,2026-02-16 21:17:31,Hyderabad,mobile,dinner,False,Monday
S002419,U04903,R0301,2025-12-11 04:04:31,Chennai,mobile,late_night,False,Thursday
S002420,U03199,R0528,2025-12-17 06:58:31,Hyderabad,mobile,breakfast,False,Wednesday
S002421,U00582,R0192,2025-12-31 16:12:31,Pune,mobile,snack,False,Wednesday
S002422,U01728,R0316,2025-12-11 12:15:31,Chennai,mobile,lunch,False,Thursday
S002423,U01639,R0468,2025-12-16 21:49:31,Kolkata,mobile,dinner,False,Tuesday
S002424,U04249,R0165,2025-12-15 06:34:31,Kolkata,mobile,breakfast,False,Monday
S002425,U00837,R0743,2025-12-14 06:07:31,Pune,mobile,breakfast,True,Sunday
S002426,U03439,R0156,2025-12-23 11:24:31,Hyderabad,web,lunch,False,Tuesday
S002427,U04799,R0243,2026-01-20 16:06:31,Delhi,mobile,snack,False,Tuesday
S002428,U00265,R0033,2026-02-11 12:13:31,Delhi,mobile,lunch,False,Wednesday
S002429,U01531,R0291,2025-12-30 21:46:31,Hyderabad,mobile,dinner,False,Tuesday
S002430,U03788,R0433,2026-01-10 12:17:31,Mumbai,mobile,lunch,True,Saturday
S002431,U02753,R0199,2025-12-26 23:58:31,Mumbai,web,late_night,False,Friday
S002432,U00396,R0409,2026-01-11 08:31:31,Mumbai,mobile,breakfast,True,Sunday
S002433,U00575,R0790,2025-12-09 13:55:31,Kolkata,mobile,lunch,False,Tuesday
S002434,U00234,R0224,2025-12-12 12:36:31,Pune,mobile,lunch,False,Friday
S002435,U03726,R0697,2025-12-16 11:25:31,Mumbai,mobile,lunch,False,Tuesday
S002436,U02638,R0349,2026-01-02 23:45:31,Bangalore,mobile,late_night,False,Friday
S002437,U01140,R0322,2025-11-28 15:28:31,Chennai,mobile,snack,False,Friday
S002438,U04616,R0793,2026-02-03 10:00:31,Mumbai,mobile,breakfast,False,Tuesday
S002439,U00967,R0169,2026-01-11 12:41:31,Delhi,mobile,lunch,True,Sunday
S002440,U02872,R0714,2025-12-02 10:35:31,Chennai,web,breakfast,False,Tuesday
S002441,U03601,R0744,2025-12-23 22:15:31,Bangalore,web,late_night,False,Tuesday
S002442,U02665,R0260,2026-01-23 10:54:31,Pune,mobile,breakfast,False,Friday
S002443,U00593,R0077,2025-12-06 11:17:31,Delhi,mobile,lunch,True,Saturday
S002444,U01348,R0245,2026-02-02 19:52:31,Delhi,mobile,dinner,False,Monday
S002445,U03002,R0103,2026-01-14 01:45:31,Hyderabad,mobile,late_night,False,Wednesday
S002446,U01208,R0181,2026-01-01 18:34:31,Hyderabad,web,dinner,False,Thursday
S002447,U03851,R0477,2026-01-13 14:19:31,Mumbai,web,lunch,False,Tuesday
S002448,U00047,R0668,2026-02-16 19:52:31,Bangalore,mobile,dinner,False,Monday
S002449,U01438,R0277,2026-02-07 21:46:31,Bangalore,web,dinner,True,Saturday
S002450,U02686,R0393,2026-02-20 15:07:31,Chennai,web,snack,False,Friday
S002451,U04644,R0620,2025-12-18 07:34:31,Mumbai,web,breakfast,False,Thursday
S002452,U02522,R0055,2025-12-06 07:03:31,Bangalore,mobile,breakfast,True,Saturday
S002453,U03933,R0262,2026-02-03 18:08:31,Mumbai,mobile,dinner,False,Tuesday
S002454,U01500,R0701,2026-01-24 07:24:31,Chennai,mobile,breakfast,True,Saturday
S002455,U01285,R0640,2025-12-11 12:23:31,Mumbai,web,lunch,False,Thursday
S002456,U00476,R0782,2025-12-25 10:52:31,Bangalore,mobile,breakfast,False,Thursday
S002457,U00031,R0475,2026-02-17 19:38:31,Bangalore,mobile,dinner,False,Tuesday
S002458,U02616,R0506,2025-12-03 21:33:31,Kolkata,mobile,dinner,False,Wednesday
S002459,U02704,R0629,2026-01-05 18:43:31,Pune,mobile,dinner,False,Monday
S002460,U04907,R0023,2025-12-11 07:05:31,Mumbai,mobile,breakfast,False,Thursday
S002461,U00848,R0502,2025-12-12 15:00:31,Delhi,mobile,snack,False,Friday
S002462,U01950,R0337,2026-02-09 07:14:31,Chennai,mobile,breakfast,False,Monday
S002463,U00460,R0180,2026-01-27 19:10:31,Chennai,mobile,dinner,False,Tuesday
S002464,U03321,R0430,2025-11-30 14:01:31,Bangalore,mobile,lunch,True,Sunday
S002465,U03936,R0263,2026-02-04 14:35:31,Hyderabad,mobile,lunch,False,Wednesday
S002466,U04160,R0747,2026-01-14 13:29:31,Pune,web,lunch,False,Wednesday
S002467,U04215,R0588,2026-01-05 13:25:31,Bangalore,mobile,lunch,False,Monday
S002468,U03073,R0208,2026-01-08 23:19:31,Kolkata,mobile,late_night,False,Thursday
S002469,U00258,R0194,2026-01-13 10:31:31,Kolkata,web,breakfast,False,Tuesday
S002470,U02233,R0206,2026-02-05 14:34:31,Kolkata,mobile,lunch,False,Thursday
S002471,U04817,R0717,2025-12-31 11:24:31,Kolkata,mobile,lunch,False,Wednesday
S002472,U01113,R0078,2025-12-26 11:44:31,Mumbai,web,lunch,False,Friday
S002473,U03547,R0378,2025-12-24 13:14:31,Hyderabad,mobile,lunch,False,Wednesday
S002474,U00260,R0453,2025-12-09 02:11:31,Delhi,mobile,late_night,False,Tuesday
S002475,U03392,R0480,2026-01-08 02:20:31,Chennai,tablet,late_night,False,Thursday
S002476,U00997,R0633,2026-02-08 04:52:31,Bangalore,mobile,late_night,True,Sunday
S002477,U04790,R0556,2026-01-18 13:16:31,Kolkata,mobile,lunch,True,Sunday
S002478,U04827,R0239,2025-12-05 12:18:31,Chennai,mobile,lunch,False,Friday
S002479,U02831,R0663,2025-12-09 18:31:31,Hyderabad,mobile,dinner,False,Tuesday
S002480,U00625,R0703,2026-01-14 20:18:31,Chennai,mobile,dinner,False,Wednesday
S002481,U00349,R0613,2025-11-30 13:56:31,Kolkata,mobile,lunch,True,Sunday
S002482,U00631,R0251,2025-12-27 15:19:31,Kolkata,mobile,snack,True,Saturday
S002483,U03346,R0496,2025-12-23 14:26:31,Chennai,web,lunch,False,Tuesday
S002484,U04115,R0334,2026-01-12 18:35:31,Chennai,web,dinner,False,Monday
S002485,U02342,R0282,2026-02-20 02:05:31,Delhi,mobile,late_night,False,Friday
S002486,U03617,R0150,2026-01-26 11:08:31,Pune,mobile,lunch,False,Monday
S002487,U04119,R0264,2026-01-12 19:11:31,Mumbai,mobile,dinner,False,Monday
S002488,U04946,R0754,2025-12-30 20:39:31,Hyderabad,mobile,dinner,False,Tuesday
S002489,U04825,R0081,2026-02-24 07:21:31,Hyderabad,mobile,breakfast,False,Tuesday
S002490,U02443,R0484,2026-02-23 11:24:31,Pune,mobile,lunch,False,Monday
S002491,U02057,R0770,2026-01-09 12:11:31,Pune,mobile,lunch,False,Friday
S002492,U01854,R0511,2026-01-22 18:32:31,Delhi,mobile,dinner,False,Thursday
S002493,U01914,R0793,2025-12-06 19:14:31,Mumbai,mobile,dinner,True,Saturday
S002494,U01250,R0536,2026-02-07 09:56:31,Mumbai,mobile,breakfast,True,Saturday
S002495,U00577,R0677,2025-12-06 08:53:31,Delhi,mobile,breakfast,True,Saturday
S002496,U04317,R0602,2026-02-23 08:36:31,Pune,mobile,breakfast,False,Monday
S002497,U01330,R0260,2025-12-31 01:25:31,Pune,mobile,late_night,False,Wednesday
S002498,U00324,R0493,2025-11-30 22:11:31,Hyderabad,mobile,late_night,True,Sunday
S002499,U01384,R0047,2025-12-08 15:52:31,Pune,web,snack,False,Monday
S002500,U02632,R0395,2026-01-05 08:56:31,Pune,mobile,breakfast,False,Monday
S002501,U03974,R0298,2025-12-16 06:39:31,Mumbai,mobile,breakfast,False,Tuesday
S002502,U00957,R0121,2026-02-10 19:14:31,Bangalore,mobile,dinner,False,Tuesday
S002503,U00542,R0116,2026-02-22 17:10:31,Hyderabad,mobile,snack,True,Sunday
S002504,U00132,R0125,2026-01-29 08:56:31,Bangalore,web,breakfast,False,Thursday
S002505,U01653,R0194,2026-02-11 16:20:31,Kolkata,mobile,snack,False,Wednesday
S002506,U03474,R0497,2025-12-28 04:38:31,Chennai,mobile,late_night,True,Sunday
S002507,U03574,R0689,2025-12-05 13:48:31,Delhi,mobile,lunch,False,Friday
S002508,U01375,R0501,2026-02-07 08:51:31,Mumbai,web,breakfast,True,Saturday
S002509,U04986,R0755,2025-12-16 15:57:31,Chennai,web,snack,False,Tuesday
S002510,U03336,R0448,2026-01-07 07:39:31,Pune,web,breakfast,False,Wednesday
S002511,U00412,R0392,2026-02-14 12:34:31,Delhi,mobile,lunch,True,Saturday
S002512,U03072,R0617,2026-02-22 22:57:31,Chennai,mobile,late_night,True,Sunday
S002513,U00139,R0173,2026-02-16 18:52:31,Mumbai,web,dinner,False,Monday
S002514,U03974,R0642,2025-12-25 11:24:31,Mumbai,web,lunch,False,Thursday
S002515,U03534,R0139,2025-12-15 22:33:31,Delhi,mobile,late_night,False,Monday
S002516,U02992,R0706,2026-01-12 22:43:31,Kolkata,mobile,late_night,False,Monday
S002517,U00440,R0473,2026-01-22 10:48:31,Kolkata,mobile,breakfast,False,Thursday
S002518,U01739,R0091,2026-01-10 17:02:31,Pune,mobile,snack,True,Saturday
S002519,U00167,R0572,2025-12-24 11:22:31,Mumbai,mobile,lunch,False,Wednesday
S002520,U03263,R0585,2026-01-26 18:03:31,Kolkata,mobile,dinner,False,Monday
S002521,U02072,R0116,2025-12-12 14:41:31,Hyderabad,web,lunch,False,Friday
S002522,U00864,R0476,2026-01-14 08:45:31,Mumbai,mobile,breakfast,False,Wednesday
S002523,U00263,R0394,2026-02-04 23:46:31,Hyderabad,mobile,late_night,False,Wednesday
S002524,U02227,R0359,2026-02-24 21:59:31,Mumbai,mobile,dinner,False,Tuesday
S002525,U04612,R0769,2026-01-09 03:56:31,Bangalore,mobile,late_night,False,Friday
S002526,U03548,R0315,2026-02-01 18:04:31,Kolkata,tablet,dinner,True,Sunday
S002527,U04326,R0100,2025-12-13 18:32:31,Mumbai,mobile,dinner,True,Saturday
S002528,U04501,R0605,2025-12-06 11:23:31,Hyderabad,mobile,lunch,True,Saturday
S002529,U01765,R0739,2025-12-27 15:05:31,Mumbai,mobile,snack,True,Saturday
S002530,U02461,R0167,2025-12-05 12:13:31,Mumbai,mobile,lunch,False,Friday
S002531,U02283,R0737,2025-12-04 15:07:31,Delhi,mobile,snack,False,Thursday
S002532,U00036,R0457,2025-12-30 13:03:31,Delhi,mobile,lunch,False,Tuesday
S002533,U03088,R0737,2026-01-28 09:03:31,Delhi,mobile,breakfast,False,Wednesday
S002534,U00223,R0655,2026-01-23 21:02:31,Kolkata,mobile,dinner,False,Friday
S002535,U00748,R0691,2026-01-26 22:34:31,Bangalore,mobile,late_night,False,Monday
S002536,U04531,R0597,2025-12-12 08:29:31,Hyderabad,mobile,breakfast,False,Friday
S002537,U04140,R0215,2026-01-31 07:00:31,Bangalore,mobile,breakfast,True,Saturday
S002538,U03581,R0666,2026-02-25 04:37:31,Delhi,mobile,late_night,False,Wednesday
S002539,U01898,R0797,2026-01-17 13:13:31,Bangalore,web,lunch,True,Saturday
S002540,U02869,R0664,2026-01-05 23:35:31,Delhi,mobile,late_night,False,Monday
S002541,U03967,R0058,2025-12-15 11:29:31,Delhi,mobile,lunch,False,Monday
S002542,U01854,R0324,2025-12-03 06:07:31,Delhi,mobile,breakfast,False,Wednesday
S002543,U04031,R0255,2025-12-27 12:30:31,Pune,mobile,lunch,True,Saturday
S002544,U01716,R0775,2025-12-20 10:01:31,Delhi,web,breakfast,True,Saturday
S002545,U02381,R0786,2026-02-16 22:13:31,Delhi,web,late_night,False,Monday
S002546,U02147,R0519,2026-01-30 18:17:31,Mumbai,mobile,dinner,False,Friday
S002547,U04991,R0697,2026-01-15 12:51:31,Mumbai,mobile,lunch,False,Thursday
S002548,U03197,R0039,2025-12-30 06:37:31,Delhi,mobile,breakfast,False,Tuesday
S002549,U00565,R0558,2025-12-04 18:02:31,Pune,web,dinner,False,Thursday
S002550,U01855,R0672,2025-12-09 23:03:31,Delhi,mobile,late_night,False,Tuesday
S002551,U02571,R0009,2025-12-18 00:06:31,Hyderabad,mobile,late_night,False,Thursday
S002552,U00178,R0484,2026-01-08 06:06:31,Pune,mobile,breakfast,False,Thursday
S002553,U00443,R0726,2026-02-16 21:40:31,Bangalore,tablet,dinner,False,Monday
S002554,U04498,R0435,2026-01-22 10:29:31,Chennai,web,breakfast,False,Thursday
S002555,U00112,R0005,2026-01-12 19:36:31,Pune,web,dinner,False,Monday
S002556,U02102,R0020,2026-02-16 12:18:31,Kolkata,mobile,lunch,False,Monday
S002557,U00966,R0772,2026-02-09 22:07:31,Bangalore,mobile,late_night,False,Monday
S002558,U00174,R0241,2025-12-07 11:42:31,Kolkata,mobile,lunch,True,Sunday
S002559,U02516,R0078,2025-12-12 15:49:31,Mumbai,mobile,snack,False,Friday
S002560,U04332,R0251,2025-12-10 13:17:31,Kolkata,mobile,lunch,False,Wednesday
S002561,U01275,R0671,2025-11-29 06:43:31,Hyderabad,mobile,breakfast,True,Saturday
S002562,U01324,R0715,2025-12-24 23:31:31,Delhi,mobile,late_night,False,Wednesday
S002563,U00789,R0255,2026-02-09 08:08:31,Pune,mobile,breakfast,False,Monday
S002564,U02462,R0037,2026-01-08 22:20:31,Kolkata,mobile,late_night,False,Thursday
S002565,U00426,R0281,2026-01-03 08:36:31,Pune,mobile,breakfast,True,Saturday
S002566,U04265,R0039,2026-01-29 10:12:31,Delhi,mobile,breakfast,False,Thursday
S002567,U04297,R0685,2026-01-28 11:20:31,Mumbai,mobile,lunch,False,Wednesday
S002568,U02237,R0311,2025-12-27 10:05:31,Bangalore,mobile,breakfast,True,Saturday
S002569,U02901,R0697,2026-01-07 22:49:31,Mumbai,mobile,late_night,False,Wednesday
S002570,U01517,R0438,2026-02-11 10:03:31,Mumbai,web,breakfast,False,Wednesday
S002571,U04424,R0016,2026-02-21 21:33:31,Pune,mobile,dinner,True,Saturday
S002572,U01576,R0355,2026-01-08 20:26:31,Hyderabad,mobile,dinner,False,Thursday
S002573,U03608,R0283,2026-01-29 11:42:31,Delhi,web,lunch,False,Thursday
S002574,U02655,R0150,2025-12-16 07:12:31,Pune,mobile,breakfast,False,Tuesday
S002575,U03423,R0131,2026-02-22 12:27:31,Chennai,tablet,lunch,True,Sunday
S002576,U04931,R0410,2025-12-15 07:53:31,Delhi,mobile,breakfast,False,Monday
S002577,U04049,R0090,2026-02-20 14:33:31,Delhi,web,lunch,False,Friday
S002578,U04386,R0700,2026-01-27 17:20:31,Pune,web,snack,False,Tuesday
S002579,U00179,R0640,2026-02-24 21:11:31,Mumbai,mobile,dinner,False,Tuesday
S002580,U03378,R0441,2025-12-14 16:07:31,Chennai,mobile,snack,True,Sunday
S002581,U02438,R0591,2026-02-25 16:39:31,Hyderabad,tablet,snack,False,Wednesday
S002582,U01491,R0629,2025-12-19 08:14:31,Pune,web,breakfast,False,Friday
S002583,U04541,R0431,2026-01-14 17:36:31,Bangalore,web,snack,False,Wednesday
S002584,U01284,R0701,2026-02-14 12:23:31,Chennai,web,lunch,True,Saturday
S002585,U02718,R0073,2025-12-08 20:16:31,Hyderabad,mobile,dinner,False,Monday
S002586,U03948,R0312,2026-02-17 21:32:31,Mumbai,mobile,dinner,False,Tuesday
S002587,U00550,R0364,2026-02-07 22:38:31,Chennai,mobile,late_night,True,Saturday
S002588,U01678,R0545,2026-01-22 20:04:31,Kolkata,web,dinner,False,Thursday
S002589,U04052,R0383,2026-01-03 15:09:31,Pune,web,snack,True,Saturday
S002590,U01657,R0725,2025-12-16 09:50:31,Hyderabad,web,breakfast,False,Tuesday
S002591,U03441,R0666,2026-01-05 17:42:31,Delhi,mobile,snack,False,Monday
S002592,U01112,R0718,2026-01-24 08:38:31,Chennai,mobile,breakfast,True,Saturday
S002593,U02164,R0283,2025-12-22 22:57:31,Delhi,mobile,late_night,False,Monday
S002594,U02442,R0312,2025-12-23 20:00:31,Mumbai,web,dinner,False,Tuesday
S002595,U03603,R0252,2026-01-02 19:06:31,Kolkata,mobile,dinner,False,Friday
S002596,U02140,R0362,2025-12-06 23:48:31,Delhi,mobile,late_night,True,Saturday
S002597,U03420,R0583,2026-02-20 20:56:31,Delhi,mobile,dinner,False,Friday
S002598,U02094,R0006,2025-11-29 18:47:31,Chennai,web,dinner,True,Saturday
S002599,U01019,R0104,2026-02-03 09:17:31,Pune,mobile,breakfast,False,Tuesday
S002600,U02721,R0214,2026-01-04 13:48:31,Delhi,mobile,lunch,True,Sunday
S002601,U02323,R0261,2026-02-23 21:12:31,Hyderabad,web,dinner,False,Monday
S002602,U01225,R0316,2025-12-17 22:01:31,Chennai,mobile,late_night,False,Wednesday
S002603,U01460,R0305,2025-12-28 16:51:31,Kolkata,mobile,snack,True,Sunday
S002604,U02672,R0118,2025-12-20 21:26:31,Hyderabad,mobile,dinner,True,Saturday
S002605,U00657,R0290,2026-01-26 13:24:31,Mumbai,mobile,lunch,False,Monday
S002606,U04794,R0574,2025-11-28 20:42:31,Chennai,mobile,dinner,False,Friday
S002607,U03151,R0640,2026-02-09 18:39:31,Mumbai,mobile,dinner,False,Monday
S002608,U03288,R0704,2026-01-28 21:27:31,Delhi,mobile,dinner,False,Wednesday
S002609,U00094,R0244,2026-01-21 08:21:31,Delhi,mobile,breakfast,False,Wednesday
S002610,U00876,R0510,2026-01-15 15:30:31,Chennai,mobile,snack,False,Thursday
S002611,U00619,R0785,2025-12-12 21:11:31,Bangalore,mobile,dinner,False,Friday
S002612,U00858,R0131,2025-12-19 17:41:31,Chennai,mobile,snack,False,Friday
S002613,U02894,R0498,2025-12-11 19:58:31,Kolkata,web,dinner,False,Thursday
S002614,U03839,R0127,2026-02-09 06:14:31,Hyderabad,mobile,breakfast,False,Monday
S002615,U04248,R0249,2025-11-28 13:57:31,Hyderabad,mobile,lunch,False,Friday
S002616,U04268,R0476,2025-12-15 17:16:31,Mumbai,mobile,snack,False,Monday
S002617,U00610,R0596,2025-11-28 15:13:31,Bangalore,mobile,snack,False,Friday
S002618,U04276,R0388,2025-12-17 14:01:31,Bangalore,web,lunch,False,Wednesday
S002619,U00902,R0799,2025-12-19 18:14:31,Pune,mobile,dinner,False,Friday
S002620,U01591,R0720,2025-12-28 01:00:31,Hyderabad,web,late_night,True,Sunday
S002621,U01675,R0135,2026-01-06 00:15:31,Mumbai,web,late_night,False,Tuesday
S002622,U01260,R0250,2026-02-09 21:34:31,Hyderabad,mobile,dinner,False,Monday
S002623,U04300,R0754,2025-12-30 13:20:31,Hyderabad,web,lunch,False,Tuesday
S002624,U01304,R0773,2025-12-03 11:11:31,Mumbai,mobile,lunch,False,Wednesday
S002625,U02433,R0654,2025-12-10 08:34:31,Pune,mobile,breakfast,False,Wednesday
S002626,U01107,R0020,2026-02-05 14:08:31,Kolkata,web,lunch,False,Thursday
S002627,U03833,R0650,2025-12-09 03:10:31,Hyderabad,mobile,late_night,False,Tuesday
S002628,U04183,R0465,2025-12-02 17:55:31,Kolkata,mobile,snack,False,Tuesday
S002629,U00184,R0650,2026-01-31 08:10:31,Hyderabad,mobile,breakfast,True,Saturday
S002630,U01935,R0200,2026-02-18 19:08:31,Kolkata,mobile,dinner,False,Wednesday
S002631,U02370,R0098,2025-12-14 19:16:31,Delhi,web,dinner,True,Sunday
S002632,U01359,R0440,2026-01-07 20:42:31,Mumbai,mobile,dinner,False,Wednesday
S002633,U02620,R0164,2026-01-17 13:50:31,Hyderabad,mobile,lunch,True,Saturday
S002634,U04026,R0616,2026-01-30 13:12:31,Mumbai,mobile,lunch,False,Friday
S002635,U04205,R0442,2025-12-26 06:16:31,Bangalore,web,breakfast,False,Friday
S002636,U01986,R0604,2026-01-11 13:24:31,Pune,mobile,lunch,True,Sunday
S002637,U02107,R0179,2026-01-23 10:13:31,Kolkata,mobile,breakfast,False,Friday
S002638,U00409,R0252,2026-02-19 22:54:31,Kolkata,web,late_night,False,Thursday
S002639,U00149,R0671,2026-02-17 03:32:31,Hyderabad,mobile,late_night,False,Tuesday
S002640,U00249,R0333,2025-11-28 13:32:31,Pune,mobile,lunch,False,Friday
S002641,U04921,R0138,2026-02-18 13:31:31,Mumbai,web,lunch,False,Wednesday
S002642,U03586,R0263,2026-02-04 12:26:31,Hyderabad,web,lunch,False,Wednesday
S002643,U01141,R0169,2026-01-04 19:04:31,Delhi,mobile,dinner,True,Sunday
S002644,U02373,R0128,2025-12-30 18:11:31,Chennai,mobile,dinner,False,Tuesday
S002645,U04032,R0173,2026-01-14 10:10:31,Mumbai,web,breakfast,False,Wednesday
S002646,U04148,R0341,2026-02-18 06:59:31,Bangalore,web,breakfast,False,Wednesday
S002647,U00490,R0633,2026-01-05 10:56:31,Bangalore,mobile,breakfast,False,Monday
S002648,U00013,R0327,2026-02-16 08:11:31,Pune,tablet,breakfast,False,Monday
S002649,U00814,R0518,2025-12-05 16:01:31,Hyderabad,mobile,snack,False,Friday
S002650,U02129,R0591,2026-02-25 21:23:31,Hyderabad,web,dinner,False,Wednesday
S002651,U03394,R0057,2025-12-06 19:12:31,Hyderabad,mobile,dinner,True,Saturday
S002652,U00378,R0634,2026-01-09 21:34:31,Chennai,web,dinner,False,Friday
S002653,U00823,R0012,2026-01-02 09:12:31,Hyderabad,mobile,breakfast,False,Friday
S002654,U02508,R0001,2026-02-07 15:56:31,Chennai,mobile,snack,True,Saturday
S002655,U00460,R0253,2025-12-23 02:55:31,Chennai,web,late_night,False,Tuesday
S002656,U03220,R0445,2026-02-09 13:25:31,Pune,tablet,lunch,False,Monday
S002657,U03695,R0340,2026-01-09 12:19:31,Delhi,mobile,lunch,False,Friday
S002658,U02188,R0427,2025-12-02 03:31:31,Chennai,mobile,late_night,False,Tuesday
S002659,U04138,R0732,2025-12-02 07:17:31,Chennai,web,breakfast,False,Tuesday
S002660,U02050,R0696,2026-01-25 04:20:31,Bangalore,mobile,late_night,True,Sunday
S002661,U01355,R0207,2025-12-19 18:38:31,Bangalore,mobile,dinner,False,Friday
S002662,U03488,R0386,2026-01-02 04:10:31,Kolkata,mobile,late_night,False,Friday
S002663,U01370,R0479,2026-01-30 16:36:31,Kolkata,mobile,snack,False,Friday
S002664,U00240,R0559,2026-02-14 02:47:31,Hyderabad,mobile,late_night,True,Saturday
S002665,U00267,R0335,2025-12-13 11:58:31,Bangalore,mobile,lunch,True,Saturday
S002666,U02502,R0770,2026-01-29 10:32:31,Pune,mobile,breakfast,False,Thursday
S002667,U02730,R0162,2026-02-17 20:08:31,Pune,mobile,dinner,False,Tuesday
S002668,U04824,R0441,2025-12-06 08:42:31,Chennai,web,breakfast,True,Saturday
S002669,U02376,R0602,2026-01-19 11:03:31,Pune,web,lunch,False,Monday
S002670,U01014,R0466,2025-12-31 18:36:31,Kolkata,mobile,dinner,False,Wednesday
S002671,U04637,R0734,2026-01-17 11:32:31,Kolkata,mobile,lunch,True,Saturday
S002672,U02015,R0244,2025-12-16 12:57:31,Delhi,mobile,lunch,False,Tuesday
S002673,U03396,R0058,2026-02-07 07:03:31,Delhi,mobile,breakfast,True,Saturday
S002674,U04678,R0492,2025-12-29 09:54:31,Kolkata,mobile,breakfast,False,Monday
S002675,U02948,R0007,2026-02-16 14:55:31,Bangalore,mobile,lunch,False,Monday
S002676,U01136,R0749,2025-12-10 12:42:31,Hyderabad,mobile,lunch,False,Wednesday
S002677,U04460,R0739,2025-11-28 18:12:31,Mumbai,mobile,dinner,False,Friday
S002678,U04261,R0664,2026-01-07 08:06:31,Delhi,web,breakfast,False,Wednesday
S002679,U01093,R0716,2026-01-19 18:36:31,Hyderabad,mobile,dinner,False,Monday
S002680,U04915,R0712,2026-01-25 13:44:31,Delhi,mobile,lunch,True,Sunday
S002681,U01518,R0372,2025-12-08 15:15:31,Hyderabad,mobile,snack,False,Monday
S002682,U02723,R0532,2026-01-03 06:51:31,Pune,web,breakfast,True,Saturday
S002683,U00993,R0524,2026-02-03 07:26:31,Pune,mobile,breakfast,False,Tuesday
S002684,U03169,R0521,2026-01-16 11:04:31,Mumbai,mobile,lunch,False,Friday
S002685,U01360,R0230,2025-12-06 18:44:31,Pune,mobile,dinner,True,Saturday
S002686,U01758,R0071,2026-02-11 18:16:31,Delhi,mobile,dinner,False,Wednesday
S002687,U04475,R0651,2026-01-12 13:32:31,Mumbai,mobile,lunch,False,Monday
S002688,U02648,R0003,2026-01-26 16:29:31,Bangalore,tablet,snack,False,Monday
S002689,U04784,R0443,2026-02-04 10:21:31,Kolkata,mobile,breakfast,False,Wednesday
S002690,U02854,R0018,2026-02-03 15:10:31,Chennai,mobile,snack,False,Tuesday
S002691,U00340,R0700,2026-01-29 14:03:31,Pune,mobile,lunch,False,Thursday
S002692,U04747,R0719,2025-12-31 12:18:31,Chennai,mobile,lunch,False,Wednesday
S002693,U02649,R0758,2025-12-02 21:26:31,Mumbai,mobile,dinner,False,Tuesday
S002694,U00522,R0413,2026-02-07 16:26:31,Bangalore,mobile,snack,True,Saturday
S002695,U02413,R0720,2025-12-29 12:41:31,Hyderabad,mobile,lunch,False,Monday
S002696,U00129,R0390,2025-12-10 11:42:31,Kolkata,mobile,lunch,False,Wednesday
S002697,U02761,R0593,2026-01-04 20:43:31,Kolkata,mobile,dinner,True,Sunday
S002698,U00100,R0377,2025-12-12 19:19:31,Hyderabad,mobile,dinner,False,Friday
S002699,U01325,R0084,2026-01-11 03:26:31,Mumbai,mobile,late_night,True,Sunday
S002700,U02071,R0255,2026-01-02 15:30:31,Pune,mobile,snack,False,Friday
S002701,U00496,R0465,2025-12-13 20:03:31,Kolkata,mobile,dinner,True,Saturday
S002702,U04496,R0017,2026-01-19 21:36:31,Delhi,mobile,dinner,False,Monday
S002703,U02137,R0389,2026-01-22 11:31:31,Bangalore,web,lunch,False,Thursday
S002704,U02462,R0305,2026-02-11 03:29:31,Kolkata,mobile,late_night,False,Wednesday
S002705,U00894,R0584,2026-01-07 11:16:31,Mumbai,web,lunch,False,Wednesday
S002706,U02393,R0375,2025-12-28 14:01:31,Kolkata,web,lunch,True,Sunday
S002707,U00436,R0251,2025-12-31 20:57:31,Kolkata,mobile,dinner,False,Wednesday
S002708,U01043,R0493,2026-01-11 13:41:31,Hyderabad,web,lunch,True,Sunday
S002709,U01063,R0646,2025-12-14 17:44:31,Hyderabad,tablet,snack,True,Sunday
S002710,U01137,R0020,2025-12-12 15:21:31,Kolkata,mobile,snack,False,Friday
S002711,U00202,R0316,2026-02-04 14:30:31,Chennai,web,lunch,False,Wednesday
S002712,U02533,R0560,2025-12-02 13:55:31,Hyderabad,web,lunch,False,Tuesday
S002713,U04771,R0415,2026-02-26 18:42:31,Pune,mobile,dinner,False,Thursday
S002714,U01992,R0777,2026-02-07 06:41:31,Kolkata,mobile,breakfast,True,Saturday
S002715,U03063,R0547,2026-02-07 11:18:31,Bangalore,mobile,lunch,True,Saturday
S002716,U02411,R0403,2026-02-03 13:28:31,Chennai,mobile,lunch,False,Tuesday
S002717,U00258,R0585,2026-01-19 12:52:31,Kolkata,mobile,lunch,False,Monday
S002718,U03143,R0254,2025-12-23 06:37:31,Hyderabad,mobile,breakfast,False,Tuesday
S002719,U02296,R0264,2026-01-12 10:02:31,Mumbai,mobile,breakfast,False,Monday
S002720,U01046,R0641,2026-01-09 15:08:31,Chennai,mobile,snack,False,Friday
S002721,U03859,R0294,2025-12-26 19:17:31,Pune,mobile,dinner,False,Friday
S002722,U00267,R0320,2025-12-26 11:06:31,Bangalore,mobile,lunch,False,Friday
S002723,U02582,R0574,2026-02-11 08:56:31,Chennai,web,breakfast,False,Wednesday
S002724,U02932,R0096,2026-01-18 19:05:31,Mumbai,mobile,dinner,True,Sunday
S002725,U01064,R0413,2026-02-24 17:30:31,Bangalore,mobile,snack,False,Tuesday
S002726,U01249,R0195,2025-12-20 16:46:31,Hyderabad,mobile,snack,True,Saturday
S002727,U00073,R0410,2026-02-20 06:47:31,Delhi,web,breakfast,False,Friday
S002728,U00397,R0537,2026-02-04 10:27:31,Delhi,web,breakfast,False,Wednesday
S002729,U01851,R0374,2026-01-13 15:26:31,Pune,mobile,snack,False,Tuesday
S002730,U01142,R0274,2026-01-07 08:11:31,Delhi,mobile,breakfast,False,Wednesday
S002731,U00073,R0099,2025-12-06 14:03:31,Delhi,web,lunch,True,Saturday
S002732,U04458,R0691,2026-02-22 21:29:31,Bangalore,mobile,dinner,True,Sunday
S002733,U01251,R0255,2025-12-29 12:23:31,Pune,mobile,lunch,False,Monday
S002734,U00450,R0503,2026-02-08 15:43:31,Pune,mobile,snack,True,Sunday
S002735,U03493,R0036,2026-02-02 10:26:31,Hyderabad,mobile,breakfast,False,Monday
S002736,U01313,R0008,2025-12-31 18:47:31,Mumbai,mobile,dinner,False,Wednesday
S002737,U00372,R0779,2026-01-16 00:28:31,Chennai,web,late_night,False,Friday
S002738,U01445,R0705,2026-02-07 12:05:31,Bangalore,web,lunch,True,Saturday
S002739,U00384,R0086,2026-02-16 02:10:31,Kolkata,mobile,late_night,False,Monday
S002740,U03420,R0586,2025-12-04 01:53:31,Delhi,web,late_night,False,Thursday
S002741,U04936,R0268,2026-01-15 12:44:31,Chennai,web,lunch,False,Thursday
S002742,U01874,R0318,2026-02-09 08:33:31,Hyderabad,mobile,breakfast,False,Monday
S002743,U04689,R0381,2026-02-07 11:38:31,Bangalore,mobile,lunch,True,Saturday
S002744,U04061,R0018,2026-01-16 19:55:31,Chennai,web,dinner,False,Friday
S002745,U01977,R0250,2026-02-07 13:52:31,Hyderabad,mobile,lunch,True,Saturday
S002746,U03596,R0300,2025-12-18 07:04:31,Chennai,mobile,breakfast,False,Thursday
S002747,U04962,R0474,2026-01-07 21:33:31,Mumbai,mobile,dinner,False,Wednesday
S002748,U04879,R0336,2026-01-26 17:37:31,Kolkata,web,snack,False,Monday
S002749,U00618,R0486,2026-02-18 08:26:31,Chennai,mobile,breakfast,False,Wednesday
S002750,U03925,R0345,2025-12-10 10:09:31,Pune,mobile,breakfast,False,Wednesday
S002751,U00910,R0358,2026-01-15 08:30:31,Pune,mobile,breakfast,False,Thursday
S002752,U00773,R0268,2026-02-07 01:40:31,Chennai,mobile,late_night,True,Saturday
S002753,U03354,R0485,2025-12-22 10:08:31,Hyderabad,mobile,breakfast,False,Monday
S002754,U04007,R0041,2026-02-06 13:50:31,Delhi,tablet,lunch,False,Friday
S002755,U04007,R0689,2026-01-20 10:11:31,Delhi,web,breakfast,False,Tuesday
S002756,U00765,R0297,2026-01-31 10:22:31,Pune,mobile,breakfast,True,Saturday
S002757,U02968,R0156,2026-02-20 20:01:31,Hyderabad,mobile,dinner,False,Friday
S002758,U02311,R0399,2026-02-25 21:05:31,Bangalore,mobile,dinner,False,Wednesday
S002759,U02505,R0576,2025-12-13 14:10:31,Mumbai,mobile,lunch,True,Saturday
S002760,U00117,R0309,2025-12-03 20:44:31,Kolkata,mobile,dinner,False,Wednesday
S002761,U03857,R0206,2025-12-28 11:37:31,Kolkata,mobile,lunch,True,Sunday
S002762,U03297,R0621,2026-01-16 02:08:31,Mumbai,web,late_night,False,Friday
S002763,U02315,R0529,2026-01-17 15:21:31,Bangalore,tablet,snack,True,Saturday
S002764,U02608,R0395,2025-12-12 16:16:31,Pune,mobile,snack,False,Friday
S002765,U04607,R0136,2026-01-19 21:47:31,Chennai,mobile,dinner,False,Monday
S002766,U04405,R0202,2026-01-05 21:24:31,Kolkata,mobile,dinner,False,Monday
S002767,U03587,R0582,2025-12-26 21:30:31,Mumbai,mobile,dinner,False,Friday
S002768,U02325,R0691,2025-12-28 16:55:31,Bangalore,web,snack,True,Sunday
S002769,U01910,R0201,2026-01-16 22:20:31,Delhi,mobile,late_night,False,Friday
S002770,U00598,R0025,2025-12-30 14:20:31,Chennai,mobile,lunch,False,Tuesday
S002771,U03003,R0786,2026-02-18 20:32:31,Delhi,mobile,dinner,False,Wednesday
S002772,U04264,R0237,2025-12-26 22:33:31,Chennai,web,late_night,False,Friday
S002773,U01206,R0322,2026-02-04 14:32:31,Chennai,mobile,lunch,False,Wednesday
S002774,U00678,R0223,2026-02-12 19:01:31,Delhi,web,dinner,False,Thursday
S002775,U03754,R0285,2025-12-11 14:39:31,Kolkata,mobile,lunch,False,Thursday
S002776,U04999,R0577,2026-02-17 12:10:31,Mumbai,mobile,lunch,False,Tuesday
S002777,U04105,R0269,2025-12-09 11:34:31,Mumbai,web,lunch,False,Tuesday
S002778,U03709,R0615,2026-02-03 11:35:31,Bangalore,web,lunch,False,Tuesday
S002779,U01523,R0578,2026-02-06 10:08:31,Hyderabad,mobile,breakfast,False,Friday
S002780,U00866,R0690,2025-12-16 19:17:31,Delhi,web,dinner,False,Tuesday
S002781,U04687,R0534,2026-01-22 10:25:31,Chennai,mobile,breakfast,False,Thursday
S002782,U02946,R0279,2025-12-23 21:00:31,Mumbai,web,dinner,False,Tuesday
S002783,U02049,R0103,2025-12-30 21:55:31,Hyderabad,web,dinner,False,Tuesday
S002784,U03424,R0421,2026-01-04 12:35:31,Hyderabad,tablet,lunch,True,Sunday
S002785,U04414,R0184,2025-12-10 08:29:31,Pune,mobile,breakfast,False,Wednesday
S002786,U00703,R0784,2026-02-14 07:38:31,Hyderabad,web,breakfast,True,Saturday
S002787,U00446,R0200,2025-12-21 14:35:31,Kolkata,mobile,lunch,True,Sunday
S002788,U04618,R0221,2026-02-18 12:43:31,Kolkata,mobile,lunch,False,Wednesday
S002789,U02191,R0172,2026-01-24 15:42:31,Hyderabad,mobile,snack,True,Saturday
S002790,U01299,R0440,2026-02-26 21:58:31,Mumbai,web,dinner,False,Thursday
S002791,U02772,R0086,2026-02-17 07:56:31,Kolkata,web,breakfast,False,Tuesday
S002792,U00853,R0679,2026-02-07 11:05:31,Delhi,web,lunch,True,Saturday
S002793,U02573,R0434,2025-12-26 04:14:31,Mumbai,mobile,late_night,False,Friday
S002794,U03092,R0181,2026-02-22 10:29:31,Hyderabad,web,breakfast,True,Sunday
S002795,U04090,R0007,2026-01-13 10:53:31,Bangalore,web,breakfast,False,Tuesday
S002796,U04872,R0444,2025-12-06 15:48:31,Bangalore,mobile,snack,True,Saturday
S002797,U00322,R0108,2026-01-10 12:06:31,Kolkata,mobile,lunch,True,Saturday
S002798,U00192,R0358,2026-02-07 22:13:31,Pune,mobile,late_night,True,Saturday
S002799,U00631,R0680,2026-02-11 00:04:31,Kolkata,mobile,late_night,False,Wednesday
S002800,U02077,R0640,2026-01-22 20:48:31,Mumbai,mobile,dinner,False,Thursday
S002801,U04070,R0710,2026-02-03 09:19:31,Delhi,mobile,breakfast,False,Tuesday
S002802,U00149,R0372,2025-12-01 17:02:31,Hyderabad,mobile,snack,False,Monday
S002803,U02161,R0291,2026-01-15 12:08:31,Hyderabad,mobile,lunch,False,Thursday
S002804,U00281,R0222,2025-12-01 11:51:31,Pune,web,lunch,False,Monday
S002805,U04393,R0740,2025-12-14 02:28:31,Hyderabad,mobile,late_night,True,Sunday
S002806,U03073,R0777,2026-02-10 11:55:31,Kolkata,mobile,lunch,False,Tuesday
S002807,U02127,R0072,2025-12-19 10:40:31,Chennai,mobile,breakfast,False,Friday
S002808,U00208,R0307,2025-12-07 20:52:31,Kolkata,tablet,dinner,True,Sunday
S002809,U02944,R0421,2025-12-18 11:09:31,Hyderabad,mobile,lunch,False,Thursday
S002810,U03177,R0489,2026-02-26 19:58:31,Bangalore,web,dinner,False,Thursday
S002811,U02164,R0737,2025-12-18 22:35:31,Delhi,mobile,late_night,False,Thursday
S002812,U01576,R0518,2025-12-15 00:03:31,Hyderabad,mobile,late_night,False,Monday
S002813,U00741,R0195,2026-02-23 10:59:31,Hyderabad,mobile,breakfast,False,Monday
S002814,U02051,R0679,2025-11-30 13:18:31,Delhi,web,lunch,True,Sunday
S002815,U03889,R0412,2026-01-29 18:20:31,Pune,web,dinner,False,Thursday
S002816,U00791,R0713,2026-01-29 21:26:31,Chennai,mobile,dinner,False,Thursday
S002817,U03720,R0238,2025-12-23 19:59:31,Chennai,mobile,dinner,False,Tuesday
S002818,U04154,R0523,2026-01-07 07:32:31,Delhi,mobile,breakfast,False,Wednesday
S002819,U03143,R0116,2026-02-01 06:24:31,Hyderabad,web,breakfast,True,Sunday
S002820,U01260,R0133,2026-02-18 11:56:31,Hyderabad,mobile,lunch,False,Wednesday
S002821,U04394,R0394,2026-02-17 21:38:31,Hyderabad,mobile,dinner,False,Tuesday
S002822,U01326,R0253,2026-02-21 09:02:31,Chennai,web,breakfast,True,Saturday
S002823,U01034,R0457,2026-02-05 20:28:31,Delhi,web,dinner,False,Thursday
S002824,U04638,R0734,2025-12-23 11:27:31,Kolkata,mobile,lunch,False,Tuesday
S002825,U01586,R0530,2025-12-23 10:09:31,Pune,mobile,breakfast,False,Tuesday
S002826,U00944,R0252,2025-12-23 14:03:31,Kolkata,web,lunch,False,Tuesday
S002827,U01238,R0592,2026-01-26 10:53:31,Kolkata,mobile,breakfast,False,Monday
S002828,U00050,R0317,2025-12-20 14:38:31,Hyderabad,mobile,lunch,True,Saturday
S002829,U03793,R0768,2026-02-03 07:29:31,Mumbai,web,breakfast,False,Tuesday
S002830,U02657,R0626,2025-12-20 11:52:31,Kolkata,mobile,lunch,True,Saturday
S002831,U04862,R0670,2025-12-06 13:04:31,Kolkata,mobile,lunch,True,Saturday
S002832,U00312,R0645,2026-02-25 20:44:31,Pune,mobile,dinner,False,Wednesday
S002833,U02644,R0265,2025-12-27 18:55:31,Pune,web,dinner,True,Saturday
S002834,U04019,R0537,2025-12-10 00:46:31,Delhi,mobile,late_night,False,Wednesday
S002835,U02070,R0318,2026-01-02 11:14:31,Hyderabad,mobile,lunch,False,Friday
S002836,U03367,R0424,2025-12-19 14:23:31,Pune,web,lunch,False,Friday
S002837,U00314,R0389,2026-02-18 12:53:31,Bangalore,mobile,lunch,False,Wednesday
S002838,U01366,R0647,2026-02-08 19:01:31,Delhi,mobile,dinner,True,Sunday
S002839,U02234,R0632,2026-02-03 22:12:31,Pune,mobile,late_night,False,Tuesday
S002840,U03784,R0051,2026-01-02 00:11:31,Mumbai,mobile,late_night,False,Friday
S002841,U04449,R0501,2026-01-24 15:39:31,Mumbai,mobile,snack,True,Saturday
S002842,U01363,R0656,2026-01-01 09:50:31,Kolkata,mobile,breakfast,False,Thursday
S002843,U00092,R0552,2026-02-08 21:44:31,Pune,mobile,dinner,True,Sunday
S002844,U04840,R0205,2025-12-13 01:01:31,Pune,mobile,late_night,True,Saturday
S002845,U02510,R0536,2026-02-08 11:10:31,Mumbai,mobile,lunch,True,Sunday
S002846,U01037,R0042,2026-02-02 19:40:31,Pune,mobile,dinner,False,Monday
S002847,U03456,R0561,2025-11-29 11:44:31,Bangalore,mobile,lunch,True,Saturday
S002848,U00667,R0553,2026-02-21 19:01:31,Bangalore,mobile,dinner,True,Saturday
S002849,U01625,R0238,2025-12-06 21:41:31,Chennai,mobile,dinner,True,Saturday
S002850,U02606,R0405,2025-12-27 18:36:31,Pune,mobile,dinner,True,Saturday
S002851,U04423,R0722,2025-11-29 11:52:31,Delhi,mobile,lunch,True,Saturday
S002852,U02620,R0101,2026-01-11 04:39:31,Hyderabad,mobile,late_night,True,Sunday
S002853,U03375,R0496,2026-01-22 08:43:31,Chennai,mobile,breakfast,False,Thursday
S002854,U00227,R0618,2026-02-26 12:07:31,Mumbai,mobile,lunch,False,Thursday
S002855,U00881,R0754,2026-01-31 12:15:31,Hyderabad,web,lunch,True,Saturday
S002856,U01346,R0210,2025-12-22 16:44:31,Delhi,tablet,snack,False,Monday
S002857,U04252,R0424,2026-01-06 22:33:31,Pune,mobile,late_night,False,Tuesday
S002858,U04167,R0323,2025-12-10 20:54:31,Pune,mobile,dinner,False,Wednesday
S002859,U01964,R0665,2026-02-05 17:48:31,Chennai,mobile,snack,False,Thursday
S002860,U01483,R0713,2025-12-06 20:33:31,Chennai,web,dinner,True,Saturday
S002861,U02750,R0285,2026-02-09 08:43:31,Kolkata,mobile,breakfast,False,Monday
S002862,U00428,R0073,2026-02-25 15:31:31,Hyderabad,mobile,snack,False,Wednesday
S002863,U01777,R0528,2026-01-04 13:42:31,Hyderabad,web,lunch,True,Sunday
S002864,U00017,R0761,2025-12-27 08:03:31,Hyderabad,mobile,breakfast,True,Saturday
S002865,U04811,R0723,2025-12-30 12:09:31,Mumbai,mobile,lunch,False,Tuesday
S002866,U02313,R0355,2026-01-22 11:35:31,Hyderabad,mobile,lunch,False,Thursday
S002867,U01639,R0698,2026-01-15 19:13:31,Kolkata,mobile,dinner,False,Thursday
S002868,U01185,R0557,2025-12-28 02:19:31,Pune,web,late_night,True,Sunday
S002869,U00660,R0744,2025-12-11 07:03:31,Bangalore,web,breakfast,False,Thursday
S002870,U02661,R0623,2025-12-23 06:07:31,Mumbai,mobile,breakfast,False,Tuesday
S002871,U00602,R0447,2026-02-24 22:24:31,Delhi,mobile,late_night,False,Tuesday
S002872,U01853,R0481,2026-01-18 13:39:31,Mumbai,mobile,lunch,True,Sunday
S002873,U04727,R0547,2025-12-31 14:11:31,Bangalore,mobile,lunch,False,Wednesday
S002874,U01605,R0390,2025-12-13 06:53:31,Kolkata,mobile,breakfast,True,Saturday
S002875,U01065,R0358,2026-02-21 00:11:31,Pune,mobile,late_night,True,Saturday
S002876,U00517,R0310,2026-02-15 10:28:31,Hyderabad,web,breakfast,True,Sunday
S002877,U04421,R0034,2025-12-05 19:36:31,Delhi,mobile,dinner,False,Friday
S002878,U02132,R0559,2025-12-07 04:34:31,Hyderabad,mobile,late_night,True,Sunday
S002879,U02862,R0543,2026-02-12 13:09:31,Hyderabad,mobile,lunch,False,Thursday
S002880,U02738,R0330,2026-02-10 14:34:31,Kolkata,mobile,lunch,False,Tuesday
S002881,U04165,R0585,2026-02-05 01:19:31,Kolkata,mobile,late_night,False,Thursday
S002882,U01293,R0637,2026-02-05 15:06:31,Hyderabad,mobile,snack,False,Thursday
S002883,U01945,R0576,2026-02-08 12:22:31,Mumbai,mobile,lunch,True,Sunday
S002884,U03541,R0115,2025-12-21 23:15:31,Bangalore,mobile,late_night,True,Sunday
S002885,U03473,R0529,2026-01-07 00:58:31,Bangalore,mobile,late_night,False,Wednesday
S002886,U02990,R0240,2026-01-09 08:19:31,Bangalore,mobile,breakfast,False,Friday
S002887,U04581,R0291,2025-11-28 18:50:31,Hyderabad,mobile,dinner,False,Friday
S002888,U01131,R0796,2026-02-08 15:04:31,Mumbai,web,snack,True,Sunday
S002889,U01090,R0184,2026-02-22 23:51:31,Pune,mobile,late_night,True,Sunday
S002890,U03530,R0594,2025-12-28 23:00:31,Chennai,mobile,late_night,True,Sunday
S002891,U03651,R0039,2026-01-20 11:26:31,Delhi,web,lunch,False,Tuesday
S002892,U01738,R0324,2025-12-29 21:45:31,Delhi,web,dinner,False,Monday
S002893,U03819,R0477,2026-02-17 04:15:31,Mumbai,mobile,late_night,False,Tuesday
S002894,U04042,R0320,2025-12-21 12:29:31,Bangalore,mobile,lunch,True,Sunday
S002895,U00179,R0796,2026-02-21 02:18:31,Mumbai,mobile,late_night,True,Saturday
S002896,U02843,R0296,2025-12-16 20:35:31,Hyderabad,mobile,dinner,False,Tuesday
S002897,U04390,R0084,2026-02-04 10:47:31,Mumbai,web,breakfast,False,Wednesday
S002898,U04202,R0633,2026-01-30 21:13:31,Bangalore,mobile,dinner,False,Friday
S002899,U04191,R0678,2026-01-17 13:41:31,Pune,mobile,lunch,True,Saturday
S002900,U03231,R0142,2026-02-16 19:59:31,Delhi,mobile,dinner,False,Monday
S002901,U00049,R0332,2026-01-17 23:12:31,Hyderabad,mobile,late_night,True,Saturday
S002902,U01171,R0563,2026-02-05 16:20:31,Mumbai,mobile,snack,False,Thursday
S002903,U02692,R0174,2026-02-05 10:10:31,Delhi,web,breakfast,False,Thursday
S002904,U01101,R0204,2026-02-17 12:09:31,Mumbai,tablet,lunch,False,Tuesday
S002905,U03463,R0200,2025-12-05 19:32:31,Kolkata,mobile,dinner,False,Friday
S002906,U00708,R0287,2026-01-02 20:00:31,Kolkata,mobile,dinner,False,Friday
S002907,U01124,R0420,2026-01-24 15:27:31,Chennai,mobile,snack,True,Saturday
S002908,U01588,R0564,2026-02-12 10:49:31,Pune,mobile,breakfast,False,Thursday
S002909,U00622,R0235,2026-02-08 11:24:31,Mumbai,tablet,lunch,True,Sunday
S002910,U01746,R0057,2025-12-12 21:20:31,Hyderabad,mobile,dinner,False,Friday
S002911,U01150,R0678,2025-12-30 20:15:31,Pune,mobile,dinner,False,Tuesday
S002912,U02858,R0785,2026-01-12 10:26:31,Bangalore,mobile,breakfast,False,Monday
S002913,U01507,R0742,2025-12-10 14:28:31,Mumbai,mobile,lunch,False,Wednesday
S002914,U02506,R0224,2026-01-30 16:54:31,Pune,mobile,snack,False,Friday
S002915,U02268,R0732,2025-12-03 20:41:31,Chennai,tablet,dinner,False,Wednesday
S002916,U01296,R0042,2026-01-16 18:36:31,Pune,mobile,dinner,False,Friday
S002917,U02679,R0703,2026-02-07 21:44:31,Chennai,mobile,dinner,True,Saturday
S002918,U04726,R0473,2026-01-18 07:58:31,Kolkata,web,breakfast,True,Sunday
S002919,U03780,R0438,2026-01-06 16:01:31,Mumbai,mobile,snack,False,Tuesday
S002920,U00347,R0499,2026-02-01 12:08:31,Hyderabad,mobile,lunch,True,Sunday
S002921,U04143,R0095,2025-12-01 06:22:31,Kolkata,mobile,breakfast,False,Monday
S002922,U01416,R0483,2026-02-19 12:43:31,Hyderabad,mobile,lunch,False,Thursday
S002923,U01449,R0220,2025-12-27 19:28:31,Hyderabad,mobile,dinner,True,Saturday
S002924,U02836,R0359,2026-02-13 03:48:31,Mumbai,mobile,late_night,False,Friday
S002925,U02972,R0664,2026-01-22 11:39:31,Delhi,mobile,lunch,False,Thursday
S002926,U03511,R0008,2026-02-18 20:34:31,Mumbai,mobile,dinner,False,Wednesday
S002927,U01119,R0558,2026-01-26 11:23:31,Pune,mobile,lunch,False,Monday
S002928,U00798,R0122,2026-01-22 19:00:31,Chennai,mobile,dinner,False,Thursday
S002929,U03100,R0282,2025-12-11 21:56:31,Delhi,mobile,dinner,False,Thursday
S002930,U02932,R0501,2026-02-07 01:11:31,Mumbai,mobile,late_night,True,Saturday
S002931,U01461,R0307,2026-02-06 20:00:31,Kolkata,mobile,dinner,False,Friday
S002932,U04849,R0374,2026-02-20 14:33:31,Pune,mobile,lunch,False,Friday
S002933,U02340,R0685,2026-01-21 16:00:31,Mumbai,mobile,snack,False,Wednesday
S002934,U04942,R0047,2026-01-02 21:58:31,Pune,mobile,dinner,False,Friday
S002935,U03633,R0373,2026-01-31 14:29:31,Pune,mobile,lunch,True,Saturday
S002936,U00721,R0154,2025-12-21 18:02:31,Bangalore,mobile,dinner,True,Sunday
S002937,U04901,R0618,2026-02-17 23:28:31,Mumbai,web,late_night,False,Tuesday
S002938,U00948,R0688,2025-12-17 14:13:31,Chennai,mobile,lunch,False,Wednesday
S002939,U02461,R0416,2026-01-04 07:16:31,Mumbai,mobile,breakfast,True,Sunday
S002940,U00286,R0348,2026-02-16 19:42:31,Pune,web,dinner,False,Monday
S002941,U01526,R0190,2026-01-15 11:04:31,Bangalore,mobile,lunch,False,Thursday
S002942,U01096,R0124,2026-01-08 16:44:31,Hyderabad,mobile,snack,False,Thursday
S002943,U03322,R0203,2025-12-04 13:03:31,Chennai,web,lunch,False,Thursday
S002944,U03563,R0269,2026-01-03 10:39:31,Mumbai,mobile,breakfast,True,Saturday
S002945,U03218,R0655,2026-02-15 17:14:31,Kolkata,web,snack,True,Sunday
S002946,U03597,R0587,2025-12-23 13:47:31,Hyderabad,mobile,lunch,False,Tuesday
S002947,U03790,R0141,2026-01-07 23:55:31,Bangalore,web,late_night,False,Wednesday
S002948,U01849,R0431,2025-12-13 08:29:31,Bangalore,mobile,breakfast,True,Saturday
S002949,U04623,R0629,2026-01-04 18:08:31,Pune,mobile,dinner,True,Sunday
S002950,U00041,R0513,2026-02-14 14:11:31,Kolkata,web,lunch,True,Saturday
S002951,U02540,R0314,2026-01-07 19:34:31,Chennai,mobile,dinner,False,Wednesday
S002952,U01053,R0715,2025-12-05 21:08:31,Delhi,mobile,dinner,False,Friday
S002953,U00989,R0046,2026-02-22 12:05:31,Kolkata,mobile,lunch,True,Sunday
S002954,U04320,R0221,2025-12-31 11:38:31,Kolkata,tablet,lunch,False,Wednesday
S002955,U04021,R0141,2026-01-20 11:09:31,Bangalore,mobile,lunch,False,Tuesday
S002956,U00193,R0138,2025-12-13 10:22:31,Mumbai,mobile,breakfast,True,Saturday
S002957,U01158,R0489,2026-01-27 15:56:31,Bangalore,mobile,snack,False,Tuesday
S002958,U03763,R0028,2025-12-03 01:43:31,Chennai,mobile,late_night,False,Wednesday
S002959,U01293,R0720,2026-02-25 14:49:31,Hyderabad,mobile,lunch,False,Wednesday
S002960,U00152,R0117,2026-01-24 10:53:31,Delhi,mobile,breakfast,True,Saturday
S002961,U03072,R0676,2025-12-15 00:36:31,Chennai,mobile,late_night,False,Monday
S002962,U03569,R0447,2026-02-17 19:49:31,Delhi,mobile,dinner,False,Tuesday
S002963,U02983,R0072,2026-02-15 11:56:31,Chennai,mobile,lunch,True,Sunday
S002964,U02251,R0317,2026-02-03 19:50:31,Hyderabad,web,dinner,False,Tuesday
S002965,U04014,R0397,2026-01-26 16:27:31,Mumbai,mobile,snack,False,Monday
S002966,U01744,R0732,2026-01-18 10:30:31,Chennai,mobile,breakfast,True,Sunday
S002967,U04336,R0709,2026-01-06 22:27:31,Chennai,web,late_night,False,Tuesday
S002968,U03321,R0442,2026-01-20 21:54:31,Bangalore,mobile,dinner,False,Tuesday
S002969,U00840,R0339,2025-11-30 06:18:31,Mumbai,mobile,breakfast,True,Sunday
S002970,U00104,R0193,2026-01-18 20:22:31,Chennai,mobile,dinner,True,Sunday
S002971,U02579,R0227,2025-12-26 14:00:31,Kolkata,mobile,lunch,False,Friday
S002972,U00648,R0448,2026-02-16 15:15:31,Pune,tablet,snack,False,Monday
S002973,U03351,R0067,2026-02-18 18:16:31,Kolkata,mobile,dinner,False,Wednesday
S002974,U03576,R0100,2025-12-05 08:16:31,Mumbai,mobile,breakfast,False,Friday
S002975,U02972,R0457,2026-02-17 09:17:31,Delhi,mobile,breakfast,False,Tuesday
S002976,U04161,R0715,2026-02-04 15:03:31,Delhi,mobile,snack,False,Wednesday
S002977,U01269,R0048,2026-02-17 14:01:31,Bangalore,tablet,lunch,False,Tuesday
S002978,U04924,R0160,2026-01-23 04:31:31,Pune,mobile,late_night,False,Friday
S002979,U02967,R0051,2026-01-02 16:19:31,Mumbai,mobile,snack,False,Friday
S002980,U04665,R0610,2026-01-12 15:29:31,Chennai,mobile,snack,False,Monday
S002981,U00299,R0618,2025-12-29 14:53:31,Mumbai,mobile,lunch,False,Monday
S002982,U04403,R0689,2026-02-05 11:03:31,Delhi,mobile,lunch,False,Thursday
S002983,U04796,R0337,2026-01-24 21:43:31,Chennai,mobile,dinner,True,Saturday
S002984,U00841,R0759,2025-12-07 07:33:31,Hyderabad,mobile,breakfast,True,Sunday
S002985,U02416,R0477,2026-01-23 05:37:31,Mumbai,mobile,late_night,False,Friday
S002986,U01263,R0640,2025-12-26 06:11:31,Mumbai,mobile,breakfast,False,Friday
S002987,U02895,R0114,2026-01-16 16:09:31,Bangalore,mobile,snack,False,Friday
S002988,U01607,R0118,2025-12-16 07:45:31,Hyderabad,mobile,breakfast,False,Tuesday
S002989,U01792,R0622,2026-01-10 21:32:31,Hyderabad,mobile,dinner,True,Saturday
S002990,U03065,R0100,2026-01-22 07:35:31,Mumbai,mobile,breakfast,False,Thursday
S002991,U03502,R0218,2026-01-28 21:27:31,Bangalore,mobile,dinner,False,Wednesday
S002992,U03487,R0642,2026-02-14 07:10:31,Mumbai,mobile,breakfast,True,Saturday
S002993,U03380,R0444,2025-12-21 13:26:31,Bangalore,mobile,lunch,True,Sunday
S002994,U01290,R0453,2025-12-02 06:55:31,Delhi,web,breakfast,False,Tuesday
S002995,U00852,R0693,2026-02-09 12:32:31,Delhi,mobile,lunch,False,Monday
S002996,U00887,R0614,2025-12-24 22:28:31,Hyderabad,web,late_night,False,Wednesday
S002997,U02141,R0346,2025-12-08 19:19:31,Delhi,web,dinner,False,Monday
S002998,U02287,R0586,2026-02-05 21:36:31,Delhi,mobile,dinner,False,Thursday
S002999,U02641,R0500,2025-12-31 18:13:31,Pune,mobile,dinner,False,Wednesday
S003000,U02129,R0605,2026-01-11 11:33:31,Hyderabad,mobile,lunch,True,Sunday
S003001,U00173,R0264,2026-02-03 20:54:31,Mumbai,mobile,dinner,False,Tuesday
S003002,U03003,R0710,2026-02-22 11:36:31,Delhi,mobile,lunch,True,Sunday
S003003,U01564,R0349,2026-01-17 14:00:31,Bangalore,mobile,lunch,True,Saturday
S003004,U00992,R0707,2026-01-04 22:16:31,Kolkata,mobile,late_night,True,Sunday
S003005,U00292,R0173,2026-02-24 18:16:31,Mumbai,mobile,dinner,False,Tuesday
S003006,U04298,R0394,2025-12-13 17:43:31,Hyderabad,mobile,snack,True,Saturday
S003007,U04135,R0712,2026-02-18 06:25:31,Delhi,mobile,breakfast,False,Wednesday
S003008,U03785,R0483,2025-12-10 16:27:31,Hyderabad,mobile,snack,False,Wednesday
S003009,U03673,R0261,2026-02-10 10:56:31,Hyderabad,mobile,breakfast,False,Tuesday
S003010,U02959,R0236,2026-02-20 17:16:31,Hyderabad,tablet,snack,False,Friday
S003011,U01644,R0008,2026-01-04 12:45:31,Mumbai,web,lunch,True,Sunday
S003012,U03492,R0496,2025-12-08 13:17:31,Chennai,web,lunch,False,Monday
S003013,U02846,R0511,2026-02-13 18:59:31,Delhi,web,dinner,False,Friday
S003014,U01238,R0037,2026-01-17 22:56:31,Kolkata,mobile,late_night,True,Saturday
S003015,U01188,R0390,2026-02-08 18:57:31,Kolkata,web,dinner,True,Sunday
S003016,U01552,R0055,2026-02-25 02:50:31,Bangalore,mobile,late_night,False,Wednesday
S003017,U01062,R0108,2026-01-21 14:09:31,Kolkata,mobile,lunch,False,Wednesday
S003018,U03762,R0594,2025-12-02 23:26:31,Chennai,web,late_night,False,Tuesday
S003019,U00155,R0217,2026-02-18 13:01:31,Mumbai,web,lunch,False,Wednesday
S003020,U01983,R0744,2026-01-12 19:30:31,Bangalore,mobile,dinner,False,Monday
S003021,U01443,R0192,2025-12-02 08:57:31,Pune,mobile,breakfast,False,Tuesday
S003022,U03174,R0408,2025-12-26 02:12:31,Mumbai,mobile,late_night,False,Friday
S003023,U00542,R0483,2026-01-03 18:42:31,Hyderabad,mobile,dinner,True,Saturday
S003024,U00421,R0077,2026-02-16 12:24:31,Delhi,web,lunch,False,Monday
S003025,U03628,R0695,2025-12-23 22:50:31,Kolkata,mobile,late_night,False,Tuesday
S003026,U03404,R0155,2025-12-15 13:00:31,Bangalore,web,lunch,False,Monday
S003027,U01886,R0044,2026-02-10 11:25:31,Delhi,mobile,lunch,False,Tuesday
S003028,U02269,R0365,2025-12-09 06:18:31,Kolkata,mobile,breakfast,False,Tuesday
S003029,U03431,R0642,2026-01-10 12:48:31,Mumbai,mobile,lunch,True,Saturday
S003030,U04915,R0077,2026-01-17 06:18:31,Delhi,web,breakfast,True,Saturday
S003031,U01544,R0384,2025-12-17 12:21:31,Delhi,mobile,lunch,False,Wednesday
S003032,U00715,R0435,2026-02-25 09:06:31,Chennai,mobile,breakfast,False,Wednesday
S003033,U04791,R0392,2026-01-22 21:17:31,Delhi,mobile,dinner,False,Thursday
S003034,U02273,R0644,2026-01-20 17:07:31,Chennai,mobile,snack,False,Tuesday
S003035,U00506,R0252,2025-12-08 11:26:31,Kolkata,mobile,lunch,False,Monday
S003036,U03628,R0059,2026-02-16 15:41:31,Kolkata,mobile,snack,False,Monday
S003037,U00039,R0055,2025-11-30 21:26:31,Bangalore,mobile,dinner,True,Sunday
S003038,U04654,R0389,2026-02-14 13:29:31,Bangalore,mobile,lunch,True,Saturday
S003039,U04959,R0763,2025-12-16 18:18:31,Pune,tablet,dinner,False,Tuesday
S003040,U01463,R0146,2025-12-19 09:36:31,Delhi,web,breakfast,False,Friday
S003041,U01639,R0257,2026-01-05 21:41:31,Kolkata,mobile,dinner,False,Monday
S003042,U03780,R0651,2025-12-03 19:46:31,Mumbai,web,dinner,False,Wednesday
S003043,U04174,R0287,2026-02-07 15:32:31,Kolkata,mobile,snack,True,Saturday
S003044,U00411,R0440,2026-02-23 22:50:31,Mumbai,mobile,late_night,False,Monday
S003045,U02055,R0106,2025-12-30 22:10:31,Mumbai,mobile,late_night,False,Tuesday
S003046,U04381,R0306,2026-01-31 11:34:31,Bangalore,mobile,lunch,True,Saturday
S003047,U00875,R0544,2026-02-19 17:24:31,Kolkata,mobile,snack,False,Thursday
S003048,U03018,R0417,2026-01-15 19:06:31,Hyderabad,mobile,dinner,False,Thursday
S003049,U03571,R0186,2025-11-30 12:57:31,Delhi,mobile,lunch,True,Sunday
S003050,U01285,R0582,2026-01-30 09:42:31,Mumbai,web,breakfast,False,Friday
S003051,U04057,R0604,2025-12-22 22:13:31,Pune,mobile,late_night,False,Monday
S003052,U04366,R0286,2026-01-19 18:37:31,Delhi,mobile,dinner,False,Monday
S003053,U01344,R0765,2025-11-29 16:02:31,Kolkata,mobile,snack,True,Saturday
S003054,U01773,R0026,2026-01-13 21:07:31,Bangalore,mobile,dinner,False,Tuesday
S003055,U04881,R0005,2026-01-09 15:20:31,Pune,mobile,snack,False,Friday
S003056,U02283,R0762,2026-01-25 16:36:31,Delhi,mobile,snack,True,Sunday
S003057,U03531,R0631,2026-01-04 11:49:31,Delhi,web,lunch,True,Sunday
S003058,U01630,R0610,2026-02-08 14:10:31,Chennai,mobile,lunch,True,Sunday
S003059,U03275,R0300,2026-02-14 14:34:31,Chennai,web,lunch,True,Saturday
S003060,U01599,R0431,2026-01-26 00:57:31,Bangalore,mobile,late_night,False,Monday
S003061,U01441,R0373,2026-02-12 13:22:31,Pune,mobile,lunch,False,Thursday
S003062,U01349,R0015,2025-12-28 23:15:31,Bangalore,tablet,late_night,True,Sunday
S003063,U01960,R0175,2025-12-13 19:07:31,Delhi,web,dinner,True,Saturday
S003064,U04496,R0494,2025-12-10 07:15:31,Delhi,mobile,breakfast,False,Wednesday
S003065,U02725,R0285,2026-02-02 14:05:31,Kolkata,web,lunch,False,Monday
S003066,U04030,R0194,2026-01-18 07:32:31,Kolkata,web,breakfast,True,Sunday
S003067,U04044,R0297,2026-01-24 09:28:31,Pune,mobile,breakfast,True,Saturday
S003068,U01011,R0754,2026-02-26 09:57:31,Hyderabad,mobile,breakfast,False,Thursday
S003069,U02330,R0466,2025-12-15 13:11:31,Kolkata,mobile,lunch,False,Monday
S003070,U02573,R0065,2026-02-06 06:30:31,Mumbai,mobile,breakfast,False,Friday
S003071,U04333,R0205,2025-12-10 13:07:31,Pune,mobile,lunch,False,Wednesday
S003072,U00974,R0281,2025-12-28 10:37:31,Pune,web,breakfast,True,Sunday
S003073,U03652,R0497,2025-12-31 20:34:31,Chennai,mobile,dinner,False,Wednesday
S003074,U01922,R0652,2025-12-30 13:02:31,Mumbai,mobile,lunch,False,Tuesday
S003075,U02500,R0586,2026-02-21 07:12:31,Delhi,web,breakfast,True,Saturday
S003076,U02480,R0013,2026-01-22 10:22:31,Delhi,mobile,breakfast,False,Thursday
S003077,U03114,R0214,2026-01-20 11:47:31,Delhi,web,lunch,False,Tuesday
S003078,U03675,R0536,2026-02-23 20:30:31,Mumbai,web,dinner,False,Monday
S003079,U04575,R0471,2025-12-25 14:59:31,Pune,web,lunch,False,Thursday
S003080,U04884,R0708,2026-01-09 18:58:31,Bangalore,mobile,dinner,False,Friday
S003081,U03505,R0039,2026-01-14 12:41:31,Delhi,mobile,lunch,False,Wednesday
S003082,U04371,R0751,2026-02-02 11:27:31,Chennai,mobile,lunch,False,Monday
S003083,U03187,R0413,2025-12-13 09:49:31,Bangalore,mobile,breakfast,True,Saturday
S003084,U04860,R0304,2025-12-17 10:21:31,Pune,mobile,breakfast,False,Wednesday
S003085,U03916,R0774,2026-02-05 02:54:31,Hyderabad,mobile,late_night,False,Thursday
S003086,U00045,R0589,2026-02-21 10:56:31,Chennai,tablet,breakfast,True,Saturday
S003087,U00435,R0224,2025-12-26 20:19:31,Pune,mobile,dinner,False,Friday
S003088,U04437,R0569,2026-01-21 12:18:31,Kolkata,mobile,lunch,False,Wednesday
S003089,U03942,R0548,2025-12-25 12:00:31,Delhi,mobile,lunch,False,Thursday
S003090,U03909,R0011,2026-01-09 14:16:31,Kolkata,mobile,lunch,False,Friday
S003091,U03898,R0340,2026-02-19 13:38:31,Delhi,mobile,lunch,False,Thursday
S003092,U00403,R0040,2026-02-25 11:01:31,Bangalore,web,lunch,False,Wednesday
S003093,U03217,R0673,2026-02-15 09:33:31,Pune,mobile,breakfast,True,Sunday
S003094,U02554,R0777,2026-02-14 13:16:31,Kolkata,web,lunch,True,Saturday
S003095,U00095,R0446,2026-02-04 10:46:31,Pune,web,breakfast,False,Wednesday
S003096,U02434,R0026,2026-01-15 21:34:31,Bangalore,mobile,dinner,False,Thursday
S003097,U03360,R0623,2026-02-14 21:53:31,Mumbai,mobile,dinner,True,Saturday
S003098,U04082,R0631,2025-12-30 20:40:31,Delhi,mobile,dinner,False,Tuesday
S003099,U01850,R0502,2026-01-06 17:00:31,Delhi,mobile,snack,False,Tuesday
S003100,U01678,R0422,2025-12-19 20:03:31,Kolkata,mobile,dinner,False,Friday
S003101,U01901,R0697,2025-12-11 20:01:31,Mumbai,mobile,dinner,False,Thursday
S003102,U02101,R0083,2026-01-29 13:58:31,Delhi,mobile,lunch,False,Thursday
S003103,U00652,R0091,2025-12-08 19:47:31,Pune,web,dinner,False,Monday
S003104,U01140,R0316,2025-12-19 19:20:31,Chennai,mobile,dinner,False,Friday
S003105,U03079,R0656,2026-02-08 06:05:31,Kolkata,mobile,breakfast,True,Sunday
S003106,U00053,R0022,2026-01-16 20:32:31,Pune,mobile,dinner,False,Friday
S003107,U02574,R0531,2026-01-16 09:49:31,Delhi,mobile,breakfast,False,Friday
S003108,U01093,R0619,2026-01-28 06:08:31,Hyderabad,web,breakfast,False,Wednesday
S003109,U02085,R0298,2026-01-30 11:56:31,Mumbai,mobile,lunch,False,Friday
S003110,U03073,R0674,2026-02-26 08:27:31,Kolkata,tablet,breakfast,False,Thursday
S003111,U03922,R0644,2025-12-09 08:38:31,Chennai,mobile,breakfast,False,Tuesday
S003112,U02418,R0313,2026-01-19 19:17:31,Hyderabad,mobile,dinner,False,Monday
S003113,U02221,R0737,2026-02-23 21:14:31,Delhi,mobile,dinner,False,Monday
S003114,U01178,R0407,2026-02-14 10:31:31,Kolkata,mobile,breakfast,True,Saturday
S003115,U03196,R0250,2026-01-28 10:44:31,Hyderabad,mobile,breakfast,False,Wednesday
S003116,U00078,R0241,2025-12-11 14:19:31,Kolkata,mobile,lunch,False,Thursday
S003117,U01839,R0586,2026-02-19 12:29:31,Delhi,mobile,lunch,False,Thursday
S003118,U00233,R0548,2025-12-14 10:57:31,Delhi,mobile,breakfast,True,Sunday
S003119,U03771,R0790,2026-02-14 13:04:31,Kolkata,mobile,lunch,True,Saturday
S003120,U03087,R0581,2026-01-02 12:08:31,Delhi,web,lunch,False,Friday
S003121,U00591,R0234,2026-01-02 11:08:31,Mumbai,mobile,lunch,False,Friday
S003122,U01582,R0722,2025-12-12 19:45:31,Delhi,web,dinner,False,Friday
S003123,U02851,R0049,2026-01-04 20:21:31,Delhi,mobile,dinner,True,Sunday
S003124,U02381,R0226,2026-01-25 13:39:31,Delhi,mobile,lunch,True,Sunday
S003125,U03248,R0376,2026-02-08 17:57:31,Kolkata,mobile,snack,True,Sunday
S003126,U00191,R0119,2025-12-14 21:14:31,Hyderabad,mobile,dinner,True,Sunday
S003127,U02702,R0703,2026-01-04 19:51:31,Chennai,mobile,dinner,True,Sunday
S003128,U01988,R0306,2026-02-02 13:05:31,Bangalore,web,lunch,False,Monday
S003129,U04081,R0033,2025-12-13 06:40:31,Delhi,mobile,breakfast,True,Saturday
S003130,U04311,R0243,2026-02-23 07:42:31,Delhi,web,breakfast,False,Monday
S003131,U00057,R0732,2026-01-20 15:39:31,Chennai,tablet,snack,False,Tuesday
S003132,U01423,R0630,2026-02-18 11:04:31,Hyderabad,mobile,lunch,False,Wednesday
S003133,U03537,R0607,2025-12-06 19:24:31,Chennai,mobile,dinner,True,Saturday
S003134,U03772,R0632,2025-12-04 04:22:31,Pune,tablet,late_night,False,Thursday
S003135,U00974,R0562,2026-02-03 06:06:31,Pune,mobile,breakfast,False,Tuesday
S003136,U04640,R0228,2026-01-28 08:43:31,Mumbai,mobile,breakfast,False,Wednesday
S003137,U04828,R0430,2026-02-13 14:55:31,Bangalore,mobile,lunch,False,Friday
S003138,U01152,R0513,2026-02-24 20:25:31,Kolkata,tablet,dinner,False,Tuesday
S003139,U00875,R0178,2025-11-30 15:45:31,Kolkata,mobile,snack,True,Sunday
S003140,U01007,R0164,2026-01-12 21:35:31,Hyderabad,mobile,dinner,False,Monday
S003141,U02923,R0622,2026-02-23 08:23:31,Hyderabad,web,breakfast,False,Monday
S003142,U03298,R0041,2026-01-13 07:40:31,Delhi,web,breakfast,False,Tuesday
S003143,U02655,R0104,2026-01-07 19:01:31,Pune,mobile,dinner,False,Wednesday
S003144,U02555,R0039,2026-01-04 15:30:31,Delhi,web,snack,True,Sunday
S003145,U01427,R0545,2025-12-18 15:33:31,Kolkata,mobile,snack,False,Thursday
S003146,U00590,R0224,2025-12-13 20:21:31,Pune,web,dinner,True,Saturday
S003147,U01337,R0765,2025-12-25 09:12:31,Kolkata,web,breakfast,False,Thursday
S003148,U04010,R0515,2025-12-06 21:36:31,Delhi,web,dinner,True,Saturday
S003149,U01085,R0317,2026-02-23 11:08:31,Hyderabad,web,lunch,False,Monday
S003150,U04976,R0658,2026-01-26 18:08:31,Mumbai,mobile,dinner,False,Monday
S003151,U04865,R0126,2025-12-29 20:30:31,Chennai,web,dinner,False,Monday
S003152,U04068,R0703,2026-01-02 08:11:31,Chennai,mobile,breakfast,False,Friday
S003153,U03998,R0245,2025-12-29 13:20:31,Delhi,web,lunch,False,Monday
S003154,U01673,R0747,2026-02-11 22:28:31,Pune,mobile,late_night,False,Wednesday
S003155,U01154,R0580,2025-12-28 14:37:31,Delhi,mobile,lunch,True,Sunday
S003156,U01901,R0138,2025-12-28 19:48:31,Mumbai,mobile,dinner,True,Sunday
S003157,U00546,R0620,2026-02-16 12:13:31,Mumbai,web,lunch,False,Monday
S003158,U01296,R0284,2026-01-01 13:54:31,Pune,tablet,lunch,False,Thursday
S003159,U04742,R0471,2025-12-21 17:21:31,Pune,mobile,snack,True,Sunday
S003160,U01337,R0585,2026-01-29 21:47:31,Kolkata,mobile,dinner,False,Thursday
S003161,U04969,R0762,2025-12-30 21:45:31,Delhi,mobile,dinner,False,Tuesday
S003162,U03846,R0194,2025-12-10 21:57:31,Kolkata,mobile,dinner,False,Wednesday
S003163,U01410,R0236,2025-12-18 16:05:31,Hyderabad,web,snack,False,Thursday
S003164,U03431,R0054,2026-02-20 07:27:31,Mumbai,mobile,breakfast,False,Friday
S003165,U03564,R0502,2025-12-07 22:04:31,Delhi,mobile,late_night,True,Sunday
S003166,U04507,R0631,2026-01-02 07:51:31,Delhi,mobile,breakfast,False,Friday
S003167,U01927,R0624,2026-02-09 18:58:31,Pune,web,dinner,False,Monday
S003168,U03660,R0764,2026-01-25 20:52:31,Delhi,mobile,dinner,True,Sunday
S003169,U01605,R0386,2025-11-28 04:51:31,Kolkata,mobile,late_night,False,Friday
S003170,U01969,R0451,2025-12-27 08:59:31,Chennai,mobile,breakfast,True,Saturday
S003171,U03832,R0120,2026-02-12 11:43:31,Hyderabad,mobile,lunch,False,Thursday
S003172,U04696,R0425,2025-12-30 21:51:31,Chennai,mobile,dinner,False,Tuesday
S003173,U04125,R0175,2026-02-10 10:10:31,Delhi,mobile,breakfast,False,Tuesday
S003174,U04260,R0367,2025-12-23 15:08:31,Bangalore,mobile,snack,False,Tuesday
S003175,U02358,R0148,2025-12-25 07:53:31,Delhi,mobile,breakfast,False,Thursday
S003176,U01772,R0609,2026-01-25 23:15:31,Bangalore,mobile,late_night,True,Sunday
S003177,U01079,R0772,2026-02-04 17:49:31,Bangalore,mobile,snack,False,Wednesday
S003178,U00631,R0681,2026-02-16 19:47:31,Kolkata,web,dinner,False,Monday
S003179,U01666,R0288,2025-12-04 20:25:31,Kolkata,mobile,dinner,False,Thursday
S003180,U00165,R0705,2026-02-06 20:05:31,Bangalore,web,dinner,False,Friday
S003181,U02102,R0728,2026-01-06 17:59:31,Kolkata,mobile,snack,False,Tuesday
S003182,U04666,R0074,2026-02-12 10:07:31,Delhi,mobile,breakfast,False,Thursday
S003183,U04867,R0561,2026-01-21 10:52:31,Bangalore,mobile,breakfast,False,Wednesday
S003184,U00288,R0139,2026-01-18 12:21:31,Delhi,mobile,lunch,True,Sunday
S003185,U02057,R0289,2026-02-06 21:41:31,Pune,mobile,dinner,False,Friday
S003186,U03605,R0413,2025-12-01 20:41:31,Bangalore,mobile,dinner,False,Monday
S003187,U04991,R0795,2026-02-26 21:02:31,Mumbai,mobile,dinner,False,Thursday
S003188,U03299,R0732,2026-01-11 17:10:31,Chennai,mobile,snack,True,Sunday
S003189,U04741,R0033,2026-02-08 15:43:31,Delhi,mobile,snack,True,Sunday
S003190,U00495,R0248,2026-01-13 22:28:31,Delhi,mobile,late_night,False,Tuesday
S003191,U04869,R0229,2025-12-06 21:40:31,Mumbai,mobile,dinner,True,Saturday
S003192,U01967,R0003,2026-01-05 06:19:31,Bangalore,mobile,breakfast,False,Monday
S003193,U00944,R0466,2026-02-21 12:57:31,Kolkata,tablet,lunch,True,Saturday
S003194,U02066,R0211,2026-02-26 19:11:31,Pune,mobile,dinner,False,Thursday
S003195,U03747,R0210,2026-01-22 13:01:31,Delhi,mobile,lunch,False,Thursday
S003196,U00140,R0397,2025-12-08 18:03:31,Mumbai,mobile,dinner,False,Monday
S003197,U03585,R0608,2025-12-11 19:41:31,Hyderabad,mobile,dinner,False,Thursday
S003198,U02096,R0154,2025-12-11 11:03:31,Bangalore,mobile,lunch,False,Thursday
S003199,U03994,R0361,2025-12-28 23:52:31,Chennai,mobile,late_night,True,Sunday
S003200,U00570,R0603,2026-01-25 06:04:31,Bangalore,mobile,breakfast,True,Sunday
S003201,U04991,R0269,2026-01-16 11:27:31,Mumbai,mobile,lunch,False,Friday
S003202,U02021,R0768,2026-02-19 12:36:31,Mumbai,mobile,lunch,False,Thursday
S003203,U02677,R0350,2026-02-26 11:09:31,Pune,mobile,lunch,False,Thursday
S003204,U01956,R0412,2025-12-08 11:56:31,Pune,mobile,lunch,False,Monday
S003205,U00093,R0502,2026-01-10 16:36:31,Delhi,web,snack,True,Saturday
S003206,U00951,R0596,2026-01-24 10:44:31,Bangalore,mobile,breakfast,True,Saturday
S003207,U02356,R0085,2026-02-22 23:12:31,Mumbai,web,late_night,True,Sunday
S003208,U03580,R0091,2026-01-01 15:24:31,Pune,mobile,snack,False,Thursday
S003209,U01263,R0491,2026-02-08 12:06:31,Mumbai,mobile,lunch,True,Sunday
S003210,U00351,R0193,2025-12-08 11:00:31,Chennai,mobile,lunch,False,Monday
S003211,U01630,R0322,2026-01-03 13:42:31,Chennai,mobile,lunch,True,Saturday
S003212,U03041,R0595,2026-01-03 16:44:31,Kolkata,mobile,snack,True,Saturday
S003213,U04460,R0758,2025-12-04 12:15:31,Mumbai,web,lunch,False,Thursday
S003214,U02648,R0207,2025-12-25 00:26:31,Bangalore,mobile,late_night,False,Thursday
S003215,U04818,R0436,2025-12-22 20:47:31,Mumbai,mobile,dinner,False,Monday
S003216,U03707,R0280,2026-02-03 22:14:31,Pune,mobile,late_night,False,Tuesday
S003217,U01808,R0525,2026-02-20 22:28:31,Kolkata,mobile,late_night,False,Friday
S003218,U03901,R0165,2025-12-11 11:29:31,Kolkata,mobile,lunch,False,Thursday
S003219,U04758,R0430,2025-12-01 18:07:31,Bangalore,web,dinner,False,Monday
S003220,U01635,R0024,2026-01-17 02:17:31,Hyderabad,mobile,late_night,True,Saturday
S003221,U03246,R0108,2025-12-07 06:11:31,Kolkata,mobile,breakfast,True,Sunday
S003222,U03170,R0058,2026-01-09 18:50:31,Delhi,mobile,dinner,False,Friday
S003223,U03146,R0362,2026-01-01 20:22:31,Delhi,mobile,dinner,False,Thursday
S003224,U02274,R0523,2026-01-12 21:04:31,Delhi,mobile,dinner,False,Monday
S003225,U02865,R0525,2026-02-05 17:54:31,Kolkata,web,snack,False,Thursday
S003226,U04500,R0598,2025-12-12 02:27:31,Pune,mobile,late_night,False,Friday
S003227,U01131,R0538,2025-12-19 22:09:31,Mumbai,mobile,late_night,False,Friday
S003228,U00780,R0729,2026-02-25 21:32:31,Kolkata,web,dinner,False,Wednesday
S003229,U02090,R0473,2026-01-16 12:35:31,Kolkata,web,lunch,False,Friday
S003230,U01713,R0067,2025-12-30 11:23:31,Kolkata,mobile,lunch,False,Tuesday
S003231,U01294,R0154,2025-12-08 13:06:31,Bangalore,mobile,lunch,False,Monday
S003232,U03306,R0678,2026-01-13 21:19:31,Pune,mobile,dinner,False,Tuesday
S003233,U04951,R0416,2025-12-15 21:15:31,Mumbai,mobile,dinner,False,Monday
S003234,U04950,R0039,2026-01-22 12:17:31,Delhi,mobile,lunch,False,Thursday
S003235,U03593,R0676,2025-12-20 23:28:31,Chennai,web,late_night,True,Saturday
S003236,U01959,R0485,2026-01-04 13:20:31,Hyderabad,mobile,lunch,True,Sunday
S003237,U01966,R0165,2026-02-24 08:45:31,Kolkata,web,breakfast,False,Tuesday
S003238,U04367,R0367,2026-01-13 07:19:31,Bangalore,mobile,breakfast,False,Tuesday
S003239,U01933,R0463,2026-01-11 21:45:31,Delhi,mobile,dinner,True,Sunday
S003240,U01842,R0111,2026-02-02 20:52:31,Bangalore,web,dinner,False,Monday
S003241,U00008,R0490,2026-02-01 07:42:31,Mumbai,mobile,breakfast,True,Sunday
S003242,U03137,R0729,2026-01-12 11:43:31,Kolkata,mobile,lunch,False,Monday
S003243,U02549,R0104,2025-12-26 19:38:31,Pune,mobile,dinner,False,Friday
S003244,U03817,R0068,2025-12-20 20:11:31,Kolkata,mobile,dinner,True,Saturday
S003245,U03914,R0773,2025-12-16 01:38:31,Mumbai,mobile,late_night,False,Tuesday
S003246,U00409,R0011,2025-12-10 21:51:31,Kolkata,mobile,dinner,False,Wednesday
S003247,U02977,R0697,2026-02-01 13:39:31,Mumbai,mobile,lunch,True,Sunday
S003248,U00872,R0424,2026-01-21 20:47:31,Pune,mobile,dinner,False,Wednesday
S003249,U02488,R0409,2025-12-08 10:18:31,Mumbai,mobile,breakfast,False,Monday
S003250,U02041,R0729,2025-12-10 22:09:31,Kolkata,mobile,late_night,False,Wednesday
S003251,U00822,R0657,2026-02-11 10:24:31,Delhi,web,breakfast,False,Wednesday
S003252,U00820,R0314,2026-01-11 20:20:31,Chennai,web,dinner,True,Sunday
S003253,U02420,R0203,2026-01-23 11:47:31,Chennai,mobile,lunch,False,Friday
S003254,U04044,R0788,2025-12-29 22:41:31,Pune,mobile,late_night,False,Monday
S003255,U04683,R0419,2026-01-11 07:17:31,Hyderabad,mobile,breakfast,True,Sunday
S003256,U04341,R0171,2025-12-08 03:09:31,Kolkata,mobile,late_night,False,Monday
S003257,U02651,R0448,2026-02-20 22:50:31,Pune,mobile,late_night,False,Friday
S003258,U01361,R0155,2025-12-15 08:42:31,Bangalore,mobile,breakfast,False,Monday
S003259,U02812,R0509,2025-12-01 20:12:31,Bangalore,mobile,dinner,False,Monday
S003260,U02088,R0418,2026-02-14 23:24:31,Bangalore,web,late_night,True,Saturday
S003261,U03973,R0467,2026-02-03 18:06:31,Pune,mobile,dinner,False,Tuesday
S003262,U01643,R0340,2025-12-31 11:35:31,Delhi,tablet,lunch,False,Wednesday
S003263,U01649,R0147,2026-01-17 12:31:31,Delhi,mobile,lunch,True,Saturday
S003264,U02939,R0561,2026-02-20 13:22:31,Bangalore,tablet,lunch,False,Friday
S003265,U03474,R0449,2026-01-12 20:51:31,Chennai,tablet,dinner,False,Monday
S003266,U02181,R0172,2026-01-27 10:40:31,Hyderabad,mobile,breakfast,False,Tuesday
S003267,U03488,R0495,2025-12-17 20:52:31,Kolkata,mobile,dinner,False,Wednesday
S003268,U04223,R0024,2026-02-02 05:23:31,Hyderabad,mobile,late_night,False,Monday
S003269,U01217,R0398,2026-01-09 18:11:31,Bangalore,mobile,dinner,False,Friday
S003270,U04545,R0242,2026-01-06 19:25:31,Hyderabad,mobile,dinner,False,Tuesday
S003271,U03069,R0603,2026-02-06 10:31:31,Bangalore,mobile,breakfast,False,Friday
S003272,U04272,R0112,2025-11-28 07:51:31,Chennai,mobile,breakfast,False,Friday
S003273,U02538,R0601,2025-12-01 13:46:31,Pune,web,lunch,False,Monday
S003274,U03733,R0127,2026-01-03 17:52:31,Hyderabad,mobile,snack,True,Saturday
S003275,U03671,R0205,2026-02-12 06:55:31,Pune,web,breakfast,False,Thursday
S003276,U00284,R0296,2026-01-09 10:03:31,Hyderabad,mobile,breakfast,False,Friday
S003277,U02503,R0768,2026-02-10 19:00:31,Mumbai,mobile,dinner,False,Tuesday
S003278,U01096,R0432,2026-01-07 22:19:31,Hyderabad,mobile,late_night,False,Wednesday
S003279,U00726,R0677,2026-01-22 08:08:31,Delhi,mobile,breakfast,False,Thursday
S003280,U01119,R0776,2026-02-24 16:41:31,Pune,mobile,snack,False,Tuesday
S003281,U02283,R0384,2025-12-13 07:58:31,Delhi,mobile,breakfast,True,Saturday
S003282,U00990,R0733,2025-12-17 06:09:31,Kolkata,mobile,breakfast,False,Wednesday
S003283,U01305,R0572,2026-02-14 20:14:31,Mumbai,web,dinner,True,Saturday
S003284,U04794,R0370,2026-02-08 06:32:31,Chennai,mobile,breakfast,True,Sunday
S003285,U00337,R0535,2026-02-09 18:05:31,Mumbai,mobile,dinner,False,Monday
S003286,U03605,R0026,2026-01-19 08:35:31,Bangalore,mobile,breakfast,False,Monday
S003287,U03665,R0470,2026-02-15 12:18:31,Bangalore,mobile,lunch,True,Sunday
S003288,U02135,R0498,2026-02-25 13:37:31,Kolkata,mobile,lunch,False,Wednesday
S003289,U01576,R0133,2026-02-19 17:20:31,Hyderabad,mobile,snack,False,Thursday
S003290,U04994,R0101,2025-12-14 12:11:31,Hyderabad,mobile,lunch,True,Sunday
S003291,U01804,R0611,2025-12-04 07:27:31,Chennai,mobile,breakfast,False,Thursday
S003292,U04403,R0324,2026-02-09 15:19:31,Delhi,mobile,snack,False,Monday
S003293,U01179,R0180,2026-02-25 13:34:31,Chennai,web,lunch,False,Wednesday
S003294,U04982,R0393,2026-01-12 00:06:31,Chennai,tablet,late_night,False,Monday
S003295,U00159,R0419,2025-12-17 12:00:31,Hyderabad,mobile,lunch,False,Wednesday
S003296,U01944,R0776,2026-01-27 03:14:31,Pune,mobile,late_night,False,Tuesday
S003297,U00309,R0513,2026-01-26 12:44:31,Kolkata,mobile,lunch,False,Monday
S003298,U01082,R0631,2026-02-06 02:00:31,Delhi,tablet,late_night,False,Friday
S003299,U01222,R0529,2026-01-31 22:31:31,Bangalore,web,late_night,True,Saturday
S003300,U03518,R0257,2026-02-13 07:19:31,Kolkata,mobile,breakfast,False,Friday
S003301,U04493,R0530,2025-12-30 11:56:31,Pune,web,lunch,False,Tuesday
S003302,U01581,R0075,2025-12-23 22:21:31,Bangalore,web,late_night,False,Tuesday
S003303,U03680,R0006,2025-12-22 07:56:31,Chennai,mobile,breakfast,False,Monday
S003304,U03333,R0382,2026-02-19 09:03:31,Hyderabad,web,breakfast,False,Thursday
S003305,U03493,R0116,2025-12-07 14:06:31,Hyderabad,web,lunch,True,Sunday
S003306,U04168,R0162,2026-01-25 14:37:31,Pune,mobile,lunch,True,Sunday
S003307,U01465,R0614,2026-02-26 07:30:31,Hyderabad,mobile,breakfast,False,Thursday
S003308,U01088,R0152,2025-12-19 05:47:31,Pune,mobile,late_night,False,Friday
S003309,U01553,R0054,2025-12-25 21:29:31,Mumbai,mobile,dinner,False,Thursday
S003310,U02526,R0774,2026-02-01 10:17:31,Hyderabad,mobile,breakfast,True,Sunday
S003311,U00664,R0552,2026-02-23 18:35:31,Pune,mobile,dinner,False,Monday
S003312,U02110,R0666,2026-01-12 14:00:31,Delhi,mobile,lunch,False,Monday
S003313,U00910,R0667,2025-11-30 10:02:31,Pune,web,breakfast,True,Sunday
S003314,U04300,R0622,2026-02-15 17:55:31,Hyderabad,web,snack,True,Sunday
S003315,U00944,R0307,2025-12-17 09:31:31,Kolkata,mobile,breakfast,False,Wednesday
S003316,U04978,R0442,2026-01-08 10:35:31,Bangalore,mobile,breakfast,False,Thursday
S003317,U02111,R0245,2026-01-17 18:20:31,Delhi,mobile,dinner,True,Saturday
S003318,U04613,R0399,2025-12-07 19:28:31,Bangalore,mobile,dinner,True,Sunday
S003319,U04420,R0409,2026-01-14 18:14:31,Mumbai,mobile,dinner,False,Wednesday
S003320,U04276,R0381,2025-12-10 15:16:31,Bangalore,mobile,snack,False,Wednesday
S003321,U03016,R0206,2025-12-13 18:00:31,Kolkata,web,dinner,True,Saturday
S003322,U00718,R0113,2026-02-23 13:24:31,Hyderabad,mobile,lunch,False,Monday
S003323,U03926,R0414,2026-02-16 10:01:31,Mumbai,mobile,breakfast,False,Monday
S003324,U04947,R0165,2026-02-16 08:31:31,Kolkata,mobile,breakfast,False,Monday
S003325,U04695,R0682,2025-12-19 05:00:31,Delhi,web,late_night,False,Friday
S003326,U04889,R0654,2025-12-31 18:02:31,Pune,mobile,dinner,False,Wednesday
S003327,U01427,R0295,2026-01-01 07:19:31,Kolkata,mobile,breakfast,False,Thursday
S003328,U02218,R0733,2026-01-18 17:15:31,Kolkata,mobile,snack,True,Sunday
S003329,U01886,R0548,2025-12-15 15:43:31,Delhi,mobile,snack,False,Monday
S003330,U03131,R0535,2025-12-17 13:42:31,Mumbai,mobile,lunch,False,Wednesday
S003331,U03326,R0471,2025-12-15 10:05:31,Pune,mobile,breakfast,False,Monday
S003332,U03517,R0680,2026-02-10 17:41:31,Kolkata,mobile,snack,False,Tuesday
S003333,U00609,R0069,2026-02-18 19:31:31,Hyderabad,web,dinner,False,Wednesday
S003334,U00415,R0579,2026-01-22 21:21:31,Pune,mobile,dinner,False,Thursday
S003335,U02246,R0662,2026-01-14 19:51:31,Mumbai,mobile,dinner,False,Wednesday
S003336,U03466,R0525,2026-01-01 13:18:31,Kolkata,mobile,lunch,False,Thursday
S003337,U02635,R0530,2026-01-21 21:38:31,Pune,web,dinner,False,Wednesday
S003338,U03402,R0238,2026-01-22 11:07:31,Chennai,web,lunch,False,Thursday
S003339,U02496,R0173,2025-12-03 15:18:31,Mumbai,web,snack,False,Wednesday
S003340,U01935,R0729,2026-01-08 12:36:31,Kolkata,mobile,lunch,False,Thursday
S003341,U03671,R0445,2026-02-13 10:29:31,Pune,mobile,breakfast,False,Friday
S003342,U02489,R0402,2025-12-19 11:18:31,Delhi,mobile,lunch,False,Friday
S003343,U02083,R0613,2025-12-21 06:36:31,Kolkata,mobile,breakfast,True,Sunday
S003344,U02832,R0178,2026-01-07 21:06:31,Kolkata,mobile,dinner,False,Wednesday
S003345,U02427,R0699,2025-12-22 18:10:31,Pune,mobile,dinner,False,Monday
S003346,U00620,R0748,2026-01-22 19:18:31,Hyderabad,mobile,dinner,False,Thursday
S003347,U00425,R0565,2026-02-20 07:40:31,Kolkata,mobile,breakfast,False,Friday
S003348,U00774,R0073,2025-12-05 08:33:31,Hyderabad,tablet,breakfast,False,Friday
S003349,U02276,R0434,2025-11-29 09:10:31,Mumbai,mobile,breakfast,True,Saturday
S003350,U04269,R0517,2026-01-20 07:22:31,Chennai,mobile,breakfast,False,Tuesday
S003351,U02512,R0332,2026-02-12 21:02:31,Hyderabad,mobile,dinner,False,Thursday
S003352,U01882,R0590,2025-12-25 05:09:31,Bangalore,mobile,late_night,False,Thursday
S003353,U00935,R0419,2025-12-30 19:59:31,Hyderabad,web,dinner,False,Tuesday
S003354,U03908,R0719,2025-12-13 17:58:31,Chennai,mobile,snack,True,Saturday
S003355,U01922,R0409,2026-01-01 21:33:31,Mumbai,mobile,dinner,False,Thursday
S003356,U00562,R0400,2026-01-07 20:49:31,Hyderabad,web,dinner,False,Wednesday
S003357,U01200,R0530,2025-12-25 22:24:31,Pune,mobile,late_night,False,Thursday
S003358,U02972,R0502,2026-02-25 03:16:31,Delhi,web,late_night,False,Wednesday
S003359,U02100,R0303,2026-01-24 13:34:31,Bangalore,mobile,lunch,True,Saturday
S003360,U03125,R0137,2025-12-04 07:08:31,Hyderabad,mobile,breakfast,False,Thursday
S003361,U03989,R0381,2026-01-14 11:12:31,Bangalore,mobile,lunch,False,Wednesday
S003362,U03012,R0402,2026-02-23 20:32:31,Delhi,mobile,dinner,False,Monday
S003363,U03156,R0784,2026-02-21 17:16:31,Hyderabad,web,snack,True,Saturday
S003364,U04834,R0478,2025-12-20 09:03:31,Hyderabad,mobile,breakfast,True,Saturday
S003365,U03942,R0537,2026-01-05 22:48:31,Delhi,mobile,late_night,False,Monday
S003366,U02858,R0276,2025-12-15 18:31:31,Bangalore,mobile,dinner,False,Monday
S003367,U01516,R0596,2025-12-26 07:31:31,Bangalore,mobile,breakfast,False,Friday
S003368,U04360,R0131,2026-02-07 19:36:31,Chennai,web,dinner,True,Saturday
S003369,U04367,R0132,2025-12-02 21:04:31,Bangalore,mobile,dinner,False,Tuesday
S003370,U01647,R0163,2025-12-18 23:21:31,Hyderabad,web,late_night,False,Thursday
S003371,U00516,R0655,2026-01-24 10:12:31,Kolkata,web,breakfast,True,Saturday
S003372,U01848,R0060,2026-02-06 18:33:31,Mumbai,web,dinner,False,Friday
S003373,U00337,R0273,2026-01-02 15:59:31,Mumbai,web,snack,False,Friday
S003374,U02247,R0030,2026-01-11 08:46:31,Mumbai,mobile,breakfast,True,Sunday
S003375,U03357,R0765,2026-02-26 06:39:31,Kolkata,mobile,breakfast,False,Thursday
S003376,U00163,R0355,2025-12-16 11:14:31,Hyderabad,mobile,lunch,False,Tuesday
S003377,U00292,R0326,2026-01-01 21:47:31,Mumbai,web,dinner,False,Thursday
S003378,U02527,R0150,2026-02-08 09:29:31,Pune,mobile,breakfast,True,Sunday
S003379,U02801,R0523,2025-12-27 19:08:31,Delhi,mobile,dinner,True,Saturday
S003380,U01501,R0114,2026-01-04 13:19:31,Bangalore,mobile,lunch,True,Sunday
S003381,U02696,R0122,2025-11-29 11:25:31,Chennai,mobile,lunch,True,Saturday
S003382,U01568,R0157,2026-01-15 06:39:31,Mumbai,mobile,breakfast,False,Thursday
S003383,U01190,R0553,2026-01-20 06:38:31,Bangalore,mobile,breakfast,False,Tuesday
S003384,U04392,R0758,2025-11-29 11:02:31,Mumbai,mobile,lunch,True,Saturday
S003385,U03636,R0717,2026-01-21 07:45:31,Kolkata,web,breakfast,False,Wednesday
S003386,U04413,R0171,2026-01-14 20:14:31,Kolkata,mobile,dinner,False,Wednesday
S003387,U04168,R0022,2026-01-17 23:23:31,Pune,mobile,late_night,True,Saturday
S003388,U02602,R0578,2026-02-15 19:43:31,Hyderabad,web,dinner,True,Sunday
S003389,U04654,R0019,2025-12-18 08:57:31,Bangalore,web,breakfast,False,Thursday
S003390,U03272,R0514,2026-01-22 19:21:31,Kolkata,mobile,dinner,False,Thursday
S003391,U00091,R0455,2025-12-21 03:28:31,Pune,mobile,late_night,True,Sunday
S003392,U04161,R0356,2025-12-08 23:26:31,Delhi,mobile,late_night,False,Monday
S003393,U02134,R0718,2026-02-26 23:36:31,Chennai,mobile,late_night,False,Thursday
S003394,U01567,R0748,2025-11-28 11:33:31,Hyderabad,mobile,lunch,False,Friday
S003395,U03487,R0612,2026-01-11 17:47:31,Mumbai,mobile,snack,True,Sunday
S003396,U04972,R0046,2025-12-15 14:21:31,Kolkata,mobile,lunch,False,Monday
S003397,U00774,R0133,2026-02-01 21:22:31,Hyderabad,mobile,dinner,True,Sunday
S003398,U02459,R0299,2025-12-24 14:43:31,Mumbai,mobile,lunch,False,Wednesday
S003399,U01602,R0484,2026-01-09 22:46:31,Pune,mobile,late_night,False,Friday
S003400,U02108,R0293,2026-02-20 19:25:31,Delhi,mobile,dinner,False,Friday
S003401,U04238,R0656,2025-12-29 01:08:31,Kolkata,mobile,late_night,False,Monday
S003402,U04844,R0548,2026-02-04 18:47:31,Delhi,mobile,dinner,False,Wednesday
S003403,U03206,R0039,2025-12-07 15:56:31,Delhi,mobile,snack,True,Sunday
S003404,U01681,R0604,2026-02-23 09:23:31,Pune,mobile,breakfast,False,Monday
S003405,U03313,R0307,2026-01-11 12:02:31,Kolkata,web,lunch,True,Sunday
S003406,U01293,R0774,2025-12-13 15:37:31,Hyderabad,mobile,snack,True,Saturday
S003407,U00508,R0203,2025-12-16 20:22:31,Chennai,mobile,dinner,False,Tuesday
S003408,U02486,R0309,2026-01-02 10:42:31,Kolkata,mobile,breakfast,False,Friday
S003409,U02233,R0437,2026-01-06 21:00:31,Kolkata,mobile,dinner,False,Tuesday
S003410,U00594,R0381,2026-01-04 10:43:31,Bangalore,mobile,breakfast,True,Sunday
S003411,U04316,R0728,2025-12-03 12:23:31,Kolkata,mobile,lunch,False,Wednesday
S003412,U01827,R0218,2026-02-03 19:16:31,Bangalore,tablet,dinner,False,Tuesday
S003413,U04449,R0433,2025-12-26 08:58:31,Mumbai,mobile,breakfast,False,Friday
S003414,U01621,R0724,2026-01-13 07:57:31,Kolkata,mobile,breakfast,False,Tuesday
S003415,U02009,R0405,2026-02-14 18:07:31,Pune,mobile,dinner,True,Saturday
S003416,U04322,R0443,2026-01-25 08:19:31,Kolkata,web,breakfast,True,Sunday
S003417,U03980,R0625,2026-02-22 08:44:31,Bangalore,mobile,breakfast,True,Sunday
S003418,U02781,R0129,2026-02-01 19:51:31,Bangalore,mobile,dinner,True,Sunday
S003419,U03169,R0438,2026-01-11 00:24:31,Mumbai,web,late_night,True,Sunday
S003420,U03077,R0765,2026-01-14 19:05:31,Kolkata,mobile,dinner,False,Wednesday
S003421,U03072,R0189,2025-12-04 08:08:31,Chennai,web,breakfast,False,Thursday
S003422,U02386,R0558,2025-12-22 21:06:31,Pune,mobile,dinner,False,Monday
S003423,U02001,R0788,2026-01-16 08:00:31,Pune,mobile,breakfast,False,Friday
S003424,U03794,R0008,2025-12-10 22:17:31,Mumbai,mobile,late_night,False,Wednesday
S003425,U01028,R0628,2025-12-15 07:58:31,Hyderabad,mobile,breakfast,False,Monday
S003426,U02731,R0039,2025-12-08 12:57:31,Delhi,mobile,lunch,False,Monday
S003427,U03155,R0722,2026-01-13 19:34:31,Delhi,mobile,dinner,False,Tuesday
S003428,U03347,R0376,2026-02-16 18:02:31,Kolkata,web,dinner,False,Monday
S003429,U02861,R0513,2026-01-17 19:44:31,Kolkata,mobile,dinner,True,Saturday
S003430,U00682,R0069,2025-12-05 21:32:31,Hyderabad,mobile,dinner,False,Friday
S003431,U01924,R0551,2026-01-02 08:51:31,Pune,tablet,breakfast,False,Friday
S003432,U02438,R0748,2026-01-26 11:54:31,Hyderabad,mobile,lunch,False,Monday
S003433,U02189,R0136,2025-11-29 20:17:31,Chennai,mobile,dinner,True,Saturday
S003434,U03864,R0308,2026-02-22 14:53:31,Bangalore,mobile,lunch,True,Sunday
S003435,U03752,R0615,2025-12-06 12:15:31,Bangalore,mobile,lunch,True,Saturday
S003436,U04185,R0188,2026-02-09 08:06:31,Bangalore,mobile,breakfast,False,Monday
S003437,U01479,R0797,2025-12-22 12:21:31,Bangalore,mobile,lunch,False,Monday
S003438,U03727,R0488,2025-12-17 00:12:31,Pune,tablet,late_night,False,Wednesday
S003439,U01550,R0436,2026-01-22 20:34:31,Mumbai,mobile,dinner,False,Thursday
S003440,U00231,R0429,2026-02-18 18:49:31,Bangalore,web,dinner,False,Wednesday
S003441,U03163,R0232,2025-12-01 11:08:31,Bangalore,mobile,lunch,False,Monday
S003442,U03679,R0680,2026-01-13 12:15:31,Kolkata,mobile,lunch,False,Tuesday
S003443,U02791,R0060,2026-01-11 14:22:31,Mumbai,tablet,lunch,True,Sunday
S003444,U01195,R0538,2026-02-20 18:40:31,Mumbai,mobile,dinner,False,Friday
S003445,U00094,R0682,2025-12-07 07:08:31,Delhi,mobile,breakfast,True,Sunday
S003446,U03800,R0195,2025-12-02 13:16:31,Hyderabad,web,lunch,False,Tuesday
S003447,U04700,R0613,2026-01-06 18:10:31,Kolkata,mobile,dinner,False,Tuesday
S003448,U01337,R0695,2026-01-14 20:31:31,Kolkata,tablet,dinner,False,Wednesday
S003449,U03396,R0702,2026-02-22 06:34:31,Delhi,mobile,breakfast,True,Sunday
S003450,U03475,R0673,2025-12-10 20:33:31,Pune,mobile,dinner,False,Wednesday
S003451,U02023,R0472,2026-01-03 18:11:31,Pune,mobile,dinner,True,Saturday
S003452,U04864,R0787,2025-12-19 22:25:31,Delhi,web,late_night,False,Friday
S003453,U01677,R0732,2025-12-09 15:40:31,Chennai,mobile,snack,False,Tuesday
S003454,U03327,R0487,2026-01-14 13:13:31,Hyderabad,mobile,lunch,False,Wednesday
S003455,U02563,R0354,2026-01-21 09:16:31,Hyderabad,mobile,breakfast,False,Wednesday
S003456,U01809,R0461,2025-12-24 18:04:31,Chennai,mobile,dinner,False,Wednesday
S003457,U04161,R0362,2026-02-04 06:41:31,Delhi,tablet,breakfast,False,Wednesday
S003458,U03359,R0464,2026-02-24 09:00:31,Mumbai,mobile,breakfast,False,Tuesday
S003459,U03874,R0425,2026-01-24 15:34:31,Chennai,mobile,snack,True,Saturday
S003460,U02310,R0647,2026-01-05 06:35:31,Delhi,tablet,breakfast,False,Monday
S003461,U04205,R0188,2026-02-10 19:20:31,Bangalore,mobile,dinner,False,Tuesday
S003462,U00728,R0643,2026-02-24 20:17:31,Hyderabad,mobile,dinner,False,Tuesday
S003463,U00626,R0448,2026-02-08 22:18:31,Pune,mobile,late_night,True,Sunday
S003464,U02596,R0262,2025-12-23 19:04:31,Mumbai,web,dinner,False,Tuesday
S003465,U02059,R0502,2026-02-25 01:30:31,Delhi,mobile,late_night,False,Wednesday
S003466,U04906,R0089,2026-01-29 21:57:31,Mumbai,web,dinner,False,Thursday
S003467,U04252,R0348,2026-02-23 15:41:31,Pune,mobile,snack,False,Monday
S003468,U01611,R0743,2025-12-25 12:59:31,Pune,mobile,lunch,False,Thursday
S003469,U04832,R0391,2025-12-14 22:07:31,Chennai,mobile,late_night,True,Sunday
S003470,U02486,R0371,2026-02-13 21:57:31,Kolkata,mobile,dinner,False,Friday
S003471,U00061,R0745,2025-12-17 04:17:31,Delhi,web,late_night,False,Wednesday
S003472,U00026,R0482,2026-02-16 14:43:31,Hyderabad,web,lunch,False,Monday
S003473,U03929,R0355,2025-12-03 09:02:31,Hyderabad,web,breakfast,False,Wednesday
S003474,U01887,R0022,2026-01-17 12:06:31,Pune,mobile,lunch,True,Saturday
S003475,U04420,R0516,2026-01-02 17:13:31,Mumbai,mobile,snack,False,Friday
S003476,U00300,R0346,2026-01-31 21:45:31,Delhi,web,dinner,True,Saturday
S003477,U03105,R0435,2026-01-22 12:37:31,Chennai,web,lunch,False,Thursday
S003478,U04637,R0527,2025-12-16 09:05:31,Kolkata,mobile,breakfast,False,Tuesday
S003479,U04969,R0272,2025-12-26 21:40:31,Delhi,tablet,dinner,False,Friday
S003480,U02617,R0235,2026-02-15 11:59:31,Mumbai,mobile,lunch,True,Sunday
S003481,U02143,R0159,2026-02-02 07:49:31,Hyderabad,mobile,breakfast,False,Monday
S003482,U04160,R0743,2026-02-10 20:58:31,Pune,mobile,dinner,False,Tuesday
S003483,U03542,R0711,2026-02-25 07:50:31,Chennai,mobile,breakfast,False,Wednesday
S003484,U02822,R0013,2025-12-22 19:47:31,Delhi,mobile,dinner,False,Monday
S003485,U04932,R0113,2026-02-24 09:41:31,Hyderabad,mobile,breakfast,False,Tuesday
S003486,U03829,R0686,2026-01-01 03:52:31,Mumbai,web,late_night,False,Thursday
S003487,U02651,R0558,2025-11-30 19:53:31,Pune,mobile,dinner,True,Sunday
S003488,U00409,R0556,2026-02-11 05:11:31,Kolkata,web,late_night,False,Wednesday
S003489,U02729,R0277,2026-01-24 12:35:31,Bangalore,tablet,lunch,True,Saturday
S003490,U01576,R0133,2026-01-12 22:23:31,Hyderabad,mobile,late_night,False,Monday
S003491,U00446,R0059,2025-12-26 04:37:31,Kolkata,mobile,late_night,False,Friday
S003492,U01098,R0637,2025-12-15 15:27:31,Hyderabad,web,snack,False,Monday
S003493,U02867,R0375,2025-12-13 10:08:31,Kolkata,web,breakfast,True,Saturday
S003494,U03121,R0680,2025-12-18 12:12:31,Kolkata,mobile,lunch,False,Thursday
S003495,U04199,R0560,2026-02-07 12:05:31,Hyderabad,tablet,lunch,True,Saturday
S003496,U04175,R0065,2026-02-21 23:55:31,Mumbai,mobile,late_night,True,Saturday
S003497,U02621,R0259,2025-12-29 02:10:31,Delhi,mobile,late_night,False,Monday
S003498,U02497,R0002,2026-01-18 06:29:31,Pune,mobile,breakfast,True,Sunday
S003499,U00201,R0341,2025-11-28 14:57:31,Bangalore,mobile,lunch,False,Friday
S003500,U02444,R0754,2025-12-09 21:07:31,Hyderabad,mobile,dinner,False,Tuesday
S003501,U04032,R0584,2025-12-06 10:54:31,Mumbai,mobile,breakfast,True,Saturday
S003502,U01910,R0647,2025-12-13 12:11:31,Delhi,mobile,lunch,True,Saturday
S003503,U04017,R0232,2026-01-23 14:04:31,Bangalore,mobile,lunch,False,Friday
S003504,U04544,R0709,2025-12-08 01:32:31,Chennai,mobile,late_night,False,Monday
S003505,U04724,R0418,2026-01-14 07:49:31,Bangalore,mobile,breakfast,False,Wednesday
S003506,U01584,R0595,2026-01-06 12:05:31,Kolkata,web,lunch,False,Tuesday
S003507,U04650,R0312,2026-01-09 18:52:31,Mumbai,mobile,dinner,False,Friday
S003508,U02208,R0167,2026-01-12 23:40:31,Mumbai,mobile,late_night,False,Monday
S003509,U02393,R0456,2025-12-06 20:28:31,Kolkata,mobile,dinner,True,Saturday
S003510,U02691,R0181,2025-11-28 08:04:31,Hyderabad,mobile,breakfast,False,Friday
S003511,U04545,R0220,2026-02-26 16:55:31,Hyderabad,mobile,snack,False,Thursday
S003512,U01426,R0380,2026-01-31 18:48:31,Kolkata,mobile,dinner,True,Saturday
S003513,U04140,R0341,2025-12-21 16:14:31,Bangalore,mobile,snack,True,Sunday
S003514,U04573,R0639,2026-02-03 22:31:31,Bangalore,mobile,late_night,False,Tuesday
S003515,U01464,R0780,2025-12-14 20:03:31,Kolkata,web,dinner,True,Sunday
S003516,U02863,R0531,2026-01-07 21:05:31,Delhi,mobile,dinner,False,Wednesday
S003517,U01446,R0292,2026-01-14 18:51:31,Mumbai,mobile,dinner,False,Wednesday
S003518,U04530,R0505,2026-02-13 13:11:31,Chennai,mobile,lunch,False,Friday
S003519,U04361,R0112,2026-02-02 11:58:31,Chennai,mobile,lunch,False,Monday
S003520,U00705,R0455,2026-02-03 17:22:31,Pune,tablet,snack,False,Tuesday
S003521,U00521,R0140,2025-12-26 13:21:31,Kolkata,mobile,lunch,False,Friday
S003522,U02173,R0232,2026-02-22 20:17:31,Bangalore,mobile,dinner,True,Sunday
S003523,U04686,R0176,2026-01-04 08:32:31,Chennai,mobile,breakfast,True,Sunday
S003524,U00424,R0518,2026-02-02 11:20:31,Hyderabad,web,lunch,False,Monday
S003525,U04459,R0484,2026-02-22 19:07:31,Pune,mobile,dinner,True,Sunday
S003526,U03608,R0293,2025-11-28 19:20:31,Delhi,mobile,dinner,False,Friday
S003527,U01689,R0735,2025-12-02 17:12:31,Hyderabad,mobile,snack,False,Tuesday
S003528,U04308,R0773,2026-01-24 21:37:31,Mumbai,mobile,dinner,True,Saturday
S003529,U03257,R0440,2025-12-05 06:37:31,Mumbai,mobile,breakfast,False,Friday
S003530,U00019,R0041,2026-02-23 18:52:31,Delhi,web,dinner,False,Monday
S003531,U04781,R0068,2026-02-01 16:17:31,Kolkata,mobile,snack,True,Sunday
S003532,U02696,R0546,2026-01-07 14:34:31,Chennai,mobile,lunch,False,Wednesday
S003533,U02871,R0186,2026-02-11 15:03:31,Delhi,mobile,snack,False,Wednesday
S003534,U01822,R0285,2025-12-30 16:23:31,Kolkata,mobile,snack,False,Tuesday
S003535,U02313,R0101,2026-02-10 10:55:31,Hyderabad,mobile,breakfast,False,Tuesday
S003536,U00007,R0349,2026-01-08 05:29:31,Bangalore,mobile,late_night,False,Thursday
S003537,U02373,R0505,2025-12-28 14:22:31,Chennai,mobile,lunch,True,Sunday
S003538,U04255,R0027,2025-12-30 20:18:31,Bangalore,mobile,dinner,False,Tuesday
S003539,U03649,R0047,2026-01-23 00:15:31,Pune,mobile,late_night,False,Friday
S003540,U04368,R0086,2026-02-12 17:45:31,Kolkata,mobile,snack,False,Thursday
S003541,U02921,R0525,2026-01-13 16:19:31,Kolkata,web,snack,False,Tuesday
S003542,U04019,R0244,2026-01-28 22:33:31,Delhi,mobile,late_night,False,Wednesday
S003543,U03679,R0371,2026-01-04 13:05:31,Kolkata,mobile,lunch,True,Sunday
S003544,U04341,R0680,2025-12-03 10:02:31,Kolkata,mobile,breakfast,False,Wednesday
S003545,U01679,R0233,2026-01-08 09:50:31,Pune,mobile,breakfast,False,Thursday
S003546,U02875,R0147,2026-01-11 16:56:31,Delhi,tablet,snack,True,Sunday
S003547,U03977,R0222,2026-01-15 07:36:31,Pune,mobile,breakfast,False,Thursday
S003548,U01528,R0424,2025-12-10 14:26:31,Pune,mobile,lunch,False,Wednesday
S003549,U01396,R0279,2025-12-28 17:18:31,Mumbai,web,snack,True,Sunday
S003550,U01376,R0307,2026-01-06 23:49:31,Kolkata,mobile,late_night,False,Tuesday
S003551,U01570,R0034,2026-01-20 08:19:31,Delhi,mobile,breakfast,False,Tuesday
S003552,U00320,R0173,2025-12-20 21:09:31,Mumbai,mobile,dinner,True,Saturday
S003553,U03984,R0579,2025-11-29 22:43:31,Pune,mobile,late_night,True,Saturday
S003554,U02068,R0331,2026-02-22 13:16:31,Bangalore,web,lunch,True,Sunday
S003555,U01957,R0329,2026-01-27 14:38:31,Delhi,web,lunch,False,Tuesday
S003556,U01173,R0649,2026-02-03 11:00:31,Bangalore,web,lunch,False,Tuesday
S003557,U04881,R0551,2026-02-12 22:07:31,Pune,web,late_night,False,Thursday
S003558,U01182,R0073,2025-12-01 16:23:31,Hyderabad,mobile,snack,False,Monday
S003559,U04979,R0128,2026-02-12 06:45:31,Chennai,mobile,breakfast,False,Thursday
S003560,U01596,R0795,2025-12-14 16:54:31,Mumbai,mobile,snack,True,Sunday
S003561,U01814,R0395,2026-01-27 15:26:31,Pune,web,snack,False,Tuesday
S003562,U01599,R0154,2025-12-27 21:56:31,Bangalore,mobile,dinner,True,Saturday
S003563,U03562,R0039,2025-12-29 17:32:31,Delhi,mobile,snack,False,Monday
S003564,U00315,R0138,2025-12-21 16:52:31,Mumbai,web,snack,True,Sunday
S003565,U04291,R0118,2026-01-11 19:35:31,Hyderabad,mobile,dinner,True,Sunday
S003566,U03800,R0369,2025-12-30 08:46:31,Hyderabad,mobile,breakfast,False,Tuesday
S003567,U03362,R0393,2026-01-18 11:04:31,Chennai,web,lunch,True,Sunday
S003568,U04180,R0186,2026-01-24 11:34:31,Delhi,mobile,lunch,True,Saturday
S003569,U01253,R0718,2026-02-24 20:14:31,Chennai,mobile,dinner,False,Tuesday
S003570,U02827,R0137,2025-12-14 23:50:31,Hyderabad,web,late_night,True,Sunday
S003571,U04551,R0411,2026-01-02 08:52:31,Mumbai,web,breakfast,False,Friday
S003572,U02868,R0529,2026-02-26 14:13:31,Bangalore,web,lunch,False,Thursday
S003573,U00300,R0745,2026-01-04 08:06:31,Delhi,web,breakfast,True,Sunday
S003574,U00411,R0616,2026-01-26 10:55:31,Mumbai,mobile,breakfast,False,Monday
S003575,U04908,R0173,2025-12-02 14:22:31,Mumbai,mobile,lunch,False,Tuesday
S003576,U00886,R0116,2026-01-04 22:51:31,Hyderabad,mobile,late_night,True,Sunday
S003577,U02782,R0638,2026-02-21 19:35:31,Hyderabad,web,dinner,True,Saturday
S003578,U00514,R0107,2026-02-06 08:37:31,Bangalore,mobile,breakfast,False,Friday
S003579,U04756,R0042,2026-02-03 22:19:31,Pune,web,late_night,False,Tuesday
S003580,U03124,R0671,2025-12-12 13:51:31,Hyderabad,mobile,lunch,False,Friday
S003581,U01647,R0760,2026-02-03 21:28:31,Hyderabad,web,dinner,False,Tuesday
S003582,U01746,R0638,2025-12-02 11:29:31,Hyderabad,mobile,lunch,False,Tuesday
S003583,U01008,R0045,2026-02-22 14:39:31,Hyderabad,mobile,lunch,True,Sunday
S003584,U02242,R0488,2025-11-28 21:46:31,Pune,mobile,dinner,False,Friday
S003585,U00384,R0020,2026-01-25 12:21:31,Kolkata,web,lunch,True,Sunday
S003586,U04730,R0210,2026-01-23 13:11:31,Delhi,mobile,lunch,False,Friday
S003587,U01750,R0774,2026-02-06 06:55:31,Hyderabad,web,breakfast,False,Friday
S003588,U03431,R0298,2025-12-01 15:05:31,Mumbai,tablet,snack,False,Monday
S003589,U03136,R0301,2026-01-27 23:26:31,Chennai,mobile,late_night,False,Tuesday
S003590,U04210,R0021,2026-01-09 01:19:31,Chennai,mobile,late_night,False,Friday
S003591,U00894,R0078,2026-01-25 14:50:31,Mumbai,mobile,lunch,True,Sunday
S003592,U01064,R0213,2025-12-24 06:40:31,Bangalore,mobile,breakfast,False,Wednesday
S003593,U02741,R0747,2025-12-18 20:30:31,Pune,web,dinner,False,Thursday
S003594,U01482,R0212,2026-01-11 08:30:31,Bangalore,mobile,breakfast,True,Sunday
S003595,U03512,R0350,2026-02-12 10:19:31,Pune,web,breakfast,False,Thursday
S003596,U02588,R0539,2026-01-28 12:38:31,Pune,mobile,lunch,False,Wednesday
S003597,U01268,R0746,2025-12-13 09:21:31,Pune,mobile,breakfast,True,Saturday
S003598,U04016,R0333,2026-02-21 08:38:31,Pune,mobile,breakfast,True,Saturday
S003599,U00598,R0480,2026-02-15 19:03:31,Chennai,mobile,dinner,True,Sunday
S003600,U01412,R0033,2025-12-07 18:33:31,Delhi,mobile,dinner,True,Sunday
S003601,U00311,R0126,2026-01-12 19:54:31,Chennai,mobile,dinner,False,Monday
S003602,U01461,R0626,2026-02-01 21:20:31,Kolkata,tablet,dinner,True,Sunday
S003603,U01145,R0331,2025-12-17 15:15:31,Bangalore,mobile,snack,False,Wednesday
S003604,U03719,R0051,2026-01-13 10:12:31,Mumbai,mobile,breakfast,False,Tuesday
S003605,U02381,R0682,2026-01-18 06:06:31,Delhi,mobile,breakfast,True,Sunday
S003606,U02781,R0114,2025-12-07 22:56:31,Bangalore,mobile,late_night,True,Sunday
S003607,U00688,R0773,2025-12-01 14:35:31,Mumbai,web,lunch,False,Monday
S003608,U03689,R0624,2026-01-07 10:04:31,Pune,mobile,breakfast,False,Wednesday
S003609,U04158,R0161,2025-11-28 08:44:31,Bangalore,mobile,breakfast,False,Friday
S003610,U04456,R0144,2025-12-10 14:31:31,Bangalore,mobile,lunch,False,Wednesday
S003611,U03959,R0411,2026-02-09 06:03:31,Mumbai,mobile,breakfast,False,Monday
S003612,U04087,R0038,2026-02-26 07:41:31,Pune,mobile,breakfast,False,Thursday
S003613,U04501,R0423,2026-01-06 21:11:31,Hyderabad,web,dinner,False,Tuesday
S003614,U01712,R0094,2026-02-02 06:39:31,Delhi,mobile,breakfast,False,Monday
S003615,U01292,R0754,2026-02-04 16:32:31,Hyderabad,tablet,snack,False,Wednesday
S003616,U00984,R0738,2025-12-26 21:47:31,Pune,mobile,dinner,False,Friday
S003617,U00136,R0065,2026-02-18 07:15:31,Mumbai,mobile,breakfast,False,Wednesday
S003618,U04473,R0119,2025-12-26 08:11:31,Hyderabad,mobile,breakfast,False,Friday
S003619,U00428,R0628,2026-02-12 16:08:31,Hyderabad,mobile,snack,False,Thursday
S003620,U04148,R0079,2025-12-27 10:35:31,Bangalore,mobile,breakfast,True,Saturday
S003621,U04402,R0072,2026-01-12 05:40:31,Chennai,mobile,late_night,False,Monday
S003622,U00689,R0414,2026-01-15 20:11:31,Mumbai,mobile,dinner,False,Thursday
S003623,U01800,R0282,2026-01-27 09:21:31,Delhi,mobile,breakfast,False,Tuesday
S003624,U01894,R0502,2025-12-09 11:29:31,Delhi,mobile,lunch,False,Tuesday
S003625,U04673,R0511,2025-12-02 16:53:31,Delhi,mobile,snack,False,Tuesday
S003626,U00073,R0672,2025-11-29 23:02:31,Delhi,mobile,late_night,True,Saturday
S003627,U01390,R0313,2025-12-30 15:57:31,Hyderabad,web,snack,False,Tuesday
S003628,U01804,R0361,2026-01-21 21:32:31,Chennai,mobile,dinner,False,Wednesday
S003629,U04707,R0157,2026-02-09 18:05:31,Mumbai,mobile,dinner,False,Monday
S003630,U04864,R0469,2026-01-26 19:16:31,Delhi,mobile,dinner,False,Monday
S003631,U02834,R0005,2025-12-02 17:02:31,Pune,mobile,snack,False,Tuesday
S003632,U03966,R0753,2026-01-11 10:32:31,Chennai,mobile,breakfast,True,Sunday
S003633,U04667,R0422,2026-01-28 12:24:31,Kolkata,web,lunch,False,Wednesday
S003634,U02737,R0401,2026-01-30 15:01:31,Hyderabad,mobile,snack,False,Friday
S003635,U01106,R0182,2025-12-20 12:47:31,Delhi,mobile,lunch,True,Saturday
S003636,U03688,R0160,2025-12-05 19:15:31,Pune,mobile,dinner,False,Friday
S003637,U04509,R0678,2026-01-12 04:02:31,Pune,mobile,late_night,False,Monday
S003638,U02372,R0102,2025-12-01 16:18:31,Kolkata,web,snack,False,Monday
S003639,U02430,R0667,2026-02-25 08:18:31,Pune,mobile,breakfast,False,Wednesday
S003640,U01657,R0638,2026-02-25 23:21:31,Hyderabad,mobile,late_night,False,Wednesday
S003641,U01886,R0531,2025-12-31 12:06:31,Delhi,mobile,lunch,False,Wednesday
S003642,U02483,R0561,2025-12-04 05:48:31,Bangalore,mobile,late_night,False,Thursday
S003643,U00635,R0546,2025-12-04 10:05:31,Chennai,mobile,breakfast,False,Thursday
S003644,U02216,R0258,2025-12-14 12:48:31,Chennai,mobile,lunch,True,Sunday
S003645,U01728,R0665,2026-01-14 12:10:31,Chennai,mobile,lunch,False,Wednesday
S003646,U03241,R0003,2026-02-13 22:49:31,Bangalore,tablet,late_night,False,Friday
S003647,U04829,R0648,2026-01-28 14:39:31,Delhi,mobile,lunch,False,Wednesday
S003648,U02887,R0152,2026-01-11 22:11:31,Pune,mobile,late_night,True,Sunday
S003649,U01472,R0650,2026-02-22 07:21:31,Hyderabad,web,breakfast,True,Sunday
S003650,U01504,R0420,2026-02-20 20:57:31,Chennai,mobile,dinner,False,Friday
S003651,U02168,R0530,2025-12-05 03:31:31,Pune,mobile,late_night,False,Friday
S003652,U00309,R0698,2026-02-02 20:29:31,Kolkata,mobile,dinner,False,Monday
S003653,U00824,R0207,2025-12-08 10:07:31,Bangalore,mobile,breakfast,False,Monday
S003654,U01158,R0212,2026-01-22 15:51:31,Bangalore,mobile,snack,False,Thursday
S003655,U00067,R0633,2026-01-03 20:35:31,Bangalore,mobile,dinner,True,Saturday
S003656,U00189,R0422,2026-02-12 20:04:31,Kolkata,web,dinner,False,Thursday
S003657,U01298,R0592,2026-01-28 18:15:31,Kolkata,web,dinner,False,Wednesday
S003658,U04962,R0191,2026-02-22 19:11:31,Mumbai,mobile,dinner,True,Sunday
S003659,U02238,R0325,2026-01-30 15:30:31,Kolkata,mobile,snack,False,Friday
S003660,U01101,R0623,2026-02-04 21:03:31,Mumbai,mobile,dinner,False,Wednesday
S003661,U04221,R0557,2026-02-03 15:20:31,Pune,mobile,snack,False,Tuesday
S003662,U02855,R0392,2026-01-09 04:22:31,Delhi,mobile,late_night,False,Friday
S003663,U04539,R0389,2026-02-10 12:21:31,Bangalore,mobile,lunch,False,Tuesday
S003664,U01669,R0519,2026-01-15 06:19:31,Mumbai,mobile,breakfast,False,Thursday
S003665,U02691,R0716,2026-01-05 23:12:31,Hyderabad,mobile,late_night,False,Monday
S003666,U04770,R0076,2025-12-30 12:46:31,Chennai,web,lunch,False,Tuesday
S003667,U04286,R0588,2026-02-07 11:55:31,Bangalore,mobile,lunch,True,Saturday
S003668,U02661,R0411,2026-01-23 14:21:31,Mumbai,web,lunch,False,Friday
S003669,U04598,R0256,2026-02-14 04:43:31,Kolkata,mobile,late_night,True,Saturday
S003670,U02574,R0142,2026-01-07 13:37:31,Delhi,mobile,lunch,False,Wednesday
S003671,U00963,R0227,2026-01-15 20:13:31,Kolkata,web,dinner,False,Thursday
S003672,U04560,R0232,2026-02-05 23:54:31,Bangalore,mobile,late_night,False,Thursday
S003673,U04598,R0592,2025-12-19 11:23:31,Kolkata,mobile,lunch,False,Friday
S003674,U02356,R0342,2026-01-31 18:00:31,Mumbai,web,dinner,True,Saturday
S003675,U04157,R0142,2025-11-29 20:48:31,Delhi,mobile,dinner,True,Saturday
S003676,U01026,R0272,2026-01-05 13:26:31,Delhi,mobile,lunch,False,Monday
S003677,U01274,R0418,2026-01-26 02:35:31,Bangalore,mobile,late_night,False,Monday
S003678,U00906,R0705,2025-12-21 10:08:31,Bangalore,mobile,breakfast,True,Sunday
S003679,U03937,R0676,2026-01-16 21:41:31,Chennai,mobile,dinner,False,Friday
S003680,U00982,R0672,2026-01-10 12:57:31,Delhi,mobile,lunch,True,Saturday
S003681,U04485,R0338,2026-02-25 07:34:31,Pune,mobile,breakfast,False,Wednesday
S003682,U01741,R0625,2026-02-01 01:21:31,Bangalore,mobile,late_night,True,Sunday
S003683,U00170,R0206,2025-12-24 23:11:31,Kolkata,mobile,late_night,False,Wednesday
S003684,U02598,R0267,2025-12-26 19:32:31,Chennai,web,dinner,False,Friday
S003685,U01760,R0329,2025-12-23 15:06:31,Delhi,mobile,snack,False,Tuesday
S003686,U04465,R0529,2025-12-12 14:08:31,Bangalore,mobile,lunch,False,Friday
S003687,U00456,R0133,2026-01-20 04:30:31,Hyderabad,mobile,late_night,False,Tuesday
S003688,U01704,R0661,2026-01-08 17:21:31,Mumbai,web,snack,False,Thursday
S003689,U04859,R0334,2025-12-17 09:23:31,Chennai,web,breakfast,False,Wednesday
S003690,U01798,R0150,2026-01-31 23:19:31,Pune,mobile,late_night,True,Saturday
S003691,U02738,R0287,2026-01-22 07:03:31,Kolkata,mobile,breakfast,False,Thursday
S003692,U03744,R0002,2025-12-05 03:36:31,Pune,tablet,late_night,False,Friday
S003693,U02261,R0089,2026-01-02 13:23:31,Mumbai,mobile,lunch,False,Friday
S003694,U02969,R0593,2026-02-02 19:08:31,Kolkata,mobile,dinner,False,Monday
S003695,U04224,R0034,2026-01-31 10:58:31,Delhi,web,breakfast,True,Saturday
S003696,U00010,R0021,2026-02-02 07:15:31,Chennai,mobile,breakfast,False,Monday
S003697,U03083,R0550,2026-02-11 12:52:31,Chennai,web,lunch,False,Wednesday
S003698,U01076,R0275,2026-01-20 17:10:31,Bangalore,mobile,snack,False,Tuesday
S003699,U00514,R0429,2026-02-05 12:30:31,Bangalore,mobile,lunch,False,Thursday
S003700,U00930,R0427,2026-01-12 01:16:31,Chennai,mobile,late_night,False,Monday
S003701,U00106,R0620,2026-01-15 21:11:31,Mumbai,mobile,dinner,False,Thursday
S003702,U01055,R0384,2026-01-23 06:48:31,Delhi,mobile,breakfast,False,Friday
S003703,U02276,R0106,2025-12-20 07:24:31,Mumbai,mobile,breakfast,True,Saturday
S003704,U01164,R0589,2026-01-15 10:00:31,Chennai,web,breakfast,False,Thursday
S003705,U01084,R0759,2026-01-30 11:17:31,Hyderabad,mobile,lunch,False,Friday
S003706,U03577,R0728,2026-02-10 04:02:31,Kolkata,mobile,late_night,False,Tuesday
S003707,U00450,R0168,2026-01-13 00:29:31,Pune,mobile,late_night,False,Tuesday
S003708,U03302,R0591,2026-02-02 08:21:31,Hyderabad,mobile,breakfast,False,Monday
S003709,U04071,R0036,2026-02-13 05:06:31,Hyderabad,web,late_night,False,Friday
S003710,U01274,R0389,2026-01-29 10:17:31,Bangalore,mobile,breakfast,False,Thursday
S003711,U02628,R0054,2025-12-17 12:37:31,Mumbai,mobile,lunch,False,Wednesday
S003712,U03387,R0570,2025-12-10 16:07:31,Kolkata,mobile,snack,False,Wednesday
S003713,U02741,R0348,2026-01-17 21:26:31,Pune,mobile,dinner,True,Saturday
S003714,U03411,R0267,2026-02-14 15:54:31,Chennai,mobile,snack,True,Saturday
S003715,U03909,R0513,2026-02-05 18:27:31,Kolkata,mobile,dinner,False,Thursday
S003716,U00148,R0525,2026-02-01 14:44:31,Kolkata,mobile,lunch,True,Sunday
S003717,U00011,R0297,2026-01-25 14:09:31,Pune,web,lunch,True,Sunday
S003718,U01431,R0152,2025-12-04 13:59:31,Pune,web,lunch,False,Thursday
S003719,U03045,R0744,2025-12-29 16:17:31,Bangalore,mobile,snack,False,Monday
S003720,U04955,R0722,2026-02-21 16:30:31,Delhi,mobile,snack,True,Saturday
S003721,U03546,R0590,2026-02-07 10:30:31,Bangalore,mobile,breakfast,True,Saturday
S003722,U00230,R0472,2025-11-29 08:08:31,Pune,mobile,breakfast,True,Saturday
S003723,U01631,R0032,2026-01-29 11:01:31,Chennai,mobile,lunch,False,Thursday
S003724,U01373,R0067,2026-02-24 16:02:31,Kolkata,web,snack,False,Tuesday
S003725,U02962,R0097,2025-12-26 11:07:31,Chennai,mobile,lunch,False,Friday
S003726,U04105,R0661,2026-01-17 18:14:31,Mumbai,mobile,dinner,True,Saturday
S003727,U03419,R0380,2026-02-05 14:53:31,Kolkata,mobile,lunch,False,Thursday
S003728,U03283,R0074,2025-12-15 06:17:31,Delhi,mobile,breakfast,False,Monday
S003729,U00465,R0766,2026-01-12 08:20:31,Bangalore,tablet,breakfast,False,Monday
S003730,U02374,R0575,2025-12-19 15:27:31,Hyderabad,mobile,snack,False,Friday
S003731,U03272,R0681,2025-12-13 11:03:31,Kolkata,mobile,lunch,True,Saturday
S003732,U03171,R0787,2026-02-12 16:46:31,Delhi,mobile,snack,False,Thursday
S003733,U01275,R0156,2025-12-03 11:27:31,Hyderabad,web,lunch,False,Wednesday
S003734,U04651,R0739,2026-01-23 12:15:31,Mumbai,mobile,lunch,False,Friday
S003735,U03429,R0328,2025-12-12 05:07:31,Delhi,mobile,late_night,False,Friday
S003736,U03243,R0665,2025-12-09 22:37:31,Chennai,web,late_night,False,Tuesday
S003737,U03505,R0098,2026-02-02 23:34:31,Delhi,web,late_night,False,Monday
S003738,U03059,R0345,2026-01-06 22:38:31,Pune,web,late_night,False,Tuesday
S003739,U03956,R0417,2026-01-31 18:17:31,Hyderabad,web,dinner,True,Saturday
S003740,U04063,R0628,2026-01-04 18:37:31,Hyderabad,web,dinner,True,Sunday
S003741,U00365,R0594,2025-11-30 20:33:31,Chennai,web,dinner,True,Sunday
S003742,U03955,R0679,2026-02-21 21:19:31,Delhi,mobile,dinner,True,Saturday
S003743,U04001,R0416,2025-12-11 13:39:31,Mumbai,mobile,lunch,False,Thursday
S003744,U04936,R0237,2026-02-15 03:33:31,Chennai,mobile,late_night,True,Sunday
S003745,U02132,R0249,2025-12-16 21:25:31,Hyderabad,mobile,dinner,False,Tuesday
S003746,U02855,R0693,2026-01-22 12:54:31,Delhi,mobile,lunch,False,Thursday
S003747,U02950,R0195,2025-12-14 20:32:31,Hyderabad,mobile,dinner,True,Sunday
S003748,U01278,R0275,2026-02-16 19:32:31,Bangalore,web,dinner,False,Monday
S003749,U00803,R0552,2026-01-07 08:58:31,Pune,web,breakfast,False,Wednesday
S003750,U03515,R0464,2025-12-14 06:58:31,Mumbai,mobile,breakfast,True,Sunday
S003751,U03682,R0608,2026-01-23 19:22:31,Hyderabad,mobile,dinner,False,Friday
S003752,U00142,R0404,2025-12-04 21:05:31,Chennai,mobile,dinner,False,Thursday
S003753,U01268,R0038,2026-01-13 13:39:31,Pune,web,lunch,False,Tuesday
S003754,U00943,R0047,2025-12-24 14:51:31,Pune,mobile,lunch,False,Wednesday
S003755,U01398,R0775,2025-12-05 14:43:31,Delhi,mobile,lunch,False,Friday
S003756,U03302,R0066,2026-02-23 17:44:31,Hyderabad,mobile,snack,False,Monday
S003757,U01048,R0611,2025-12-18 11:29:31,Chennai,mobile,lunch,False,Thursday
S003758,U01658,R0340,2026-01-29 14:03:31,Delhi,web,lunch,False,Thursday
S003759,U01997,R0634,2026-02-14 22:18:31,Chennai,mobile,late_night,True,Saturday
S003760,U03975,R0259,2026-02-24 23:41:31,Delhi,mobile,late_night,False,Tuesday
S003761,U01151,R0048,2026-01-07 19:10:31,Bangalore,mobile,dinner,False,Wednesday
S003762,U02823,R0144,2026-02-10 19:38:31,Bangalore,tablet,dinner,False,Tuesday
S003763,U01479,R0381,2025-12-31 19:32:31,Bangalore,tablet,dinner,False,Wednesday
S003764,U04665,R0112,2026-02-14 15:58:31,Chennai,web,snack,True,Saturday
S003765,U01602,R0255,2025-12-01 15:16:31,Pune,mobile,snack,False,Monday
S003766,U04591,R0170,2025-12-07 17:09:31,Chennai,mobile,snack,True,Sunday
S003767,U04545,R0163,2025-12-11 06:06:31,Hyderabad,mobile,breakfast,False,Thursday
S003768,U03412,R0217,2025-12-01 04:40:31,Mumbai,mobile,late_night,False,Monday
S003769,U03755,R0760,2026-02-07 19:15:31,Hyderabad,mobile,dinner,True,Saturday
S003770,U01387,R0328,2026-01-05 08:14:31,Delhi,mobile,breakfast,False,Monday
S003771,U02724,R0304,2025-12-07 05:14:31,Pune,mobile,late_night,True,Sunday
S003772,U00655,R0194,2025-12-27 12:18:31,Kolkata,web,lunch,True,Saturday
S003773,U00941,R0502,2026-01-23 22:16:31,Delhi,mobile,late_night,False,Friday
S003774,U02872,R0617,2026-01-30 20:09:31,Chennai,mobile,dinner,False,Friday
S003775,U03367,R0776,2026-01-07 18:39:31,Pune,mobile,dinner,False,Wednesday
S003776,U01212,R0168,2026-01-12 06:15:31,Pune,mobile,breakfast,False,Monday
S003777,U04958,R0265,2026-02-18 02:51:31,Pune,mobile,late_night,False,Wednesday
S003778,U02459,R0299,2026-01-05 18:05:31,Mumbai,web,dinner,False,Monday
S003779,U02341,R0475,2025-12-21 20:17:31,Bangalore,mobile,dinner,True,Sunday
S003780,U03659,R0277,2026-02-05 17:26:31,Bangalore,mobile,snack,False,Thursday
S003781,U03471,R0165,2026-01-01 15:05:31,Kolkata,mobile,snack,False,Thursday
S003782,U01387,R0147,2025-12-06 07:45:31,Delhi,mobile,breakfast,True,Saturday
S003783,U04096,R0120,2025-12-01 14:55:31,Hyderabad,mobile,lunch,False,Monday
S003784,U00622,R0618,2025-12-01 17:37:31,Mumbai,tablet,snack,False,Monday
S003785,U04631,R0168,2025-12-13 09:45:31,Pune,mobile,breakfast,True,Saturday
S003786,U04292,R0508,2026-01-12 10:32:31,Chennai,mobile,breakfast,False,Monday
S003787,U04779,R0521,2026-02-15 21:10:31,Mumbai,mobile,dinner,True,Sunday
S003788,U00248,R0030,2026-01-27 08:26:31,Mumbai,mobile,breakfast,False,Tuesday
S003789,U00698,R0188,2025-12-06 09:48:31,Bangalore,web,breakfast,True,Saturday
S003790,U00897,R0526,2026-01-23 21:58:31,Kolkata,mobile,dinner,False,Friday
S003791,U02052,R0735,2026-02-03 13:49:31,Hyderabad,mobile,lunch,False,Tuesday
S003792,U03252,R0660,2026-01-12 13:33:31,Pune,mobile,lunch,False,Monday
S003793,U03418,R0099,2026-02-10 16:02:31,Delhi,web,snack,False,Tuesday
S003794,U01479,R0429,2026-01-13 18:56:31,Bangalore,web,dinner,False,Tuesday
S003795,U03369,R0491,2026-01-03 19:37:31,Mumbai,tablet,dinner,True,Saturday
S003796,U02690,R0783,2026-02-17 14:52:31,Bangalore,web,lunch,False,Tuesday
S003797,U03805,R0308,2025-12-23 10:00:31,Bangalore,web,breakfast,False,Tuesday
S003798,U03490,R0101,2026-01-20 23:12:31,Hyderabad,mobile,late_night,False,Tuesday
S003799,U02927,R0343,2026-02-02 18:33:31,Pune,mobile,dinner,False,Monday
S003800,U04145,R0017,2026-01-24 21:59:31,Delhi,mobile,dinner,True,Saturday
S003801,U02353,R0080,2026-02-19 08:19:31,Bangalore,web,breakfast,False,Thursday
S003802,U01691,R0246,2026-02-08 12:48:31,Hyderabad,mobile,lunch,True,Sunday
S003803,U03449,R0059,2026-01-16 18:12:31,Kolkata,mobile,dinner,False,Friday
S003804,U02271,R0039,2025-12-31 13:41:31,Delhi,mobile,lunch,False,Wednesday
S003805,U02588,R0050,2026-01-10 15:34:31,Pune,mobile,snack,True,Saturday
S003806,U04008,R0693,2025-12-07 10:30:31,Delhi,mobile,breakfast,True,Sunday
S003807,U02962,R0779,2025-12-16 22:30:31,Chennai,mobile,late_night,False,Tuesday
S003808,U03939,R0450,2026-01-04 21:36:31,Bangalore,mobile,dinner,True,Sunday
S003809,U04766,R0451,2025-12-27 12:12:31,Chennai,web,lunch,True,Saturday
S003810,U01811,R0424,2025-12-24 20:30:31,Pune,mobile,dinner,False,Wednesday
S003811,U02837,R0630,2026-02-03 18:37:31,Hyderabad,mobile,dinner,False,Tuesday
S003812,U04187,R0242,2025-12-16 18:05:31,Hyderabad,mobile,dinner,False,Tuesday
S003813,U04524,R0106,2026-01-07 12:14:31,Mumbai,web,lunch,False,Wednesday
S003814,U02910,R0724,2026-01-07 03:28:31,Kolkata,mobile,late_night,False,Wednesday
S003815,U01314,R0208,2025-12-29 16:49:31,Kolkata,mobile,snack,False,Monday
S003816,U00750,R0323,2025-12-05 10:35:31,Pune,mobile,breakfast,False,Friday
S003817,U01408,R0415,2025-12-27 19:34:31,Pune,web,dinner,True,Saturday
S003818,U03377,R0201,2025-12-27 13:15:31,Delhi,tablet,lunch,True,Saturday
S003819,U03694,R0030,2025-12-05 06:50:31,Mumbai,web,breakfast,False,Friday
S003820,U02260,R0055,2026-01-24 17:02:31,Bangalore,mobile,snack,True,Saturday
S003821,U00216,R0175,2026-01-17 19:24:31,Delhi,mobile,dinner,True,Saturday
S003822,U00717,R0742,2026-01-25 17:15:31,Mumbai,web,snack,True,Sunday
S003823,U04018,R0150,2025-12-05 06:44:31,Pune,mobile,breakfast,False,Friday
S003824,U00549,R0043,2026-01-02 11:58:31,Pune,mobile,lunch,False,Friday
S003825,U02478,R0325,2026-02-10 11:03:31,Kolkata,mobile,lunch,False,Tuesday
S003826,U00231,R0792,2026-02-03 15:44:31,Bangalore,mobile,snack,False,Tuesday
S003827,U02915,R0679,2026-02-05 06:12:31,Delhi,mobile,breakfast,False,Thursday
S003828,U01848,R0217,2026-02-01 22:59:31,Mumbai,mobile,late_night,True,Sunday
S003829,U03673,R0518,2025-12-06 15:01:31,Hyderabad,web,snack,True,Saturday
S003830,U01060,R0237,2026-02-21 20:41:31,Chennai,mobile,dinner,True,Saturday
S003831,U02383,R0157,2026-02-05 07:24:31,Mumbai,mobile,breakfast,False,Thursday
S003832,U03657,R0575,2025-12-10 12:42:31,Hyderabad,mobile,lunch,False,Wednesday
S003833,U04899,R0400,2026-02-18 16:48:31,Hyderabad,mobile,snack,False,Wednesday
S003834,U00650,R0207,2026-01-21 19:36:31,Bangalore,mobile,dinner,False,Wednesday
S003835,U01647,R0499,2025-12-14 02:04:31,Hyderabad,mobile,late_night,True,Sunday
S003836,U02441,R0338,2026-01-05 04:15:31,Pune,web,late_night,False,Monday
S003837,U04492,R0787,2026-01-21 16:28:31,Delhi,tablet,snack,False,Wednesday
S003838,U01182,R0216,2026-01-21 20:22:31,Hyderabad,web,dinner,False,Wednesday
S003839,U04270,R0190,2025-12-29 06:32:31,Bangalore,mobile,breakfast,False,Monday
S003840,U00770,R0683,2026-01-02 14:03:31,Hyderabad,web,lunch,False,Friday
S003841,U00519,R0604,2026-01-17 16:23:31,Pune,mobile,snack,True,Saturday
S003842,U01403,R0042,2026-01-31 19:36:31,Pune,mobile,dinner,True,Saturday
S003843,U00181,R0716,2026-01-23 12:21:31,Hyderabad,mobile,lunch,False,Friday
S003844,U01433,R0669,2026-02-19 21:00:31,Chennai,web,dinner,False,Thursday
S003845,U01772,R0075,2025-12-16 19:40:31,Bangalore,mobile,dinner,False,Tuesday
S003846,U01320,R0129,2026-02-22 09:59:31,Bangalore,mobile,breakfast,True,Sunday
S003847,U00540,R0473,2025-12-24 12:40:31,Kolkata,mobile,lunch,False,Wednesday
S003848,U02984,R0083,2026-02-19 09:03:31,Delhi,tablet,breakfast,False,Thursday
S003849,U04679,R0236,2025-12-09 22:25:31,Hyderabad,web,late_night,False,Tuesday
S003850,U03964,R0396,2025-11-29 05:01:31,Chennai,mobile,late_night,True,Saturday
S003851,U00227,R0030,2026-01-09 15:54:31,Mumbai,mobile,snack,False,Friday
S003852,U02601,R0172,2025-11-28 13:57:31,Hyderabad,mobile,lunch,False,Friday
S003853,U04760,R0616,2025-12-26 16:24:31,Mumbai,web,snack,False,Friday
S003854,U03708,R0335,2026-02-08 16:24:31,Bangalore,web,snack,True,Sunday
S003855,U00646,R0631,2025-12-25 17:56:31,Delhi,mobile,snack,False,Thursday
S003856,U04011,R0411,2026-01-05 20:37:31,Mumbai,mobile,dinner,False,Monday
S003857,U04957,R0480,2026-01-11 08:34:31,Chennai,mobile,breakfast,True,Sunday
S003858,U00366,R0650,2026-02-01 21:11:31,Hyderabad,web,dinner,True,Sunday
S003859,U04924,R0405,2026-02-23 07:00:31,Pune,mobile,breakfast,False,Monday
S003860,U03198,R0629,2026-02-07 22:16:31,Pune,mobile,late_night,True,Saturday
S003861,U03769,R0300,2026-02-25 20:25:31,Chennai,mobile,dinner,False,Wednesday
S003862,U01054,R0627,2025-12-12 08:17:31,Kolkata,mobile,breakfast,False,Friday
S003863,U02966,R0290,2026-02-14 10:55:31,Mumbai,web,breakfast,True,Saturday
S003864,U03866,R0632,2026-02-13 07:12:31,Pune,mobile,breakfast,False,Friday
S003865,U01381,R0625,2026-01-25 18:30:31,Bangalore,mobile,dinner,True,Sunday
S003866,U00677,R0271,2026-01-20 14:37:31,Chennai,mobile,lunch,False,Tuesday
S003867,U02535,R0788,2026-01-27 13:30:31,Pune,mobile,lunch,False,Tuesday
S003868,U01280,R0035,2026-01-04 16:19:31,Kolkata,mobile,snack,True,Sunday
S003869,U00081,R0462,2025-12-25 20:21:31,Mumbai,mobile,dinner,False,Thursday
S003870,U00637,R0617,2026-01-31 13:38:31,Chennai,mobile,lunch,True,Saturday
S003871,U03549,R0713,2025-12-07 11:19:31,Chennai,mobile,lunch,True,Sunday
S003872,U03247,R0386,2025-12-30 06:58:31,Kolkata,web,breakfast,False,Tuesday
S003873,U03086,R0590,2026-02-24 05:55:31,Bangalore,mobile,late_night,False,Tuesday
S003874,U00579,R0676,2026-02-26 09:04:31,Chennai,web,breakfast,False,Thursday
S003875,U02297,R0545,2025-12-12 23:41:31,Kolkata,web,late_night,False,Friday
S003876,U01560,R0386,2026-01-13 11:49:31,Kolkata,mobile,lunch,False,Tuesday
S003877,U04994,R0137,2026-02-08 10:51:31,Hyderabad,mobile,breakfast,True,Sunday
S003878,U00856,R0559,2025-12-28 16:23:31,Hyderabad,mobile,snack,True,Sunday
S003879,U04423,R0259,2025-12-19 17:51:31,Delhi,web,snack,False,Friday
S003880,U01804,R0497,2025-12-11 15:26:31,Chennai,mobile,snack,False,Thursday
S003881,U04449,R0339,2026-01-07 20:06:31,Mumbai,mobile,dinner,False,Wednesday
S003882,U00581,R0026,2026-01-25 05:21:31,Bangalore,mobile,late_night,True,Sunday
S003883,U00296,R0681,2026-01-12 10:17:31,Kolkata,web,breakfast,False,Monday
S003884,U02576,R0092,2025-11-29 20:12:31,Bangalore,mobile,dinner,True,Saturday
S003885,U03244,R0511,2026-02-24 16:25:31,Delhi,mobile,snack,False,Tuesday
S003886,U03641,R0313,2026-01-26 19:13:31,Hyderabad,mobile,dinner,False,Monday
S003887,U01770,R0771,2026-01-27 19:30:31,Bangalore,mobile,dinner,False,Tuesday
S003888,U01617,R0063,2025-12-19 18:56:31,Chennai,mobile,dinner,False,Friday
S003889,U04126,R0295,2026-01-16 18:49:31,Kolkata,mobile,dinner,False,Friday
S003890,U03790,R0306,2025-12-13 21:44:31,Bangalore,mobile,dinner,True,Saturday
S003891,U03312,R0121,2025-12-12 16:21:31,Bangalore,mobile,snack,False,Friday
S003892,U03380,R0772,2026-02-01 19:27:31,Bangalore,web,dinner,True,Sunday
S003893,U04069,R0676,2026-02-13 15:54:31,Chennai,web,snack,False,Friday
S003894,U01706,R0050,2025-12-11 13:22:31,Pune,mobile,lunch,False,Thursday
S003895,U04745,R0547,2026-01-01 21:58:31,Bangalore,mobile,dinner,False,Thursday
S003896,U03005,R0334,2025-12-25 23:47:31,Chennai,web,late_night,False,Thursday
S003897,U04742,R0304,2025-12-15 19:34:31,Pune,mobile,dinner,False,Monday
S003898,U04401,R0738,2026-02-15 09:25:31,Pune,mobile,breakfast,True,Sunday
S003899,U01788,R0557,2025-12-12 18:13:31,Pune,mobile,dinner,False,Friday
S003900,U03838,R0644,2025-12-29 09:32:31,Chennai,mobile,breakfast,False,Monday
S003901,U04426,R0502,2026-02-09 11:55:31,Delhi,mobile,lunch,False,Monday
S003902,U01513,R0164,2026-02-20 13:15:31,Hyderabad,mobile,lunch,False,Friday
S003903,U04392,R0135,2025-12-15 07:24:31,Mumbai,mobile,breakfast,False,Monday
S003904,U04412,R0452,2026-01-31 09:52:31,Bangalore,mobile,breakfast,True,Saturday
S003905,U01066,R0731,2026-01-19 18:58:31,Kolkata,mobile,dinner,False,Monday
S003906,U02318,R0593,2025-12-21 14:09:31,Kolkata,web,lunch,True,Sunday
S003907,U01508,R0245,2026-01-25 13:02:31,Delhi,mobile,lunch,True,Sunday
S003908,U03571,R0502,2025-12-25 08:35:31,Delhi,mobile,breakfast,False,Thursday
S003909,U02666,R0676,2026-02-12 07:34:31,Chennai,mobile,breakfast,False,Thursday
S003910,U02921,R0717,2025-11-29 18:01:31,Kolkata,mobile,dinner,True,Saturday
S003911,U04202,R0144,2025-11-28 20:50:31,Bangalore,mobile,dinner,False,Friday
S003912,U03885,R0662,2025-12-12 08:58:31,Mumbai,web,breakfast,False,Friday
S003913,U04814,R0556,2026-01-09 07:42:31,Kolkata,web,breakfast,False,Friday
S003914,U04086,R0545,2025-12-14 05:43:31,Kolkata,mobile,late_night,True,Sunday
S003915,U02540,R0180,2026-01-27 21:25:31,Chennai,mobile,dinner,False,Tuesday
S003916,U02762,R0710,2026-02-05 18:51:31,Delhi,web,dinner,False,Thursday
S003917,U01504,R0063,2026-02-12 11:46:31,Chennai,mobile,lunch,False,Thursday
S003918,U02927,R0192,2026-02-09 15:10:31,Pune,mobile,snack,False,Monday
S003919,U02148,R0092,2025-12-19 06:05:31,Bangalore,mobile,breakfast,False,Friday
S003920,U02874,R0130,2026-02-25 06:42:31,Mumbai,mobile,breakfast,False,Wednesday
S003921,U03575,R0196,2025-12-13 19:34:31,Mumbai,mobile,dinner,True,Saturday
S003922,U00931,R0754,2026-01-13 13:05:31,Hyderabad,mobile,lunch,False,Tuesday
S003923,U01822,R0680,2026-02-15 11:36:31,Kolkata,mobile,lunch,True,Sunday
S003924,U00362,R0302,2026-02-22 07:54:31,Delhi,web,breakfast,True,Sunday
S003925,U00275,R0398,2025-12-15 11:21:31,Bangalore,web,lunch,False,Monday
S003926,U00624,R0357,2026-01-11 17:34:31,Bangalore,mobile,snack,True,Sunday
S003927,U00049,R0619,2025-12-27 10:37:31,Hyderabad,mobile,breakfast,True,Saturday
S003928,U04931,R0384,2025-12-23 14:24:31,Delhi,mobile,lunch,False,Tuesday
S003929,U00950,R0775,2025-12-30 10:02:31,Delhi,mobile,breakfast,False,Tuesday
S003930,U03418,R0737,2026-01-07 22:32:31,Delhi,mobile,late_night,False,Wednesday
S003931,U01206,R0480,2026-02-05 22:55:31,Chennai,mobile,late_night,False,Thursday
S003932,U02944,R0740,2025-12-18 14:11:31,Hyderabad,mobile,lunch,False,Thursday
S003933,U02332,R0457,2025-12-03 08:58:31,Delhi,mobile,breakfast,False,Wednesday
S003934,U02733,R0698,2026-01-19 23:33:31,Kolkata,mobile,late_night,False,Monday
S003935,U01686,R0186,2026-01-19 13:51:31,Delhi,web,lunch,False,Monday
S003936,U02996,R0612,2025-12-19 08:17:31,Mumbai,mobile,breakfast,False,Friday
S003937,U04649,R0615,2026-01-14 19:05:31,Bangalore,web,dinner,False,Wednesday
S003938,U01321,R0078,2026-02-04 21:20:31,Mumbai,mobile,dinner,False,Wednesday
S003939,U04172,R0315,2025-12-01 18:08:31,Kolkata,web,dinner,False,Monday
S003940,U02822,R0463,2026-01-08 12:04:31,Delhi,mobile,lunch,False,Thursday
S003941,U04626,R0024,2026-01-01 17:09:31,Hyderabad,mobile,snack,False,Thursday
S003942,U02244,R0316,2026-01-05 22:07:31,Chennai,web,late_night,False,Monday
S003943,U02909,R0577,2025-12-26 14:15:31,Mumbai,web,lunch,False,Friday
S003944,U03078,R0534,2025-11-28 07:04:31,Chennai,mobile,breakfast,False,Friday
S003945,U00315,R0138,2025-12-16 14:41:31,Mumbai,web,lunch,False,Tuesday
S003946,U02464,R0358,2025-11-29 12:21:31,Pune,mobile,lunch,True,Saturday
S003947,U02189,R0006,2026-01-15 15:52:31,Chennai,web,snack,False,Thursday
S003948,U00408,R0252,2025-11-29 21:32:31,Kolkata,mobile,dinner,True,Saturday
S003949,U01416,R0791,2025-12-28 11:00:31,Hyderabad,web,lunch,True,Sunday
S003950,U00749,R0092,2025-12-12 12:08:31,Bangalore,mobile,lunch,False,Friday
S003951,U02545,R0556,2026-01-09 21:36:31,Kolkata,tablet,dinner,False,Friday
S003952,U03045,R0107,2025-12-27 20:29:31,Bangalore,web,dinner,True,Saturday
S003953,U03177,R0114,2025-12-19 03:44:31,Bangalore,mobile,late_night,False,Friday
S003954,U00414,R0800,2026-02-15 07:53:31,Bangalore,mobile,breakfast,True,Sunday
S003955,U04184,R0010,2026-02-01 20:54:31,Bangalore,mobile,dinner,True,Sunday
S003956,U01179,R0197,2026-02-12 12:19:31,Chennai,mobile,lunch,False,Thursday
S003957,U00353,R0524,2025-12-12 15:53:31,Pune,mobile,snack,False,Friday
S003958,U01298,R0305,2025-12-07 19:24:31,Kolkata,mobile,dinner,True,Sunday
S003959,U01158,R0430,2026-01-24 12:58:31,Bangalore,mobile,lunch,True,Saturday
S003960,U01592,R0404,2025-12-26 15:15:31,Chennai,mobile,snack,False,Friday
S003961,U00190,R0609,2026-02-05 21:33:31,Bangalore,web,dinner,False,Thursday
S003962,U03981,R0667,2026-01-04 13:11:31,Pune,mobile,lunch,True,Sunday
S003963,U04534,R0521,2025-12-19 18:53:31,Mumbai,web,dinner,False,Friday
S003964,U04579,R0504,2026-01-02 12:12:31,Mumbai,mobile,lunch,False,Friday
S003965,U02213,R0227,2026-01-22 21:07:31,Kolkata,web,dinner,False,Thursday
S003966,U04892,R0455,2026-01-04 08:04:31,Pune,mobile,breakfast,True,Sunday
S003967,U04665,R0510,2026-01-07 15:14:31,Chennai,mobile,snack,False,Wednesday
S003968,U03120,R0671,2026-01-22 23:42:31,Hyderabad,mobile,late_night,False,Thursday
S003969,U02510,R0416,2025-12-17 13:59:31,Mumbai,mobile,lunch,False,Wednesday
S003970,U02525,R0783,2025-12-12 11:36:31,Bangalore,mobile,lunch,False,Friday
S003971,U04987,R0551,2025-12-16 11:18:31,Pune,mobile,lunch,False,Tuesday
S003972,U01259,R0509,2026-01-10 11:08:31,Bangalore,web,lunch,True,Saturday
S003973,U02576,R0215,2026-02-14 08:00:31,Bangalore,mobile,breakfast,True,Saturday
S003974,U01531,R0052,2026-01-11 08:56:31,Hyderabad,web,breakfast,True,Sunday
S003975,U02064,R0169,2026-02-16 11:22:31,Delhi,mobile,lunch,False,Monday
S003976,U00720,R0316,2026-02-05 12:49:31,Chennai,mobile,lunch,False,Thursday
S003977,U03815,R0337,2025-12-06 19:50:31,Chennai,mobile,dinner,True,Saturday
S003978,U03315,R0366,2026-01-22 12:21:31,Kolkata,mobile,lunch,False,Thursday
S003979,U02999,R0076,2026-02-24 20:20:31,Chennai,web,dinner,False,Tuesday
S003980,U02567,R0256,2026-02-17 12:05:31,Kolkata,mobile,lunch,False,Tuesday
S003981,U00701,R0454,2026-02-07 07:38:31,Bangalore,web,breakfast,True,Saturday
S003982,U02629,R0686,2026-01-27 05:16:31,Mumbai,mobile,late_night,False,Tuesday
S003983,U01809,R0056,2026-01-03 10:40:31,Chennai,mobile,breakfast,True,Saturday
S003984,U02767,R0419,2026-02-08 11:21:31,Hyderabad,web,lunch,True,Sunday
S003985,U01634,R0679,2025-12-19 08:33:31,Delhi,mobile,breakfast,False,Friday
S003986,U02976,R0394,2025-12-23 11:29:31,Hyderabad,mobile,lunch,False,Tuesday
S003987,U03109,R0410,2025-12-17 07:17:31,Delhi,web,breakfast,False,Wednesday
S003988,U00595,R0296,2026-02-20 18:17:31,Hyderabad,web,dinner,False,Friday
S003989,U02848,R0455,2026-01-05 07:26:31,Pune,mobile,breakfast,False,Monday
S003990,U01814,R0160,2026-01-23 18:10:31,Pune,mobile,dinner,False,Friday
S003991,U04809,R0654,2025-12-17 22:06:31,Pune,mobile,late_night,False,Wednesday
S003992,U02197,R0421,2026-01-05 17:22:31,Hyderabad,mobile,snack,False,Monday
S003993,U03513,R0133,2026-01-06 15:19:31,Hyderabad,tablet,snack,False,Tuesday
S003994,U00693,R0404,2026-02-26 14:55:31,Chennai,mobile,lunch,False,Thursday
S003995,U03680,R0370,2026-01-14 14:49:31,Chennai,web,lunch,False,Wednesday
S003996,U00051,R0686,2025-12-16 23:11:31,Mumbai,mobile,late_night,False,Tuesday
S003997,U02919,R0351,2026-02-15 11:21:31,Chennai,mobile,lunch,True,Sunday
S003998,U03687,R0404,2026-01-21 19:43:31,Chennai,mobile,dinner,False,Wednesday
S003999,U02636,R0433,2025-12-15 06:01:31,Mumbai,mobile,breakfast,False,Monday
S004000,U00159,R0164,2025-11-28 10:49:31,Hyderabad,mobile,breakfast,False,Friday
S004001,U04099,R0118,2026-02-02 09:31:31,Hyderabad,mobile,breakfast,False,Monday
S004002,U04989,R0048,2025-11-28 09:20:31,Bangalore,web,breakfast,False,Friday
S004003,U01320,R0141,2026-01-13 19:37:31,Bangalore,web,dinner,False,Tuesday
S004004,U00311,R0732,2025-12-22 17:11:31,Chennai,web,snack,False,Monday
S004005,U03768,R0075,2026-01-26 03:32:31,Bangalore,mobile,late_night,False,Monday
S004006,U02012,R0019,2025-12-07 18:29:31,Bangalore,mobile,dinner,True,Sunday
S004007,U02370,R0013,2026-02-18 21:57:31,Delhi,mobile,dinner,False,Wednesday
S004008,U03827,R0689,2025-12-15 00:49:31,Delhi,mobile,late_night,False,Monday
S004009,U04065,R0663,2026-01-08 19:10:31,Hyderabad,web,dinner,False,Thursday
S004010,U04090,R0389,2026-01-27 11:31:31,Bangalore,web,lunch,False,Tuesday
S004011,U04567,R0211,2026-01-12 21:58:31,Pune,mobile,dinner,False,Monday
S004012,U01526,R0797,2025-12-16 16:26:31,Bangalore,web,snack,False,Tuesday
S004013,U03104,R0305,2025-12-26 18:29:31,Kolkata,web,dinner,False,Friday
S004014,U01795,R0653,2025-12-15 18:10:31,Chennai,mobile,dinner,False,Monday
S004015,U02333,R0256,2026-01-01 09:37:31,Kolkata,mobile,breakfast,False,Thursday
S004016,U03333,R0518,2026-01-20 15:02:31,Hyderabad,mobile,snack,False,Tuesday
S004017,U02736,R0305,2026-01-18 19:32:31,Kolkata,mobile,dinner,True,Sunday
S004018,U03621,R0778,2026-01-19 19:50:31,Chennai,mobile,dinner,False,Monday
S004019,U02614,R0462,2026-01-13 06:06:31,Mumbai,mobile,breakfast,False,Tuesday
S004020,U00699,R0417,2025-12-09 11:49:31,Hyderabad,web,lunch,False,Tuesday
S004021,U02151,R0051,2026-01-06 12:02:31,Mumbai,mobile,lunch,False,Tuesday
S004022,U02197,R0423,2025-12-27 21:50:31,Hyderabad,mobile,dinner,True,Saturday
S004023,U02081,R0352,2025-12-05 12:41:31,Mumbai,tablet,lunch,False,Friday
S004024,U04601,R0050,2025-12-18 06:28:31,Pune,web,breakfast,False,Thursday
S004025,U03499,R0271,2026-01-05 18:06:31,Chennai,mobile,dinner,False,Monday
S004026,U01006,R0037,2026-01-11 22:40:31,Kolkata,tablet,late_night,True,Sunday
S004027,U00567,R0332,2026-02-03 18:11:31,Hyderabad,mobile,dinner,False,Tuesday
S004028,U02715,R0720,2026-02-17 21:37:31,Hyderabad,web,dinner,False,Tuesday
S004029,U00521,R0035,2026-01-14 14:29:31,Kolkata,mobile,lunch,False,Wednesday
S004030,U03785,R0493,2026-01-10 04:53:31,Hyderabad,mobile,late_night,True,Saturday
S004031,U04747,R0028,2025-12-24 11:11:31,Chennai,mobile,lunch,False,Wednesday
S004032,U00060,R0212,2026-01-27 19:25:31,Bangalore,mobile,dinner,False,Tuesday
S004033,U04315,R0135,2025-12-20 13:22:31,Mumbai,mobile,lunch,True,Saturday
S004034,U04436,R0007,2026-01-02 15:52:31,Bangalore,mobile,snack,False,Friday
S004035,U00001,R0689,2025-12-30 09:42:31,Delhi,mobile,breakfast,False,Tuesday
S004036,U02792,R0090,2026-01-12 11:26:31,Delhi,mobile,lunch,False,Monday
S004037,U04631,R0598,2026-02-12 21:14:31,Pune,mobile,dinner,False,Thursday
S004038,U01828,R0421,2025-12-10 17:21:31,Hyderabad,mobile,snack,False,Wednesday
S004039,U03252,R0564,2025-12-29 11:54:31,Pune,mobile,lunch,False,Monday
S004040,U00499,R0759,2026-01-05 22:50:31,Hyderabad,mobile,late_night,False,Monday
S004041,U01863,R0406,2026-02-02 12:00:31,Chennai,mobile,lunch,False,Monday
S004042,U00470,R0243,2025-12-16 01:56:31,Delhi,mobile,late_night,False,Tuesday
S004043,U00705,R0500,2026-02-08 20:12:31,Pune,mobile,dinner,True,Sunday
S004044,U03737,R0091,2026-01-10 14:47:31,Pune,web,lunch,True,Saturday
S004045,U00512,R0771,2026-02-17 14:20:31,Bangalore,mobile,lunch,False,Tuesday
S004046,U02338,R0311,2025-12-14 21:36:31,Bangalore,web,dinner,True,Sunday
S004047,U03426,R0530,2025-12-31 09:15:31,Pune,mobile,breakfast,False,Wednesday
S004048,U02606,R0297,2026-02-19 18:45:31,Pune,mobile,dinner,False,Thursday
S004049,U03269,R0308,2025-12-30 13:34:31,Bangalore,mobile,lunch,False,Tuesday
S004050,U04307,R0479,2026-01-27 00:59:31,Kolkata,mobile,late_night,False,Tuesday
S004051,U00832,R0566,2025-12-09 19:55:31,Delhi,mobile,dinner,False,Tuesday
S004052,U04101,R0215,2025-12-29 16:46:31,Bangalore,mobile,snack,False,Monday
S004053,U01606,R0426,2026-01-14 11:41:31,Hyderabad,web,lunch,False,Wednesday
S004054,U04385,R0487,2026-01-16 09:25:31,Hyderabad,mobile,breakfast,False,Friday
S004055,U04119,R0008,2026-02-13 11:06:31,Mumbai,mobile,lunch,False,Friday
S004056,U02552,R0191,2025-12-30 20:28:31,Mumbai,mobile,dinner,False,Tuesday
S004057,U01486,R0418,2025-12-08 12:34:31,Bangalore,mobile,lunch,False,Monday
S004058,U00103,R0763,2025-12-24 13:58:31,Pune,mobile,lunch,False,Wednesday
S004059,U03477,R0249,2025-12-10 16:32:31,Hyderabad,mobile,snack,False,Wednesday
S004060,U02357,R0390,2025-12-22 15:41:31,Kolkata,mobile,snack,False,Monday
S004061,U04808,R0090,2025-12-04 07:26:31,Delhi,mobile,breakfast,False,Thursday
S004062,U02128,R0648,2025-12-06 14:24:31,Delhi,mobile,lunch,True,Saturday
S004063,U00028,R0278,2025-12-11 15:04:31,Delhi,mobile,snack,False,Thursday
S004064,U03131,R0723,2025-11-30 11:35:31,Mumbai,mobile,lunch,True,Sunday
S004065,U00949,R0712,2026-02-11 08:21:31,Delhi,mobile,breakfast,False,Wednesday
S004066,U01485,R0772,2025-12-19 18:15:31,Bangalore,mobile,dinner,False,Friday
S004067,U04662,R0167,2026-01-21 07:07:31,Mumbai,mobile,breakfast,False,Wednesday
S004068,U04999,R0796,2026-01-08 13:44:31,Mumbai,web,lunch,False,Thursday
S004069,U02614,R0158,2026-01-05 12:29:31,Mumbai,mobile,lunch,False,Monday
S004070,U00685,R0759,2025-12-26 20:54:31,Hyderabad,mobile,dinner,False,Friday
S004071,U00704,R0139,2026-02-05 12:37:31,Delhi,mobile,lunch,False,Thursday
S004072,U04261,R0147,2026-01-09 15:57:31,Delhi,mobile,snack,False,Friday
S004073,U01298,R0288,2026-01-13 20:13:31,Kolkata,mobile,dinner,False,Tuesday
S004074,U00623,R0581,2026-01-10 05:30:31,Delhi,web,late_night,True,Saturday
S004075,U00150,R0711,2025-11-30 13:48:31,Chennai,mobile,lunch,True,Sunday
S004076,U03475,R0222,2026-02-20 19:18:31,Pune,mobile,dinner,False,Friday
S004077,U01095,R0188,2025-12-31 10:13:31,Bangalore,mobile,breakfast,False,Wednesday
S004078,U03879,R0759,2026-01-03 12:19:31,Hyderabad,mobile,lunch,True,Saturday
S004079,U03670,R0599,2026-01-18 10:44:31,Pune,web,breakfast,True,Sunday
S004080,U01721,R0782,2025-12-26 18:41:31,Bangalore,mobile,dinner,False,Friday
S004081,U03159,R0356,2026-02-24 09:45:31,Delhi,tablet,breakfast,False,Tuesday
S004082,U01082,R0384,2026-01-18 01:01:31,Delhi,mobile,late_night,True,Sunday
S004083,U03513,R0560,2026-01-14 16:09:31,Hyderabad,mobile,snack,False,Wednesday
S004084,U01929,R0539,2026-01-01 19:36:31,Pune,tablet,dinner,False,Thursday
S004085,U04552,R0660,2025-12-16 21:58:31,Pune,web,dinner,False,Tuesday
S004086,U01312,R0652,2026-02-07 09:07:31,Mumbai,mobile,breakfast,True,Saturday
S004087,U03950,R0536,2025-12-19 17:11:31,Mumbai,mobile,snack,False,Friday
S004088,U04300,R0181,2026-01-05 22:39:31,Hyderabad,mobile,late_night,False,Monday
S004089,U04931,R0548,2026-02-15 14:03:31,Delhi,web,lunch,True,Sunday
S004090,U04680,R0286,2026-02-21 16:46:31,Delhi,mobile,snack,True,Saturday
S004091,U02265,R0399,2025-12-08 21:19:31,Bangalore,web,dinner,False,Monday
S004092,U02997,R0208,2026-01-20 16:52:31,Kolkata,tablet,snack,False,Tuesday
S004093,U04435,R0476,2025-12-17 19:49:31,Mumbai,web,dinner,False,Wednesday
S004094,U04724,R0769,2026-02-06 20:48:31,Bangalore,mobile,dinner,False,Friday
S004095,U00372,R0617,2025-12-12 19:05:31,Chennai,mobile,dinner,False,Friday
S004096,U02912,R0542,2025-12-16 19:31:31,Kolkata,web,dinner,False,Tuesday
S004097,U04637,R0733,2025-12-17 11:22:31,Kolkata,tablet,lunch,False,Wednesday
S004098,U04224,R0017,2025-12-26 12:01:31,Delhi,web,lunch,False,Friday
S004099,U02398,R0697,2025-12-19 12:28:31,Mumbai,mobile,lunch,False,Friday
S004100,U03538,R0291,2025-12-30 11:18:31,Hyderabad,mobile,lunch,False,Tuesday
S004101,U04426,R0013,2025-12-21 13:09:31,Delhi,web,lunch,True,Sunday
S004102,U00843,R0712,2025-12-03 22:48:31,Delhi,mobile,late_night,False,Wednesday
S004103,U03651,R0093,2026-01-04 13:43:31,Delhi,web,lunch,True,Sunday
S004104,U03331,R0224,2026-02-12 11:23:31,Pune,mobile,lunch,False,Thursday
S004105,U04965,R0475,2025-12-13 20:57:31,Bangalore,mobile,dinner,True,Saturday
S004106,U03398,R0140,2025-12-26 15:54:31,Kolkata,mobile,snack,False,Friday
S004107,U04942,R0552,2026-01-13 08:45:31,Pune,mobile,breakfast,False,Tuesday
S004108,U02761,R0694,2026-02-13 21:48:31,Kolkata,mobile,dinner,False,Friday
S004109,U00307,R0588,2025-12-18 17:09:31,Bangalore,web,snack,False,Thursday
S004110,U03706,R0695,2026-01-30 19:39:31,Kolkata,mobile,dinner,False,Friday
S004111,U04429,R0177,2025-12-19 12:53:31,Pune,web,lunch,False,Friday
S004112,U00450,R0374,2026-01-18 12:25:31,Pune,mobile,lunch,True,Sunday
S004113,U00921,R0711,2025-12-23 13:24:31,Chennai,mobile,lunch,False,Tuesday
S004114,U03108,R0303,2026-02-24 09:19:31,Bangalore,web,breakfast,False,Tuesday
S004115,U01762,R0015,2026-01-04 17:24:31,Bangalore,mobile,snack,True,Sunday
S004116,U04019,R0586,2026-02-16 18:54:31,Delhi,mobile,dinner,False,Monday
S004117,U00720,R0594,2026-02-11 10:40:31,Chennai,mobile,breakfast,False,Wednesday
S004118,U01557,R0774,2025-12-08 21:17:31,Hyderabad,mobile,dinner,False,Monday
S004119,U01838,R0632,2026-01-08 22:56:31,Pune,web,late_night,False,Thursday
S004120,U03994,R0028,2025-12-30 18:55:31,Chennai,mobile,dinner,False,Tuesday
S004121,U01422,R0280,2025-12-18 20:03:31,Pune,mobile,dinner,False,Thursday
S004122,U03911,R0496,2025-12-02 20:29:31,Chennai,tablet,dinner,False,Tuesday
S004123,U02481,R0014,2025-12-16 08:59:31,Chennai,mobile,breakfast,False,Tuesday
S004124,U03050,R0392,2025-12-30 06:51:31,Delhi,tablet,breakfast,False,Tuesday
S004125,U02085,R0577,2026-02-11 06:38:31,Mumbai,mobile,breakfast,False,Wednesday
S004126,U04730,R0041,2025-12-13 11:37:31,Delhi,tablet,lunch,True,Saturday
S004127,U03441,R0712,2026-02-03 08:46:31,Delhi,web,breakfast,False,Tuesday
S004128,U03589,R0563,2025-11-30 22:16:31,Mumbai,mobile,late_night,True,Sunday
S004129,U00066,R0627,2026-02-14 16:53:31,Kolkata,mobile,snack,True,Saturday
S004130,U00408,R0592,2026-01-01 08:39:31,Kolkata,mobile,breakfast,False,Thursday
S004131,U00835,R0533,2025-12-09 13:44:31,Kolkata,mobile,lunch,False,Tuesday
S004132,U04903,R0789,2026-02-03 04:19:31,Chennai,mobile,late_night,False,Tuesday
S004133,U00248,R0229,2025-12-12 04:34:31,Mumbai,mobile,late_night,False,Friday
S004134,U02423,R0436,2026-02-08 12:18:31,Mumbai,mobile,lunch,True,Sunday
S004135,U03696,R0415,2025-12-23 12:22:31,Pune,mobile,lunch,False,Tuesday
S004136,U03178,R0112,2026-01-22 08:23:31,Chennai,mobile,breakfast,False,Thursday
S004137,U00493,R0427,2025-12-15 23:46:31,Chennai,mobile,late_night,False,Monday
S004138,U02838,R0066,2025-12-05 08:38:31,Hyderabad,mobile,breakfast,False,Friday
S004139,U03555,R0646,2025-12-12 19:14:31,Hyderabad,mobile,dinner,False,Friday
S004140,U00610,R0452,2025-12-27 10:37:31,Bangalore,web,breakfast,True,Saturday
S004141,U02899,R0691,2025-12-04 13:06:31,Bangalore,mobile,lunch,False,Thursday
S004142,U04962,R0697,2025-12-30 01:26:31,Mumbai,mobile,late_night,False,Tuesday
S004143,U04475,R0299,2026-02-12 10:51:31,Mumbai,mobile,breakfast,False,Thursday
S004144,U00499,R0741,2026-02-10 07:05:31,Hyderabad,mobile,breakfast,False,Tuesday
S004145,U02358,R0117,2025-12-21 06:35:31,Delhi,mobile,breakfast,True,Sunday
S004146,U01562,R0110,2025-12-10 18:49:31,Chennai,mobile,dinner,False,Wednesday
S004147,U03114,R0278,2025-12-12 11:25:31,Delhi,mobile,lunch,False,Friday
S004148,U00374,R0047,2025-12-20 06:43:31,Pune,mobile,breakfast,True,Saturday
S004149,U00350,R0537,2025-12-22 11:10:31,Delhi,web,lunch,False,Monday
S004150,U03886,R0548,2025-12-18 10:06:31,Delhi,mobile,breakfast,False,Thursday
S004151,U01577,R0699,2026-02-07 20:33:31,Pune,mobile,dinner,True,Saturday
S004152,U00376,R0396,2025-12-04 14:11:31,Chennai,mobile,lunch,False,Thursday
S004153,U02090,R0655,2026-02-18 18:20:31,Kolkata,mobile,dinner,False,Wednesday
S004154,U01319,R0652,2025-12-03 18:16:31,Mumbai,mobile,dinner,False,Wednesday
S004155,U01672,R0316,2026-01-28 10:34:31,Chennai,mobile,breakfast,False,Wednesday
S004156,U02212,R0034,2026-02-21 12:17:31,Delhi,web,lunch,True,Saturday
S004157,U04640,R0538,2025-12-13 16:36:31,Mumbai,web,snack,True,Saturday
S004158,U00779,R0399,2026-01-13 17:28:31,Bangalore,mobile,snack,False,Tuesday
S004159,U04267,R0534,2025-12-10 12:24:31,Chennai,mobile,lunch,False,Wednesday
S004160,U04255,R0154,2025-12-16 20:08:31,Bangalore,mobile,dinner,False,Tuesday
S004161,U01664,R0048,2026-02-16 13:05:31,Bangalore,mobile,lunch,False,Monday
S004162,U01462,R0155,2025-12-03 14:23:31,Bangalore,web,lunch,False,Wednesday
S004163,U04707,R0352,2025-12-15 15:59:31,Mumbai,web,snack,False,Monday
S004164,U04396,R0767,2026-01-27 08:54:31,Hyderabad,mobile,breakfast,False,Tuesday
S004165,U03299,R0396,2026-01-22 11:07:31,Chennai,mobile,lunch,False,Thursday
S004166,U03709,R0388,2025-12-24 21:52:31,Bangalore,mobile,dinner,False,Wednesday
S004167,U01617,R0458,2026-01-05 20:37:31,Chennai,mobile,dinner,False,Monday
S004168,U00962,R0062,2026-01-24 23:32:31,Kolkata,web,late_night,True,Saturday
S004169,U02328,R0758,2025-11-29 13:34:31,Mumbai,mobile,lunch,True,Saturday
S004170,U02265,R0115,2026-01-27 07:33:31,Bangalore,mobile,breakfast,False,Tuesday
S004171,U02710,R0323,2026-01-24 13:30:31,Pune,web,lunch,True,Saturday
S004172,U04689,R0010,2026-01-02 11:41:31,Bangalore,mobile,lunch,False,Friday
S004173,U01608,R0157,2026-01-27 05:43:31,Mumbai,mobile,late_night,False,Tuesday
S004174,U00006,R0652,2026-01-26 07:43:31,Mumbai,tablet,breakfast,False,Monday
S004175,U02626,R0063,2026-01-09 13:19:31,Chennai,mobile,lunch,False,Friday
S004176,U03956,R0754,2026-01-13 12:15:31,Hyderabad,mobile,lunch,False,Tuesday
S004177,U02104,R0786,2026-01-25 08:03:31,Delhi,web,breakfast,True,Sunday
S004178,U00908,R0654,2026-01-04 20:24:31,Pune,web,dinner,True,Sunday
S004179,U02718,R0236,2025-12-04 18:29:31,Hyderabad,mobile,dinner,False,Thursday
S004180,U00924,R0406,2025-12-16 21:54:31,Chennai,mobile,dinner,False,Tuesday
S004181,U02045,R0375,2026-01-12 19:25:31,Kolkata,mobile,dinner,False,Monday
S004182,U03097,R0403,2025-12-13 18:30:31,Chennai,mobile,dinner,True,Saturday
S004183,U00585,R0042,2025-12-09 04:32:31,Pune,mobile,late_night,False,Tuesday
S004184,U03917,R0266,2025-12-05 14:47:31,Hyderabad,web,lunch,False,Friday
S004185,U03574,R0329,2026-02-12 13:23:31,Delhi,mobile,lunch,False,Thursday
S004186,U03926,R0623,2026-01-12 13:31:31,Mumbai,mobile,lunch,False,Monday
S004187,U03807,R0456,2025-12-20 20:04:31,Kolkata,mobile,dinner,True,Saturday
S004188,U04216,R0430,2026-01-25 07:42:31,Bangalore,mobile,breakfast,True,Sunday
S004189,U02682,R0190,2026-02-10 14:25:31,Bangalore,web,lunch,False,Tuesday
S004190,U04057,R0699,2026-02-17 08:39:31,Pune,mobile,breakfast,False,Tuesday
S004191,U01256,R0620,2026-02-21 03:44:31,Mumbai,mobile,late_night,True,Saturday
S004192,U02962,R0461,2026-01-11 19:42:31,Chennai,mobile,dinner,True,Sunday
S004193,U03080,R0109,2026-01-28 15:45:31,Delhi,web,snack,False,Wednesday
S004194,U03903,R0441,2026-02-23 14:49:31,Chennai,mobile,lunch,False,Monday
S004195,U00220,R0112,2026-02-18 18:41:31,Chennai,mobile,dinner,False,Wednesday
S004196,U01065,R0678,2026-02-02 23:01:31,Pune,mobile,late_night,False,Monday
S004197,U00888,R0097,2026-01-25 22:46:31,Chennai,web,late_night,True,Sunday
S004198,U00815,R0412,2026-02-01 07:11:31,Pune,mobile,breakfast,True,Sunday
S004199,U04804,R0596,2026-02-10 20:52:31,Bangalore,mobile,dinner,False,Tuesday
S004200,U00394,R0207,2025-12-20 22:03:31,Bangalore,mobile,late_night,True,Saturday
S004201,U01178,R0694,2026-02-10 21:01:31,Kolkata,web,dinner,False,Tuesday
S004202,U01364,R0261,2026-02-13 10:08:31,Hyderabad,mobile,breakfast,False,Friday
S004203,U04186,R0269,2025-11-30 11:40:31,Mumbai,mobile,lunch,True,Sunday
S004204,U00168,R0095,2026-02-16 19:40:31,Kolkata,mobile,dinner,False,Monday
S004205,U03622,R0648,2026-01-18 14:48:31,Delhi,web,lunch,True,Sunday
S004206,U03224,R0778,2026-02-11 19:34:31,Chennai,mobile,dinner,False,Wednesday
S004207,U04499,R0413,2025-12-24 18:41:31,Bangalore,mobile,dinner,False,Wednesday
S004208,U00299,R0519,2025-12-11 09:22:31,Mumbai,mobile,breakfast,False,Thursday
S004209,U00446,R0020,2025-12-02 22:25:31,Kolkata,web,late_night,False,Tuesday
S004210,U00032,R0428,2026-01-17 18:03:31,Kolkata,mobile,dinner,True,Saturday
S004211,U00581,R0418,2025-12-04 08:44:31,Bangalore,mobile,breakfast,False,Thursday
S004212,U00221,R0696,2026-02-19 09:39:31,Bangalore,web,breakfast,False,Thursday
S004213,U02696,R0517,2025-12-26 07:55:31,Chennai,mobile,breakfast,False,Friday
S004214,U01255,R0560,2026-01-05 03:51:31,Hyderabad,mobile,late_night,False,Monday
S004215,U00183,R0086,2026-01-01 22:11:31,Kolkata,mobile,late_night,False,Thursday
S004216,U02626,R0607,2026-02-12 14:44:31,Chennai,mobile,lunch,False,Thursday
S004217,U01811,R0205,2025-12-13 18:36:31,Pune,mobile,dinner,True,Saturday
S004218,U00303,R0138,2025-12-28 10:04:31,Mumbai,mobile,breakfast,True,Sunday
S004219,U03785,R0081,2026-02-12 13:01:31,Hyderabad,mobile,lunch,False,Thursday
S004220,U02121,R0418,2026-01-26 18:28:31,Bangalore,mobile,dinner,False,Monday
S004221,U02798,R0222,2025-12-15 20:11:31,Pune,mobile,dinner,False,Monday
S004222,U00486,R0174,2026-02-25 10:27:31,Delhi,mobile,breakfast,False,Wednesday
S004223,U01536,R0015,2026-02-23 18:33:31,Bangalore,mobile,dinner,False,Monday
S004224,U02796,R0631,2025-12-08 23:34:31,Delhi,mobile,late_night,False,Monday
S004225,U04163,R0618,2026-02-23 20:06:31,Mumbai,web,dinner,False,Monday
S004226,U02902,R0339,2025-12-21 09:08:31,Mumbai,mobile,breakfast,True,Sunday
S004227,U02312,R0332,2025-12-01 22:50:31,Hyderabad,mobile,late_night,False,Monday
S004228,U04958,R0070,2026-02-11 12:34:31,Pune,mobile,lunch,False,Wednesday
S004229,U02514,R0676,2026-01-24 18:52:31,Chennai,mobile,dinner,True,Saturday
S004230,U02204,R0788,2026-01-24 18:33:31,Pune,mobile,dinner,True,Saturday
S004231,U01125,R0282,2025-12-25 17:21:31,Delhi,mobile,snack,False,Thursday
S004232,U00245,R0464,2026-01-14 10:02:31,Mumbai,web,breakfast,False,Wednesday
S004233,U00370,R0120,2025-12-20 19:10:31,Hyderabad,mobile,dinner,True,Saturday
S004234,U03432,R0114,2025-12-06 14:22:31,Bangalore,mobile,lunch,True,Saturday
S004235,U00121,R0529,2026-02-26 12:48:31,Bangalore,mobile,lunch,False,Thursday
S004236,U02631,R0511,2026-01-07 18:31:31,Delhi,mobile,dinner,False,Wednesday
S004237,U03455,R0036,2025-12-09 19:50:31,Hyderabad,mobile,dinner,False,Tuesday
S004238,U01341,R0689,2026-01-01 13:08:31,Delhi,mobile,lunch,False,Thursday
S004239,U04345,R0307,2026-02-13 12:17:31,Kolkata,mobile,lunch,False,Friday
S004240,U00303,R0572,2026-01-11 23:53:31,Mumbai,mobile,late_night,True,Sunday
S004241,U04814,R0315,2025-12-02 03:28:31,Kolkata,mobile,late_night,False,Tuesday
S004242,U04137,R0468,2025-12-12 16:22:31,Kolkata,mobile,snack,False,Friday
S004243,U02050,R0800,2026-01-01 09:13:31,Bangalore,tablet,breakfast,False,Thursday
S004244,U04878,R0271,2026-01-02 11:54:31,Chennai,mobile,lunch,False,Friday
S004245,U00293,R0142,2026-01-22 11:04:31,Delhi,mobile,lunch,False,Thursday
S004246,U02100,R0154,2026-01-09 12:21:31,Bangalore,mobile,lunch,False,Friday
S004247,U00551,R0635,2025-12-24 22:37:31,Pune,mobile,late_night,False,Wednesday
S004248,U00771,R0132,2026-01-01 12:19:31,Bangalore,mobile,lunch,False,Thursday
S004249,U00803,R0445,2026-01-28 11:58:31,Pune,web,lunch,False,Wednesday
S004250,U04393,R0791,2025-12-16 20:00:31,Hyderabad,mobile,dinner,False,Tuesday
S004251,U00378,R0403,2026-01-24 22:18:31,Chennai,mobile,late_night,True,Saturday
S004252,U00864,R0030,2026-01-11 18:58:31,Mumbai,mobile,dinner,True,Sunday
S004253,U00411,R0008,2026-02-26 11:16:31,Mumbai,mobile,lunch,False,Thursday
S004254,U01462,R0399,2026-01-30 06:20:31,Bangalore,mobile,breakfast,False,Friday
S004255,U03220,R0105,2025-12-27 22:36:31,Pune,mobile,late_night,True,Saturday
S004256,U04827,R0197,2026-01-03 22:15:31,Chennai,mobile,late_night,True,Saturday
S004257,U00557,R0022,2025-12-30 12:25:31,Pune,mobile,lunch,False,Tuesday
S004258,U02685,R0254,2025-12-02 14:37:31,Hyderabad,web,lunch,False,Tuesday
S004259,U02246,R0474,2025-12-14 11:53:31,Mumbai,mobile,lunch,True,Sunday
S004260,U01471,R0059,2025-11-29 20:34:31,Kolkata,mobile,dinner,True,Saturday
S004261,U03438,R0375,2025-12-23 19:55:31,Kolkata,mobile,dinner,False,Tuesday
S004262,U04533,R0044,2025-12-14 22:43:31,Delhi,mobile,late_night,True,Sunday
S004263,U02476,R0397,2025-11-29 13:56:31,Mumbai,mobile,lunch,True,Saturday
S004264,U02366,R0433,2025-12-08 18:20:31,Mumbai,web,dinner,False,Monday
S004265,U00572,R0757,2026-01-19 22:17:31,Bangalore,mobile,late_night,False,Monday
S004266,U00293,R0282,2026-01-16 12:09:31,Delhi,web,lunch,False,Friday
S004267,U04272,R0610,2026-01-06 12:43:31,Chennai,mobile,lunch,False,Tuesday
S004268,U02631,R0282,2026-01-11 18:33:31,Delhi,mobile,dinner,True,Sunday
S004269,U04606,R0197,2026-01-31 19:04:31,Chennai,web,dinner,True,Saturday
S004270,U03734,R0593,2026-01-02 08:44:31,Kolkata,mobile,breakfast,False,Friday
S004271,U01833,R0705,2026-02-04 18:02:31,Bangalore,web,dinner,False,Wednesday
S004272,U03862,R0719,2026-02-15 14:12:31,Chennai,mobile,lunch,True,Sunday
S004273,U01823,R0114,2026-01-19 00:09:31,Bangalore,mobile,late_night,False,Monday
S004274,U04569,R0653,2026-01-30 19:17:31,Chennai,mobile,dinner,False,Friday
S004275,U02819,R0127,2026-01-19 09:25:31,Hyderabad,web,breakfast,False,Monday
S004276,U04196,R0709,2026-01-04 06:19:31,Chennai,mobile,breakfast,True,Sunday
S004277,U02043,R0002,2026-01-15 15:19:31,Pune,mobile,snack,False,Thursday
S004278,U02198,R0575,2025-12-17 22:14:31,Hyderabad,mobile,late_night,False,Wednesday
S004279,U01904,R0255,2026-01-21 20:00:31,Pune,web,dinner,False,Wednesday
S004280,U03737,R0184,2026-01-21 19:05:31,Pune,mobile,dinner,False,Wednesday
S004281,U01121,R0706,2026-01-14 21:53:31,Kolkata,mobile,dinner,False,Wednesday
S004282,U01392,R0425,2026-01-28 10:24:31,Chennai,mobile,breakfast,False,Wednesday
S004283,U02079,R0615,2025-12-21 08:00:31,Bangalore,mobile,breakfast,True,Sunday
S004284,U03514,R0162,2025-12-06 11:20:31,Pune,mobile,lunch,True,Saturday
S004285,U02538,R0333,2025-12-21 20:20:31,Pune,mobile,dinner,True,Sunday
S004286,U02798,R0624,2026-02-22 12:11:31,Pune,mobile,lunch,True,Sunday
S004287,U04758,R0649,2026-01-13 03:47:31,Bangalore,mobile,late_night,False,Tuesday
S004288,U01056,R0271,2026-01-05 19:23:31,Chennai,mobile,dinner,False,Monday
S004289,U03419,R0585,2025-12-26 09:00:31,Kolkata,mobile,breakfast,False,Friday
S004290,U04557,R0069,2026-01-02 13:03:31,Hyderabad,web,lunch,False,Friday
S004291,U01645,R0443,2026-01-24 16:22:31,Kolkata,web,snack,True,Saturday
S004292,U01029,R0494,2026-02-15 16:32:31,Delhi,web,snack,True,Sunday
S004293,U04854,R0701,2025-12-16 04:09:31,Chennai,mobile,late_night,False,Tuesday
S004294,U01151,R0207,2026-02-09 12:12:31,Bangalore,mobile,lunch,False,Monday
S004295,U02328,R0739,2025-12-12 18:52:31,Mumbai,mobile,dinner,False,Friday
S004296,U04422,R0200,2025-12-10 20:39:31,Kolkata,mobile,dinner,False,Wednesday
S004297,U00669,R0159,2026-01-14 08:10:31,Hyderabad,mobile,breakfast,False,Wednesday
S004298,U02885,R0685,2025-12-24 15:05:31,Mumbai,web,snack,False,Wednesday
S004299,U04709,R0509,2025-11-28 07:54:31,Bangalore,mobile,breakfast,False,Friday
S004300,U02824,R0130,2026-02-07 10:27:31,Mumbai,web,breakfast,True,Saturday
S004301,U01458,R0679,2026-01-18 15:49:31,Delhi,mobile,snack,True,Sunday
S004302,U04602,R0148,2026-02-16 07:32:31,Delhi,mobile,breakfast,False,Monday
S004303,U04421,R0329,2025-12-10 12:59:31,Delhi,mobile,lunch,False,Wednesday
S004304,U01891,R0556,2026-01-25 20:56:31,Kolkata,web,dinner,True,Sunday
S004305,U03727,R0192,2026-01-04 17:21:31,Pune,mobile,snack,True,Sunday
S004306,U00710,R0440,2025-12-06 13:31:31,Mumbai,mobile,lunch,True,Saturday
S004307,U04097,R0296,2026-01-29 21:23:31,Hyderabad,mobile,dinner,False,Thursday
S004308,U02949,R0307,2025-12-05 22:53:31,Kolkata,web,late_night,False,Friday
S004309,U00473,R0559,2026-01-31 07:56:31,Hyderabad,mobile,breakfast,True,Saturday
S004310,U00363,R0034,2026-01-03 19:26:31,Delhi,mobile,dinner,True,Saturday
S004311,U03824,R0169,2025-12-21 22:13:31,Delhi,mobile,late_night,True,Sunday
S004312,U00283,R0308,2026-01-03 05:49:31,Bangalore,mobile,late_night,True,Saturday
S004313,U02337,R0732,2025-12-29 09:45:31,Chennai,web,breakfast,False,Monday
S004314,U01570,R0174,2026-01-21 11:07:31,Delhi,mobile,lunch,False,Wednesday
S004315,U04756,R0348,2026-02-21 17:08:31,Pune,web,snack,True,Saturday
S004316,U02731,R0071,2026-02-21 15:17:31,Delhi,mobile,snack,True,Saturday
S004317,U03040,R0688,2026-01-07 03:54:31,Chennai,web,late_night,False,Wednesday
S004318,U02007,R0758,2026-01-17 08:55:31,Mumbai,mobile,breakfast,True,Saturday
S004319,U02904,R0290,2026-01-25 12:19:31,Mumbai,mobile,lunch,True,Sunday
S004320,U00637,R0126,2025-12-31 07:16:31,Chennai,mobile,breakfast,False,Wednesday
S004321,U02004,R0440,2025-12-19 18:49:31,Mumbai,tablet,dinner,False,Friday
S004322,U02842,R0552,2025-12-04 02:54:31,Pune,web,late_night,False,Thursday
S004323,U01685,R0214,2026-02-14 08:33:31,Delhi,mobile,breakfast,True,Saturday
S004324,U00359,R0317,2026-02-06 11:41:31,Hyderabad,mobile,lunch,False,Friday
S004325,U01059,R0736,2026-02-21 14:29:31,Delhi,mobile,lunch,True,Saturday
S004326,U00325,R0552,2026-02-03 07:46:31,Pune,mobile,breakfast,False,Tuesday
S004327,U01114,R0630,2026-01-21 13:46:31,Hyderabad,mobile,lunch,False,Wednesday
S004328,U01827,R0696,2026-01-16 04:38:31,Bangalore,mobile,late_night,False,Friday
S004329,U02419,R0253,2026-01-26 20:55:31,Chennai,mobile,dinner,False,Monday
S004330,U01810,R0695,2026-01-06 11:22:31,Kolkata,mobile,lunch,False,Tuesday
S004331,U04756,R0551,2026-01-26 14:24:31,Pune,mobile,lunch,False,Monday
S004332,U02756,R0101,2026-01-31 11:20:31,Hyderabad,mobile,lunch,True,Saturday
S004333,U04369,R0379,2026-02-21 19:22:31,Mumbai,web,dinner,True,Saturday
S004334,U00186,R0394,2026-01-29 19:23:31,Hyderabad,mobile,dinner,False,Thursday
S004335,U02924,R0381,2026-01-16 20:14:31,Bangalore,mobile,dinner,False,Friday
S004336,U03132,R0168,2026-01-20 19:34:31,Pune,mobile,dinner,False,Tuesday
S004337,U04164,R0097,2026-01-13 12:08:31,Chennai,web,lunch,False,Tuesday
S004338,U04865,R0126,2025-12-11 20:25:31,Chennai,web,dinner,False,Thursday
S004339,U00070,R0233,2026-01-23 18:25:31,Pune,web,dinner,False,Friday
S004340,U03701,R0798,2026-02-01 17:38:31,Pune,mobile,snack,True,Sunday
S004341,U03295,R0615,2025-12-07 18:56:31,Bangalore,mobile,dinner,True,Sunday
S004342,U00914,R0699,2026-02-21 21:05:31,Pune,web,dinner,True,Saturday
S004343,U01487,R0343,2025-12-21 18:28:31,Pune,mobile,dinner,True,Sunday
S004344,U03664,R0089,2025-12-29 12:42:31,Mumbai,mobile,lunch,False,Monday
S004345,U04326,R0051,2026-01-16 21:04:31,Mumbai,mobile,dinner,False,Friday
S004346,U02412,R0260,2025-12-01 19:48:31,Pune,mobile,dinner,False,Monday
S004347,U03836,R0562,2026-01-02 12:29:31,Pune,web,lunch,False,Friday
S004348,U00372,R0063,2026-02-12 14:24:31,Chennai,mobile,lunch,False,Thursday
S004349,U00631,R0037,2026-01-08 19:03:31,Kolkata,mobile,dinner,False,Thursday
S004350,U04257,R0022,2026-01-31 11:17:31,Pune,web,lunch,True,Saturday
S004351,U04155,R0589,2026-01-03 13:49:31,Chennai,mobile,lunch,True,Saturday
S004352,U01252,R0103,2026-02-12 10:32:31,Hyderabad,mobile,breakfast,False,Thursday
S004353,U03897,R0638,2026-01-29 11:35:31,Hyderabad,mobile,lunch,False,Thursday
S004354,U01413,R0422,2026-02-17 21:38:31,Kolkata,mobile,dinner,False,Tuesday
S004355,U01219,R0619,2025-12-26 08:55:31,Hyderabad,mobile,breakfast,False,Friday
S004356,U01804,R0718,2026-02-21 13:07:31,Chennai,mobile,lunch,True,Saturday
S004357,U02202,R0653,2026-02-17 19:31:31,Chennai,mobile,dinner,False,Tuesday
S004358,U02711,R0105,2026-02-17 09:05:31,Pune,mobile,breakfast,False,Tuesday
S004359,U00326,R0414,2026-01-22 05:49:31,Mumbai,mobile,late_night,False,Thursday
S004360,U02933,R0487,2025-12-26 15:29:31,Hyderabad,mobile,snack,False,Friday
S004361,U02095,R0560,2025-12-18 18:34:31,Hyderabad,mobile,dinner,False,Thursday
S004362,U03581,R0278,2025-12-14 12:44:31,Delhi,mobile,lunch,True,Sunday
S004363,U01596,R0563,2026-02-25 13:24:31,Mumbai,mobile,lunch,False,Wednesday
S004364,U01102,R0682,2026-02-02 01:45:31,Delhi,mobile,late_night,False,Monday
S004365,U02928,R0575,2026-02-23 22:48:31,Hyderabad,web,late_night,False,Monday
S004366,U03363,R0630,2026-01-26 16:11:31,Hyderabad,mobile,snack,False,Monday
S004367,U04677,R0196,2026-01-16 12:31:31,Mumbai,mobile,lunch,False,Friday
S004368,U03635,R0099,2026-01-05 13:45:31,Delhi,mobile,lunch,False,Monday
S004369,U00342,R0710,2026-01-13 09:45:31,Delhi,tablet,breakfast,False,Tuesday
S004370,U01283,R0221,2025-11-29 16:08:31,Kolkata,mobile,snack,True,Saturday
S004371,U01251,R0455,2026-01-02 07:22:31,Pune,mobile,breakfast,False,Friday
S004372,U04166,R0060,2026-01-21 19:26:31,Mumbai,mobile,dinner,False,Wednesday
S004373,U01848,R0504,2026-01-19 15:01:31,Mumbai,mobile,snack,False,Monday
S004374,U02026,R0073,2025-12-31 12:00:31,Hyderabad,mobile,lunch,False,Wednesday
S004375,U04847,R0195,2025-12-15 16:56:31,Hyderabad,web,snack,False,Monday
S004376,U03585,R0716,2025-12-02 22:04:31,Hyderabad,mobile,late_night,False,Tuesday
S004377,U00203,R0243,2026-01-10 12:17:31,Delhi,mobile,lunch,True,Saturday
S004378,U02895,R0633,2025-12-02 14:44:31,Bangalore,web,lunch,False,Tuesday
S004379,U00466,R0064,2026-01-19 22:33:31,Bangalore,web,late_night,False,Monday
S004380,U01965,R0576,2025-11-28 20:21:31,Mumbai,mobile,dinner,False,Friday
S004381,U04546,R0315,2025-12-25 12:24:31,Kolkata,mobile,lunch,False,Thursday
S004382,U01684,R0472,2026-02-19 18:18:31,Pune,mobile,dinner,False,Thursday
S004383,U03495,R0521,2026-02-23 13:52:31,Mumbai,web,lunch,False,Monday
S004384,U01167,R0267,2026-01-22 13:02:31,Chennai,mobile,lunch,False,Thursday
S004385,U03413,R0534,2025-12-28 15:39:31,Chennai,mobile,snack,True,Sunday
S004386,U02986,R0034,2026-01-10 02:34:31,Delhi,mobile,late_night,True,Saturday
S004387,U01946,R0040,2026-01-16 20:31:31,Bangalore,mobile,dinner,False,Friday
S004388,U04867,R0064,2026-02-15 18:35:31,Bangalore,mobile,dinner,True,Sunday
S004389,U04409,R0622,2026-01-16 08:24:31,Hyderabad,mobile,breakfast,False,Friday
S004390,U01493,R0282,2026-01-17 08:18:31,Delhi,mobile,breakfast,True,Saturday
S004391,U01216,R0474,2026-01-09 12:40:31,Mumbai,mobile,lunch,False,Friday
S004392,U03727,R0383,2025-12-12 21:35:31,Pune,mobile,dinner,False,Friday
S004393,U04783,R0529,2026-02-22 13:05:31,Bangalore,web,lunch,True,Sunday
S004394,U02914,R0079,2026-02-12 09:44:31,Bangalore,mobile,breakfast,False,Thursday
S004395,U04627,R0437,2026-02-09 19:24:31,Kolkata,mobile,dinner,False,Monday
S004396,U04238,R0556,2025-12-08 12:07:31,Kolkata,web,lunch,False,Monday
S004397,U01639,R0252,2026-01-23 12:04:31,Kolkata,mobile,lunch,False,Friday
S004398,U02617,R0273,2026-02-19 20:23:31,Mumbai,mobile,dinner,False,Thursday
S004399,U03125,R0735,2025-12-21 12:30:31,Hyderabad,mobile,lunch,True,Sunday
S004400,U04118,R0215,2026-02-11 11:13:31,Bangalore,tablet,lunch,False,Wednesday
S004401,U04715,R0647,2026-01-01 15:58:31,Delhi,mobile,snack,False,Thursday
S004402,U04271,R0381,2025-11-28 14:19:31,Bangalore,mobile,lunch,False,Friday
S004403,U03195,R0786,2026-01-03 10:29:31,Delhi,mobile,breakfast,True,Saturday
S004404,U03846,R0595,2026-01-01 10:51:31,Kolkata,web,breakfast,False,Thursday
S004405,U04477,R0782,2025-12-03 11:53:31,Bangalore,mobile,lunch,False,Wednesday
S004406,U04833,R0428,2025-12-20 18:30:31,Kolkata,mobile,dinner,True,Saturday
S004407,U02294,R0381,2026-01-26 11:24:31,Bangalore,mobile,lunch,False,Monday
S004408,U00180,R0694,2026-02-17 11:17:31,Kolkata,mobile,lunch,False,Tuesday
S004409,U01103,R0031,2025-12-08 20:41:31,Chennai,mobile,dinner,False,Monday
S004410,U01308,R0481,2025-12-19 18:17:31,Mumbai,mobile,dinner,False,Friday
S004411,U03230,R0768,2025-12-15 06:13:31,Mumbai,mobile,breakfast,False,Monday
S004412,U03896,R0625,2025-12-01 15:56:31,Bangalore,web,snack,False,Monday
S004413,U02440,R0480,2026-01-25 08:52:31,Chennai,mobile,breakfast,True,Sunday
S004414,U04193,R0208,2026-01-03 14:40:31,Kolkata,mobile,lunch,True,Saturday
S004415,U00271,R0437,2025-12-10 08:19:31,Kolkata,tablet,breakfast,False,Wednesday
S004416,U01012,R0381,2026-01-05 23:52:31,Bangalore,mobile,late_night,False,Monday
S004417,U03007,R0076,2025-12-14 21:45:31,Chennai,mobile,dinner,True,Sunday
S004418,U04648,R0733,2026-01-05 09:54:31,Kolkata,mobile,breakfast,False,Monday
S004419,U01144,R0390,2026-01-16 13:02:31,Kolkata,mobile,lunch,False,Friday
S004420,U00948,R0025,2025-12-06 04:43:31,Chennai,mobile,late_night,True,Saturday
S004421,U03372,R0546,2026-01-09 21:04:31,Chennai,mobile,dinner,False,Friday
S004422,U01525,R0596,2026-01-20 00:58:31,Bangalore,web,late_night,False,Tuesday
S004423,U04360,R0032,2026-01-13 17:28:31,Chennai,mobile,snack,False,Tuesday
S004424,U04843,R0665,2026-02-03 18:58:31,Chennai,mobile,dinner,False,Tuesday
S004425,U02279,R0463,2026-01-12 08:39:31,Delhi,mobile,breakfast,False,Monday
S004426,U04124,R0300,2025-11-30 07:16:31,Chennai,web,breakfast,True,Sunday
S004427,U02417,R0462,2025-11-29 20:05:31,Mumbai,mobile,dinner,True,Saturday
S004428,U00410,R0284,2025-12-31 12:33:31,Pune,mobile,lunch,False,Wednesday
S004429,U03913,R0757,2025-12-30 19:08:31,Bangalore,mobile,dinner,False,Tuesday
S004430,U01274,R0696,2025-12-03 18:40:31,Bangalore,web,dinner,False,Wednesday
S004431,U00395,R0060,2026-02-25 22:51:31,Mumbai,mobile,late_night,False,Wednesday
S004432,U02395,R0038,2026-01-05 09:29:31,Pune,mobile,breakfast,False,Monday
S004433,U01388,R0740,2026-02-19 12:44:31,Hyderabad,mobile,lunch,False,Thursday
S004434,U00101,R0375,2026-02-26 21:14:31,Kolkata,web,dinner,False,Thursday
S004435,U02069,R0353,2025-11-30 08:57:31,Delhi,mobile,breakfast,True,Sunday
S004436,U01811,R0043,2026-01-13 12:20:31,Pune,mobile,lunch,False,Tuesday
S004437,U03006,R0155,2026-02-01 08:12:31,Bangalore,mobile,breakfast,True,Sunday
S004438,U02623,R0238,2025-12-11 12:42:31,Chennai,web,lunch,False,Thursday
S004439,U04921,R0054,2026-02-16 18:50:31,Mumbai,mobile,dinner,False,Monday
S004440,U04449,R0491,2026-02-08 23:43:31,Mumbai,mobile,late_night,True,Sunday
S004441,U04396,R0684,2026-02-23 06:47:31,Hyderabad,tablet,breakfast,False,Monday
S004442,U00479,R0510,2026-02-18 12:15:31,Chennai,mobile,lunch,False,Wednesday
S004443,U02062,R0345,2026-02-24 14:50:31,Pune,mobile,lunch,False,Tuesday
S004444,U00075,R0324,2026-02-18 19:16:31,Delhi,web,dinner,False,Wednesday
S004445,U00630,R0340,2026-01-16 13:21:31,Delhi,web,lunch,False,Friday
S004446,U03411,R0128,2026-01-07 17:15:31,Chennai,web,snack,False,Wednesday
S004447,U01691,R0741,2025-12-04 08:56:31,Hyderabad,mobile,breakfast,False,Thursday
S004448,U02243,R0006,2025-12-01 21:07:31,Chennai,web,dinner,False,Monday
S004449,U00787,R0584,2025-12-05 20:37:31,Mumbai,web,dinner,False,Friday
S004450,U04928,R0086,2026-02-13 11:48:31,Kolkata,mobile,lunch,False,Friday
S004451,U02999,R0193,2026-01-10 18:43:31,Chennai,mobile,dinner,True,Saturday
S004452,U04078,R0383,2026-01-10 19:23:31,Pune,tablet,dinner,True,Saturday
S004453,U02642,R0560,2026-02-14 16:48:31,Hyderabad,mobile,snack,True,Saturday
S004454,U01332,R0234,2025-12-29 12:02:31,Mumbai,web,lunch,False,Monday
S004455,U03600,R0227,2025-12-16 10:31:31,Kolkata,web,breakfast,False,Tuesday
S004456,U00340,R0415,2026-01-15 06:16:31,Pune,web,breakfast,False,Thursday
S004457,U01550,R0436,2026-02-24 23:58:31,Mumbai,mobile,late_night,False,Tuesday
S004458,U03542,R0676,2026-02-15 08:04:31,Chennai,tablet,breakfast,True,Sunday
S004459,U00229,R0719,2026-02-13 19:35:31,Chennai,mobile,dinner,False,Friday
S004460,U04612,R0800,2026-02-15 11:45:31,Bangalore,mobile,lunch,True,Sunday
S004461,U03234,R0007,2025-12-29 10:56:31,Bangalore,mobile,breakfast,False,Monday
S004462,U01062,R0466,2025-11-29 18:50:31,Kolkata,mobile,dinner,True,Saturday
S004463,U03100,R0531,2025-12-13 10:32:31,Delhi,mobile,breakfast,True,Saturday
S004464,U04096,R0568,2026-02-04 19:06:31,Hyderabad,tablet,dinner,False,Wednesday
S004465,U02825,R0360,2026-01-17 07:51:31,Delhi,mobile,breakfast,True,Saturday
S004466,U02755,R0089,2025-12-02 14:15:31,Mumbai,mobile,lunch,False,Tuesday
S004467,U02440,R0197,2026-01-29 14:29:31,Chennai,mobile,lunch,False,Thursday
S004468,U01072,R0487,2025-12-21 15:59:31,Hyderabad,mobile,snack,True,Sunday
S004469,U04723,R0099,2026-02-22 05:11:31,Delhi,web,late_night,True,Sunday
S004470,U02537,R0423,2026-02-02 12:33:31,Hyderabad,mobile,lunch,False,Monday
S004471,U01077,R0547,2025-12-10 12:26:31,Bangalore,mobile,lunch,False,Wednesday
S004472,U01340,R0347,2026-02-19 20:01:31,Kolkata,web,dinner,False,Thursday
S004473,U00652,R0205,2025-12-18 19:04:31,Pune,web,dinner,False,Thursday
S004474,U04406,R0010,2026-01-03 17:57:31,Bangalore,mobile,snack,True,Saturday
S004475,U01678,R0556,2026-01-17 08:03:31,Kolkata,mobile,breakfast,True,Saturday
S004476,U04229,R0699,2026-02-11 07:23:31,Pune,mobile,breakfast,False,Wednesday
S004477,U02544,R0591,2026-01-10 18:36:31,Hyderabad,mobile,dinner,True,Saturday
S004478,U00244,R0624,2026-02-10 08:09:31,Pune,mobile,breakfast,False,Tuesday
S004479,U01310,R0100,2026-02-01 17:23:31,Mumbai,web,snack,True,Sunday
S004480,U00247,R0407,2026-02-03 19:50:31,Kolkata,mobile,dinner,False,Tuesday
S004481,U04128,R0791,2026-02-26 00:55:31,Hyderabad,mobile,late_night,False,Thursday
S004482,U00026,R0052,2026-01-24 20:59:31,Hyderabad,mobile,dinner,True,Saturday
S004483,U01206,R0025,2026-02-18 13:10:31,Chennai,mobile,lunch,False,Wednesday
S004484,U00156,R0353,2026-02-02 08:58:31,Delhi,tablet,breakfast,False,Monday
S004485,U02344,R0240,2026-01-02 18:03:31,Bangalore,mobile,dinner,False,Friday
S004486,U03409,R0709,2026-02-18 11:54:31,Chennai,mobile,lunch,False,Wednesday
S004487,U04988,R0126,2026-01-27 02:28:31,Chennai,mobile,late_night,False,Tuesday
S004488,U00263,R0118,2025-12-18 05:54:31,Hyderabad,mobile,late_night,False,Thursday
S004489,U00269,R0293,2026-02-14 09:58:31,Delhi,web,breakfast,True,Saturday
S004490,U00519,R0632,2025-12-09 06:51:31,Pune,web,breakfast,False,Tuesday
S004491,U01147,R0103,2026-01-25 01:18:31,Hyderabad,mobile,late_night,True,Sunday
S004492,U04269,R0510,2026-01-21 00:49:31,Chennai,mobile,late_night,False,Wednesday
S004493,U02627,R0157,2026-01-13 04:25:31,Mumbai,mobile,late_night,False,Tuesday
S004494,U04198,R0143,2025-12-28 09:44:31,Chennai,mobile,breakfast,True,Sunday
S004495,U01693,R0784,2026-01-30 07:41:31,Hyderabad,mobile,breakfast,False,Friday
S004496,U02895,R0398,2026-02-04 11:14:31,Bangalore,mobile,lunch,False,Wednesday
S004497,U02596,R0273,2026-02-01 18:39:31,Mumbai,mobile,dinner,True,Sunday
S004498,U03056,R0678,2026-01-27 19:03:31,Pune,mobile,dinner,False,Tuesday
S004499,U03618,R0219,2026-02-11 10:16:31,Delhi,mobile,breakfast,False,Wednesday
S004500,U01862,R0471,2026-01-22 08:28:31,Pune,web,breakfast,False,Thursday
S004501,U00264,R0148,2026-01-22 14:48:31,Delhi,mobile,lunch,False,Thursday
S004502,U02025,R0471,2026-02-15 15:27:31,Pune,mobile,snack,True,Sunday
S004503,U02189,R0459,2026-01-16 13:35:31,Chennai,mobile,lunch,False,Friday
S004504,U04776,R0371,2026-01-31 13:38:31,Kolkata,tablet,lunch,True,Saturday
S004505,U00021,R0427,2025-12-06 08:50:31,Chennai,mobile,breakfast,True,Saturday
S004506,U04988,R0711,2026-02-19 21:50:31,Chennai,mobile,dinner,False,Thursday
S004507,U01177,R0217,2026-01-27 04:00:31,Mumbai,web,late_night,False,Tuesday
S004508,U03394,R0568,2025-12-17 12:55:31,Hyderabad,web,lunch,False,Wednesday
S004509,U03008,R0623,2026-02-01 22:20:31,Mumbai,mobile,late_night,True,Sunday
S004510,U02030,R0046,2025-12-26 20:12:31,Kolkata,mobile,dinner,False,Friday
S004511,U01507,R0576,2026-02-23 16:29:31,Mumbai,mobile,snack,False,Monday
S004512,U03968,R0301,2025-12-04 09:55:31,Chennai,mobile,breakfast,False,Thursday
S004513,U00432,R0722,2026-02-15 10:50:31,Delhi,mobile,breakfast,True,Sunday
S004514,U04533,R0548,2025-12-18 12:55:31,Delhi,mobile,lunch,False,Thursday
S004515,U00538,R0214,2025-12-12 10:32:31,Delhi,mobile,breakfast,False,Friday
S004516,U01365,R0708,2025-12-31 13:12:31,Bangalore,web,lunch,False,Wednesday
S004517,U02737,R0528,2026-02-12 08:50:31,Hyderabad,mobile,breakfast,False,Thursday
S004518,U02686,R0258,2026-02-02 21:48:31,Chennai,mobile,dinner,False,Monday
S004519,U01477,R0072,2026-02-08 18:17:31,Chennai,mobile,dinner,True,Sunday
S004520,U04145,R0704,2026-01-22 18:53:31,Delhi,tablet,dinner,False,Thursday
S004521,U01774,R0075,2026-01-01 18:45:31,Bangalore,mobile,dinner,False,Thursday
S004522,U03826,R0711,2026-02-16 13:39:31,Chennai,mobile,lunch,False,Monday
S004523,U00717,R0440,2025-12-25 20:12:31,Mumbai,mobile,dinner,False,Thursday
S004524,U04347,R0203,2025-12-28 19:53:31,Chennai,mobile,dinner,True,Sunday
S004525,U04872,R0757,2026-01-15 18:07:31,Bangalore,mobile,dinner,False,Thursday
S004526,U03351,R0171,2026-01-04 07:10:31,Kolkata,mobile,breakfast,True,Sunday
S004527,U03681,R0757,2026-02-21 19:13:31,Bangalore,tablet,dinner,True,Saturday
S004528,U00168,R0525,2026-01-25 19:34:31,Kolkata,mobile,dinner,True,Sunday
S004529,U02754,R0635,2026-01-13 15:33:31,Pune,mobile,snack,False,Tuesday
S004530,U02438,R0748,2026-02-05 11:00:31,Hyderabad,mobile,lunch,False,Thursday
S004531,U04226,R0251,2026-02-15 06:11:31,Kolkata,mobile,breakfast,True,Sunday
S004532,U00715,R0778,2025-11-29 23:23:31,Chennai,mobile,late_night,True,Saturday
S004533,U03419,R0544,2026-02-25 17:34:31,Kolkata,mobile,snack,False,Wednesday
S004534,U00468,R0404,2026-02-22 10:16:31,Chennai,web,breakfast,True,Sunday
S004535,U01723,R0044,2026-02-16 19:09:31,Delhi,web,dinner,False,Monday
S004536,U03179,R0767,2026-02-01 08:09:31,Hyderabad,web,breakfast,True,Sunday
S004537,U02234,R0601,2026-01-19 14:42:31,Pune,mobile,lunch,False,Monday
S004538,U03771,R0707,2025-12-31 10:01:31,Kolkata,mobile,breakfast,False,Wednesday
S004539,U00789,R0467,2025-12-28 20:40:31,Pune,mobile,dinner,True,Sunday
S004540,U00901,R0293,2025-12-27 21:12:31,Delhi,mobile,dinner,True,Saturday
S004541,U00218,R0789,2026-01-17 09:12:31,Chennai,mobile,breakfast,True,Saturday
S004542,U02228,R0493,2026-01-04 21:43:31,Hyderabad,web,dinner,True,Sunday
S004543,U02135,R0465,2026-01-05 07:44:31,Kolkata,mobile,breakfast,False,Monday
S004544,U01127,R0415,2026-01-28 03:33:31,Pune,mobile,late_night,False,Wednesday
S004545,U04120,R0117,2026-01-02 17:53:31,Delhi,mobile,snack,False,Friday
S004546,U02802,R0047,2026-01-14 20:40:31,Pune,mobile,dinner,False,Wednesday
S004547,U01604,R0325,2026-02-02 19:00:31,Kolkata,web,dinner,False,Monday
S004548,U01244,R0450,2026-01-18 19:19:31,Bangalore,mobile,dinner,True,Sunday
S004549,U00272,R0766,2026-01-16 00:46:31,Bangalore,mobile,late_night,False,Friday
S004550,U00261,R0541,2026-01-03 11:43:31,Hyderabad,mobile,lunch,True,Saturday
S004551,U00122,R0268,2026-02-26 18:53:31,Chennai,web,dinner,False,Thursday
S004552,U04582,R0615,2025-12-08 10:42:31,Bangalore,mobile,breakfast,False,Monday
S004553,U01886,R0679,2026-02-11 12:17:31,Delhi,mobile,lunch,False,Wednesday
S004554,U04515,R0429,2025-12-02 10:48:31,Bangalore,mobile,breakfast,False,Tuesday
S004555,U01081,R0464,2026-01-17 07:37:31,Mumbai,mobile,breakfast,True,Saturday
S004556,U00031,R0123,2025-12-12 13:39:31,Bangalore,mobile,lunch,False,Friday
S004557,U04184,R0489,2026-02-12 20:46:31,Bangalore,tablet,dinner,False,Thursday
S004558,U03533,R0694,2026-01-18 20:00:31,Kolkata,mobile,dinner,True,Sunday
S004559,U00202,R0461,2026-01-03 16:23:31,Chennai,mobile,snack,True,Saturday
S004560,U04634,R0055,2026-01-26 21:59:31,Bangalore,mobile,dinner,False,Monday
S004561,U01847,R0425,2025-12-10 23:48:31,Chennai,mobile,late_night,False,Wednesday
S004562,U04865,R0688,2026-02-05 08:22:31,Chennai,mobile,breakfast,False,Thursday
S004563,U02004,R0464,2025-12-13 03:10:31,Mumbai,mobile,late_night,True,Saturday
S004564,U01870,R0326,2025-12-12 12:02:31,Mumbai,web,lunch,False,Friday
S004565,U02580,R0275,2026-02-05 10:22:31,Bangalore,mobile,breakfast,False,Thursday
S004566,U04124,R0396,2025-12-28 07:50:31,Chennai,mobile,breakfast,True,Sunday
S004567,U03625,R0738,2025-12-30 02:20:31,Pune,web,late_night,False,Tuesday
S004568,U01312,R0563,2026-01-08 07:49:31,Mumbai,mobile,breakfast,False,Thursday
S004569,U02051,R0147,2026-01-03 07:55:31,Delhi,mobile,breakfast,True,Saturday
S004570,U04674,R0697,2025-12-03 11:20:31,Mumbai,web,lunch,False,Wednesday
S004571,U04663,R0197,2026-02-12 20:20:31,Chennai,mobile,dinner,False,Thursday
S004572,U00742,R0564,2025-12-02 14:55:31,Pune,mobile,lunch,False,Tuesday
S004573,U00068,R0656,2025-12-27 11:54:31,Kolkata,mobile,lunch,True,Saturday
S004574,U02079,R0766,2026-01-08 13:20:31,Bangalore,mobile,lunch,False,Thursday
S004575,U00433,R0233,2025-12-10 03:42:31,Pune,mobile,late_night,False,Wednesday
S004576,U00652,R0304,2026-01-24 18:40:31,Pune,mobile,dinner,True,Saturday
S004577,U03588,R0677,2026-01-27 12:12:31,Delhi,mobile,lunch,False,Tuesday
S004578,U03661,R0289,2026-02-09 08:29:31,Pune,mobile,breakfast,False,Monday
S004579,U02914,R0276,2026-01-05 08:57:31,Bangalore,mobile,breakfast,False,Monday
S004580,U02062,R0284,2026-02-18 11:08:31,Pune,mobile,lunch,False,Wednesday
S004581,U01255,R0608,2026-01-27 22:37:31,Hyderabad,mobile,late_night,False,Tuesday
S004582,U03000,R0358,2026-02-09 10:21:31,Pune,mobile,breakfast,False,Monday
S004583,U01020,R0422,2026-01-03 06:08:31,Kolkata,mobile,breakfast,True,Saturday
S004584,U04802,R0623,2026-01-19 10:05:31,Mumbai,mobile,breakfast,False,Monday
S004585,U04934,R0697,2026-02-02 14:39:31,Mumbai,mobile,lunch,False,Monday
S004586,U01098,R0754,2026-01-29 18:13:31,Hyderabad,mobile,dinner,False,Thursday
S004587,U00338,R0672,2025-12-09 14:12:31,Delhi,mobile,lunch,False,Tuesday
S004588,U03977,R0289,2025-12-28 21:12:31,Pune,mobile,dinner,True,Sunday
S004589,U03929,R0478,2026-01-31 02:19:31,Hyderabad,mobile,late_night,True,Saturday
S004590,U03263,R0325,2025-12-12 21:12:31,Kolkata,mobile,dinner,False,Friday
S004591,U03335,R0671,2025-12-14 13:41:31,Hyderabad,mobile,lunch,True,Sunday
S004592,U02517,R0308,2025-12-08 07:19:31,Bangalore,mobile,breakfast,False,Monday
S004593,U04810,R0614,2025-12-10 12:58:31,Hyderabad,mobile,lunch,False,Wednesday
S004594,U03389,R0373,2026-01-26 10:25:31,Pune,mobile,breakfast,False,Monday
S004595,U03020,R0716,2025-12-04 12:41:31,Hyderabad,mobile,lunch,False,Thursday
S004596,U02022,R0566,2025-12-15 13:20:31,Delhi,web,lunch,False,Monday
S004597,U00336,R0385,2025-12-23 13:18:31,Bangalore,mobile,lunch,False,Tuesday
S004598,U04417,R0183,2026-02-24 22:54:31,Bangalore,mobile,late_night,False,Tuesday
S004599,U02537,R0220,2026-01-06 21:04:31,Hyderabad,web,dinner,False,Tuesday
S004600,U01524,R0643,2025-12-27 05:43:31,Hyderabad,mobile,late_night,True,Saturday
S004601,U04907,R0440,2026-01-15 10:42:31,Mumbai,mobile,breakfast,False,Thursday
S004602,U04516,R0591,2026-02-16 19:54:31,Hyderabad,mobile,dinner,False,Monday
S004603,U03135,R0352,2026-01-12 06:13:31,Mumbai,web,breakfast,False,Monday
S004604,U03857,R0365,2026-01-07 13:24:31,Kolkata,web,lunch,False,Wednesday
S004605,U03575,R0269,2026-02-11 20:45:31,Mumbai,mobile,dinner,False,Wednesday
S004606,U04538,R0742,2025-12-04 07:25:31,Mumbai,mobile,breakfast,False,Thursday
S004607,U02696,R0351,2025-12-20 08:01:31,Chennai,mobile,breakfast,True,Saturday
S004608,U00498,R0504,2026-02-07 20:56:31,Mumbai,web,dinner,True,Saturday
S004609,U01402,R0379,2025-11-28 23:17:31,Mumbai,mobile,late_night,False,Friday
S004610,U01319,R0436,2025-12-05 18:18:31,Mumbai,mobile,dinner,False,Friday
S004611,U04944,R0517,2025-12-07 21:25:31,Chennai,mobile,dinner,True,Sunday
S004612,U03634,R0476,2025-12-23 17:05:31,Mumbai,mobile,snack,False,Tuesday
S004613,U01346,R0013,2025-12-17 20:38:31,Delhi,mobile,dinner,False,Wednesday
S004614,U02510,R0414,2025-12-06 09:43:31,Mumbai,mobile,breakfast,True,Saturday
S004615,U02152,R0358,2025-12-05 21:59:31,Pune,mobile,dinner,False,Friday
S004616,U01113,R0521,2025-12-11 14:47:31,Mumbai,mobile,lunch,False,Thursday
S004617,U00507,R0501,2025-11-28 02:04:31,Mumbai,mobile,late_night,False,Friday
S004618,U02950,R0716,2025-12-02 15:39:31,Hyderabad,mobile,snack,False,Tuesday
S004619,U00508,R0520,2025-12-10 13:30:31,Chennai,mobile,lunch,False,Wednesday
S004620,U01611,R0532,2026-02-03 00:53:31,Pune,web,late_night,False,Tuesday
S004621,U03110,R0638,2026-01-08 14:49:31,Hyderabad,mobile,lunch,False,Thursday
S004622,U02603,R0333,2026-02-02 12:39:31,Pune,mobile,lunch,False,Monday
S004623,U04509,R0512,2026-02-12 07:22:31,Pune,mobile,breakfast,False,Thursday
S004624,U04382,R0473,2026-01-26 17:55:31,Kolkata,mobile,snack,False,Monday
S004625,U04290,R0225,2026-02-18 22:48:31,Chennai,tablet,late_night,False,Wednesday
S004626,U02638,R0413,2026-02-15 11:18:31,Bangalore,web,lunch,True,Sunday
S004627,U00353,R0162,2026-01-05 19:29:31,Pune,mobile,dinner,False,Monday
S004628,U00940,R0047,2025-12-17 19:03:31,Pune,mobile,dinner,False,Wednesday
S004629,U03856,R0609,2025-12-31 09:55:31,Bangalore,mobile,breakfast,False,Wednesday
S004630,U00195,R0040,2025-12-29 12:03:31,Bangalore,mobile,lunch,False,Monday
S004631,U02110,R0223,2025-12-21 08:24:31,Delhi,mobile,breakfast,True,Sunday
S004632,U03779,R0699,2025-12-18 01:18:31,Pune,mobile,late_night,False,Thursday
S004633,U02804,R0170,2026-02-07 21:27:31,Chennai,mobile,dinner,True,Saturday
S004634,U02316,R0638,2026-01-30 05:00:31,Hyderabad,web,late_night,False,Friday
S004635,U00252,R0109,2026-02-11 22:33:31,Delhi,tablet,late_night,False,Wednesday
S004636,U03976,R0074,2026-01-17 22:52:31,Delhi,mobile,late_night,True,Saturday
S004637,U03698,R0764,2026-02-16 20:22:31,Delhi,web,dinner,False,Monday
S004638,U01413,R0545,2026-01-06 04:32:31,Kolkata,mobile,late_night,False,Tuesday
S004639,U00537,R0335,2026-02-07 10:40:31,Bangalore,mobile,breakfast,True,Saturday
S004640,U04033,R0422,2025-12-14 21:17:31,Kolkata,mobile,dinner,True,Sunday
S004641,U03194,R0257,2025-12-27 11:08:31,Kolkata,mobile,lunch,True,Saturday
S004642,U03258,R0251,2026-01-02 23:50:31,Kolkata,mobile,late_night,False,Friday
S004643,U04737,R0495,2026-01-01 09:30:31,Kolkata,mobile,breakfast,False,Thursday
S004644,U00768,R0223,2025-11-30 13:36:31,Delhi,mobile,lunch,True,Sunday
S004645,U02629,R0661,2026-02-20 11:42:31,Mumbai,tablet,lunch,False,Friday
S004646,U00046,R0720,2025-12-12 03:36:31,Hyderabad,mobile,late_night,False,Friday
S004647,U01671,R0053,2026-01-12 10:37:31,Kolkata,web,breakfast,False,Monday
S004648,U01049,R0753,2025-12-29 10:49:31,Chennai,mobile,breakfast,False,Monday
S004649,U03564,R0392,2025-12-04 12:28:31,Delhi,web,lunch,False,Thursday
S004650,U03178,R0750,2026-02-06 13:03:31,Chennai,mobile,lunch,False,Friday
S004651,U02299,R0686,2026-01-26 20:27:31,Mumbai,mobile,dinner,False,Monday
S004652,U02458,R0203,2026-01-02 03:46:31,Chennai,web,late_night,False,Friday
S004653,U04999,R0642,2026-02-19 20:02:31,Mumbai,tablet,dinner,False,Thursday
S004654,U02245,R0156,2025-12-17 18:06:31,Hyderabad,mobile,dinner,False,Wednesday
S004655,U00851,R0303,2025-12-14 17:31:31,Bangalore,mobile,snack,True,Sunday
S004656,U04055,R0049,2026-01-01 14:51:31,Delhi,web,lunch,False,Thursday
S004657,U04403,R0090,2026-02-09 01:28:31,Delhi,mobile,late_night,False,Monday
S004658,U00232,R0047,2026-02-07 11:09:31,Pune,web,lunch,True,Saturday
S004659,U01070,R0789,2026-02-25 17:05:31,Chennai,web,snack,False,Wednesday
S004660,U01057,R0746,2025-12-14 19:52:31,Pune,web,dinner,True,Sunday
S004661,U02407,R0495,2026-01-13 08:38:31,Kolkata,mobile,breakfast,False,Tuesday
S004662,U02904,R0023,2025-12-28 16:41:31,Mumbai,tablet,snack,True,Sunday
S004663,U02577,R0262,2026-01-20 21:56:31,Mumbai,web,dinner,False,Tuesday
S004664,U01134,R0775,2025-12-08 18:59:31,Delhi,mobile,dinner,False,Monday
S004665,U00734,R0738,2025-12-24 21:45:31,Pune,mobile,dinner,False,Wednesday
S004666,U02653,R0192,2025-12-27 12:18:31,Pune,mobile,lunch,True,Saturday
S004667,U03912,R0447,2026-02-16 13:25:31,Delhi,web,lunch,False,Monday
S004668,U03889,R0016,2026-01-28 17:39:31,Pune,mobile,snack,False,Wednesday
S004669,U00865,R0022,2025-12-09 08:00:31,Pune,mobile,breakfast,False,Tuesday
S004670,U02694,R0217,2026-02-15 00:23:31,Mumbai,mobile,late_night,True,Sunday
S004671,U02948,R0111,2026-01-11 20:08:31,Bangalore,mobile,dinner,True,Sunday
S004672,U04856,R0058,2026-02-21 18:04:31,Delhi,web,dinner,True,Saturday
S004673,U00587,R0338,2026-02-22 05:45:31,Pune,mobile,late_night,True,Sunday
S004674,U02426,R0121,2025-12-19 11:30:31,Bangalore,web,lunch,False,Friday
S004675,U02282,R0716,2025-12-30 06:26:31,Hyderabad,mobile,breakfast,False,Tuesday
S004676,U02620,R0478,2025-12-02 23:52:31,Hyderabad,mobile,late_night,False,Tuesday
S004677,U01779,R0560,2026-01-15 13:54:31,Hyderabad,web,lunch,False,Thursday
S004678,U02770,R0092,2026-01-30 11:45:31,Bangalore,mobile,lunch,False,Friday
S004679,U00509,R0114,2026-02-24 03:08:31,Bangalore,web,late_night,False,Tuesday
S004680,U04440,R0764,2025-12-01 11:55:31,Delhi,tablet,lunch,False,Monday
S004681,U02484,R0602,2025-12-06 16:37:31,Pune,mobile,snack,True,Saturday
S004682,U01419,R0717,2025-12-15 07:20:31,Kolkata,mobile,breakfast,False,Monday
S004683,U01838,R0471,2025-12-16 19:27:31,Pune,mobile,dinner,False,Tuesday
S004684,U01760,R0453,2026-02-10 23:06:31,Delhi,web,late_night,False,Tuesday
S004685,U00231,R0349,2026-01-20 05:18:31,Bangalore,mobile,late_night,False,Tuesday
S004686,U03570,R0557,2026-01-15 07:46:31,Pune,mobile,breakfast,False,Thursday
S004687,U03026,R0451,2025-12-26 21:08:31,Chennai,mobile,dinner,False,Friday
S004688,U04610,R0379,2025-12-29 13:52:31,Mumbai,mobile,lunch,False,Monday
S004689,U01747,R0665,2026-01-02 22:21:31,Chennai,mobile,late_night,False,Friday
S004690,U04226,R0187,2026-01-22 11:56:31,Kolkata,mobile,lunch,False,Thursday
S004691,U03552,R0451,2026-02-05 11:04:31,Chennai,mobile,lunch,False,Thursday
S004692,U01929,R0289,2026-01-26 22:02:31,Pune,web,late_night,False,Monday
S004693,U00397,R0583,2026-02-07 19:08:31,Delhi,web,dinner,True,Saturday
S004694,U00010,R0239,2025-12-23 20:07:31,Chennai,mobile,dinner,False,Tuesday
S004695,U00132,R0442,2025-12-22 09:51:31,Bangalore,mobile,breakfast,False,Monday
S004696,U00649,R0712,2026-02-16 03:30:31,Delhi,web,late_night,False,Monday
S004697,U04198,R0193,2026-02-07 10:22:31,Chennai,mobile,breakfast,True,Saturday
S004698,U01029,R0210,2026-02-18 06:00:31,Delhi,mobile,breakfast,False,Wednesday
S004699,U03741,R0406,2026-01-16 19:29:31,Chennai,mobile,dinner,False,Friday
S004700,U03562,R0175,2026-02-19 19:49:31,Delhi,web,dinner,False,Thursday
S004701,U04306,R0519,2025-12-07 18:18:31,Mumbai,web,dinner,True,Sunday
S004702,U00367,R0760,2026-01-26 13:51:31,Hyderabad,mobile,lunch,False,Monday
S004703,U02357,R0498,2026-01-25 07:10:31,Kolkata,mobile,breakfast,True,Sunday
S004704,U01065,R0230,2026-01-14 18:43:31,Pune,mobile,dinner,False,Wednesday
S004705,U03524,R0581,2026-01-22 20:50:31,Delhi,mobile,dinner,False,Thursday
S004706,U02873,R0302,2026-02-24 09:57:31,Delhi,mobile,breakfast,False,Tuesday
S004707,U01939,R0672,2026-01-04 23:35:31,Delhi,tablet,late_night,True,Sunday
S004708,U04763,R0060,2025-11-29 12:08:31,Mumbai,web,lunch,True,Saturday
S004709,U04560,R0399,2026-01-16 00:01:31,Bangalore,web,late_night,False,Friday
S004710,U00715,R0713,2025-12-22 20:22:31,Chennai,mobile,dinner,False,Monday
S004711,U03129,R0449,2026-01-29 21:32:31,Chennai,mobile,dinner,False,Thursday
S004712,U04405,R0257,2026-01-30 13:11:31,Kolkata,mobile,lunch,False,Friday
S004713,U03254,R0628,2026-02-13 12:33:31,Hyderabad,mobile,lunch,False,Friday
S004714,U02256,R0058,2026-02-26 21:42:31,Delhi,mobile,dinner,False,Thursday
S004715,U02696,R0180,2026-02-12 08:54:31,Chennai,mobile,breakfast,False,Thursday
S004716,U01094,R0676,2025-12-01 09:57:31,Chennai,mobile,breakfast,False,Monday
S004717,U00372,R0520,2026-02-23 12:11:31,Chennai,mobile,lunch,False,Monday
S004718,U03057,R0315,2026-01-30 12:39:31,Kolkata,mobile,lunch,False,Friday
S004719,U00443,R0003,2026-01-22 14:44:31,Bangalore,mobile,lunch,False,Thursday
S004720,U00278,R0038,2026-01-09 21:02:31,Pune,mobile,dinner,False,Friday
S004721,U03430,R0696,2026-02-18 04:35:31,Bangalore,mobile,late_night,False,Wednesday
S004722,U04158,R0442,2026-01-16 20:03:31,Bangalore,web,dinner,False,Friday
S004723,U01830,R0710,2025-12-26 10:09:31,Delhi,web,breakfast,False,Friday
S004724,U02035,R0592,2026-01-05 20:57:31,Kolkata,mobile,dinner,False,Monday
S004725,U04340,R0545,2025-12-06 12:11:31,Kolkata,mobile,lunch,True,Saturday
S004726,U01588,R0022,2026-01-07 06:40:31,Pune,mobile,breakfast,False,Wednesday
S004727,U02401,R0568,2025-11-28 16:16:31,Hyderabad,mobile,snack,False,Friday
S004728,U00480,R0370,2025-12-15 20:22:31,Chennai,mobile,dinner,False,Monday
S004729,U04703,R0659,2026-02-11 14:59:31,Bangalore,web,lunch,False,Wednesday
S004730,U01941,R0699,2025-12-14 16:00:31,Pune,mobile,snack,True,Sunday
S004731,U03690,R0682,2026-01-22 20:08:31,Delhi,mobile,dinner,False,Thursday
S004732,U01470,R0087,2026-01-03 19:48:31,Hyderabad,mobile,dinner,True,Saturday
S004733,U00901,R0580,2026-02-13 12:00:31,Delhi,mobile,lunch,False,Friday
S004734,U00093,R0402,2026-02-12 08:12:31,Delhi,mobile,breakfast,False,Thursday
S004735,U03887,R0331,2025-12-22 15:38:31,Bangalore,web,snack,False,Monday
S004736,U04534,R0339,2026-01-10 18:27:31,Mumbai,mobile,dinner,True,Saturday
S004737,U01323,R0763,2025-12-26 19:34:31,Pune,mobile,dinner,False,Friday
S004738,U03611,R0190,2026-01-19 17:53:31,Bangalore,mobile,snack,False,Monday
S004739,U01922,R0640,2026-02-06 06:10:31,Mumbai,web,breakfast,False,Friday
S004740,U02483,R0430,2026-01-16 20:44:31,Bangalore,web,dinner,False,Friday
S004741,U01662,R0126,2026-01-24 10:51:31,Chennai,web,breakfast,True,Saturday
S004742,U00731,R0645,2026-02-23 11:28:31,Pune,mobile,lunch,False,Monday
S004743,U02518,R0760,2026-02-06 15:06:31,Hyderabad,mobile,snack,False,Friday
S004744,U01108,R0635,2026-02-22 18:34:31,Pune,web,dinner,True,Sunday
S004745,U04209,R0397,2025-12-16 13:22:31,Mumbai,mobile,lunch,False,Tuesday
S004746,U00563,R0280,2026-01-05 19:40:31,Pune,mobile,dinner,False,Monday
S004747,U00947,R0797,2026-02-15 14:45:31,Bangalore,mobile,lunch,True,Sunday
S004748,U01300,R0750,2026-01-24 16:39:31,Chennai,mobile,snack,True,Saturday
S004749,U03955,R0710,2026-01-21 19:43:31,Delhi,mobile,dinner,False,Wednesday
S004750,U04836,R0322,2026-02-05 11:45:31,Chennai,mobile,lunch,False,Thursday
S004751,U02101,R0356,2025-12-10 16:34:31,Delhi,mobile,snack,False,Wednesday
S004752,U04790,R0422,2026-01-24 15:33:31,Kolkata,mobile,snack,True,Saturday
S004753,U02467,R0584,2026-01-17 18:02:31,Mumbai,mobile,dinner,True,Saturday
S004754,U00850,R0257,2026-01-03 08:58:31,Kolkata,web,breakfast,True,Saturday
S004755,U01300,R0063,2026-01-11 01:29:31,Chennai,mobile,late_night,True,Sunday
S004756,U04608,R0748,2026-01-09 04:08:31,Hyderabad,mobile,late_night,False,Friday
S004757,U00197,R0785,2026-01-01 20:29:31,Bangalore,mobile,dinner,False,Thursday
S004758,U03131,R0051,2026-02-23 04:48:31,Mumbai,mobile,late_night,False,Monday
S004759,U04531,R0057,2025-12-13 18:49:31,Hyderabad,mobile,dinner,True,Saturday
S004760,U02340,R0078,2026-02-08 04:37:31,Mumbai,mobile,late_night,True,Sunday
S004761,U02823,R0418,2025-12-11 11:59:31,Bangalore,web,lunch,False,Thursday
S004762,U04725,R0083,2026-02-12 11:02:31,Delhi,mobile,lunch,False,Thursday
S004763,U03619,R0739,2026-02-11 14:25:31,Mumbai,tablet,lunch,False,Wednesday
S004764,U04315,R0368,2026-02-22 14:35:31,Mumbai,mobile,lunch,True,Sunday
S004765,U03808,R0664,2025-12-16 07:11:31,Delhi,mobile,breakfast,False,Tuesday
S004766,U02598,R0271,2025-12-01 12:13:31,Chennai,mobile,lunch,False,Monday
S004767,U04559,R0301,2025-12-14 14:53:31,Chennai,mobile,lunch,True,Sunday
S004768,U01653,R0514,2026-01-03 06:39:31,Kolkata,mobile,breakfast,True,Saturday
S004769,U01888,R0723,2026-02-24 22:34:31,Mumbai,web,late_night,False,Tuesday
S004770,U00422,R0094,2026-01-08 06:43:31,Delhi,mobile,breakfast,False,Thursday
S004771,U00288,R0457,2026-02-17 09:07:31,Delhi,mobile,breakfast,False,Tuesday
S004772,U04014,R0030,2026-02-26 08:54:31,Mumbai,mobile,breakfast,False,Thursday
S004773,U01876,R0643,2026-02-18 20:47:31,Hyderabad,mobile,dinner,False,Wednesday
S004774,U00022,R0304,2026-02-26 01:38:31,Pune,mobile,late_night,False,Thursday
S004775,U02309,R0090,2025-12-11 08:55:31,Delhi,mobile,breakfast,False,Thursday
S004776,U02573,R0157,2026-02-16 23:54:31,Mumbai,mobile,late_night,False,Monday
S004777,U03635,R0243,2026-02-15 22:36:31,Delhi,mobile,late_night,True,Sunday
S004778,U03196,R0485,2026-01-06 10:18:31,Hyderabad,mobile,breakfast,False,Tuesday
S004779,U04769,R0605,2026-01-04 13:34:31,Hyderabad,mobile,lunch,True,Sunday
S004780,U02412,R0327,2026-01-14 13:59:31,Pune,mobile,lunch,False,Wednesday
S004781,U03665,R0668,2025-12-31 18:40:31,Bangalore,tablet,dinner,False,Wednesday
S004782,U02736,R0694,2026-02-26 19:04:31,Kolkata,web,dinner,False,Thursday
S004783,U02456,R0484,2026-02-02 15:43:31,Pune,mobile,snack,False,Monday
S004784,U01676,R0754,2025-12-03 22:19:31,Hyderabad,mobile,late_night,False,Wednesday
S004785,U02059,R0447,2026-02-17 23:56:31,Delhi,mobile,late_night,False,Tuesday
S004786,U02104,R0094,2026-01-28 12:09:31,Delhi,mobile,lunch,False,Wednesday
S004787,U04903,R0031,2026-01-01 11:25:31,Chennai,mobile,lunch,False,Thursday
S004788,U04273,R0724,2025-12-26 16:29:31,Kolkata,mobile,snack,False,Friday
S004789,U02566,R0463,2025-12-29 20:27:31,Delhi,web,dinner,False,Monday
S004790,U01917,R0577,2026-02-02 16:40:31,Mumbai,mobile,snack,False,Monday
S004791,U04400,R0069,2025-12-30 21:12:31,Hyderabad,web,dinner,False,Tuesday
S004792,U04406,R0430,2026-01-13 13:35:31,Bangalore,mobile,lunch,False,Tuesday
S004793,U03999,R0448,2025-11-29 06:09:31,Pune,mobile,breakfast,True,Saturday
S004794,U02941,R0160,2025-12-04 11:17:31,Pune,mobile,lunch,False,Thursday
S004795,U01600,R0595,2026-02-18 17:56:31,Kolkata,mobile,snack,False,Wednesday
S004796,U04767,R0321,2025-12-26 23:29:31,Delhi,mobile,late_night,False,Friday
S004797,U00385,R0493,2026-01-12 11:02:31,Hyderabad,mobile,lunch,False,Monday
S004798,U03810,R0506,2026-01-30 07:43:31,Kolkata,mobile,breakfast,False,Friday
S004799,U02480,R0647,2026-01-07 23:28:31,Delhi,mobile,late_night,False,Wednesday
S004800,U01142,R0243,2025-12-14 20:17:31,Delhi,mobile,dinner,True,Sunday
S004801,U01891,R0202,2026-01-15 15:38:31,Kolkata,mobile,snack,False,Thursday
S004802,U00875,R0227,2026-01-27 05:36:31,Kolkata,web,late_night,False,Tuesday
S004803,U03227,R0425,2025-12-20 22:33:31,Chennai,mobile,late_night,True,Saturday
S004804,U04846,R0150,2026-01-04 18:36:31,Pune,mobile,dinner,True,Sunday
S004805,U02986,R0384,2025-12-22 19:19:31,Delhi,mobile,dinner,False,Monday
S004806,U00120,R0213,2026-01-11 16:29:31,Bangalore,web,snack,True,Sunday
S004807,U02020,R0481,2025-12-26 16:11:31,Mumbai,mobile,snack,False,Friday
S004808,U03710,R0073,2026-01-11 07:55:31,Hyderabad,mobile,breakfast,True,Sunday
S004809,U01297,R0604,2025-12-06 18:38:31,Pune,mobile,dinner,True,Saturday
S004810,U02603,R0602,2026-01-24 20:36:31,Pune,web,dinner,True,Saturday
S004811,U01882,R0800,2026-02-21 12:19:31,Bangalore,mobile,lunch,True,Saturday
S004812,U02607,R0538,2026-01-27 10:25:31,Mumbai,mobile,breakfast,False,Tuesday
S004813,U03585,R0254,2026-02-11 08:02:31,Hyderabad,mobile,breakfast,False,Wednesday
S004814,U02941,R0343,2025-12-08 23:03:31,Pune,mobile,late_night,False,Monday
S004815,U00505,R0002,2025-12-29 21:32:31,Pune,mobile,dinner,False,Monday
S004816,U00157,R0548,2025-12-25 14:37:31,Delhi,mobile,lunch,False,Thursday
S004817,U01183,R0260,2026-01-01 18:07:31,Pune,mobile,dinner,False,Thursday
S004818,U00315,R0199,2026-01-11 10:53:31,Mumbai,mobile,breakfast,True,Sunday
S004819,U01856,R0467,2026-02-13 05:51:31,Pune,mobile,late_night,False,Friday
S004820,U01669,R0536,2025-12-26 12:16:31,Mumbai,mobile,lunch,False,Friday
S004821,U00529,R0418,2026-02-26 11:23:31,Bangalore,mobile,lunch,False,Thursday
S004822,U01970,R0712,2026-01-02 00:56:31,Delhi,mobile,late_night,False,Friday
S004823,U03904,R0110,2026-01-04 12:19:31,Chennai,mobile,lunch,True,Sunday
S004824,U02242,R0205,2026-01-21 12:00:31,Pune,web,lunch,False,Wednesday
S004825,U02597,R0318,2026-01-12 10:25:31,Hyderabad,web,breakfast,False,Monday
S004826,U02262,R0048,2025-12-29 07:11:31,Bangalore,web,breakfast,False,Monday
S004827,U04556,R0403,2026-02-06 12:29:31,Chennai,web,lunch,False,Friday
S004828,U01030,R0389,2026-02-08 16:09:31,Bangalore,mobile,snack,True,Sunday
S004829,U03854,R0421,2025-12-30 22:41:31,Hyderabad,mobile,late_night,False,Tuesday
S004830,U02936,R0765,2026-01-29 09:50:31,Kolkata,tablet,breakfast,False,Thursday
S004831,U04953,R0610,2026-01-28 17:39:31,Chennai,mobile,snack,False,Wednesday
S004832,U01893,R0154,2025-12-21 21:16:31,Bangalore,mobile,dinner,True,Sunday
S004833,U02847,R0677,2026-01-02 11:15:31,Delhi,mobile,lunch,False,Friday
S004834,U00598,R0703,2026-01-24 20:37:31,Chennai,mobile,dinner,True,Saturday
S004835,U03299,R0458,2026-01-02 19:27:31,Chennai,mobile,dinner,False,Friday
S004836,U00929,R0786,2026-02-22 13:12:31,Delhi,mobile,lunch,True,Sunday
S004837,U00041,R0252,2025-12-29 20:17:31,Kolkata,mobile,dinner,False,Monday
S004838,U03423,R0458,2025-12-15 15:50:31,Chennai,mobile,snack,False,Monday
S004839,U01329,R0067,2026-01-25 05:54:31,Kolkata,mobile,late_night,True,Sunday
S004840,U01990,R0402,2025-12-12 08:02:31,Delhi,web,breakfast,False,Friday
S004841,U02538,R0788,2026-01-11 12:26:31,Pune,mobile,lunch,True,Sunday
S004842,U04319,R0290,2026-01-13 01:29:31,Mumbai,mobile,late_night,False,Tuesday
S004843,U01273,R0397,2026-02-17 11:08:31,Mumbai,web,lunch,False,Tuesday
S004844,U04223,R0087,2026-02-21 11:22:31,Hyderabad,tablet,lunch,True,Saturday
S004845,U00900,R0366,2025-12-06 04:27:31,Kolkata,mobile,late_night,True,Saturday
S004846,U02031,R0249,2025-12-02 08:05:31,Hyderabad,mobile,breakfast,False,Tuesday
S004847,U01550,R0742,2026-02-13 19:27:31,Mumbai,mobile,dinner,False,Friday
S004848,U03839,R0761,2026-01-07 12:26:31,Hyderabad,mobile,lunch,False,Wednesday
S004849,U01965,R0085,2025-12-19 14:02:31,Mumbai,mobile,lunch,False,Friday
S004850,U01099,R0678,2026-02-23 18:36:31,Pune,mobile,dinner,False,Monday
S004851,U01070,R0750,2025-12-21 20:44:31,Chennai,web,dinner,True,Sunday
S004852,U04106,R0408,2026-01-25 01:30:31,Mumbai,mobile,late_night,True,Sunday
S004853,U00574,R0787,2026-01-13 13:42:31,Delhi,mobile,lunch,False,Tuesday
S004854,U00559,R0236,2026-01-18 13:08:31,Hyderabad,web,lunch,True,Sunday
S004855,U03035,R0575,2026-02-08 08:55:31,Hyderabad,mobile,breakfast,True,Sunday
S004856,U04999,R0519,2026-01-04 19:49:31,Mumbai,web,dinner,True,Sunday
S004857,U03198,R0350,2026-01-27 09:06:31,Pune,web,breakfast,False,Tuesday
S004858,U00949,R0139,2025-12-19 20:17:31,Delhi,web,dinner,False,Friday
S004859,U03813,R0122,2025-11-29 19:27:31,Chennai,mobile,dinner,True,Saturday
S004860,U04627,R0544,2026-01-31 21:23:31,Kolkata,mobile,dinner,True,Saturday
S004861,U03310,R0280,2025-12-02 18:04:31,Pune,mobile,dinner,False,Tuesday
S004862,U00039,R0769,2026-01-11 14:19:31,Bangalore,mobile,lunch,True,Sunday
S004863,U00410,R0636,2026-02-05 19:15:31,Pune,mobile,dinner,False,Thursday
S004864,U01801,R0443,2026-02-19 09:52:31,Kolkata,mobile,breakfast,False,Thursday
S004865,U01849,R0075,2025-12-27 18:10:31,Bangalore,mobile,dinner,True,Saturday
S004866,U00418,R0622,2025-11-30 19:36:31,Hyderabad,mobile,dinner,True,Sunday
S004867,U01761,R0067,2026-01-19 23:44:31,Kolkata,mobile,late_night,False,Monday
S004868,U02680,R0497,2026-02-25 09:16:31,Chennai,mobile,breakfast,False,Wednesday
S004869,U02561,R0746,2026-01-11 18:35:31,Pune,mobile,dinner,True,Sunday
S004870,U01983,R0454,2026-01-10 10:48:31,Bangalore,mobile,breakfast,True,Saturday
S004871,U04236,R0139,2025-12-29 08:22:31,Delhi,mobile,breakfast,False,Monday
S004872,U04776,R0674,2026-01-12 05:22:31,Kolkata,mobile,late_night,False,Monday
S004873,U01584,R0780,2025-12-03 13:28:31,Kolkata,tablet,lunch,False,Wednesday
S004874,U02775,R0447,2026-02-06 18:51:31,Delhi,mobile,dinner,False,Friday
S004875,U03527,R0054,2025-11-29 10:25:31,Mumbai,mobile,breakfast,True,Saturday
S004876,U02614,R0023,2026-02-26 23:19:31,Mumbai,mobile,late_night,False,Thursday
S004877,U03379,R0412,2026-01-31 21:27:31,Pune,mobile,dinner,True,Saturday
S004878,U00270,R0320,2026-01-17 12:05:31,Bangalore,web,lunch,True,Saturday
S004879,U04772,R0192,2025-12-23 16:37:31,Pune,mobile,snack,False,Tuesday
S004880,U00431,R0325,2025-12-11 18:36:31,Kolkata,mobile,dinner,False,Thursday
S004881,U02048,R0687,2026-02-11 13:28:31,Hyderabad,mobile,lunch,False,Wednesday
S004882,U04661,R0312,2026-02-25 14:31:31,Mumbai,mobile,lunch,False,Wednesday
S004883,U03812,R0206,2025-12-24 14:33:31,Kolkata,mobile,lunch,False,Wednesday
S004884,U02330,R0059,2025-12-26 19:25:31,Kolkata,mobile,dinner,False,Friday
S004885,U02620,R0246,2025-12-20 21:11:31,Hyderabad,mobile,dinner,True,Saturday
S004886,U01226,R0136,2026-01-21 11:05:31,Chennai,mobile,lunch,False,Wednesday
S004887,U04796,R0025,2026-01-09 15:06:31,Chennai,mobile,snack,False,Friday
S004888,U03693,R0758,2026-01-25 20:37:31,Mumbai,web,dinner,True,Sunday
S004889,U01961,R0779,2026-01-17 21:06:31,Chennai,mobile,dinner,True,Saturday
S004890,U02804,R0364,2025-12-05 12:36:31,Chennai,mobile,lunch,False,Friday
S004891,U01391,R0525,2026-01-21 16:43:31,Kolkata,mobile,snack,False,Wednesday
S004892,U01452,R0183,2026-02-14 13:52:31,Bangalore,mobile,lunch,True,Saturday
S004893,U03819,R0481,2026-01-17 07:34:31,Mumbai,web,breakfast,True,Saturday
S004894,U02491,R0022,2026-01-07 12:36:31,Pune,mobile,lunch,False,Wednesday
S004895,U04420,R0723,2026-01-02 21:00:31,Mumbai,mobile,dinner,False,Friday
S004896,U00490,R0007,2026-01-11 15:18:31,Bangalore,mobile,snack,True,Sunday
S004897,U01541,R0040,2025-12-04 22:48:31,Bangalore,mobile,late_night,False,Thursday
S004898,U03798,R0283,2026-01-21 21:05:31,Delhi,web,dinner,False,Wednesday
S004899,U02834,R0567,2026-02-14 11:11:31,Pune,mobile,lunch,True,Saturday
S004900,U01744,R0143,2026-01-10 18:39:31,Chennai,mobile,dinner,True,Saturday
S004901,U04043,R0425,2025-12-26 06:28:31,Chennai,mobile,breakfast,False,Friday
S004902,U02224,R0133,2026-01-09 08:18:31,Hyderabad,web,breakfast,False,Friday
S004903,U01328,R0444,2025-12-11 14:31:31,Bangalore,tablet,lunch,False,Thursday
S004904,U01800,R0362,2026-01-23 14:01:31,Delhi,mobile,lunch,False,Friday
S004905,U02985,R0058,2025-12-09 16:51:31,Delhi,mobile,snack,False,Tuesday
S004906,U03500,R0356,2026-01-11 09:57:31,Delhi,web,breakfast,True,Sunday
S004907,U04855,R0454,2026-01-09 19:03:31,Bangalore,mobile,dinner,False,Friday
S004908,U01696,R0104,2025-12-01 14:59:31,Pune,mobile,lunch,False,Monday
S004909,U00701,R0385,2026-02-14 10:33:31,Bangalore,mobile,breakfast,True,Saturday
S004910,U04463,R0782,2025-12-02 21:39:31,Bangalore,mobile,dinner,False,Tuesday
S004911,U01715,R0695,2025-12-17 18:22:31,Kolkata,web,dinner,False,Wednesday
S004912,U02558,R0005,2026-01-02 12:55:31,Pune,mobile,lunch,False,Friday
S004913,U01628,R0362,2026-02-25 18:53:31,Delhi,web,dinner,False,Wednesday
S004914,U02703,R0489,2025-12-22 10:31:31,Bangalore,mobile,breakfast,False,Monday
S004915,U03416,R0089,2026-01-05 06:03:31,Mumbai,mobile,breakfast,False,Monday
S004916,U03925,R0150,2026-02-07 07:45:31,Pune,web,breakfast,True,Saturday
S004917,U02628,R0535,2026-01-07 10:55:31,Mumbai,mobile,breakfast,False,Wednesday
S004918,U00156,R0648,2026-02-22 06:44:31,Delhi,mobile,breakfast,True,Sunday
S004919,U04143,R0790,2026-01-28 01:21:31,Kolkata,mobile,late_night,False,Wednesday
S004920,U04035,R0060,2025-12-20 06:07:31,Mumbai,mobile,breakfast,True,Saturday
S004921,U04113,R0656,2025-12-19 20:42:31,Kolkata,mobile,dinner,False,Friday
S004922,U02101,R0293,2025-12-08 19:57:31,Delhi,mobile,dinner,False,Monday
S004923,U01174,R0737,2025-12-26 07:07:31,Delhi,web,breakfast,False,Friday
S004924,U02359,R0273,2026-01-30 07:57:31,Mumbai,mobile,breakfast,False,Friday
S004925,U01340,R0498,2026-01-30 23:46:31,Kolkata,web,late_night,False,Friday
S004926,U04209,R0234,2026-02-20 23:48:31,Mumbai,mobile,late_night,False,Friday
S004927,U01007,R0683,2025-12-23 11:28:31,Hyderabad,mobile,lunch,False,Tuesday
S004928,U01257,R0135,2026-01-26 22:49:31,Mumbai,mobile,late_night,False,Monday
S004929,U03041,R0307,2025-12-19 06:27:31,Kolkata,web,breakfast,False,Friday
S004930,U01856,R0405,2026-01-29 21:23:31,Pune,mobile,dinner,False,Thursday
S004931,U03339,R0316,2026-02-08 13:55:31,Chennai,web,lunch,True,Sunday
S004932,U02029,R0569,2026-01-01 19:44:31,Kolkata,web,dinner,False,Thursday
S004933,U02748,R0019,2026-01-20 20:24:31,Bangalore,mobile,dinner,False,Tuesday
S004934,U00738,R0145,2026-02-16 10:36:31,Kolkata,mobile,breakfast,False,Monday
S004935,U00615,R0249,2026-02-16 15:25:31,Hyderabad,mobile,snack,False,Monday
S004936,U00580,R0357,2026-01-10 12:03:31,Bangalore,mobile,lunch,True,Saturday
S004937,U03447,R0605,2026-02-25 09:30:31,Hyderabad,web,breakfast,False,Wednesday
S004938,U03559,R0318,2025-12-20 10:44:31,Hyderabad,mobile,breakfast,True,Saturday
S004939,U02332,R0523,2026-01-08 07:38:31,Delhi,mobile,breakfast,False,Thursday
S004940,U01231,R0308,2026-02-26 19:50:31,Bangalore,mobile,dinner,False,Thursday
S004941,U02709,R0341,2025-12-29 18:34:31,Bangalore,mobile,dinner,False,Monday
S004942,U02170,R0415,2026-02-16 15:49:31,Pune,mobile,snack,False,Monday
S004943,U02178,R0619,2026-01-30 20:11:31,Hyderabad,web,dinner,False,Friday
S004944,U04357,R0619,2026-02-09 21:40:31,Hyderabad,mobile,dinner,False,Monday
S004945,U03025,R0775,2025-12-19 07:35:31,Delhi,web,breakfast,False,Friday
S004946,U01667,R0083,2026-01-01 13:08:31,Delhi,mobile,lunch,False,Thursday
S004947,U00326,R0642,2025-12-24 10:47:31,Mumbai,mobile,breakfast,False,Wednesday
S004948,U00704,R0690,2026-02-02 14:10:31,Delhi,web,lunch,False,Monday
S004949,U01345,R0158,2025-12-07 06:16:31,Mumbai,mobile,breakfast,True,Sunday
S004950,U04069,R0441,2026-02-17 10:44:31,Chennai,mobile,breakfast,False,Tuesday
S004951,U02571,R0650,2026-02-20 17:50:31,Hyderabad,mobile,snack,False,Friday
S004952,U00065,R0158,2026-01-07 14:13:31,Mumbai,web,lunch,False,Wednesday
S004953,U04445,R0239,2026-01-31 16:55:31,Chennai,mobile,snack,True,Saturday
S004954,U03945,R0007,2025-12-06 07:36:31,Bangalore,mobile,breakfast,True,Saturday
S004955,U04793,R0690,2026-02-02 17:04:31,Delhi,web,snack,False,Monday
S004956,U01457,R0763,2025-12-16 12:19:31,Pune,mobile,lunch,False,Tuesday
S004957,U00472,R0342,2026-02-20 15:21:31,Mumbai,tablet,snack,False,Friday
S004958,U01971,R0183,2026-02-16 00:50:31,Bangalore,web,late_night,False,Monday
S004959,U02124,R0310,2026-02-13 13:25:31,Hyderabad,tablet,lunch,False,Friday
S004960,U02105,R0773,2026-01-18 13:13:31,Mumbai,mobile,lunch,True,Sunday
S004961,U01494,R0469,2026-02-22 18:58:31,Delhi,web,dinner,True,Sunday
S004962,U01590,R0279,2025-12-06 13:42:31,Mumbai,mobile,lunch,True,Saturday
S004963,U00094,R0245,2026-01-05 22:05:31,Delhi,mobile,late_night,False,Monday
S004964,U04274,R0339,2025-12-04 16:24:31,Mumbai,web,snack,False,Thursday
S004965,U03327,R0401,2025-12-23 18:31:31,Hyderabad,web,dinner,False,Tuesday
S004966,U02820,R0015,2026-01-06 08:23:31,Bangalore,mobile,breakfast,False,Tuesday
S004967,U00849,R0789,2026-02-15 14:54:31,Chennai,mobile,lunch,True,Sunday
S004968,U03924,R0018,2026-02-12 17:38:31,Chennai,web,snack,False,Thursday
S004969,U03476,R0230,2026-01-28 11:39:31,Pune,mobile,lunch,False,Wednesday
S004970,U04329,R0558,2025-12-08 16:52:31,Pune,mobile,snack,False,Monday
S004971,U03762,R0420,2025-12-16 01:50:31,Chennai,mobile,late_night,False,Tuesday
S004972,U03695,R0690,2025-12-31 12:45:31,Delhi,mobile,lunch,False,Wednesday
S004973,U00679,R0218,2025-12-02 06:26:31,Bangalore,web,breakfast,False,Tuesday
S004974,U02699,R0590,2025-11-30 08:12:31,Bangalore,mobile,breakfast,True,Sunday
S004975,U01765,R0065,2026-01-18 10:23:31,Mumbai,mobile,breakfast,True,Sunday
S004976,U04595,R0328,2025-12-29 13:11:31,Delhi,mobile,lunch,False,Monday
S004977,U03761,R0244,2025-12-09 00:15:31,Delhi,tablet,late_night,False,Tuesday
S004978,U02502,R0105,2025-12-07 11:55:31,Pune,mobile,lunch,True,Sunday
S004979,U02837,R0195,2026-01-22 19:36:31,Hyderabad,mobile,dinner,False,Thursday
S004980,U03434,R0118,2025-12-26 10:39:31,Hyderabad,mobile,breakfast,False,Friday
S004981,U00755,R0057,2026-01-13 01:17:31,Hyderabad,web,late_night,False,Tuesday
S004982,U01797,R0019,2025-12-16 13:40:31,Bangalore,web,lunch,False,Tuesday
S004983,U03188,R0734,2025-12-07 10:27:31,Kolkata,mobile,breakfast,True,Sunday
S004984,U04910,R0450,2026-02-04 11:44:31,Bangalore,web,lunch,False,Wednesday
S004985,U04386,R0038,2026-02-03 21:54:31,Pune,web,dinner,False,Tuesday
S004986,U00128,R0208,2026-01-11 19:48:31,Kolkata,mobile,dinner,True,Sunday
S004987,U04299,R0107,2026-01-11 17:16:31,Bangalore,mobile,snack,True,Sunday
S004988,U03637,R0528,2025-12-22 20:57:31,Hyderabad,mobile,dinner,False,Monday
S004989,U04217,R0124,2025-12-18 12:46:31,Hyderabad,web,lunch,False,Thursday
S004990,U04125,R0175,2026-02-19 18:42:31,Delhi,mobile,dinner,False,Thursday
S004991,U00866,R0244,2026-02-07 16:29:31,Delhi,tablet,snack,True,Saturday
S004992,U01751,R0758,2026-01-05 20:15:31,Mumbai,mobile,dinner,False,Monday
S004993,U03432,R0590,2026-02-26 20:32:31,Bangalore,mobile,dinner,False,Thursday
S004994,U04987,R0530,2026-02-03 12:09:31,Pune,mobile,lunch,False,Tuesday
S004995,U00677,R0203,2026-02-07 15:19:31,Chennai,mobile,snack,True,Saturday
S004996,U00165,R0615,2025-12-08 12:18:31,Bangalore,mobile,lunch,False,Monday
S004997,U04148,R0003,2026-01-02 15:48:31,Bangalore,mobile,snack,False,Friday
S004998,U03923,R0015,2026-01-11 00:59:31,Bangalore,mobile,late_night,True,Sunday
S004999,U01184,R0145,2026-02-04 18:14:31,Kolkata,mobile,dinner,False,Wednesday
S005000,U04276,R0696,2026-02-18 18:08:31,Bangalore,mobile,dinner,False,Wednesday
S005001,U03385,R0642,2026-01-17 13:31:31,Mumbai,mobile,lunch,True,Saturday
S005002,U01627,R0519,2026-01-22 05:02:31,Mumbai,mobile,late_night,False,Thursday
S005003,U03191,R0032,2026-01-23 14:29:31,Chennai,mobile,lunch,False,Friday
S005004,U00595,R0137,2026-01-19 07:49:31,Hyderabad,web,breakfast,False,Monday
S005005,U03980,R0215,2026-02-08 06:39:31,Bangalore,mobile,breakfast,True,Sunday
S005006,U01586,R0348,2026-02-26 11:07:31,Pune,mobile,lunch,False,Thursday
S005007,U02192,R0659,2025-12-21 16:33:31,Bangalore,web,snack,True,Sunday
S005008,U03502,R0766,2025-12-31 13:43:31,Bangalore,mobile,lunch,False,Wednesday
S005009,U02432,R0751,2026-01-31 07:45:31,Chennai,mobile,breakfast,True,Saturday
S005010,U03854,R0119,2026-01-03 20:25:31,Hyderabad,web,dinner,True,Saturday
S005011,U04697,R0399,2026-01-29 10:25:31,Bangalore,mobile,breakfast,False,Thursday
S005012,U04012,R0229,2026-01-27 19:58:31,Mumbai,mobile,dinner,False,Tuesday
S005013,U04507,R0041,2026-02-23 15:43:31,Delhi,mobile,snack,False,Monday
S005014,U01023,R0273,2026-02-26 07:29:31,Mumbai,mobile,breakfast,False,Thursday
S005015,U03555,R0528,2025-12-23 14:26:31,Hyderabad,mobile,lunch,False,Tuesday
S005016,U02314,R0650,2025-11-29 07:12:31,Hyderabad,mobile,breakfast,True,Saturday
S005017,U04357,R0113,2026-01-24 15:22:31,Hyderabad,web,snack,True,Saturday
S005018,U02322,R0563,2026-02-10 11:57:31,Mumbai,mobile,lunch,False,Tuesday
S005019,U03297,R0167,2025-12-25 11:36:31,Mumbai,mobile,lunch,False,Thursday
S005020,U04614,R0056,2025-12-20 12:58:31,Chennai,web,lunch,True,Saturday
S005021,U02737,R0759,2026-01-23 14:21:31,Hyderabad,mobile,lunch,False,Friday
S005022,U01494,R0259,2026-02-01 23:03:31,Delhi,tablet,late_night,True,Sunday
S005023,U01030,R0064,2026-02-12 10:07:31,Bangalore,mobile,breakfast,False,Thursday
S005024,U02108,R0648,2026-02-15 23:28:31,Delhi,mobile,late_night,True,Sunday
S005025,U00245,R0739,2026-02-20 13:24:31,Mumbai,web,lunch,False,Friday
S005026,U04476,R0577,2026-02-21 05:14:31,Mumbai,mobile,late_night,True,Saturday
S005027,U02347,R0504,2026-02-01 19:57:31,Mumbai,mobile,dinner,True,Sunday
S005028,U04946,R0172,2025-12-13 15:48:31,Hyderabad,mobile,snack,True,Saturday
S005029,U01480,R0258,2025-12-05 07:31:31,Chennai,mobile,breakfast,False,Friday
S005030,U01897,R0249,2026-01-29 18:57:31,Hyderabad,web,dinner,False,Thursday
S005031,U02813,R0304,2025-12-24 00:23:31,Pune,mobile,late_night,False,Wednesday
S005032,U03321,R0399,2025-12-18 20:29:31,Bangalore,mobile,dinner,False,Thursday
S005033,U00895,R0417,2025-12-26 18:49:31,Hyderabad,web,dinner,False,Friday
S005034,U03722,R0749,2026-01-24 10:34:31,Hyderabad,web,breakfast,True,Saturday
S005035,U00489,R0483,2026-02-06 20:53:31,Hyderabad,mobile,dinner,False,Friday
S005036,U00878,R0437,2026-02-21 17:32:31,Kolkata,web,snack,True,Saturday
S005037,U01437,R0445,2025-12-03 12:29:31,Pune,mobile,lunch,False,Wednesday
S005038,U02838,R0313,2025-12-11 10:10:31,Hyderabad,mobile,breakfast,False,Thursday
S005039,U00660,R0633,2025-12-04 19:19:31,Bangalore,mobile,dinner,False,Thursday
S005040,U00623,R0175,2025-11-28 22:20:31,Delhi,mobile,late_night,False,Friday
S005041,U03768,R0389,2025-12-17 09:21:31,Bangalore,mobile,breakfast,False,Wednesday
S005042,U03574,R0737,2026-01-12 07:24:31,Delhi,mobile,breakfast,False,Monday
S005043,U01659,R0712,2026-02-23 11:22:31,Delhi,web,lunch,False,Monday
S005044,U03258,R0376,2026-02-04 20:41:31,Kolkata,mobile,dinner,False,Wednesday
S005045,U02847,R0226,2026-02-23 23:06:31,Delhi,mobile,late_night,False,Monday
S005046,U02633,R0079,2025-12-07 19:03:31,Bangalore,mobile,dinner,True,Sunday
S005047,U03943,R0744,2026-02-09 12:50:31,Bangalore,web,lunch,False,Monday
S005048,U00775,R0462,2025-12-15 15:07:31,Mumbai,mobile,snack,False,Monday
S005049,U00070,R0770,2025-12-25 13:53:31,Pune,mobile,lunch,False,Thursday
S005050,U04937,R0747,2025-12-23 10:57:31,Pune,mobile,breakfast,False,Tuesday
S005051,U02583,R0797,2026-01-25 12:12:31,Bangalore,mobile,lunch,True,Sunday
S005052,U02313,R0767,2025-12-13 19:21:31,Hyderabad,mobile,dinner,True,Saturday
S005053,U00707,R0149,2026-02-10 21:22:31,Chennai,mobile,dinner,False,Tuesday
S005054,U01714,R0242,2026-02-12 15:40:31,Hyderabad,mobile,snack,False,Thursday
S005055,U02393,R0407,2026-01-02 11:42:31,Kolkata,mobile,lunch,False,Friday
S005056,U01428,R0758,2026-02-17 16:14:31,Mumbai,mobile,snack,False,Tuesday
S005057,U00068,R0187,2026-02-24 09:58:31,Kolkata,mobile,breakfast,False,Tuesday
S005058,U01842,R0125,2026-02-17 11:42:31,Bangalore,tablet,lunch,False,Tuesday
S005059,U00954,R0239,2026-02-22 11:03:31,Chennai,tablet,lunch,True,Sunday
S005060,U00628,R0387,2025-12-30 11:28:31,Chennai,web,lunch,False,Tuesday
S005061,U01196,R0492,2025-12-20 06:18:31,Kolkata,mobile,breakfast,True,Saturday
S005062,U03499,R0634,2025-12-01 17:31:31,Chennai,mobile,snack,False,Monday
S005063,U03330,R0788,2026-01-04 16:31:31,Pune,mobile,snack,True,Sunday
S005064,U02580,R0757,2025-12-29 04:06:31,Bangalore,mobile,late_night,False,Monday
S005065,U04859,R0387,2025-12-28 09:36:31,Chennai,web,breakfast,True,Sunday
S005066,U03168,R0174,2025-12-11 15:42:31,Delhi,mobile,snack,False,Thursday
S005067,U00442,R0357,2026-01-23 11:04:31,Bangalore,tablet,lunch,False,Friday
S005068,U02611,R0775,2025-12-17 10:48:31,Delhi,mobile,breakfast,False,Wednesday
S005069,U02431,R0765,2026-02-08 09:41:31,Kolkata,tablet,breakfast,True,Sunday
S005070,U00984,R0558,2026-01-28 11:43:31,Pune,mobile,lunch,False,Wednesday
S005071,U03587,R0434,2026-02-12 21:39:31,Mumbai,mobile,dinner,False,Thursday
S005072,U03959,R0576,2025-12-09 12:21:31,Mumbai,mobile,lunch,False,Tuesday
S005073,U02211,R0236,2025-12-19 15:47:31,Hyderabad,mobile,snack,False,Friday
S005074,U04636,R0504,2026-01-24 19:48:31,Mumbai,mobile,dinner,True,Saturday
S005075,U01168,R0562,2025-12-30 13:58:31,Pune,mobile,lunch,False,Tuesday
S005076,U01469,R0705,2026-01-10 13:12:31,Bangalore,mobile,lunch,True,Saturday
S005077,U00427,R0721,2025-12-24 05:49:31,Hyderabad,tablet,late_night,False,Wednesday
S005078,U04975,R0394,2026-02-03 13:46:31,Hyderabad,tablet,lunch,False,Tuesday
S005079,U01157,R0295,2026-01-29 06:29:31,Kolkata,web,breakfast,False,Thursday
S005080,U02856,R0755,2025-12-28 19:24:31,Chennai,web,dinner,True,Sunday
S005081,U04269,R0021,2026-02-16 10:42:31,Chennai,mobile,breakfast,False,Monday
S005082,U04206,R0799,2025-12-13 15:45:31,Pune,mobile,snack,True,Saturday
S005083,U00926,R0085,2026-01-04 21:09:31,Mumbai,mobile,dinner,True,Sunday
S005084,U03773,R0648,2026-01-06 14:33:31,Delhi,mobile,lunch,False,Tuesday
S005085,U00378,R0435,2026-01-28 14:00:31,Chennai,mobile,lunch,False,Wednesday
S005086,U04639,R0586,2025-12-22 11:24:31,Delhi,mobile,lunch,False,Monday
S005087,U04391,R0560,2025-12-25 18:34:31,Hyderabad,mobile,dinner,False,Thursday
S005088,U04259,R0606,2026-02-04 02:12:31,Bangalore,mobile,late_night,False,Wednesday
S005089,U03028,R0286,2025-12-04 21:33:31,Delhi,mobile,dinner,False,Thursday
S005090,U00936,R0106,2026-01-15 18:16:31,Mumbai,mobile,dinner,False,Thursday
S005091,U02313,R0421,2026-01-15 07:19:31,Hyderabad,mobile,breakfast,False,Thursday
S005092,U04887,R0299,2026-02-10 14:57:31,Mumbai,mobile,lunch,False,Tuesday
S005093,U04779,R0270,2026-02-08 20:38:31,Mumbai,web,dinner,True,Sunday
S005094,U03629,R0348,2026-01-11 08:23:31,Pune,mobile,breakfast,True,Sunday
S005095,U03922,R0611,2026-01-24 21:52:31,Chennai,mobile,dinner,True,Saturday
S005096,U03967,R0286,2026-01-26 11:44:31,Delhi,mobile,lunch,False,Monday
S005097,U02885,R0270,2026-01-27 11:00:31,Mumbai,mobile,lunch,False,Tuesday
S005098,U00967,R0083,2026-01-20 11:03:31,Delhi,mobile,lunch,False,Tuesday
S005099,U00698,R0161,2026-01-13 13:54:31,Bangalore,mobile,lunch,False,Tuesday
S005100,U02543,R0271,2025-11-30 22:08:31,Chennai,mobile,late_night,True,Sunday
S005101,U04711,R0462,2025-12-05 12:35:31,Mumbai,mobile,lunch,False,Friday
S005102,U02168,R0412,2026-01-10 05:50:31,Pune,mobile,late_night,True,Saturday
S005103,U03826,R0197,2026-01-02 07:09:31,Chennai,mobile,breakfast,False,Friday
S005104,U03146,R0017,2026-01-07 20:26:31,Delhi,web,dinner,False,Wednesday
S005105,U02954,R0173,2025-12-16 00:56:31,Mumbai,web,late_night,False,Tuesday
S005106,U03387,R0020,2025-12-29 11:36:31,Kolkata,tablet,lunch,False,Monday
S005107,U04794,R0370,2026-01-01 11:46:31,Chennai,web,lunch,False,Thursday
S005108,U04117,R0462,2025-12-25 12:20:31,Mumbai,web,lunch,False,Thursday
S005109,U02248,R0747,2026-02-15 19:03:31,Pune,mobile,dinner,True,Sunday
S005110,U04391,R0774,2026-02-18 09:10:31,Hyderabad,mobile,breakfast,False,Wednesday
S005111,U03382,R0745,2026-01-30 21:22:31,Delhi,tablet,dinner,False,Friday
S005112,U03681,R0349,2025-12-19 10:28:31,Bangalore,mobile,breakfast,False,Friday
S005113,U00599,R0696,2025-12-25 22:38:31,Bangalore,web,late_night,False,Thursday
S005114,U02789,R0590,2026-01-03 20:47:31,Bangalore,mobile,dinner,True,Saturday
S005115,U03370,R0599,2026-01-22 06:18:31,Pune,tablet,breakfast,False,Thursday
S005116,U04593,R0279,2026-01-16 20:27:31,Mumbai,web,dinner,False,Friday
S005117,U04365,R0670,2026-01-15 13:29:31,Kolkata,mobile,lunch,False,Thursday
S005118,U04954,R0648,2026-01-06 09:33:31,Delhi,mobile,breakfast,False,Tuesday
S005119,U03755,R0313,2026-01-17 07:48:31,Hyderabad,mobile,breakfast,True,Saturday
S005120,U01988,R0092,2025-12-26 06:54:31,Bangalore,web,breakfast,False,Friday
S005121,U04730,R0214,2025-12-21 22:29:31,Delhi,mobile,late_night,True,Sunday
S005122,U04680,R0278,2025-11-29 02:41:31,Delhi,mobile,late_night,True,Saturday
S005123,U04802,R0623,2026-01-31 18:41:31,Mumbai,mobile,dinner,True,Saturday
S005124,U04277,R0779,2026-02-25 11:07:31,Chennai,mobile,lunch,False,Wednesday
S005125,U01996,R0675,2026-02-24 12:31:31,Hyderabad,mobile,lunch,False,Tuesday
S005126,U00776,R0154,2026-02-15 13:44:31,Bangalore,web,lunch,True,Sunday
S005127,U02280,R0507,2026-01-21 03:50:31,Pune,tablet,late_night,False,Wednesday
S005128,U01354,R0173,2026-02-06 18:30:31,Mumbai,web,dinner,False,Friday
S005129,U00093,R0302,2026-02-13 14:30:31,Delhi,mobile,lunch,False,Friday
S005130,U03588,R0360,2025-12-20 21:15:31,Delhi,mobile,dinner,True,Saturday
S005131,U02950,R0310,2026-01-23 07:11:31,Hyderabad,web,breakfast,False,Friday
S005132,U00681,R0755,2025-12-29 13:44:31,Chennai,web,lunch,False,Monday
S005133,U02537,R0759,2026-01-25 00:13:31,Hyderabad,mobile,late_night,True,Sunday
S005134,U01595,R0640,2025-12-13 18:53:31,Mumbai,mobile,dinner,True,Saturday
S005135,U04973,R0723,2026-02-05 14:31:31,Mumbai,mobile,lunch,False,Thursday
S005136,U04864,R0666,2025-12-10 10:26:31,Delhi,mobile,breakfast,False,Wednesday
S005137,U03115,R0404,2026-02-12 23:42:31,Chennai,mobile,late_night,False,Thursday
S005138,U02813,R0471,2026-01-30 16:03:31,Pune,web,snack,False,Friday
S005139,U01401,R0151,2026-01-21 14:15:31,Hyderabad,mobile,lunch,False,Wednesday
S005140,U04245,R0337,2026-02-19 20:27:31,Chennai,mobile,dinner,False,Thursday
S005141,U02715,R0220,2025-12-11 15:59:31,Hyderabad,mobile,snack,False,Thursday
S005142,U00581,R0783,2026-02-13 08:24:31,Bangalore,mobile,breakfast,False,Friday
S005143,U00493,R0480,2025-12-05 10:53:31,Chennai,tablet,breakfast,False,Friday
S005144,U02904,R0157,2026-02-20 07:45:31,Mumbai,web,breakfast,False,Friday
S005145,U00480,R0300,2025-12-10 16:00:31,Chennai,mobile,snack,False,Wednesday
S005146,U04651,R0658,2025-11-30 22:05:31,Mumbai,mobile,late_night,True,Sunday
S005147,U01983,R0218,2026-01-21 15:04:31,Bangalore,mobile,snack,False,Wednesday
S005148,U04696,R0427,2026-02-04 13:59:31,Chennai,web,lunch,False,Wednesday
S005149,U01198,R0064,2025-12-15 21:18:31,Bangalore,mobile,dinner,False,Monday
S005150,U01961,R0703,2026-01-09 06:46:31,Chennai,mobile,breakfast,False,Friday
S005151,U00995,R0547,2026-02-10 08:00:31,Bangalore,mobile,breakfast,False,Tuesday
S005152,U04235,R0586,2026-01-11 22:58:31,Delhi,web,late_night,True,Sunday
S005153,U03902,R0357,2025-12-15 10:10:31,Bangalore,mobile,breakfast,False,Monday
S005154,U01989,R0644,2025-12-07 16:51:31,Chennai,web,snack,True,Sunday
S005155,U00202,R0153,2026-01-08 00:01:31,Chennai,mobile,late_night,False,Thursday
S005156,U00964,R0588,2026-02-23 09:07:31,Bangalore,mobile,breakfast,False,Monday
S005157,U00019,R0511,2026-01-21 11:20:31,Delhi,mobile,lunch,False,Wednesday
S005158,U04812,R0654,2026-01-06 19:12:31,Pune,mobile,dinner,False,Tuesday
S005159,U03424,R0630,2026-01-25 20:34:31,Hyderabad,mobile,dinner,True,Sunday
S005160,U03420,R0090,2026-02-07 13:02:31,Delhi,mobile,lunch,True,Saturday
S005161,U02811,R0629,2026-02-26 20:54:31,Pune,mobile,dinner,False,Thursday
S005162,U01778,R0488,2025-12-15 12:27:31,Pune,mobile,lunch,False,Monday
S005163,U00405,R0250,2025-12-11 06:51:31,Hyderabad,mobile,breakfast,False,Thursday
S005164,U03375,R0193,2025-12-15 18:02:31,Chennai,mobile,dinner,False,Monday
S005165,U00337,R0409,2026-02-01 13:24:31,Mumbai,web,lunch,True,Sunday
S005166,U04660,R0119,2026-02-22 10:22:31,Hyderabad,mobile,breakfast,True,Sunday
S005167,U02974,R0623,2025-12-18 09:04:31,Mumbai,mobile,breakfast,False,Thursday
S005168,U02426,R0399,2025-12-06 08:44:31,Bangalore,mobile,breakfast,True,Saturday
S005169,U02115,R0158,2026-01-04 07:56:31,Mumbai,mobile,breakfast,True,Sunday
S005170,U03985,R0133,2026-02-12 00:35:31,Hyderabad,web,late_night,False,Thursday
S005171,U01496,R0428,2026-02-23 20:08:31,Kolkata,web,dinner,False,Monday
S005172,U03655,R0757,2025-12-19 21:39:31,Bangalore,mobile,dinner,False,Friday
S005173,U00838,R0624,2025-12-30 14:31:31,Pune,mobile,lunch,False,Tuesday
S005174,U04975,R0605,2026-01-08 15:38:31,Hyderabad,mobile,snack,False,Thursday
S005175,U03228,R0240,2025-12-05 14:00:31,Bangalore,mobile,lunch,False,Friday
S005176,U00590,R0799,2025-12-19 18:21:31,Pune,mobile,dinner,False,Friday
S005177,U01339,R0075,2025-12-23 12:51:31,Bangalore,web,lunch,False,Tuesday
S005178,U04355,R0243,2025-12-12 11:24:31,Delhi,web,lunch,False,Friday
S005179,U02756,R0181,2026-01-21 21:04:31,Hyderabad,mobile,dinner,False,Wednesday
S005180,U01387,R0463,2026-02-01 10:33:31,Delhi,mobile,breakfast,True,Sunday
S005181,U02196,R0271,2026-02-12 22:48:31,Chennai,mobile,late_night,False,Thursday
S005182,U03353,R0088,2025-12-29 11:59:31,Mumbai,mobile,lunch,False,Monday
S005183,U02089,R0364,2025-12-23 18:58:31,Chennai,mobile,dinner,False,Tuesday
S005184,U04178,R0206,2025-11-30 20:58:31,Kolkata,web,dinner,True,Sunday
S005185,U00488,R0204,2026-02-21 12:43:31,Mumbai,web,lunch,True,Saturday
S005186,U01807,R0456,2025-12-15 07:00:31,Kolkata,mobile,breakfast,False,Monday
S005187,U00546,R0490,2026-01-20 23:24:31,Mumbai,mobile,late_night,False,Tuesday
S005188,U04510,R0724,2025-12-26 07:23:31,Kolkata,mobile,breakfast,False,Friday
S005189,U01953,R0665,2025-12-07 11:58:31,Chennai,tablet,lunch,True,Sunday
S005190,U01453,R0398,2026-02-01 19:05:31,Bangalore,mobile,dinner,True,Sunday
S005191,U01621,R0251,2026-02-15 18:18:31,Kolkata,mobile,dinner,True,Sunday
S005192,U03445,R0535,2026-02-11 19:15:31,Mumbai,mobile,dinner,False,Wednesday
S005193,U03299,R0300,2026-02-03 06:42:31,Chennai,web,breakfast,False,Tuesday
S005194,U03572,R0017,2025-12-09 22:50:31,Delhi,web,late_night,False,Tuesday
S005195,U02123,R0658,2025-12-28 23:04:31,Mumbai,web,late_night,True,Sunday
S005196,U00033,R0392,2025-12-07 11:57:31,Delhi,mobile,lunch,True,Sunday
S005197,U00139,R0623,2026-02-02 16:16:31,Mumbai,web,snack,False,Monday
S005198,U00055,R0213,2026-02-10 23:04:31,Bangalore,mobile,late_night,False,Tuesday
S005199,U03519,R0573,2025-12-12 12:45:31,Bangalore,mobile,lunch,False,Friday
S005200,U02449,R0054,2026-02-16 21:32:31,Mumbai,mobile,dinner,False,Monday
S005201,U03165,R0340,2025-11-29 09:51:31,Delhi,mobile,breakfast,True,Saturday
S005202,U00667,R0129,2026-02-21 15:55:31,Bangalore,mobile,snack,True,Saturday
S005203,U01351,R0577,2026-02-24 20:10:31,Mumbai,mobile,dinner,False,Tuesday
S005204,U03114,R0353,2025-12-09 06:41:31,Delhi,mobile,breakfast,False,Tuesday
S005205,U01818,R0064,2025-12-13 08:11:31,Bangalore,mobile,breakfast,True,Saturday
S005206,U02163,R0458,2025-12-15 10:25:31,Chennai,mobile,breakfast,False,Monday
S005207,U03952,R0306,2026-01-07 09:58:31,Bangalore,mobile,breakfast,False,Wednesday
S005208,U04512,R0729,2025-12-15 18:59:31,Kolkata,mobile,dinner,False,Monday
S005209,U04018,R0166,2026-02-01 18:48:31,Pune,mobile,dinner,True,Sunday
S005210,U03283,R0712,2026-01-29 22:50:31,Delhi,mobile,late_night,False,Thursday
S005211,U00127,R0692,2025-12-08 21:23:31,Hyderabad,web,dinner,False,Monday
S005212,U03673,R0036,2026-01-13 12:17:31,Hyderabad,mobile,lunch,False,Tuesday
S005213,U04586,R0009,2026-01-02 00:40:31,Hyderabad,mobile,late_night,False,Friday
S005214,U00274,R0426,2025-12-20 07:37:31,Hyderabad,web,breakfast,True,Saturday
S005215,U00936,R0084,2026-02-14 15:51:31,Mumbai,tablet,snack,True,Saturday
S005216,U03070,R0168,2026-02-12 07:32:31,Pune,mobile,breakfast,False,Thursday
S005217,U02090,R0695,2026-02-22 13:15:31,Kolkata,web,lunch,True,Sunday
S005218,U04580,R0510,2025-12-29 08:39:31,Chennai,mobile,breakfast,False,Monday
S005219,U00434,R0109,2025-12-24 22:49:31,Delhi,mobile,late_night,False,Wednesday
S005220,U02229,R0093,2025-12-12 21:54:31,Delhi,web,dinner,False,Friday
S005221,U04000,R0700,2026-01-02 15:44:31,Pune,mobile,snack,False,Friday
S005222,U04457,R0718,2026-02-17 19:27:31,Chennai,tablet,dinner,False,Tuesday
S005223,U03945,R0744,2025-12-09 02:33:31,Bangalore,mobile,late_night,False,Tuesday
S005224,U04673,R0283,2025-12-17 12:41:31,Delhi,mobile,lunch,False,Wednesday
S005225,U00192,R0160,2025-12-14 10:14:31,Pune,mobile,breakfast,True,Sunday
S005226,U00435,R0289,2025-11-30 07:31:31,Pune,mobile,breakfast,True,Sunday
S005227,U02705,R0389,2026-01-18 17:19:31,Bangalore,mobile,snack,True,Sunday
S005228,U01543,R0603,2026-01-09 20:04:31,Bangalore,mobile,dinner,False,Friday
S005229,U04459,R0150,2025-11-30 03:48:31,Pune,web,late_night,True,Sunday
S005230,U04627,R0456,2025-12-09 18:32:31,Kolkata,web,dinner,False,Tuesday
S005231,U04050,R0794,2026-02-04 20:25:31,Kolkata,web,dinner,False,Wednesday
S005232,U00516,R0781,2026-01-18 11:03:31,Kolkata,mobile,lunch,True,Sunday
S005233,U02054,R0378,2026-02-15 05:04:31,Hyderabad,tablet,late_night,True,Sunday
S005234,U04912,R0445,2026-01-11 12:55:31,Pune,mobile,lunch,True,Sunday
S005235,U02811,R0284,2026-01-21 20:08:31,Pune,mobile,dinner,False,Wednesday
S005236,U03480,R0218,2026-02-07 01:05:31,Bangalore,web,late_night,True,Saturday
S005237,U02723,R0629,2026-01-09 13:46:31,Pune,web,lunch,False,Friday
S005238,U02772,R0473,2026-01-03 22:16:31,Kolkata,mobile,late_night,True,Saturday
S005239,U04817,R0407,2026-02-03 18:36:31,Kolkata,mobile,dinner,False,Tuesday
S005240,U00448,R0342,2026-01-29 18:03:31,Mumbai,mobile,dinner,False,Thursday
S005241,U03445,R0234,2026-02-23 06:31:31,Mumbai,mobile,breakfast,False,Monday
S005242,U04102,R0060,2026-02-04 14:47:31,Mumbai,mobile,lunch,False,Wednesday
S005243,U04976,R0157,2025-12-06 03:18:31,Mumbai,mobile,late_night,True,Saturday
S005244,U02873,R0017,2026-02-18 08:20:31,Delhi,mobile,breakfast,False,Wednesday
S005245,U01197,R0491,2026-01-31 22:45:31,Mumbai,web,late_night,True,Saturday
S005246,U03345,R0357,2026-01-06 08:40:31,Bangalore,mobile,breakfast,False,Tuesday
S005247,U00018,R0162,2026-01-14 11:39:31,Pune,web,lunch,False,Wednesday
S005248,U03076,R0239,2026-02-14 02:10:31,Chennai,tablet,late_night,True,Saturday
S005249,U04065,R0541,2025-11-30 19:53:31,Hyderabad,tablet,dinner,True,Sunday
S005250,U03996,R0328,2026-01-02 13:24:31,Delhi,mobile,lunch,False,Friday
S005251,U01145,R0320,2026-01-17 23:50:31,Bangalore,mobile,late_night,True,Saturday
S005252,U00681,R0688,2025-12-25 18:34:31,Chennai,web,dinner,False,Thursday
S005253,U03067,R0308,2025-12-17 21:07:31,Bangalore,mobile,dinner,False,Wednesday
S005254,U00969,R0366,2025-12-20 12:18:31,Kolkata,mobile,lunch,True,Saturday
S005255,U03763,R0756,2025-12-04 19:12:31,Chennai,mobile,dinner,False,Thursday
S005256,U03746,R0689,2026-02-26 07:23:31,Delhi,mobile,breakfast,False,Thursday
S005257,U00939,R0181,2026-02-10 21:43:31,Hyderabad,mobile,dinner,False,Tuesday
S005258,U00398,R0645,2025-12-05 15:13:31,Pune,mobile,snack,False,Friday
S005259,U00272,R0590,2025-12-01 11:48:31,Bangalore,mobile,lunch,False,Monday
S005260,U01121,R0466,2026-02-05 14:05:31,Kolkata,mobile,lunch,False,Thursday
S005261,U04331,R0454,2025-12-29 11:45:31,Bangalore,mobile,lunch,False,Monday
S005262,U02992,R0752,2026-02-23 07:34:31,Kolkata,mobile,breakfast,False,Monday
S005263,U02590,R0384,2026-02-18 12:08:31,Delhi,mobile,lunch,False,Wednesday
S005264,U01962,R0388,2025-12-21 06:53:31,Bangalore,web,breakfast,True,Sunday
S005265,U03730,R0611,2026-02-04 20:21:31,Chennai,web,dinner,False,Wednesday
S005266,U04028,R0243,2026-01-14 12:02:31,Delhi,mobile,lunch,False,Wednesday
S005267,U01123,R0501,2025-12-10 19:32:31,Mumbai,mobile,dinner,False,Wednesday
S005268,U03065,R0436,2026-02-18 12:35:31,Mumbai,mobile,lunch,False,Wednesday
S005269,U02506,R0571,2026-02-03 16:07:31,Pune,web,snack,False,Tuesday
S005270,U01386,R0543,2025-12-22 20:45:31,Hyderabad,mobile,dinner,False,Monday
S005271,U01868,R0223,2025-12-10 08:03:31,Delhi,mobile,breakfast,False,Wednesday
S005272,U00013,R0747,2026-01-04 14:42:31,Pune,mobile,lunch,True,Sunday
S005273,U04970,R0473,2025-12-18 11:24:31,Kolkata,mobile,lunch,False,Thursday
S005274,U04580,R0334,2026-01-20 10:22:31,Chennai,mobile,breakfast,False,Tuesday
S005275,U03141,R0216,2025-12-18 05:43:31,Hyderabad,mobile,late_night,False,Thursday
S005276,U00307,R0303,2026-02-21 16:01:31,Bangalore,tablet,snack,True,Saturday
S005277,U00524,R0443,2025-12-13 22:42:31,Kolkata,tablet,late_night,True,Saturday
S005278,U00506,R0227,2026-01-12 18:54:31,Kolkata,mobile,dinner,False,Monday
S005279,U00568,R0723,2025-12-05 08:12:31,Mumbai,mobile,breakfast,False,Friday
S005280,U01430,R0644,2026-02-11 23:15:31,Chennai,mobile,late_night,False,Wednesday
S005281,U03240,R0677,2026-02-25 23:27:31,Delhi,mobile,late_night,False,Wednesday
S005282,U02633,R0107,2025-12-01 01:26:31,Bangalore,mobile,late_night,False,Monday
S005283,U02755,R0397,2026-02-13 07:28:31,Mumbai,mobile,breakfast,False,Friday
S005284,U03943,R0115,2025-12-11 21:48:31,Bangalore,mobile,dinner,False,Thursday
S005285,U00222,R0206,2025-12-26 08:35:31,Kolkata,web,breakfast,False,Friday
S005286,U02351,R0683,2025-12-22 16:23:31,Hyderabad,web,snack,False,Monday
S005287,U03257,R0157,2025-12-07 05:55:31,Mumbai,tablet,late_night,True,Sunday
S005288,U01700,R0172,2025-11-29 13:20:31,Hyderabad,mobile,lunch,True,Saturday
S005289,U04974,R0770,2026-01-22 16:49:31,Pune,mobile,snack,False,Thursday
S005290,U00406,R0291,2025-12-09 08:22:31,Hyderabad,mobile,breakfast,False,Tuesday
S005291,U00535,R0680,2026-01-26 03:00:31,Kolkata,tablet,late_night,False,Monday
S005292,U03455,R0499,2025-12-20 21:46:31,Hyderabad,mobile,dinner,True,Saturday
S005293,U00467,R0449,2026-02-23 17:55:31,Chennai,tablet,snack,False,Monday
S005294,U04288,R0010,2026-02-04 11:29:31,Bangalore,mobile,lunch,False,Wednesday
S005295,U00414,R0306,2025-12-31 11:32:31,Bangalore,mobile,lunch,False,Wednesday
S005296,U04469,R0172,2026-02-11 02:23:31,Hyderabad,mobile,late_night,False,Wednesday
S005297,U03560,R0791,2025-12-27 14:16:31,Hyderabad,mobile,lunch,True,Saturday
S005298,U02912,R0780,2025-12-02 07:43:31,Kolkata,web,breakfast,False,Tuesday
S005299,U01325,R0100,2026-01-26 08:15:31,Mumbai,web,breakfast,False,Monday
S005300,U00522,R0444,2025-12-07 11:11:31,Bangalore,mobile,lunch,True,Sunday
S005301,U01193,R0539,2026-01-20 00:43:31,Pune,web,late_night,False,Tuesday
S005302,U01961,R0718,2026-01-09 14:31:31,Chennai,mobile,lunch,False,Friday
S005303,U04789,R0164,2026-02-17 19:39:31,Hyderabad,mobile,dinner,False,Tuesday
S005304,U04086,R0626,2026-02-14 08:19:31,Kolkata,mobile,breakfast,True,Saturday
S005305,U00514,R0708,2025-12-21 10:25:31,Bangalore,mobile,breakfast,True,Sunday
S005306,U04522,R0010,2026-02-26 14:17:31,Bangalore,mobile,lunch,False,Thursday
S005307,U02122,R0609,2025-12-22 22:58:31,Bangalore,mobile,late_night,False,Monday
S005308,U02527,R0557,2025-12-22 03:06:31,Pune,web,late_night,False,Monday
S005309,U00224,R0178,2025-12-09 01:01:31,Kolkata,mobile,late_night,False,Tuesday
S005310,U04800,R0538,2026-01-06 11:06:31,Mumbai,mobile,lunch,False,Tuesday
S005311,U03389,R0338,2026-02-21 20:16:31,Pune,mobile,dinner,True,Saturday
S005312,U01535,R0167,2025-12-05 20:44:31,Mumbai,mobile,dinner,False,Friday
S005313,U03868,R0497,2026-01-28 06:53:31,Chennai,mobile,breakfast,False,Wednesday
S005314,U02564,R0369,2025-12-17 07:39:31,Hyderabad,mobile,breakfast,False,Wednesday
S005315,U02948,R0797,2026-01-01 16:56:31,Bangalore,web,snack,False,Thursday
S005316,U02059,R0657,2026-02-18 15:32:31,Delhi,mobile,snack,False,Wednesday
S005317,U02355,R0614,2026-01-16 21:47:31,Hyderabad,web,dinner,False,Friday
S005318,U04495,R0758,2025-12-18 23:00:31,Mumbai,web,late_night,False,Thursday
S005319,U03604,R0256,2025-11-30 12:06:31,Kolkata,mobile,lunch,True,Sunday
S005320,U03901,R0465,2025-12-29 13:26:31,Kolkata,mobile,lunch,False,Monday
S005321,U03820,R0599,2025-12-26 11:11:31,Pune,mobile,lunch,False,Friday
S005322,U01797,R0048,2025-12-08 19:36:31,Bangalore,mobile,dinner,False,Monday
S005323,U04247,R0541,2026-02-12 15:38:31,Hyderabad,mobile,snack,False,Thursday
S005324,U01377,R0389,2026-02-16 15:30:31,Bangalore,mobile,snack,False,Monday
S005325,U01623,R0285,2026-01-06 15:49:31,Kolkata,web,snack,False,Tuesday
S005326,U00854,R0722,2026-02-18 06:05:31,Delhi,web,breakfast,False,Wednesday
S005327,U01776,R0202,2026-01-02 19:46:31,Kolkata,web,dinner,False,Friday
S005328,U00662,R0541,2026-01-27 18:59:31,Hyderabad,mobile,dinner,False,Tuesday
S005329,U04114,R0100,2026-02-16 21:15:31,Mumbai,mobile,dinner,False,Monday
S005330,U04993,R0435,2025-12-11 15:34:31,Chennai,mobile,snack,False,Thursday
S005331,U02678,R0039,2026-01-26 19:32:31,Delhi,mobile,dinner,False,Monday
S005332,U01953,R0271,2026-01-18 20:20:31,Chennai,mobile,dinner,True,Sunday
S005333,U04183,R0288,2026-02-02 17:26:31,Kolkata,mobile,snack,False,Monday
S005334,U02320,R0025,2026-02-23 13:58:31,Chennai,mobile,lunch,False,Monday
S005335,U01006,R0062,2026-01-30 07:32:31,Kolkata,web,breakfast,False,Friday
S005336,U04235,R0715,2026-01-05 22:31:31,Delhi,mobile,late_night,False,Monday
S005337,U00229,R0756,2025-11-28 20:30:31,Chennai,web,dinner,False,Friday
S005338,U01649,R0581,2026-01-03 09:23:31,Delhi,tablet,breakfast,True,Saturday
S005339,U01526,R0452,2026-01-08 02:58:31,Bangalore,mobile,late_night,False,Thursday
S005340,U02947,R0399,2025-12-02 15:27:31,Bangalore,mobile,snack,False,Tuesday
S005341,U03398,R0380,2025-12-30 17:47:31,Kolkata,mobile,snack,False,Tuesday
S005342,U01281,R0619,2025-12-24 03:56:31,Hyderabad,mobile,late_night,False,Wednesday
S005343,U00145,R0680,2025-12-13 11:45:31,Kolkata,mobile,lunch,True,Saturday
S005344,U03284,R0726,2025-12-13 09:16:31,Bangalore,web,breakfast,True,Saturday
S005345,U01686,R0682,2026-02-15 15:32:31,Delhi,mobile,snack,True,Sunday
S005346,U01106,R0094,2026-02-17 04:20:31,Delhi,mobile,late_night,False,Tuesday
S005347,U00199,R0081,2026-02-18 19:40:31,Hyderabad,mobile,dinner,False,Wednesday
S005348,U00800,R0726,2025-12-24 10:52:31,Bangalore,mobile,breakfast,False,Wednesday
S005349,U02550,R0663,2025-12-06 20:46:31,Hyderabad,web,dinner,True,Saturday
S005350,U02420,R0061,2026-01-18 01:53:31,Chennai,mobile,late_night,True,Sunday
S005351,U01882,R0276,2026-01-15 22:36:31,Bangalore,mobile,late_night,False,Thursday
S005352,U00083,R0189,2026-01-03 12:30:31,Chennai,mobile,lunch,True,Saturday
S005353,U01719,R0154,2026-01-15 15:50:31,Bangalore,mobile,snack,False,Thursday
S005354,U02769,R0300,2025-12-24 14:16:31,Chennai,web,lunch,False,Wednesday
S005355,U03670,R0678,2025-12-22 12:13:31,Pune,mobile,lunch,False,Monday
S005356,U04227,R0705,2025-12-04 21:12:31,Bangalore,mobile,dinner,False,Thursday
S005357,U02185,R0683,2026-02-02 11:13:31,Hyderabad,mobile,lunch,False,Monday
S005358,U02107,R0554,2026-02-21 13:39:31,Kolkata,mobile,lunch,True,Saturday
S005359,U01111,R0403,2025-12-26 12:51:31,Chennai,mobile,lunch,False,Friday
S005360,U04643,R0476,2025-12-29 10:25:31,Mumbai,tablet,breakfast,False,Monday
S005361,U03022,R0438,2026-01-09 07:43:31,Mumbai,mobile,breakfast,False,Friday
S005362,U04047,R0020,2025-12-29 18:53:31,Kolkata,mobile,dinner,False,Monday
S005363,U00163,R0069,2026-02-10 16:36:31,Hyderabad,web,snack,False,Tuesday
S005364,U02743,R0618,2025-12-04 20:45:31,Mumbai,mobile,dinner,False,Thursday
S005365,U02668,R0086,2025-12-05 22:05:31,Kolkata,mobile,late_night,False,Friday
S005366,U04135,R0243,2026-01-29 12:16:31,Delhi,web,lunch,False,Thursday
S005367,U02019,R0010,2026-01-19 12:07:31,Bangalore,mobile,lunch,False,Monday
S005368,U03662,R0280,2026-01-09 17:14:31,Pune,web,snack,False,Friday
S005369,U04573,R0797,2025-12-11 05:17:31,Bangalore,mobile,late_night,False,Thursday
S005370,U02652,R0297,2026-01-29 19:08:31,Pune,mobile,dinner,False,Thursday
S005371,U04844,R0566,2026-02-19 13:54:31,Delhi,mobile,lunch,False,Thursday
S005372,U03216,R0316,2025-12-12 15:15:31,Chennai,tablet,snack,False,Friday
S005373,U00718,R0355,2026-01-25 13:30:31,Hyderabad,mobile,lunch,True,Sunday
S005374,U03072,R0253,2025-12-10 17:20:31,Chennai,web,snack,False,Wednesday
S005375,U04705,R0048,2025-12-27 21:08:31,Bangalore,web,dinner,True,Saturday
S005376,U04295,R0341,2026-01-05 20:19:31,Bangalore,mobile,dinner,False,Monday
S005377,U01070,R0461,2026-01-16 22:27:31,Chennai,mobile,late_night,False,Friday
S005378,U00336,R0213,2025-12-16 04:47:31,Bangalore,mobile,late_night,False,Tuesday
S005379,U03858,R0750,2026-01-31 08:02:31,Chennai,mobile,breakfast,True,Saturday
S005380,U00421,R0702,2025-12-26 14:17:31,Delhi,mobile,lunch,False,Friday
S005381,U02131,R0248,2026-01-25 15:27:31,Delhi,tablet,snack,True,Sunday
S005382,U04444,R0023,2026-02-09 15:28:31,Mumbai,mobile,snack,False,Monday
S005383,U00041,R0288,2026-02-15 08:25:31,Kolkata,mobile,breakfast,True,Sunday
S005384,U02864,R0160,2026-02-25 14:17:31,Pune,mobile,lunch,False,Wednesday
S005385,U03497,R0709,2025-12-01 21:32:31,Chennai,tablet,dinner,False,Monday
S005386,U01573,R0234,2025-12-12 20:25:31,Mumbai,mobile,dinner,False,Friday
S005387,U02902,R0661,2026-01-13 03:52:31,Mumbai,mobile,late_night,False,Tuesday
S005388,U01868,R0502,2026-02-05 23:15:31,Delhi,mobile,late_night,False,Thursday
S005389,U03339,R0520,2025-12-17 13:16:31,Chennai,mobile,lunch,False,Wednesday
S005390,U02246,R0768,2026-01-06 07:36:31,Mumbai,mobile,breakfast,False,Tuesday
S005391,U01189,R0292,2025-12-08 18:12:31,Mumbai,mobile,dinner,False,Monday
S005392,U04935,R0664,2025-12-29 22:25:31,Delhi,web,late_night,False,Monday
S005393,U02804,R0014,2025-12-08 09:23:31,Chennai,mobile,breakfast,False,Monday
S005394,U02257,R0471,2025-12-04 13:09:31,Pune,mobile,lunch,False,Thursday
S005395,U04277,R0021,2026-01-24 15:57:31,Chennai,mobile,snack,True,Saturday
S005396,U00128,R0206,2026-01-29 21:00:31,Kolkata,web,dinner,False,Thursday
S005397,U02886,R0289,2026-02-06 16:18:31,Pune,mobile,snack,False,Friday
S005398,U00032,R0287,2026-02-17 11:54:31,Kolkata,mobile,lunch,False,Tuesday
S005399,U03982,R0022,2025-12-26 11:27:31,Pune,mobile,lunch,False,Friday
S005400,U04099,R0377,2026-01-30 07:19:31,Hyderabad,mobile,breakfast,False,Friday
S005401,U01047,R0276,2025-12-10 18:27:31,Bangalore,mobile,dinner,False,Wednesday
S005402,U03539,R0386,2026-01-30 18:14:31,Kolkata,mobile,dinner,False,Friday
S005403,U01916,R0605,2026-01-08 11:35:31,Hyderabad,mobile,lunch,False,Thursday
S005404,U04576,R0797,2026-01-09 20:35:31,Bangalore,mobile,dinner,False,Friday
S005405,U02030,R0765,2026-01-15 12:42:31,Kolkata,mobile,lunch,False,Thursday
S005406,U04813,R0428,2026-01-20 04:21:31,Kolkata,mobile,late_night,False,Tuesday
S005407,U00098,R0466,2026-02-03 06:56:31,Kolkata,tablet,breakfast,False,Tuesday
S005408,U00469,R0431,2026-01-17 12:07:31,Bangalore,mobile,lunch,True,Saturday
S005409,U04940,R0287,2026-02-15 14:36:31,Kolkata,mobile,lunch,True,Sunday
S005410,U00087,R0056,2026-01-28 11:59:31,Chennai,mobile,lunch,False,Wednesday
S005411,U00981,R0256,2026-01-21 19:49:31,Kolkata,mobile,dinner,False,Wednesday
S005412,U02000,R0476,2026-01-28 22:11:31,Mumbai,web,late_night,False,Wednesday
S005413,U02360,R0075,2025-12-21 02:43:31,Bangalore,web,late_night,True,Sunday
S005414,U02526,R0622,2025-12-03 10:28:31,Hyderabad,web,breakfast,False,Wednesday
S005415,U03944,R0215,2026-01-02 21:18:31,Bangalore,mobile,dinner,False,Friday
S005416,U04842,R0071,2026-02-01 19:42:31,Delhi,mobile,dinner,True,Sunday
S005417,U01512,R0607,2026-02-07 20:01:31,Chennai,mobile,dinner,True,Saturday
S005418,U03511,R0084,2026-01-22 19:06:31,Mumbai,mobile,dinner,False,Thursday
S005419,U02152,R0047,2026-01-15 11:39:31,Pune,tablet,lunch,False,Thursday
S005420,U01418,R0487,2025-12-04 19:08:31,Hyderabad,mobile,dinner,False,Thursday
S005421,U01181,R0277,2025-12-11 21:24:31,Bangalore,mobile,dinner,False,Thursday
S005422,U01605,R0777,2026-02-19 16:01:31,Kolkata,mobile,snack,False,Thursday
S005423,U02794,R0640,2025-12-06 14:17:31,Mumbai,web,lunch,True,Saturday
S005424,U01054,R0315,2026-02-26 02:36:31,Kolkata,mobile,late_night,False,Thursday
S005425,U03482,R0181,2026-01-09 08:00:31,Hyderabad,mobile,breakfast,False,Friday
S005426,U00525,R0786,2025-12-19 09:57:31,Delhi,web,breakfast,False,Friday
S005427,U02435,R0438,2025-12-04 15:40:31,Mumbai,mobile,snack,False,Thursday
S005428,U00984,R0654,2025-11-29 13:07:31,Pune,mobile,lunch,True,Saturday
S005429,U04760,R0060,2026-01-07 15:45:31,Mumbai,mobile,snack,False,Wednesday
S005430,U03434,R0009,2026-02-26 19:25:31,Hyderabad,mobile,dinner,False,Thursday
S005431,U04236,R0169,2026-02-14 20:13:31,Delhi,mobile,dinner,True,Saturday
S005432,U02440,R0271,2025-12-05 10:06:31,Chennai,mobile,breakfast,False,Friday
S005433,U01085,R0784,2026-02-17 18:13:31,Hyderabad,mobile,dinner,False,Tuesday
S005434,U00543,R0187,2026-02-03 20:51:31,Kolkata,mobile,dinner,False,Tuesday
S005435,U01715,R0020,2025-12-14 07:45:31,Kolkata,mobile,breakfast,True,Sunday
S005436,U00182,R0600,2025-12-30 18:53:31,Mumbai,web,dinner,False,Tuesday
S005437,U03788,R0409,2026-02-04 21:13:31,Mumbai,mobile,dinner,False,Wednesday
S005438,U03565,R0031,2025-11-30 21:52:31,Chennai,mobile,dinner,True,Sunday
S005439,U04184,R0367,2026-01-07 12:10:31,Bangalore,mobile,lunch,False,Wednesday
S005440,U04992,R0583,2026-01-21 12:20:31,Delhi,web,lunch,False,Wednesday
S005441,U00069,R0391,2026-01-14 08:47:31,Chennai,tablet,breakfast,False,Wednesday
S005442,U04170,R0557,2026-01-07 14:16:31,Pune,mobile,lunch,False,Wednesday
S005443,U02306,R0783,2026-02-26 14:02:31,Bangalore,mobile,lunch,False,Thursday
S005444,U04124,R0021,2026-01-13 00:03:31,Chennai,web,late_night,False,Tuesday
S005445,U04767,R0340,2026-02-01 09:35:31,Delhi,mobile,breakfast,True,Sunday
S005446,U00515,R0092,2025-11-29 09:56:31,Bangalore,mobile,breakfast,True,Saturday
S005447,U00523,R0485,2026-01-12 10:17:31,Hyderabad,web,breakfast,False,Monday
S005448,U04794,R0756,2026-01-30 18:05:31,Chennai,mobile,dinner,False,Friday
S005449,U01914,R0196,2026-02-11 20:37:31,Mumbai,web,dinner,False,Wednesday
S005450,U02937,R0205,2026-01-22 08:57:31,Pune,mobile,breakfast,False,Thursday
S005451,U04428,R0180,2025-11-30 08:13:31,Chennai,mobile,breakfast,True,Sunday
S005452,U04954,R0764,2026-02-01 20:35:31,Delhi,mobile,dinner,True,Sunday
S005453,U04075,R0065,2026-01-30 06:55:31,Mumbai,mobile,breakfast,False,Friday
S005454,U03167,R0221,2026-01-29 11:32:31,Kolkata,mobile,lunch,False,Thursday
S005455,U04258,R0033,2025-12-01 01:04:31,Delhi,web,late_night,False,Monday
S005456,U00883,R0176,2025-12-31 12:53:31,Chennai,mobile,lunch,False,Wednesday
S005457,U03722,R0242,2026-02-21 11:08:31,Hyderabad,mobile,lunch,True,Saturday
S005458,U04365,R0554,2026-01-14 15:32:31,Kolkata,mobile,snack,False,Wednesday
S005459,U01418,R0355,2026-01-05 21:04:31,Hyderabad,tablet,dinner,False,Monday
S005460,U01844,R0043,2026-01-18 08:24:31,Pune,web,breakfast,True,Sunday
S005461,U00248,R0440,2025-12-06 08:29:31,Mumbai,mobile,breakfast,True,Saturday
S005462,U00868,R0341,2025-12-20 06:17:31,Bangalore,mobile,breakfast,True,Saturday
S005463,U00212,R0098,2025-12-13 10:05:31,Delhi,mobile,breakfast,True,Saturday
S005464,U04720,R0791,2026-01-15 11:43:31,Hyderabad,mobile,lunch,False,Thursday
S005465,U03624,R0415,2026-02-17 22:35:31,Pune,mobile,late_night,False,Tuesday
S005466,U02303,R0554,2026-01-08 19:26:31,Kolkata,web,dinner,False,Thursday
S005467,U00971,R0398,2026-02-17 21:38:31,Bangalore,mobile,dinner,False,Tuesday
S005468,U01466,R0494,2026-02-01 13:15:31,Delhi,mobile,lunch,True,Sunday
S005469,U02227,R0279,2025-12-21 14:37:31,Mumbai,mobile,lunch,True,Sunday
S005470,U00393,R0203,2025-12-29 23:51:31,Chennai,web,late_night,False,Monday
S005471,U02051,R0712,2026-01-14 11:04:31,Delhi,mobile,lunch,False,Wednesday
S005472,U00244,R0405,2026-02-01 20:38:31,Pune,web,dinner,True,Sunday
S005473,U01696,R0284,2025-12-29 13:24:31,Pune,mobile,lunch,False,Monday
S005474,U02664,R0205,2026-02-02 20:40:31,Pune,mobile,dinner,False,Monday
S005475,U02713,R0485,2026-01-31 08:49:31,Hyderabad,mobile,breakfast,True,Saturday
S005476,U02503,R0411,2026-02-01 22:59:31,Mumbai,mobile,late_night,True,Sunday
S005477,U01359,R0476,2026-02-15 11:21:31,Mumbai,mobile,lunch,True,Sunday
S005478,U03671,R0439,2025-12-08 18:45:31,Pune,web,dinner,False,Monday
S005479,U00294,R0290,2025-12-28 21:25:31,Mumbai,mobile,dinner,True,Sunday
S005480,U04390,R0481,2026-01-25 20:00:31,Mumbai,mobile,dinner,True,Sunday
S005481,U04829,R0058,2026-01-03 06:45:31,Delhi,mobile,breakfast,True,Saturday
S005482,U00712,R0491,2025-12-10 21:49:31,Mumbai,web,dinner,False,Wednesday
S005483,U04050,R0681,2026-02-23 22:13:31,Kolkata,mobile,late_night,False,Monday
S005484,U01541,R0766,2026-01-31 08:16:31,Bangalore,mobile,breakfast,True,Saturday
S005485,U04415,R0620,2026-01-14 18:01:31,Mumbai,mobile,dinner,False,Wednesday
S005486,U03735,R0666,2026-02-07 23:21:31,Delhi,mobile,late_night,True,Saturday
S005487,U03457,R0719,2025-12-04 16:08:31,Chennai,mobile,snack,False,Thursday
S005488,U00135,R0222,2025-12-26 11:35:31,Pune,mobile,lunch,False,Friday
S005489,U04925,R0649,2025-12-21 19:41:31,Bangalore,mobile,dinner,True,Sunday
S005490,U04517,R0690,2025-12-02 17:55:31,Delhi,mobile,snack,False,Tuesday
S005491,U00439,R0786,2026-02-16 14:59:31,Delhi,mobile,lunch,False,Monday
S005492,U03495,R0723,2026-01-08 12:29:31,Mumbai,mobile,lunch,False,Thursday
S005493,U01280,R0695,2026-01-28 12:11:31,Kolkata,web,lunch,False,Wednesday
S005494,U03836,R0667,2026-01-02 20:56:31,Pune,mobile,dinner,False,Friday
S005495,U03823,R0503,2026-02-24 04:55:31,Pune,mobile,late_night,False,Tuesday
S005496,U01213,R0439,2026-02-18 17:33:31,Pune,web,snack,False,Wednesday
S005497,U04806,R0510,2026-01-23 13:49:31,Chennai,mobile,lunch,False,Friday
S005498,U02145,R0778,2026-01-25 05:07:31,Chennai,mobile,late_night,True,Sunday
S005499,U00830,R0750,2025-12-27 11:51:31,Chennai,mobile,lunch,True,Saturday
S005500,U02085,R0326,2026-02-14 20:50:31,Mumbai,mobile,dinner,True,Saturday
S005501,U02000,R0723,2026-01-16 18:36:31,Mumbai,mobile,dinner,False,Friday
S005502,U03686,R0051,2026-02-21 22:42:31,Mumbai,web,late_night,True,Saturday
S005503,U04441,R0188,2025-12-25 14:58:31,Bangalore,web,lunch,False,Thursday
S005504,U00835,R0437,2025-12-17 21:56:31,Kolkata,mobile,dinner,False,Wednesday
S005505,U00235,R0397,2025-12-30 06:36:31,Mumbai,web,breakfast,False,Tuesday
S005506,U02572,R0424,2025-12-22 08:43:31,Pune,mobile,breakfast,False,Monday
S005507,U02475,R0643,2026-02-17 04:54:31,Hyderabad,web,late_night,False,Tuesday
S005508,U01960,R0631,2026-02-08 08:00:31,Delhi,mobile,breakfast,True,Sunday
S005509,U01851,R0211,2026-02-26 19:51:31,Pune,web,dinner,False,Thursday
S005510,U01849,R0121,2025-12-09 20:46:31,Bangalore,mobile,dinner,False,Tuesday
S005511,U00065,R0642,2026-02-21 18:19:31,Mumbai,tablet,dinner,True,Saturday
S005512,U02382,R0659,2025-12-17 10:05:31,Bangalore,mobile,breakfast,False,Wednesday
S005513,U03197,R0302,2026-01-27 21:54:31,Delhi,mobile,dinner,False,Tuesday
S005514,U04991,R0273,2026-02-22 21:42:31,Mumbai,mobile,dinner,True,Sunday
S005515,U00491,R0718,2026-02-18 04:26:31,Chennai,mobile,late_night,False,Wednesday
S005516,U04174,R0020,2026-02-21 18:46:31,Kolkata,mobile,dinner,True,Saturday
S005517,U02170,R0635,2026-02-13 03:08:31,Pune,mobile,late_night,False,Friday
S005518,U03757,R0409,2026-01-22 10:02:31,Mumbai,web,breakfast,False,Thursday
S005519,U03472,R0705,2026-02-05 11:46:31,Bangalore,mobile,lunch,False,Thursday
S005520,U04962,R0030,2026-02-09 08:50:31,Mumbai,web,breakfast,False,Monday
S005521,U02096,R0454,2026-01-13 10:45:31,Bangalore,tablet,breakfast,False,Tuesday
S005522,U02385,R0670,2026-01-27 12:16:31,Kolkata,mobile,lunch,False,Tuesday
S005523,U01085,R0735,2026-02-22 11:55:31,Hyderabad,mobile,lunch,True,Sunday
S005524,U01654,R0506,2026-02-26 14:23:31,Kolkata,mobile,lunch,False,Thursday
S005525,U02048,R0101,2026-01-09 06:16:31,Hyderabad,web,breakfast,False,Friday
S005526,U04738,R0248,2025-11-28 06:52:31,Delhi,mobile,breakfast,False,Friday
S005527,U04283,R0746,2026-01-27 12:20:31,Pune,mobile,lunch,False,Tuesday
S005528,U03214,R0133,2026-02-08 18:56:31,Hyderabad,mobile,dinner,True,Sunday
S005529,U04176,R0248,2026-02-09 20:35:31,Delhi,web,dinner,False,Monday
S005530,U01351,R0521,2025-12-02 13:03:31,Mumbai,mobile,lunch,False,Tuesday
S005531,U03238,R0285,2025-12-14 21:51:31,Kolkata,mobile,dinner,True,Sunday
S005532,U00300,R0083,2025-12-14 18:48:31,Delhi,mobile,dinner,True,Sunday
S005533,U03047,R0031,2025-12-04 07:23:31,Chennai,mobile,breakfast,False,Thursday
S005534,U03601,R0331,2025-12-08 14:08:31,Bangalore,mobile,lunch,False,Monday
S005535,U04181,R0627,2026-02-20 19:27:31,Kolkata,mobile,dinner,False,Friday
S005536,U02695,R0455,2025-12-16 12:12:31,Pune,web,lunch,False,Tuesday
S005537,U03906,R0675,2026-01-20 23:22:31,Hyderabad,mobile,late_night,False,Tuesday
S005538,U04895,R0742,2025-12-02 18:35:31,Mumbai,web,dinner,False,Tuesday
S005539,U00675,R0178,2026-01-23 08:48:31,Kolkata,web,breakfast,False,Friday
S005540,U04374,R0623,2025-12-24 02:05:31,Mumbai,mobile,late_night,False,Wednesday
S005541,U02625,R0530,2025-11-30 12:50:31,Pune,mobile,lunch,True,Sunday
S005542,U03894,R0075,2025-12-20 08:10:31,Bangalore,mobile,breakfast,True,Saturday
S005543,U01436,R0759,2026-02-13 08:32:31,Hyderabad,mobile,breakfast,False,Friday
S005544,U02377,R0310,2026-02-06 05:44:31,Hyderabad,web,late_night,False,Friday
S005545,U03762,R0406,2026-02-22 19:45:31,Chennai,mobile,dinner,True,Sunday
S005546,U03136,R0337,2026-01-04 11:14:31,Chennai,mobile,lunch,True,Sunday
S005547,U01516,R0019,2025-12-20 10:39:31,Bangalore,web,breakfast,True,Saturday
S005548,U01417,R0015,2026-01-22 16:58:31,Bangalore,mobile,snack,False,Thursday
S005549,U00495,R0013,2026-02-09 20:14:31,Delhi,mobile,dinner,False,Monday
S005550,U02301,R0374,2025-12-30 17:57:31,Pune,mobile,snack,False,Tuesday
S005551,U02595,R0679,2026-02-04 23:45:31,Delhi,web,late_night,False,Wednesday
S005552,U04713,R0470,2025-12-20 10:20:31,Bangalore,web,breakfast,True,Saturday
S005553,U02080,R0623,2025-11-30 06:22:31,Mumbai,mobile,breakfast,True,Sunday
S005554,U00708,R0681,2026-01-26 19:56:31,Kolkata,mobile,dinner,False,Monday
S005555,U04300,R0134,2025-12-14 18:47:31,Hyderabad,web,dinner,True,Sunday
S005556,U04511,R0097,2026-01-02 02:53:31,Chennai,tablet,late_night,False,Friday
S005557,U04154,R0340,2025-12-16 09:35:31,Delhi,mobile,breakfast,False,Tuesday
S005558,U02056,R0728,2026-01-05 11:50:31,Kolkata,web,lunch,False,Monday
S005559,U04990,R0381,2025-12-24 20:21:31,Bangalore,mobile,dinner,False,Wednesday
S005560,U02941,R0551,2026-02-06 09:56:31,Pune,web,breakfast,False,Friday
S005561,U03121,R0252,2026-02-12 20:11:31,Kolkata,web,dinner,False,Thursday
S005562,U03852,R0226,2025-12-26 13:10:31,Delhi,mobile,lunch,False,Friday
S005563,U00806,R0753,2026-02-08 21:40:31,Chennai,mobile,dinner,True,Sunday
S005564,U04480,R0141,2025-12-01 19:23:31,Bangalore,web,dinner,False,Monday
S005565,U00789,R0562,2025-12-30 13:08:31,Pune,mobile,lunch,False,Tuesday
S005566,U01522,R0473,2026-01-23 10:24:31,Kolkata,mobile,breakfast,False,Friday
S005567,U04358,R0664,2026-02-20 10:26:31,Delhi,mobile,breakfast,False,Friday
S005568,U03908,R0480,2026-01-11 18:23:31,Chennai,mobile,dinner,True,Sunday
S005569,U00452,R0768,2026-02-18 12:58:31,Mumbai,web,lunch,False,Wednesday
S005570,U04530,R0170,2025-11-28 05:38:31,Chennai,mobile,late_night,False,Friday
S005571,U02580,R0277,2026-01-24 09:21:31,Bangalore,web,breakfast,True,Saturday
S005572,U01051,R0160,2026-01-14 10:10:31,Pune,mobile,breakfast,False,Wednesday
S005573,U04918,R0630,2025-12-02 18:22:31,Hyderabad,web,dinner,False,Tuesday
S005574,U03225,R0711,2025-12-08 10:46:31,Chennai,mobile,breakfast,False,Monday
S005575,U03891,R0737,2026-02-12 11:18:31,Delhi,tablet,lunch,False,Thursday
S005576,U02440,R0268,2026-01-29 07:33:31,Chennai,mobile,breakfast,False,Thursday
S005577,U01208,R0784,2026-01-08 13:04:31,Hyderabad,mobile,lunch,False,Thursday
S005578,U00942,R0521,2026-02-13 07:39:31,Mumbai,mobile,breakfast,False,Friday
S005579,U04836,R0607,2026-01-08 17:16:31,Chennai,mobile,snack,False,Thursday
S005580,U03167,R0187,2026-01-11 04:16:31,Kolkata,web,late_night,True,Sunday
S005581,U02683,R0500,2026-01-26 20:25:31,Pune,mobile,dinner,False,Monday
S005582,U03026,R0391,2025-12-24 09:26:31,Chennai,mobile,breakfast,False,Wednesday
S005583,U04149,R0440,2026-01-29 13:52:31,Mumbai,mobile,lunch,False,Thursday
S005584,U02138,R0135,2025-11-28 20:43:31,Mumbai,mobile,dinner,False,Friday
S005585,U00154,R0142,2026-01-05 09:09:31,Delhi,web,breakfast,False,Monday
S005586,U03626,R0489,2026-01-29 09:56:31,Bangalore,mobile,breakfast,False,Thursday
S005587,U01769,R0034,2025-12-30 11:02:31,Delhi,mobile,lunch,False,Tuesday
S005588,U01646,R0743,2026-02-01 13:02:31,Pune,mobile,lunch,True,Sunday
S005589,U03348,R0449,2025-12-15 11:28:31,Chennai,mobile,lunch,False,Monday
S005590,U04210,R0197,2026-01-23 20:22:31,Chennai,mobile,dinner,False,Friday
S005591,U03049,R0466,2026-02-03 20:26:31,Kolkata,mobile,dinner,False,Tuesday
S005592,U01861,R0348,2025-12-16 08:56:31,Pune,mobile,breakfast,False,Tuesday
S005593,U04246,R0069,2026-02-26 11:27:31,Hyderabad,mobile,lunch,False,Thursday
S005594,U00477,R0645,2026-01-15 07:46:31,Pune,mobile,breakfast,False,Thursday
S005595,U03538,R0134,2026-01-17 12:06:31,Hyderabad,mobile,lunch,True,Saturday
S005596,U02532,R0382,2025-12-22 18:46:31,Hyderabad,mobile,dinner,False,Monday
S005597,U02386,R0160,2026-02-25 14:08:31,Pune,mobile,lunch,False,Wednesday
S005598,U00646,R0182,2025-12-10 23:21:31,Delhi,mobile,late_night,False,Wednesday
S005599,U04885,R0385,2026-01-28 10:53:31,Bangalore,web,breakfast,False,Wednesday
S005600,U03499,R0193,2025-12-14 12:53:31,Chennai,mobile,lunch,True,Sunday
S005601,U01199,R0372,2026-01-25 19:51:31,Hyderabad,web,dinner,True,Sunday
S005602,U03482,R0725,2026-01-18 12:41:31,Hyderabad,mobile,lunch,True,Sunday
S005603,U04560,R0010,2025-12-13 20:31:31,Bangalore,mobile,dinner,True,Saturday
S005604,U03417,R0015,2026-01-04 00:36:31,Bangalore,mobile,late_night,True,Sunday
S005605,U04946,R0081,2026-02-02 19:57:31,Hyderabad,mobile,dinner,False,Monday
S005606,U02908,R0739,2026-01-02 22:43:31,Mumbai,mobile,late_night,False,Friday
S005607,U01918,R0189,2025-12-01 19:06:31,Chennai,mobile,dinner,False,Monday
S005608,U00721,R0335,2026-01-27 08:27:31,Bangalore,mobile,breakfast,False,Tuesday
S005609,U01150,R0162,2025-12-30 23:55:31,Pune,web,late_night,False,Tuesday
S005610,U02765,R0712,2025-12-26 12:36:31,Delhi,mobile,lunch,False,Friday
S005611,U04814,R0095,2025-12-25 23:13:31,Kolkata,tablet,late_night,False,Thursday
S005612,U04791,R0293,2026-01-03 08:28:31,Delhi,mobile,breakfast,True,Saturday
S005613,U04694,R0563,2025-12-27 17:46:31,Mumbai,tablet,snack,True,Saturday
S005614,U03712,R0097,2026-02-04 09:39:31,Chennai,mobile,breakfast,False,Wednesday
S005615,U04094,R0112,2026-01-29 09:51:31,Chennai,web,breakfast,False,Thursday
S005616,U00641,R0082,2025-12-02 16:32:31,Bangalore,mobile,snack,False,Tuesday
S005617,U00143,R0193,2026-01-03 16:08:31,Chennai,mobile,snack,True,Saturday
S005618,U03619,R0326,2025-12-29 22:59:31,Mumbai,mobile,late_night,False,Monday
S005619,U04140,R0389,2025-12-30 21:46:31,Bangalore,mobile,dinner,False,Tuesday
S005620,U01792,R0172,2026-02-14 09:17:31,Hyderabad,mobile,breakfast,True,Saturday
S005621,U01682,R0349,2026-01-27 10:37:31,Bangalore,mobile,breakfast,False,Tuesday
S005622,U00659,R0228,2025-12-18 20:03:31,Mumbai,mobile,dinner,False,Thursday
S005623,U04566,R0703,2026-01-04 02:23:31,Chennai,mobile,late_night,True,Sunday
S005624,U01213,R0281,2025-12-05 08:30:31,Pune,mobile,breakfast,False,Friday
S005625,U02571,R0172,2025-12-15 07:03:31,Hyderabad,tablet,breakfast,False,Monday
S005626,U04748,R0604,2026-01-03 11:45:31,Pune,mobile,lunch,True,Saturday
S005627,U04796,R0028,2025-12-01 10:01:31,Chennai,web,breakfast,False,Monday
S005628,U02482,R0300,2026-02-21 15:13:31,Chennai,mobile,snack,True,Saturday
S005629,U04705,R0082,2026-02-02 17:01:31,Bangalore,web,snack,False,Monday
S005630,U04123,R0490,2026-01-31 21:22:31,Mumbai,mobile,dinner,True,Saturday
S005631,U02097,R0533,2025-12-01 15:02:31,Kolkata,web,snack,False,Monday
S005632,U04477,R0588,2026-02-06 13:58:31,Bangalore,mobile,lunch,False,Friday
S005633,U03863,R0001,2025-11-28 08:37:31,Chennai,mobile,breakfast,False,Friday
S005634,U00433,R0343,2026-01-21 19:43:31,Pune,mobile,dinner,False,Wednesday
S005635,U01200,R0230,2025-12-15 23:39:31,Pune,web,late_night,False,Monday
S005636,U02478,R0728,2026-01-21 08:54:31,Kolkata,mobile,breakfast,False,Wednesday
S005637,U03462,R0241,2025-12-20 20:48:31,Kolkata,mobile,dinner,True,Saturday
S005638,U04110,R0003,2025-11-29 11:07:31,Bangalore,mobile,lunch,True,Saturday
S005639,U03560,R0057,2026-02-10 21:20:31,Hyderabad,mobile,dinner,False,Tuesday
S005640,U00214,R0048,2026-01-06 08:05:31,Bangalore,mobile,breakfast,False,Tuesday
S005641,U04606,R0676,2026-01-30 22:59:31,Chennai,mobile,late_night,False,Friday
S005642,U03667,R0699,2025-12-06 21:05:31,Pune,mobile,dinner,True,Saturday
S005643,U03838,R0028,2025-12-13 21:14:31,Chennai,web,dinner,True,Saturday
S005644,U03489,R0144,2026-01-24 11:37:31,Bangalore,mobile,lunch,True,Saturday
S005645,U00521,R0544,2026-02-22 05:23:31,Kolkata,web,late_night,True,Sunday
S005646,U03915,R0275,2026-02-17 14:24:31,Bangalore,mobile,lunch,False,Tuesday
S005647,U04636,R0397,2026-02-17 14:08:31,Mumbai,mobile,lunch,False,Tuesday
S005648,U03784,R0618,2026-01-22 07:28:31,Mumbai,mobile,breakfast,False,Thursday
S005649,U04452,R0314,2026-01-29 19:33:31,Chennai,mobile,dinner,False,Thursday
S005650,U02984,R0511,2025-12-28 23:38:31,Delhi,web,late_night,True,Sunday
S005651,U02412,R0224,2026-01-04 10:26:31,Pune,mobile,breakfast,True,Sunday
S005652,U03290,R0462,2026-02-13 20:03:31,Mumbai,web,dinner,False,Friday
S005653,U03753,R0126,2026-01-04 11:41:31,Chennai,mobile,lunch,True,Sunday
S005654,U02733,R0466,2026-01-28 10:23:31,Kolkata,tablet,breakfast,False,Wednesday
S005655,U02905,R0651,2025-12-29 06:54:31,Mumbai,web,breakfast,False,Monday
S005656,U04779,R0535,2026-02-06 17:28:31,Mumbai,mobile,snack,False,Friday
S005657,U01161,R0316,2026-01-19 10:08:31,Chennai,mobile,breakfast,False,Monday
S005658,U00991,R0247,2025-12-14 09:23:31,Kolkata,mobile,breakfast,True,Sunday
S005659,U01147,R0774,2025-12-12 21:32:31,Hyderabad,mobile,dinner,False,Friday
S005660,U04875,R0297,2026-02-15 08:08:31,Pune,web,breakfast,True,Sunday
S005661,U02469,R0654,2026-02-21 17:23:31,Pune,web,snack,True,Saturday
S005662,U00344,R0545,2026-01-28 12:42:31,Kolkata,mobile,lunch,False,Wednesday
S005663,U02636,R0519,2025-12-26 14:14:31,Mumbai,mobile,lunch,False,Friday
S005664,U01073,R0305,2026-01-19 21:26:31,Kolkata,mobile,dinner,False,Monday
S005665,U03621,R0750,2026-02-21 02:03:31,Chennai,mobile,late_night,True,Saturday
S005666,U00674,R0577,2026-02-23 21:48:31,Mumbai,mobile,dinner,False,Monday
S005667,U02976,R0605,2026-02-26 21:44:31,Hyderabad,mobile,dinner,False,Thursday
S005668,U03060,R0094,2026-02-08 09:37:31,Delhi,mobile,breakfast,True,Sunday
S005669,U02696,R0021,2026-02-16 12:19:31,Chennai,mobile,lunch,False,Monday
S005670,U02982,R0429,2026-01-15 21:44:31,Bangalore,mobile,dinner,False,Thursday
S005671,U02262,R0615,2026-02-01 05:40:31,Bangalore,mobile,late_night,True,Sunday
S005672,U02405,R0589,2026-01-30 10:26:31,Chennai,web,breakfast,False,Friday
S005673,U01775,R0719,2026-01-14 08:40:31,Chennai,web,breakfast,False,Wednesday
S005674,U04328,R0010,2025-12-20 19:11:31,Bangalore,mobile,dinner,True,Saturday
S005675,U04005,R0729,2025-12-31 11:21:31,Kolkata,tablet,lunch,False,Wednesday
S005676,U01898,R0696,2026-01-17 07:57:31,Bangalore,mobile,breakfast,True,Saturday
S005677,U02000,R0342,2026-02-06 15:39:31,Mumbai,mobile,snack,False,Friday
S005678,U03664,R0758,2026-01-17 11:50:31,Mumbai,mobile,lunch,True,Saturday
S005679,U02114,R0723,2025-12-29 06:37:31,Mumbai,web,breakfast,False,Monday
S005680,U02006,R0092,2026-01-09 20:01:31,Bangalore,mobile,dinner,False,Friday
S005681,U00144,R0712,2026-01-14 11:45:31,Delhi,mobile,lunch,False,Wednesday
S005682,U02584,R0074,2025-12-14 20:40:31,Delhi,web,dinner,True,Sunday
S005683,U02644,R0104,2026-01-17 09:45:31,Pune,mobile,breakfast,True,Saturday
S005684,U00620,R0423,2026-02-13 12:33:31,Hyderabad,mobile,lunch,False,Friday
S005685,U03284,R0782,2025-12-23 13:18:31,Bangalore,mobile,lunch,False,Tuesday
S005686,U04945,R0433,2026-01-18 15:27:31,Mumbai,mobile,snack,True,Sunday
S005687,U03159,R0775,2026-01-03 12:15:31,Delhi,web,lunch,True,Saturday
S005688,U00511,R0047,2025-12-13 09:12:31,Pune,mobile,breakfast,True,Saturday
S005689,U03932,R0028,2026-02-25 15:02:31,Chennai,mobile,snack,False,Wednesday
S005690,U04791,R0664,2026-02-10 11:04:31,Delhi,mobile,lunch,False,Tuesday
S005691,U00214,R0639,2026-01-01 14:31:31,Bangalore,web,lunch,False,Thursday
S005692,U03511,R0130,2026-02-06 22:18:31,Mumbai,mobile,late_night,False,Friday
S005693,U02373,R0056,2026-02-21 20:38:31,Chennai,mobile,dinner,True,Saturday
S005694,U01585,R0425,2026-02-13 02:18:31,Chennai,web,late_night,False,Friday
S005695,U00666,R0647,2025-12-06 18:44:31,Delhi,web,dinner,True,Saturday
S005696,U04773,R0176,2026-01-15 21:10:31,Chennai,mobile,dinner,False,Thursday
S005697,U03527,R0584,2025-12-09 05:33:31,Mumbai,mobile,late_night,False,Tuesday
S005698,U03915,R0232,2026-02-01 17:50:31,Bangalore,mobile,snack,True,Sunday
S005699,U00814,R0382,2026-02-11 06:44:31,Hyderabad,tablet,breakfast,False,Wednesday
S005700,U00982,R0243,2026-01-03 08:41:31,Delhi,web,breakfast,True,Saturday
S005701,U03666,R0248,2026-01-05 09:46:31,Delhi,mobile,breakfast,False,Monday
S005702,U01394,R0799,2026-01-06 12:44:31,Pune,mobile,lunch,False,Tuesday
S005703,U00620,R0216,2025-12-21 15:18:31,Hyderabad,web,snack,True,Sunday
S005704,U01267,R0770,2025-12-08 13:22:31,Pune,mobile,lunch,False,Monday
S005705,U04539,R0555,2026-01-23 07:03:31,Bangalore,mobile,breakfast,False,Friday
S005706,U03908,R0361,2025-12-27 15:40:31,Chennai,mobile,snack,True,Saturday
S005707,U01465,R0568,2025-12-19 17:23:31,Hyderabad,mobile,snack,False,Friday
S005708,U03922,R0574,2026-01-01 18:30:31,Chennai,web,dinner,False,Thursday
S005709,U01857,R0174,2025-12-25 11:12:31,Delhi,mobile,lunch,False,Thursday
S005710,U00559,R0541,2026-01-31 20:55:31,Hyderabad,mobile,dinner,True,Saturday
S005711,U01639,R0035,2025-12-20 08:18:31,Kolkata,web,breakfast,True,Saturday
S005712,U02583,R0418,2026-01-09 13:16:31,Bangalore,mobile,lunch,False,Friday
S005713,U01871,R0339,2025-12-18 13:57:31,Mumbai,mobile,lunch,False,Thursday
S005714,U03401,R0548,2025-12-08 14:46:31,Delhi,mobile,lunch,False,Monday
S005715,U01069,R0066,2025-12-16 13:25:31,Hyderabad,mobile,lunch,False,Tuesday
S005716,U01317,R0103,2026-02-09 15:11:31,Hyderabad,web,snack,False,Monday
S005717,U01386,R0684,2026-01-07 08:23:31,Hyderabad,mobile,breakfast,False,Wednesday
S005718,U03618,R0360,2025-12-15 20:20:31,Delhi,mobile,dinner,False,Monday
S005719,U01772,R0129,2026-01-20 13:32:31,Bangalore,mobile,lunch,False,Tuesday
S005720,U00357,R0535,2026-02-11 23:55:31,Mumbai,mobile,late_night,False,Wednesday
S005721,U01866,R0733,2026-01-28 12:21:31,Kolkata,web,lunch,False,Wednesday
S005722,U03188,R0086,2025-11-28 17:22:31,Kolkata,mobile,snack,False,Friday
S005723,U02896,R0360,2026-01-30 20:44:31,Delhi,web,dinner,False,Friday
S005724,U01176,R0071,2026-02-07 21:47:31,Delhi,web,dinner,True,Saturday
S005725,U04931,R0447,2026-02-07 13:03:31,Delhi,mobile,lunch,True,Saturday
S005726,U03375,R0441,2025-12-06 16:14:31,Chennai,tablet,snack,True,Saturday
S005727,U03275,R0778,2025-12-21 12:59:31,Chennai,mobile,lunch,True,Sunday
S005728,U02626,R0403,2026-02-05 18:41:31,Chennai,mobile,dinner,False,Thursday
S005729,U00114,R0008,2025-11-29 14:10:31,Mumbai,mobile,lunch,True,Saturday
S005730,U00110,R0292,2026-02-02 05:22:31,Mumbai,web,late_night,False,Monday
S005731,U03976,R0244,2026-01-06 15:29:31,Delhi,mobile,snack,False,Tuesday
S005732,U01765,R0572,2026-02-08 01:57:31,Mumbai,mobile,late_night,True,Sunday
S005733,U01499,R0310,2026-01-16 01:01:31,Hyderabad,mobile,late_night,False,Friday
S005734,U01363,R0790,2025-12-31 14:11:31,Kolkata,web,lunch,False,Wednesday
S005735,U00627,R0620,2025-12-29 10:55:31,Mumbai,mobile,breakfast,False,Monday
S005736,U01994,R0613,2026-02-09 10:59:31,Kolkata,mobile,breakfast,False,Monday
S005737,U00418,R0118,2025-12-04 18:58:31,Hyderabad,web,dinner,False,Thursday
S005738,U00561,R0138,2026-02-22 08:34:31,Mumbai,web,breakfast,True,Sunday
S005739,U02309,R0328,2026-02-09 10:59:31,Delhi,mobile,breakfast,False,Monday
S005740,U01145,R0772,2026-01-16 09:39:31,Bangalore,tablet,breakfast,False,Friday
S005741,U02723,R0635,2025-12-27 11:12:31,Pune,web,lunch,True,Saturday
S005742,U00353,R0338,2025-12-11 12:27:31,Pune,mobile,lunch,False,Thursday
S005743,U02958,R0184,2025-12-06 10:12:31,Pune,mobile,breakfast,True,Saturday
S005744,U02177,R0283,2026-01-28 13:39:31,Delhi,mobile,lunch,False,Wednesday
S005745,U04856,R0293,2025-12-19 05:56:31,Delhi,mobile,late_night,False,Friday
S005746,U04892,R0350,2025-12-27 13:20:31,Pune,mobile,lunch,True,Saturday
S005747,U03582,R0697,2025-12-03 10:02:31,Mumbai,mobile,breakfast,False,Wednesday
S005748,U03626,R0553,2026-01-11 08:22:31,Bangalore,mobile,breakfast,True,Sunday
S005749,U02556,R0425,2026-02-24 13:52:31,Chennai,mobile,lunch,False,Tuesday
S005750,U03413,R0753,2025-12-13 19:07:31,Chennai,mobile,dinner,True,Saturday
S005751,U01570,R0672,2026-02-14 07:30:31,Delhi,mobile,breakfast,True,Saturday
S005752,U01728,R0480,2026-02-07 03:42:31,Chennai,mobile,late_night,True,Saturday
S005753,U04249,R0695,2025-12-04 12:20:31,Kolkata,mobile,lunch,False,Thursday
S005754,U02080,R0279,2025-11-30 08:47:31,Mumbai,mobile,breakfast,True,Sunday
S005755,U01363,R0371,2025-12-03 13:06:31,Kolkata,mobile,lunch,False,Wednesday
S005756,U02089,R0153,2026-01-10 17:50:31,Chennai,web,snack,True,Saturday
S005757,U02225,R0706,2026-02-04 13:14:31,Kolkata,mobile,lunch,False,Wednesday
S005758,U02857,R0483,2025-12-16 12:26:31,Hyderabad,mobile,lunch,False,Tuesday
S005759,U03376,R0522,2025-12-09 17:11:31,Hyderabad,mobile,snack,False,Tuesday
S005760,U04176,R0502,2025-12-14 07:19:31,Delhi,web,breakfast,True,Sunday
S005761,U03173,R0633,2025-12-09 08:44:31,Bangalore,mobile,breakfast,False,Tuesday
S005762,U03371,R0425,2025-11-28 16:08:31,Chennai,mobile,snack,False,Friday
S005763,U04631,R0383,2026-01-24 06:51:31,Pune,web,breakfast,True,Saturday
S005764,U00788,R0567,2025-12-30 07:53:31,Pune,mobile,breakfast,False,Tuesday
S005765,U02956,R0648,2025-12-09 18:20:31,Delhi,mobile,dinner,False,Tuesday
S005766,U03480,R0782,2026-01-28 12:07:31,Bangalore,mobile,lunch,False,Wednesday
S005767,U04954,R0502,2025-12-26 21:10:31,Delhi,mobile,dinner,False,Friday
S005768,U00847,R0105,2025-12-28 08:05:31,Pune,web,breakfast,True,Sunday
S005769,U02474,R0449,2026-02-24 11:04:31,Chennai,mobile,lunch,False,Tuesday
S005770,U03797,R0294,2026-02-18 07:41:31,Pune,mobile,breakfast,False,Wednesday
S005771,U02345,R0206,2026-02-17 09:02:31,Kolkata,mobile,breakfast,False,Tuesday
S005772,U01717,R0385,2025-12-15 13:49:31,Bangalore,web,lunch,False,Monday
S005773,U03449,R0525,2026-01-15 08:21:31,Kolkata,mobile,breakfast,False,Thursday
S005774,U00734,R0636,2025-12-15 18:26:31,Pune,web,dinner,False,Monday
S005775,U04800,R0642,2026-02-23 07:25:31,Mumbai,mobile,breakfast,False,Monday
S005776,U01984,R0758,2025-12-06 10:19:31,Mumbai,web,breakfast,True,Saturday
S005777,U04352,R0800,2026-02-18 21:26:31,Bangalore,web,dinner,False,Wednesday
S005778,U02359,R0196,2025-12-18 20:12:31,Mumbai,mobile,dinner,False,Thursday
S005779,U00026,R0608,2026-01-24 18:26:31,Hyderabad,mobile,dinner,True,Saturday
S005780,U01324,R0302,2026-01-27 22:26:31,Delhi,mobile,late_night,False,Tuesday
S005781,U04414,R0002,2026-01-14 20:58:31,Pune,mobile,dinner,False,Wednesday
S005782,U00319,R0418,2025-12-31 21:13:31,Bangalore,web,dinner,False,Wednesday
S005783,U00334,R0159,2025-12-04 16:35:31,Hyderabad,mobile,snack,False,Thursday
S005784,U04070,R0346,2026-01-17 15:27:31,Delhi,mobile,snack,True,Saturday
S005785,U00734,R0488,2026-01-16 07:54:31,Pune,web,breakfast,False,Friday
S005786,U03197,R0186,2026-02-21 21:32:31,Delhi,mobile,dinner,True,Saturday
S005787,U01365,R0079,2026-01-16 07:48:31,Bangalore,mobile,breakfast,False,Friday
S005788,U01294,R0588,2026-01-19 21:16:31,Bangalore,web,dinner,False,Monday
S005789,U02247,R0474,2026-02-19 16:23:31,Mumbai,mobile,snack,False,Thursday
S005790,U02234,R0327,2025-12-20 21:01:31,Pune,mobile,dinner,True,Saturday
S005791,U00872,R0747,2025-12-19 11:15:31,Pune,web,lunch,False,Friday
S005792,U03871,R0570,2026-01-23 07:37:31,Kolkata,mobile,breakfast,False,Friday
S005793,U01070,R0238,2026-02-15 18:36:31,Chennai,mobile,dinner,True,Sunday
S005794,U01890,R0433,2026-02-06 09:41:31,Mumbai,web,breakfast,False,Friday
S005795,U00224,R0365,2025-12-13 23:19:31,Kolkata,mobile,late_night,True,Saturday
S005796,U04664,R0193,2025-11-29 08:34:31,Chennai,mobile,breakfast,True,Saturday
S005797,U01074,R0222,2026-01-14 15:16:31,Pune,mobile,snack,False,Wednesday
S005798,U02529,R0384,2025-12-25 12:12:31,Delhi,mobile,lunch,False,Thursday
S005799,U01573,R0060,2025-12-16 22:24:31,Mumbai,mobile,late_night,False,Tuesday
S005800,U03478,R0272,2026-01-28 09:24:31,Delhi,mobile,breakfast,False,Wednesday
S005801,U00279,R0093,2026-01-04 04:47:31,Delhi,mobile,late_night,True,Sunday
S005802,U02463,R0461,2025-12-23 15:49:31,Chennai,mobile,snack,False,Tuesday
S005803,U01445,R0785,2025-12-01 06:34:31,Bangalore,mobile,breakfast,False,Monday
S005804,U01247,R0666,2026-01-04 16:21:31,Delhi,web,snack,True,Sunday
S005805,U04372,R0655,2025-12-04 18:22:31,Kolkata,mobile,dinner,False,Thursday
S005806,U02982,R0277,2026-01-01 13:10:31,Bangalore,mobile,lunch,False,Thursday
S005807,U03689,R0730,2026-01-17 12:26:31,Pune,web,lunch,True,Saturday
S005808,U02113,R0792,2026-01-08 14:26:31,Bangalore,mobile,lunch,False,Thursday
S005809,U03475,R0415,2025-12-02 19:17:31,Pune,tablet,dinner,False,Tuesday
S005810,U03440,R0775,2026-02-19 20:22:31,Delhi,mobile,dinner,False,Thursday
S005811,U02319,R0408,2026-01-09 08:50:31,Mumbai,web,breakfast,False,Friday
S005812,U04646,R0622,2026-01-09 06:30:31,Hyderabad,mobile,breakfast,False,Friday
S005813,U03661,R0323,2025-12-04 10:20:31,Pune,web,breakfast,False,Thursday
S005814,U03136,R0361,2025-12-07 12:21:31,Chennai,mobile,lunch,True,Sunday
S005815,U03081,R0027,2026-01-18 06:46:31,Bangalore,mobile,breakfast,True,Sunday
S005816,U03035,R0254,2025-12-09 23:13:31,Hyderabad,mobile,late_night,False,Tuesday
S005817,U02015,R0093,2026-02-24 20:30:31,Delhi,mobile,dinner,False,Tuesday
S005818,U04279,R0077,2026-01-24 21:53:31,Delhi,mobile,dinner,True,Saturday
S005819,U02044,R0092,2025-12-07 02:20:31,Bangalore,mobile,late_night,True,Sunday
S005820,U03247,R0527,2025-12-10 10:59:31,Kolkata,web,breakfast,False,Wednesday
S005821,U00221,R0385,2025-12-05 00:36:31,Bangalore,mobile,late_night,False,Friday
S005822,U03973,R0192,2026-02-21 19:25:31,Pune,web,dinner,True,Saturday
S005823,U01809,R0546,2026-02-19 12:56:31,Chennai,mobile,lunch,False,Thursday
S005824,U01506,R0394,2025-11-28 10:27:31,Hyderabad,mobile,breakfast,False,Friday
S005825,U01500,R0427,2025-12-04 11:14:31,Chennai,mobile,lunch,False,Thursday
S005826,U04281,R0253,2026-02-20 12:20:31,Chennai,mobile,lunch,False,Friday
S005827,U03448,R0436,2025-12-23 11:17:31,Mumbai,mobile,lunch,False,Tuesday
S005828,U03061,R0212,2026-01-11 22:10:31,Bangalore,mobile,late_night,True,Sunday
S005829,U02946,R0768,2025-12-12 02:58:31,Mumbai,mobile,late_night,False,Friday
S005830,U02728,R0313,2026-01-29 06:50:31,Hyderabad,mobile,breakfast,False,Thursday
S005831,U01383,R0754,2026-02-09 12:54:31,Hyderabad,tablet,lunch,False,Monday
S005832,U02179,R0382,2026-01-11 20:19:31,Hyderabad,mobile,dinner,True,Sunday
S005833,U02602,R0760,2025-12-06 18:45:31,Hyderabad,mobile,dinner,True,Saturday
S005834,U02376,R0255,2026-01-15 19:26:31,Pune,mobile,dinner,False,Thursday
S005835,U04772,R0412,2025-12-19 10:38:31,Pune,mobile,breakfast,False,Friday
S005836,U01311,R0295,2026-01-23 10:03:31,Kolkata,mobile,breakfast,False,Friday
S005837,U01530,R0441,2026-01-29 22:54:31,Chennai,web,late_night,False,Thursday
S005838,U00215,R0332,2026-01-30 20:42:31,Hyderabad,mobile,dinner,False,Friday
S005839,U00860,R0610,2025-11-29 14:04:31,Chennai,mobile,lunch,True,Saturday
S005840,U03798,R0099,2026-01-14 20:31:31,Delhi,tablet,dinner,False,Wednesday
S005841,U00474,R0075,2026-01-18 21:14:31,Bangalore,mobile,dinner,True,Sunday
S005842,U00126,R0042,2026-02-18 21:27:31,Pune,mobile,dinner,False,Wednesday
S005843,U02756,R0120,2025-12-13 23:24:31,Hyderabad,tablet,late_night,True,Saturday
S005844,U02101,R0302,2026-01-19 15:15:31,Delhi,web,snack,False,Monday
S005845,U04999,R0235,2026-01-23 23:38:31,Mumbai,mobile,late_night,False,Friday
S005846,U04498,R0644,2026-02-10 16:47:31,Chennai,web,snack,False,Tuesday
S005847,U03689,R0571,2026-02-21 10:37:31,Pune,mobile,breakfast,True,Saturday
S005848,U03282,R0279,2026-02-02 19:44:31,Mumbai,mobile,dinner,False,Monday
S005849,U04964,R0444,2026-02-17 21:42:31,Bangalore,mobile,dinner,False,Tuesday
S005850,U00276,R0703,2026-02-04 15:02:31,Chennai,mobile,snack,False,Wednesday
S005851,U04623,R0678,2026-01-08 08:13:31,Pune,mobile,breakfast,False,Thursday
S005852,U02583,R0553,2026-01-08 22:46:31,Bangalore,web,late_night,False,Thursday
S005853,U02507,R0135,2026-01-22 20:54:31,Mumbai,web,dinner,False,Thursday
S005854,U03032,R0645,2026-01-01 22:14:31,Pune,web,late_night,False,Thursday
S005855,U03139,R0694,2026-01-06 09:04:31,Kolkata,web,breakfast,False,Tuesday
S005856,U00110,R0436,2025-12-28 14:36:31,Mumbai,mobile,lunch,True,Sunday
S005857,U03190,R0221,2025-12-05 19:46:31,Kolkata,mobile,dinner,False,Friday
S005858,U00529,R0475,2026-02-02 12:31:31,Bangalore,mobile,lunch,False,Monday
S005859,U01045,R0328,2026-02-18 10:04:31,Delhi,mobile,breakfast,False,Wednesday
S005860,U01374,R0773,2025-12-17 19:43:31,Mumbai,mobile,dinner,False,Wednesday
S005861,U04880,R0535,2025-12-09 14:50:31,Mumbai,web,lunch,False,Tuesday
S005862,U02724,R0654,2026-01-09 21:46:31,Pune,mobile,dinner,False,Friday
S005863,U00839,R0588,2026-02-14 17:46:31,Bangalore,mobile,snack,True,Saturday
S005864,U01428,R0030,2026-01-24 20:29:31,Mumbai,mobile,dinner,True,Saturday
S005865,U04046,R0152,2026-01-09 13:35:31,Pune,mobile,lunch,False,Friday
S005866,U01890,R0723,2026-02-05 19:11:31,Mumbai,mobile,dinner,False,Thursday
S005867,U01539,R0314,2025-12-02 06:00:31,Chennai,web,breakfast,False,Tuesday
S005868,U04669,R0454,2025-12-02 08:11:31,Bangalore,mobile,breakfast,False,Tuesday
S005869,U01335,R0274,2026-02-05 19:12:31,Delhi,web,dinner,False,Thursday
S005870,U02772,R0670,2026-02-11 05:38:31,Kolkata,mobile,late_night,False,Wednesday
S005871,U02354,R0016,2025-12-08 19:15:31,Pune,mobile,dinner,False,Monday
S005872,U04770,R0021,2026-02-20 07:02:31,Chennai,mobile,breakfast,False,Friday
S005873,U02017,R0106,2026-01-30 23:11:31,Mumbai,mobile,late_night,False,Friday
S005874,U02309,R0736,2026-01-20 16:04:31,Delhi,mobile,snack,False,Tuesday
S005875,U04506,R0255,2025-12-23 21:14:31,Pune,mobile,dinner,False,Tuesday
S005876,U04327,R0024,2025-12-10 01:15:31,Hyderabad,mobile,late_night,False,Wednesday
S005877,U03416,R0477,2026-02-08 15:35:31,Mumbai,mobile,snack,True,Sunday
S005878,U02283,R0666,2026-01-28 15:12:31,Delhi,web,snack,False,Wednesday
S005879,U02467,R0054,2026-02-03 11:32:31,Mumbai,mobile,lunch,False,Tuesday
S005880,U02463,R0718,2026-01-19 22:56:31,Chennai,web,late_night,False,Monday
S005881,U03669,R0619,2025-12-14 12:31:31,Hyderabad,mobile,lunch,True,Sunday
S005882,U03548,R0330,2025-12-03 10:01:31,Kolkata,mobile,breakfast,False,Wednesday
S005883,U03214,R0124,2026-01-06 14:38:31,Hyderabad,mobile,lunch,False,Tuesday
S005884,U03765,R0322,2025-12-08 20:16:31,Chennai,tablet,dinner,False,Monday
S005885,U00870,R0679,2026-01-31 08:27:31,Delhi,tablet,breakfast,True,Saturday
S005886,U03622,R0074,2026-01-09 20:00:31,Delhi,mobile,dinner,False,Friday
S005887,U01924,R0667,2025-12-22 11:06:31,Pune,mobile,lunch,False,Monday
S005888,U03197,R0244,2025-12-28 17:39:31,Delhi,web,snack,True,Sunday
S005889,U02498,R0086,2025-12-21 10:05:31,Kolkata,mobile,breakfast,True,Sunday
S005890,U02955,R0437,2026-01-05 22:44:31,Kolkata,mobile,late_night,False,Monday
S005891,U04768,R0251,2026-01-03 09:57:31,Kolkata,mobile,breakfast,True,Saturday
S005892,U01556,R0493,2026-01-15 11:08:31,Hyderabad,mobile,lunch,False,Thursday
S005893,U04397,R0145,2026-02-12 18:26:31,Kolkata,web,dinner,False,Thursday
S005894,U01287,R0464,2025-12-24 23:12:31,Mumbai,web,late_night,False,Wednesday
S005895,U00965,R0543,2026-01-09 08:50:31,Hyderabad,mobile,breakfast,False,Friday
S005896,U00710,R0739,2025-12-20 22:58:31,Mumbai,mobile,late_night,True,Saturday
S005897,U04802,R0411,2026-02-20 18:58:31,Mumbai,mobile,dinner,False,Friday
S005898,U01519,R0007,2025-12-12 11:07:31,Bangalore,mobile,lunch,False,Friday
S005899,U02027,R0250,2026-02-15 13:32:31,Hyderabad,web,lunch,True,Sunday
S005900,U02366,R0397,2026-02-17 08:22:31,Mumbai,mobile,breakfast,False,Tuesday
S005901,U02862,R0116,2026-01-04 08:21:31,Hyderabad,tablet,breakfast,True,Sunday
S005902,U02771,R0368,2026-02-14 11:56:31,Mumbai,mobile,lunch,True,Saturday
S005903,U02588,R0415,2025-12-23 04:04:31,Pune,mobile,late_night,False,Tuesday
S005904,U03612,R0138,2026-02-22 13:45:31,Mumbai,mobile,lunch,True,Sunday
S005905,U01179,R0180,2025-12-30 12:30:31,Chennai,mobile,lunch,False,Tuesday
S005906,U01331,R0468,2025-12-04 14:17:31,Kolkata,mobile,lunch,False,Thursday
S005907,U02640,R0221,2026-02-13 10:13:31,Kolkata,mobile,breakfast,False,Friday
S005908,U01376,R0287,2026-02-09 10:25:31,Kolkata,web,breakfast,False,Monday
S005909,U03017,R0314,2026-02-02 12:26:31,Chennai,mobile,lunch,False,Monday
S005910,U00542,R0382,2025-12-15 05:06:31,Hyderabad,mobile,late_night,False,Monday
S005911,U03755,R0261,2026-01-19 10:14:31,Hyderabad,mobile,breakfast,False,Monday
S005912,U03778,R0244,2025-12-25 06:59:31,Delhi,web,breakfast,False,Thursday
S005913,U02870,R0237,2026-02-09 10:18:31,Chennai,web,breakfast,False,Monday
S005914,U01367,R0298,2026-02-06 10:18:31,Mumbai,mobile,breakfast,False,Friday
S005915,U01794,R0709,2025-12-18 15:34:31,Chennai,web,snack,False,Thursday
S005916,U04230,R0547,2026-01-19 20:06:31,Bangalore,mobile,dinner,False,Monday
S005917,U01279,R0214,2026-01-03 10:26:31,Delhi,web,breakfast,True,Saturday
S005918,U04477,R0079,2026-02-10 09:57:31,Bangalore,mobile,breakfast,False,Tuesday
S005919,U00746,R0317,2025-12-08 20:01:31,Hyderabad,mobile,dinner,False,Monday
S005920,U00771,R0212,2026-01-29 08:05:31,Bangalore,tablet,breakfast,False,Thursday
S005921,U00472,R0339,2026-02-21 22:03:31,Mumbai,mobile,late_night,True,Saturday
S005922,U02862,R0591,2025-12-07 18:08:31,Hyderabad,web,dinner,True,Sunday
S005923,U04218,R0614,2025-12-21 10:25:31,Hyderabad,web,breakfast,True,Sunday
S005924,U04832,R0149,2026-02-01 13:26:31,Chennai,mobile,lunch,True,Sunday
S005925,U02078,R0582,2026-02-14 19:19:31,Mumbai,mobile,dinner,True,Saturday
S005926,U00972,R0544,2026-01-06 18:43:31,Kolkata,mobile,dinner,False,Tuesday
S005927,U03619,R0262,2026-02-05 12:27:31,Mumbai,mobile,lunch,False,Thursday
S005928,U04953,R0076,2026-01-18 21:42:31,Chennai,tablet,dinner,True,Sunday
S005929,U02260,R0783,2025-12-09 12:34:31,Bangalore,mobile,lunch,False,Tuesday
S005930,U00385,R0181,2026-02-25 06:55:31,Hyderabad,mobile,breakfast,False,Wednesday
S005931,U04214,R0155,2026-02-25 08:34:31,Bangalore,mobile,breakfast,False,Wednesday
S005932,U03608,R0775,2025-12-16 12:31:31,Delhi,web,lunch,False,Tuesday
S005933,U03155,R0248,2026-02-13 11:15:31,Delhi,mobile,lunch,False,Friday
S005934,U00026,R0231,2026-02-22 20:36:31,Hyderabad,web,dinner,True,Sunday
S005935,U03914,R0521,2026-02-23 22:29:31,Mumbai,mobile,late_night,False,Monday
S005936,U04105,R0652,2026-01-27 22:26:31,Mumbai,mobile,late_night,False,Tuesday
S005937,U00833,R0146,2026-02-14 16:07:31,Delhi,mobile,snack,True,Saturday
S005938,U00727,R0545,2025-11-28 05:45:31,Kolkata,mobile,late_night,False,Friday
S005939,U04254,R0322,2025-12-20 02:42:31,Chennai,mobile,late_night,True,Saturday
S005940,U03827,R0175,2026-01-07 19:31:31,Delhi,mobile,dinner,False,Wednesday
S005941,U04390,R0279,2026-01-16 06:07:31,Mumbai,mobile,breakfast,False,Friday
S005942,U02913,R0460,2026-01-29 13:45:31,Delhi,mobile,lunch,False,Thursday
S005943,U02796,R0775,2026-01-17 12:07:31,Delhi,mobile,lunch,True,Saturday
S005944,U03747,R0077,2026-01-16 19:42:31,Delhi,mobile,dinner,False,Friday
S005945,U01765,R0130,2025-12-02 00:41:31,Mumbai,mobile,late_night,False,Tuesday
S005946,U03105,R0110,2026-02-08 00:02:31,Chennai,web,late_night,True,Sunday
S005947,U04558,R0605,2026-01-24 17:37:31,Hyderabad,web,snack,True,Saturday
S005948,U02447,R0173,2026-02-13 13:03:31,Mumbai,mobile,lunch,False,Friday
S005949,U00331,R0327,2026-02-25 18:30:31,Pune,mobile,dinner,False,Wednesday
S005950,U00975,R0482,2026-01-14 18:14:31,Hyderabad,mobile,dinner,False,Wednesday
S005951,U04874,R0758,2025-12-04 13:28:31,Mumbai,web,lunch,False,Thursday
S005952,U04632,R0684,2025-12-22 21:29:31,Hyderabad,mobile,dinner,False,Monday
S005953,U00865,R0552,2026-02-14 19:04:31,Pune,web,dinner,True,Saturday
S005954,U04596,R0434,2026-02-16 16:21:31,Mumbai,mobile,snack,False,Monday
S005955,U02142,R0093,2026-02-04 00:01:31,Delhi,mobile,late_night,False,Wednesday
S005956,U04346,R0535,2026-01-28 18:23:31,Mumbai,mobile,dinner,False,Wednesday
S005957,U04676,R0078,2025-12-06 11:01:31,Mumbai,mobile,lunch,True,Saturday
S005958,U00034,R0706,2025-12-31 13:07:31,Kolkata,mobile,lunch,False,Wednesday
S005959,U02479,R0498,2025-12-24 03:45:31,Kolkata,mobile,late_night,False,Wednesday
S005960,U03311,R0728,2025-12-22 20:31:31,Kolkata,mobile,dinner,False,Monday
S005961,U01526,R0075,2026-02-07 21:50:31,Bangalore,mobile,dinner,True,Saturday
S005962,U01215,R0315,2025-12-09 22:02:31,Kolkata,mobile,late_night,False,Tuesday
S005963,U04344,R0043,2026-01-09 21:30:31,Pune,mobile,dinner,False,Friday
S005964,U03545,R0591,2026-02-02 15:35:31,Hyderabad,mobile,snack,False,Monday
S005965,U03576,R0434,2025-12-09 09:25:31,Mumbai,mobile,breakfast,False,Tuesday
S005966,U00512,R0026,2026-02-13 11:11:31,Bangalore,mobile,lunch,False,Friday
S005967,U01926,R0577,2025-12-31 22:03:31,Mumbai,web,late_night,False,Wednesday
S005968,U04004,R0225,2026-02-10 07:02:31,Chennai,web,breakfast,False,Tuesday
S005969,U04132,R0215,2025-12-03 14:15:31,Bangalore,mobile,lunch,False,Wednesday
S005970,U03382,R0098,2026-02-01 02:55:31,Delhi,mobile,late_night,True,Sunday
S005971,U02375,R0416,2025-12-25 05:15:31,Mumbai,mobile,late_night,False,Thursday
S005972,U04485,R0500,2026-01-21 18:36:31,Pune,mobile,dinner,False,Wednesday
S005973,U02108,R0071,2026-01-16 07:03:31,Delhi,web,breakfast,False,Friday
S005974,U02008,R0249,2025-12-26 23:32:31,Hyderabad,web,late_night,False,Friday
S005975,U01952,R0434,2026-01-19 06:31:31,Mumbai,tablet,breakfast,False,Monday
S005976,U00532,R0018,2026-01-01 13:01:31,Chennai,mobile,lunch,False,Thursday
S005977,U01808,R0717,2025-12-29 07:38:31,Kolkata,mobile,breakfast,False,Monday
S005978,U02407,R0627,2025-12-19 10:01:31,Kolkata,mobile,breakfast,False,Friday
S005979,U00020,R0162,2025-12-31 15:17:31,Pune,mobile,snack,False,Wednesday
S005980,U04662,R0342,2026-01-24 10:52:31,Mumbai,mobile,breakfast,True,Saturday
S005981,U00232,R0673,2025-12-04 15:10:31,Pune,tablet,snack,False,Thursday
S005982,U02622,R0747,2026-01-13 19:30:31,Pune,mobile,dinner,False,Tuesday
S005983,U04141,R0110,2025-12-26 19:49:31,Chennai,mobile,dinner,False,Friday
S005984,U04988,R0097,2025-12-26 20:51:31,Chennai,mobile,dinner,False,Friday
S005985,U04004,R0517,2025-12-14 16:02:31,Chennai,mobile,snack,True,Sunday
S005986,U00426,R0738,2025-12-14 21:11:31,Pune,mobile,dinner,True,Sunday
S005987,U01046,R0665,2025-12-03 11:31:31,Chennai,mobile,lunch,False,Wednesday
S005988,U03204,R0187,2026-02-20 16:01:31,Kolkata,mobile,snack,False,Friday
S005989,U00393,R0441,2026-01-15 17:31:31,Chennai,mobile,snack,False,Thursday
S005990,U02939,R0161,2025-12-10 21:16:31,Bangalore,tablet,dinner,False,Wednesday
S005991,U02306,R0452,2025-12-29 15:20:31,Bangalore,mobile,snack,False,Monday
S005992,U01038,R0032,2026-02-23 09:05:31,Chennai,mobile,breakfast,False,Monday
S005993,U02774,R0292,2026-01-16 06:09:31,Mumbai,mobile,breakfast,False,Friday
S005994,U04855,R0107,2026-01-08 07:37:31,Bangalore,mobile,breakfast,False,Thursday
S005995,U02137,R0015,2026-02-13 20:55:31,Bangalore,mobile,dinner,False,Friday
S005996,U02588,R0645,2026-02-24 12:39:31,Pune,mobile,lunch,False,Tuesday
S005997,U00477,R0104,2025-12-02 13:49:31,Pune,web,lunch,False,Tuesday
S005998,U01355,R0389,2026-01-06 21:02:31,Bangalore,mobile,dinner,False,Tuesday
S005999,U04265,R0647,2026-02-23 13:31:31,Delhi,mobile,lunch,False,Monday
S006000,U03666,R0631,2026-02-19 11:07:31,Delhi,mobile,lunch,False,Thursday
S006001,U00902,R0104,2025-12-13 16:06:31,Pune,web,snack,True,Saturday
S006002,U04344,R0358,2026-02-14 22:48:31,Pune,mobile,late_night,True,Saturday
S006003,U04562,R0209,2026-02-07 21:07:31,Pune,mobile,dinner,True,Saturday
S006004,U00097,R0140,2025-12-29 01:12:31,Kolkata,web,late_night,False,Monday
S006005,U01106,R0672,2025-12-17 14:36:31,Delhi,mobile,lunch,False,Wednesday
S006006,U02741,R0512,2026-02-13 10:33:31,Pune,mobile,breakfast,False,Friday
S006007,U02849,R0363,2026-01-26 12:08:31,Hyderabad,mobile,lunch,False,Monday
S006008,U00283,R0431,2026-02-09 09:11:31,Bangalore,mobile,breakfast,False,Monday
S006009,U02830,R0173,2026-02-03 10:51:31,Mumbai,web,breakfast,False,Tuesday
S006010,U01841,R0516,2026-02-22 20:19:31,Mumbai,mobile,dinner,True,Sunday
S006011,U04637,R0095,2026-02-25 19:44:31,Kolkata,mobile,dinner,False,Wednesday
S006012,U01231,R0132,2026-01-03 10:03:31,Bangalore,mobile,breakfast,True,Saturday
S006013,U03201,R0067,2026-02-18 15:49:31,Kolkata,web,snack,False,Wednesday
S006014,U00837,R0558,2026-02-18 15:54:31,Pune,mobile,snack,False,Wednesday
S006015,U01828,R0181,2026-01-14 09:14:31,Hyderabad,web,breakfast,False,Wednesday
S006016,U03088,R0074,2025-12-04 11:04:31,Delhi,mobile,lunch,False,Thursday
S006017,U04365,R0295,2025-12-08 13:03:31,Kolkata,mobile,lunch,False,Monday
S006018,U03744,R0230,2025-12-12 19:04:31,Pune,mobile,dinner,False,Friday
S006019,U02058,R0369,2025-12-12 07:49:31,Hyderabad,mobile,breakfast,False,Friday
S006020,U02292,R0437,2026-01-29 07:43:31,Kolkata,web,breakfast,False,Thursday
S006021,U01517,R0433,2026-01-11 08:55:31,Mumbai,web,breakfast,True,Sunday
S006022,U04986,R0486,2026-01-13 18:43:31,Chennai,web,dinner,False,Tuesday
S006023,U03110,R0181,2025-12-07 06:02:31,Hyderabad,mobile,breakfast,True,Sunday
S006024,U01800,R0099,2025-12-27 12:55:31,Delhi,mobile,lunch,True,Saturday
S006025,U03474,R0300,2026-01-28 22:50:31,Chennai,mobile,late_night,False,Wednesday
S006026,U00010,R0676,2026-01-11 10:28:31,Chennai,mobile,breakfast,True,Sunday
S006027,U04899,R0254,2025-12-26 06:37:31,Hyderabad,mobile,breakfast,False,Friday
S006028,U02197,R0622,2026-01-23 20:11:31,Hyderabad,mobile,dinner,False,Friday
S006029,U01764,R0230,2025-12-19 11:33:31,Pune,mobile,lunch,False,Friday
S006030,U04621,R0003,2026-01-09 18:42:31,Bangalore,mobile,dinner,False,Friday
S006031,U04426,R0033,2025-12-14 11:15:31,Delhi,mobile,lunch,True,Sunday
S006032,U04014,R0298,2026-01-31 11:52:31,Mumbai,mobile,lunch,True,Saturday
S006033,U03045,R0183,2026-02-17 19:03:31,Bangalore,mobile,dinner,False,Tuesday
S006034,U03430,R0606,2025-12-01 12:16:31,Bangalore,mobile,lunch,False,Monday
S006035,U02726,R0715,2026-02-21 22:33:31,Delhi,mobile,late_night,True,Saturday
S006036,U04340,R0613,2026-02-24 20:18:31,Kolkata,mobile,dinner,False,Tuesday
S006037,U00976,R0343,2025-12-26 07:58:31,Pune,mobile,breakfast,False,Friday
S006038,U04124,R0779,2026-02-08 10:34:31,Chennai,web,breakfast,True,Sunday
S006039,U01627,R0618,2026-01-25 15:14:31,Mumbai,mobile,snack,True,Sunday
S006040,U01499,R0417,2026-02-08 17:32:31,Hyderabad,mobile,snack,True,Sunday
S006041,U00377,R0702,2025-12-28 10:16:31,Delhi,mobile,breakfast,True,Sunday
S006042,U04013,R0130,2025-12-15 15:20:31,Mumbai,mobile,snack,False,Monday
S006043,U00895,R0087,2025-11-30 13:29:31,Hyderabad,mobile,lunch,True,Sunday
S006044,U00421,R0787,2025-12-13 12:32:31,Delhi,mobile,lunch,True,Saturday
S006045,U02803,R0669,2025-12-03 06:37:31,Chennai,mobile,breakfast,False,Wednesday
S006046,U01854,R0722,2026-01-18 11:15:31,Delhi,mobile,lunch,True,Sunday
S006047,U00545,R0533,2026-02-05 21:27:31,Kolkata,web,dinner,False,Thursday
S006048,U01682,R0155,2026-02-02 22:25:31,Bangalore,mobile,late_night,False,Monday
S006049,U02137,R0019,2026-01-02 11:33:31,Bangalore,mobile,lunch,False,Friday
S006050,U02605,R0456,2026-01-02 06:26:31,Kolkata,web,breakfast,False,Friday
S006051,U00911,R0753,2026-01-08 06:57:31,Chennai,mobile,breakfast,False,Thursday
S006052,U00865,R0558,2026-01-24 19:35:31,Pune,mobile,dinner,True,Saturday
S006053,U00857,R0433,2025-12-31 21:10:31,Mumbai,mobile,dinner,False,Wednesday
S006054,U03289,R0521,2026-01-03 23:13:31,Mumbai,mobile,late_night,True,Saturday
S006055,U00838,R0104,2025-12-25 18:05:31,Pune,mobile,dinner,False,Thursday
S006056,U01965,R0008,2025-12-28 21:49:31,Mumbai,mobile,dinner,True,Sunday
S006057,U02482,R0420,2026-01-23 12:59:31,Chennai,mobile,lunch,False,Friday
S006058,U00850,R0777,2025-12-22 18:15:31,Kolkata,mobile,dinner,False,Monday
S006059,U03989,R0475,2025-12-21 21:21:31,Bangalore,mobile,dinner,True,Sunday
S006060,U03088,R0174,2026-02-17 22:09:31,Delhi,web,late_night,False,Tuesday
S006061,U00456,R0741,2025-12-12 12:59:31,Hyderabad,mobile,lunch,False,Friday
S006062,U03662,R0211,2026-01-24 23:47:31,Pune,web,late_night,True,Saturday
S006063,U01690,R0200,2025-12-05 11:07:31,Kolkata,web,lunch,False,Friday
S006064,U04023,R0192,2025-12-14 12:41:31,Pune,mobile,lunch,True,Sunday
S006065,U01178,R0179,2025-12-06 05:00:31,Kolkata,mobile,late_night,True,Saturday
S006066,U02999,R0617,2026-02-16 17:59:31,Chennai,mobile,snack,False,Monday
S006067,U03539,R0542,2026-02-08 09:51:31,Kolkata,mobile,breakfast,True,Sunday
S006068,U04099,R0622,2026-02-15 11:50:31,Hyderabad,mobile,lunch,True,Sunday
S006069,U04463,R0107,2025-12-09 20:13:31,Bangalore,mobile,dinner,False,Tuesday
S006070,U03430,R0349,2025-12-29 19:02:31,Bangalore,mobile,dinner,False,Monday
S006071,U00411,R0686,2026-01-10 19:08:31,Mumbai,mobile,dinner,True,Saturday
S006072,U01547,R0146,2025-12-28 12:26:31,Delhi,web,lunch,True,Sunday
S006073,U00730,R0537,2026-01-01 21:27:31,Delhi,web,dinner,False,Thursday
S006074,U02205,R0536,2025-12-09 20:35:31,Mumbai,mobile,dinner,False,Tuesday
S006075,U01124,R0076,2025-12-04 06:07:31,Chennai,mobile,breakfast,False,Thursday
S006076,U00593,R0058,2026-01-24 21:51:31,Delhi,web,dinner,True,Saturday
S006077,U03160,R0045,2025-11-30 21:05:31,Hyderabad,mobile,dinner,True,Sunday
S006078,U03241,R0615,2026-02-07 11:42:31,Bangalore,mobile,lunch,True,Saturday
S006079,U04266,R0588,2026-01-17 15:01:31,Bangalore,mobile,snack,True,Saturday
S006080,U03625,R0222,2025-12-26 04:16:31,Pune,mobile,late_night,False,Friday
S006081,U03428,R0047,2026-02-02 00:07:31,Pune,mobile,late_night,False,Monday
S006082,U00626,R0005,2025-11-30 07:28:31,Pune,mobile,breakfast,True,Sunday
S006083,U02695,R0500,2026-01-11 00:45:31,Pune,mobile,late_night,True,Sunday
S006084,U00829,R0567,2025-12-08 11:10:31,Pune,mobile,lunch,False,Monday
S006085,U01652,R0535,2025-12-01 20:33:31,Mumbai,web,dinner,False,Monday
S006086,U02146,R0184,2025-12-28 12:02:31,Pune,mobile,lunch,True,Sunday
S006087,U00416,R0712,2026-02-18 10:19:31,Delhi,tablet,breakfast,False,Wednesday
S006088,U01075,R0385,2026-01-04 18:21:31,Bangalore,mobile,dinner,True,Sunday
S006089,U00546,R0462,2026-01-09 22:44:31,Mumbai,mobile,late_night,False,Friday
S006090,U04197,R0681,2026-02-12 22:25:31,Kolkata,mobile,late_night,False,Thursday
S006091,U03747,R0689,2026-02-13 09:46:31,Delhi,mobile,breakfast,False,Friday
S006092,U02671,R0154,2026-02-24 13:29:31,Bangalore,mobile,lunch,False,Tuesday
S006093,U02681,R0263,2026-01-14 04:55:31,Hyderabad,tablet,late_night,False,Wednesday
S006094,U01788,R0446,2026-02-03 21:46:31,Pune,mobile,dinner,False,Tuesday
S006095,U04865,R0319,2026-02-08 18:25:31,Chennai,mobile,dinner,True,Sunday
S006096,U00154,R0657,2026-01-10 08:54:31,Delhi,web,breakfast,True,Saturday
S006097,U04702,R0720,2026-01-31 02:05:31,Hyderabad,mobile,late_night,True,Saturday
S006098,U04619,R0649,2025-12-17 12:14:31,Bangalore,mobile,lunch,False,Wednesday
S006099,U01382,R0399,2026-01-14 08:36:31,Bangalore,mobile,breakfast,False,Wednesday
S006100,U01796,R0002,2026-02-08 19:03:31,Pune,web,dinner,True,Sunday
S006101,U01383,R0261,2026-02-21 09:22:31,Hyderabad,mobile,breakfast,True,Saturday
S006102,U02870,R0180,2026-02-25 10:05:31,Chennai,mobile,breakfast,False,Wednesday
S006103,U04667,R0613,2026-02-17 20:24:31,Kolkata,mobile,dinner,False,Tuesday
S006104,U03627,R0697,2025-12-14 19:07:31,Mumbai,mobile,dinner,True,Sunday
S006105,U02718,R0120,2025-12-01 21:56:31,Hyderabad,web,dinner,False,Monday
S006106,U02146,R0776,2025-12-08 12:40:31,Pune,web,lunch,False,Monday
S006107,U04701,R0056,2026-02-05 21:27:31,Chennai,mobile,dinner,False,Thursday
S006108,U02912,R0309,2026-01-21 11:56:31,Kolkata,mobile,lunch,False,Wednesday
S006109,U02236,R0416,2026-01-15 19:50:31,Mumbai,mobile,dinner,False,Thursday
S006110,U02258,R0079,2025-12-04 22:26:31,Bangalore,mobile,late_night,False,Thursday
S006111,U04112,R0648,2025-12-23 06:30:31,Delhi,mobile,breakfast,False,Tuesday
S006112,U03845,R0093,2026-02-18 09:29:31,Delhi,mobile,breakfast,False,Wednesday
S006113,U03238,R0527,2025-11-29 02:45:31,Kolkata,web,late_night,True,Saturday
S006114,U01466,R0058,2026-01-04 07:51:31,Delhi,mobile,breakfast,True,Sunday
S006115,U02843,R0721,2025-12-17 21:13:31,Hyderabad,mobile,dinner,False,Wednesday
S006116,U01502,R0131,2026-02-22 21:17:31,Chennai,mobile,dinner,True,Sunday
S006117,U02037,R0597,2026-02-15 07:38:31,Hyderabad,mobile,breakfast,True,Sunday
S006118,U01088,R0091,2025-12-02 21:16:31,Pune,mobile,dinner,False,Tuesday
S006119,U02407,R0495,2026-02-17 20:34:31,Kolkata,web,dinner,False,Tuesday
S006120,U00984,R0488,2025-12-09 10:39:31,Pune,mobile,breakfast,False,Tuesday
S006121,U01524,R0134,2025-12-18 20:01:31,Hyderabad,mobile,dinner,False,Thursday
S006122,U01199,R0419,2026-01-06 18:07:31,Hyderabad,mobile,dinner,False,Tuesday
S006123,U01067,R0372,2026-01-30 14:04:31,Hyderabad,tablet,lunch,False,Friday
S006124,U04596,R0191,2025-12-09 20:29:31,Mumbai,web,dinner,False,Tuesday
S006125,U00580,R0691,2026-01-19 20:06:31,Bangalore,mobile,dinner,False,Monday
S006126,U04496,R0214,2025-12-30 11:33:31,Delhi,mobile,lunch,False,Tuesday
S006127,U01715,R0256,2026-01-22 13:03:31,Kolkata,mobile,lunch,False,Thursday
S006128,U00339,R0174,2026-01-07 07:26:31,Delhi,mobile,breakfast,False,Wednesday
S006129,U00702,R0280,2025-12-09 10:33:31,Pune,mobile,breakfast,False,Tuesday
S006130,U02883,R0520,2026-02-13 04:25:31,Chennai,web,late_night,False,Friday
S006131,U02223,R0049,2026-01-06 14:46:31,Delhi,mobile,lunch,False,Tuesday
S006132,U04740,R0708,2026-02-14 21:06:31,Bangalore,mobile,dinner,True,Saturday
S006133,U00612,R0433,2025-12-15 22:21:31,Mumbai,web,late_night,False,Monday
S006134,U04853,R0572,2025-12-28 19:03:31,Mumbai,mobile,dinner,True,Sunday
S006135,U00210,R0639,2026-01-16 19:41:31,Bangalore,mobile,dinner,False,Friday
S006136,U03155,R0353,2025-12-10 00:19:31,Delhi,tablet,late_night,False,Wednesday
S006137,U04280,R0469,2025-12-15 21:42:31,Delhi,mobile,dinner,False,Monday
S006138,U04241,R0183,2025-12-14 13:56:31,Bangalore,mobile,lunch,True,Sunday
S006139,U00444,R0137,2026-02-22 13:45:31,Hyderabad,mobile,lunch,True,Sunday
S006140,U01794,R0458,2025-12-30 10:14:31,Chennai,mobile,breakfast,False,Tuesday
S006141,U04678,R0067,2025-12-21 16:01:31,Kolkata,mobile,snack,True,Sunday
S006142,U04056,R0350,2025-12-01 07:25:31,Pune,mobile,breakfast,False,Monday
S006143,U02943,R0677,2025-12-19 12:28:31,Delhi,mobile,lunch,False,Friday
S006144,U04033,R0347,2026-01-19 19:15:31,Kolkata,mobile,dinner,False,Monday
S006145,U03594,R0220,2025-12-20 23:23:31,Hyderabad,mobile,late_night,True,Saturday
S006146,U03431,R0060,2025-12-08 18:05:31,Mumbai,mobile,dinner,False,Monday
S006147,U03910,R0596,2026-01-22 10:56:31,Bangalore,mobile,breakfast,False,Thursday
S006148,U02288,R0730,2025-12-04 20:19:31,Pune,mobile,dinner,False,Thursday
S006149,U02510,R0054,2025-12-21 09:19:31,Mumbai,mobile,breakfast,True,Sunday
S006150,U03484,R0667,2025-12-31 15:57:31,Pune,mobile,snack,False,Wednesday
S006151,U04983,R0268,2025-12-13 07:40:31,Chennai,mobile,breakfast,True,Saturday
S006152,U01336,R0700,2025-12-11 18:25:31,Pune,mobile,dinner,False,Thursday
S006153,U02383,R0359,2026-02-08 10:50:31,Mumbai,web,breakfast,True,Sunday
S006154,U00714,R0624,2026-01-18 12:24:31,Pune,mobile,lunch,True,Sunday
S006155,U00217,R0635,2026-01-14 21:33:31,Pune,mobile,dinner,False,Wednesday
S006156,U02149,R0474,2026-02-06 08:32:31,Mumbai,mobile,breakfast,False,Friday
S006157,U01535,R0030,2025-11-29 00:54:31,Mumbai,mobile,late_night,True,Saturday
S006158,U02406,R0653,2026-02-01 13:02:31,Chennai,mobile,lunch,True,Sunday
S006159,U00687,R0163,2026-01-23 10:40:31,Hyderabad,mobile,breakfast,False,Friday
S006160,U02171,R0609,2026-01-13 13:25:31,Bangalore,mobile,lunch,False,Tuesday
S006161,U00788,R0530,2026-01-06 13:50:31,Pune,mobile,lunch,False,Tuesday
S006162,U00955,R0697,2025-11-30 01:46:31,Mumbai,mobile,late_night,True,Sunday
S006163,U00961,R0460,2026-02-03 08:49:31,Delhi,tablet,breakfast,False,Tuesday
S006164,U03994,R0688,2026-02-15 15:46:31,Chennai,mobile,snack,True,Sunday
S006165,U00871,R0094,2026-02-02 15:52:31,Delhi,tablet,snack,False,Monday
S006166,U00110,R0235,2025-12-08 09:40:31,Mumbai,web,breakfast,False,Monday
S006167,U01189,R0138,2026-02-05 15:29:31,Mumbai,web,snack,False,Thursday
S006168,U03637,R0332,2026-02-17 18:41:31,Hyderabad,mobile,dinner,False,Tuesday
S006169,U04661,R0723,2025-12-14 13:36:31,Mumbai,web,lunch,True,Sunday
S006170,U03477,R0012,2026-01-07 19:05:31,Hyderabad,mobile,dinner,False,Wednesday
S006171,U03683,R0600,2025-12-05 21:06:31,Mumbai,web,dinner,False,Friday
S006172,U02614,R0085,2026-02-14 00:33:31,Mumbai,web,late_night,True,Saturday
S006173,U01763,R0535,2025-12-27 23:42:31,Mumbai,mobile,late_night,True,Saturday
S006174,U00860,R0701,2026-02-12 15:37:31,Chennai,mobile,snack,False,Thursday
S006175,U00156,R0689,2026-02-20 18:44:31,Delhi,mobile,dinner,False,Friday
S006176,U02059,R0286,2025-12-10 12:36:31,Delhi,mobile,lunch,False,Wednesday
S006177,U03952,R0553,2025-12-25 08:14:31,Bangalore,web,breakfast,False,Thursday
S006178,U03406,R0511,2026-02-21 10:46:31,Delhi,mobile,breakfast,True,Saturday
S006179,U01863,R0486,2025-12-21 10:16:31,Chennai,mobile,breakfast,True,Sunday
S006180,U01448,R0547,2026-01-14 01:35:31,Bangalore,web,late_night,False,Wednesday
S006181,U00948,R0189,2026-01-22 15:43:31,Chennai,tablet,snack,False,Thursday
S006182,U01253,R0316,2026-01-31 21:11:31,Chennai,web,dinner,True,Saturday
S006183,U01490,R0512,2026-02-13 18:57:31,Pune,mobile,dinner,False,Friday
S006184,U04911,R0571,2026-01-19 09:37:31,Pune,mobile,breakfast,False,Monday
S006185,U01048,R0751,2025-12-13 08:12:31,Chennai,mobile,breakfast,True,Saturday
S006186,U01282,R0741,2026-01-18 07:52:31,Hyderabad,web,breakfast,True,Sunday
S006187,U01400,R0702,2026-01-24 15:15:31,Delhi,mobile,snack,True,Saturday
S006188,U00624,R0442,2026-02-16 07:35:31,Bangalore,mobile,breakfast,False,Monday
S006189,U01768,R0326,2026-01-19 15:23:31,Mumbai,mobile,snack,False,Monday
S006190,U04659,R0446,2026-02-22 23:37:31,Pune,mobile,late_night,True,Sunday
S006191,U03730,R0193,2026-02-08 10:46:31,Chennai,mobile,breakfast,True,Sunday
S006192,U03290,R0130,2026-01-05 11:58:31,Mumbai,mobile,lunch,False,Monday
S006193,U00818,R0020,2026-01-13 19:37:31,Kolkata,mobile,dinner,False,Tuesday
S006194,U03097,R0451,2026-02-06 19:54:31,Chennai,mobile,dinner,False,Friday
S006195,U03040,R0319,2026-02-07 02:11:31,Chennai,mobile,late_night,True,Saturday
S006196,U00616,R0704,2025-12-31 05:09:31,Delhi,web,late_night,False,Wednesday
S006197,U04172,R0565,2026-02-22 09:46:31,Kolkata,mobile,breakfast,True,Sunday
S006198,U03013,R0728,2026-02-17 08:08:31,Kolkata,mobile,breakfast,False,Tuesday
S006199,U01826,R0118,2026-02-22 12:36:31,Hyderabad,mobile,lunch,True,Sunday
S006200,U02324,R0218,2026-01-18 16:04:31,Bangalore,mobile,snack,True,Sunday
S006201,U02572,R0424,2026-01-15 21:48:31,Pune,mobile,dinner,False,Thursday
S006202,U00855,R0090,2026-01-27 19:19:31,Delhi,mobile,dinner,False,Tuesday
S006203,U03320,R0155,2025-12-31 23:41:31,Bangalore,mobile,late_night,False,Wednesday
S006204,U03255,R0573,2026-01-11 03:07:31,Bangalore,mobile,late_night,True,Sunday
S006205,U02670,R0346,2025-12-23 12:09:31,Delhi,web,lunch,False,Tuesday
S006206,U00361,R0681,2025-12-19 13:13:31,Kolkata,mobile,lunch,False,Friday
S006207,U04405,R0752,2025-12-30 00:14:31,Kolkata,mobile,late_night,False,Tuesday
S006208,U01082,R0457,2026-01-05 13:28:31,Delhi,tablet,lunch,False,Monday
S006209,U01871,R0409,2025-12-07 21:07:31,Mumbai,mobile,dinner,True,Sunday
S006210,U01253,R0480,2025-12-06 16:58:31,Chennai,mobile,snack,True,Saturday
S006211,U01079,R0277,2026-01-29 23:12:31,Bangalore,mobile,late_night,False,Thursday
S006212,U00051,R0352,2025-12-20 18:17:31,Mumbai,mobile,dinner,True,Saturday
S006213,U01154,R0044,2026-02-23 11:09:31,Delhi,web,lunch,False,Monday
S006214,U01148,R0319,2025-12-04 21:14:31,Chennai,mobile,dinner,False,Thursday
S006215,U03565,R0750,2025-12-28 13:00:31,Chennai,mobile,lunch,True,Sunday
S006216,U03766,R0033,2025-12-08 09:06:31,Delhi,mobile,breakfast,False,Monday
S006217,U04988,R0239,2025-12-16 16:47:31,Chennai,mobile,snack,False,Tuesday
S006218,U02190,R0428,2025-12-01 08:58:31,Kolkata,mobile,breakfast,False,Monday
S006219,U04480,R0303,2025-12-03 00:39:31,Bangalore,mobile,late_night,False,Wednesday
S006220,U04017,R0026,2026-01-26 10:25:31,Bangalore,mobile,breakfast,False,Monday
S006221,U01346,R0278,2026-02-03 19:45:31,Delhi,tablet,dinner,False,Tuesday
S006222,U01075,R0475,2026-01-03 19:49:31,Bangalore,mobile,dinner,True,Saturday
S006223,U01753,R0687,2025-11-29 10:51:31,Hyderabad,mobile,breakfast,True,Saturday
S006224,U04089,R0483,2025-12-27 20:54:31,Hyderabad,mobile,dinner,True,Saturday
S006225,U01436,R0749,2025-12-18 02:26:31,Hyderabad,web,late_night,False,Thursday
S006226,U03219,R0339,2026-01-04 16:07:31,Mumbai,mobile,snack,True,Sunday
S006227,U01754,R0231,2026-02-13 19:48:31,Hyderabad,mobile,dinner,False,Friday
S006228,U02089,R0300,2026-01-10 18:30:31,Chennai,mobile,dinner,True,Saturday
S006229,U00983,R0572,2025-12-03 02:15:31,Mumbai,mobile,late_night,False,Wednesday
S006230,U01954,R0439,2026-01-19 19:27:31,Pune,mobile,dinner,False,Monday
S006231,U01967,R0092,2026-02-09 13:14:31,Bangalore,mobile,lunch,False,Monday
S006232,U00753,R0536,2026-01-29 11:12:31,Mumbai,web,lunch,False,Thursday
S006233,U02602,R0363,2025-12-26 17:25:31,Hyderabad,web,snack,False,Friday
S006234,U04477,R0055,2026-01-21 23:01:31,Bangalore,mobile,late_night,False,Wednesday
S006235,U01836,R0393,2026-02-02 23:48:31,Chennai,mobile,late_night,False,Monday
S006236,U02200,R0100,2025-12-15 08:34:31,Mumbai,mobile,breakfast,False,Monday
S006237,U01971,R0418,2026-02-24 16:20:31,Bangalore,mobile,snack,False,Tuesday
S006238,U02803,R0301,2026-01-18 10:59:31,Chennai,mobile,breakfast,True,Sunday
S006239,U04049,R0356,2026-01-02 10:00:31,Delhi,mobile,breakfast,False,Friday
S006240,U00403,R0275,2025-12-09 08:44:31,Bangalore,mobile,breakfast,False,Tuesday
S006241,U03567,R0098,2026-02-18 10:19:31,Delhi,web,breakfast,False,Wednesday
S006242,U01144,R0627,2026-01-26 13:24:31,Kolkata,mobile,lunch,False,Monday
S006243,U02652,R0598,2026-02-01 11:15:31,Pune,mobile,lunch,True,Sunday
S006244,U00833,R0077,2025-12-20 12:28:31,Delhi,tablet,lunch,True,Saturday
S006245,U00088,R0313,2026-01-10 21:17:31,Hyderabad,mobile,dinner,True,Saturday
S006246,U00342,R0175,2026-01-19 04:58:31,Delhi,mobile,late_night,False,Monday
S006247,U00325,R0488,2026-02-08 17:24:31,Pune,mobile,snack,True,Sunday
S006248,U04119,R0135,2026-01-21 16:03:31,Mumbai,mobile,snack,False,Wednesday
S006249,U01696,R0699,2026-01-26 07:20:31,Pune,mobile,breakfast,False,Monday
S006250,U03469,R0224,2025-12-22 23:33:31,Pune,mobile,late_night,False,Monday
S006251,U02438,R0597,2025-11-30 13:42:31,Hyderabad,mobile,lunch,True,Sunday
S006252,U03536,R0720,2026-02-10 14:03:31,Hyderabad,mobile,lunch,False,Tuesday
S006253,U00951,R0431,2026-01-31 06:15:31,Bangalore,web,breakfast,True,Saturday
S006254,U01227,R0292,2026-02-26 07:24:31,Mumbai,web,breakfast,False,Thursday
S006255,U04193,R0706,2025-12-28 23:54:31,Kolkata,mobile,late_night,True,Sunday
S006256,U00477,R0162,2026-01-02 21:43:31,Pune,mobile,dinner,False,Friday
S006257,U04177,R0093,2025-11-29 21:42:31,Delhi,web,dinner,True,Saturday
S006258,U00771,R0385,2026-01-28 13:13:31,Bangalore,mobile,lunch,False,Wednesday
S006259,U03991,R0374,2026-02-09 20:23:31,Pune,mobile,dinner,False,Monday
S006260,U01083,R0355,2025-12-14 13:31:31,Hyderabad,web,lunch,True,Sunday
S006261,U01823,R0797,2025-12-11 02:07:31,Bangalore,mobile,late_night,False,Thursday
S006262,U00676,R0377,2025-12-24 20:25:31,Hyderabad,mobile,dinner,False,Wednesday
S006263,U03793,R0292,2025-12-31 03:27:31,Mumbai,web,late_night,False,Wednesday
S006264,U04324,R0078,2025-12-04 19:53:31,Mumbai,mobile,dinner,False,Thursday
S006265,U03756,R0438,2025-12-21 19:21:31,Mumbai,mobile,dinner,True,Sunday
S006266,U01445,R0161,2026-02-25 13:40:31,Bangalore,mobile,lunch,False,Wednesday
S006267,U04868,R0786,2026-02-26 01:50:31,Delhi,mobile,late_night,False,Thursday
S006268,U00006,R0642,2026-01-14 17:43:31,Mumbai,mobile,snack,False,Wednesday
S006269,U03512,R0395,2026-01-13 01:50:31,Pune,mobile,late_night,False,Tuesday
S006270,U02111,R0077,2025-12-15 09:30:31,Delhi,web,breakfast,False,Monday
S006271,U02444,R0246,2026-01-06 22:32:31,Hyderabad,mobile,late_night,False,Tuesday
S006272,U00142,R0753,2026-01-20 08:34:31,Chennai,web,breakfast,False,Tuesday
S006273,U01641,R0534,2025-11-29 13:11:31,Chennai,mobile,lunch,True,Saturday
S006274,U04472,R0147,2026-01-26 06:29:31,Delhi,mobile,breakfast,False,Monday
S006275,U00272,R0561,2026-02-04 19:18:31,Bangalore,mobile,dinner,False,Wednesday
S006276,U04777,R0470,2025-12-29 15:13:31,Bangalore,mobile,snack,False,Monday
S006277,U03525,R0582,2025-12-28 16:04:31,Mumbai,mobile,snack,True,Sunday
S006278,U01557,R0671,2025-12-08 19:44:31,Hyderabad,mobile,dinner,False,Monday
S006279,U04408,R0057,2026-01-28 17:39:31,Hyderabad,mobile,snack,False,Wednesday
S006280,U02198,R0266,2026-02-08 15:53:31,Hyderabad,mobile,snack,True,Sunday
S006281,U00419,R0711,2025-12-17 17:48:31,Chennai,mobile,snack,False,Wednesday
S006282,U00532,R0517,2026-01-20 13:54:31,Chennai,mobile,lunch,False,Tuesday
S006283,U01803,R0787,2026-01-16 07:05:31,Delhi,mobile,breakfast,False,Friday
S006284,U04214,R0015,2026-02-23 09:14:31,Bangalore,mobile,breakfast,False,Monday
S006285,U01893,R0596,2025-12-25 11:27:31,Bangalore,mobile,lunch,False,Thursday
S006286,U04007,R0787,2025-12-09 23:57:31,Delhi,web,late_night,False,Tuesday
S006287,U02120,R0620,2026-01-27 11:14:31,Mumbai,mobile,lunch,False,Tuesday
S006288,U02268,R0239,2026-01-22 22:25:31,Chennai,mobile,late_night,False,Thursday
S006289,U03663,R0206,2026-01-05 18:29:31,Kolkata,tablet,dinner,False,Monday
S006290,U04903,R0610,2025-12-31 13:19:31,Chennai,web,lunch,False,Wednesday
S006291,U04449,R0199,2026-01-04 19:42:31,Mumbai,web,dinner,True,Sunday
S006292,U03867,R0211,2026-01-21 18:30:31,Pune,mobile,dinner,False,Wednesday
S006293,U02399,R0269,2026-02-09 03:44:31,Mumbai,web,late_night,False,Monday
S006294,U00950,R0566,2025-12-19 17:44:31,Delhi,web,snack,False,Friday
S006295,U00635,R0718,2025-12-10 13:42:31,Chennai,mobile,lunch,False,Wednesday
S006296,U04387,R0641,2026-01-30 17:30:31,Chennai,mobile,snack,False,Friday
S006297,U00600,R0584,2026-02-04 21:48:31,Mumbai,web,dinner,False,Wednesday
S006298,U04010,R0515,2026-01-29 10:07:31,Delhi,web,breakfast,False,Thursday
S006299,U01459,R0700,2025-12-18 11:43:31,Pune,mobile,lunch,False,Thursday
S006300,U03761,R0537,2025-12-28 20:55:31,Delhi,mobile,dinner,True,Sunday
S006301,U03599,R0722,2026-01-11 09:39:31,Delhi,mobile,breakfast,True,Sunday
S006302,U01361,R0055,2026-01-01 11:13:31,Bangalore,mobile,lunch,False,Thursday
S006303,U04023,R0289,2026-02-08 07:38:31,Pune,tablet,breakfast,True,Sunday
S006304,U02119,R0697,2026-01-02 17:58:31,Mumbai,mobile,snack,False,Friday
S006305,U01155,R0236,2026-01-30 21:25:31,Hyderabad,mobile,dinner,False,Friday
S006306,U02175,R0673,2026-02-12 16:04:31,Pune,mobile,snack,False,Thursday
S006307,U00152,R0142,2026-02-01 21:25:31,Delhi,mobile,dinner,True,Sunday
S006308,U04067,R0073,2025-12-13 15:07:31,Hyderabad,mobile,snack,True,Saturday
S006309,U00356,R0223,2026-01-29 19:23:31,Delhi,mobile,dinner,False,Thursday
S006310,U00666,R0329,2026-01-24 22:31:31,Delhi,web,late_night,True,Saturday
S006311,U01411,R0130,2026-02-22 15:16:31,Mumbai,mobile,snack,True,Sunday
S006312,U02474,R0028,2025-12-09 15:13:31,Chennai,mobile,snack,False,Tuesday
S006313,U02613,R0506,2026-02-08 21:28:31,Kolkata,web,dinner,True,Sunday
S006314,U04610,R0008,2025-12-11 07:31:31,Mumbai,web,breakfast,False,Thursday
S006315,U03543,R0652,2026-01-08 06:47:31,Mumbai,mobile,breakfast,False,Thursday
S006316,U00784,R0541,2025-12-18 18:34:31,Hyderabad,mobile,dinner,False,Thursday
S006317,U00748,R0561,2026-02-26 17:00:31,Bangalore,mobile,snack,False,Thursday
S006318,U02790,R0249,2026-02-04 20:58:31,Hyderabad,mobile,dinner,False,Wednesday
S006319,U03521,R0535,2026-01-04 13:21:31,Mumbai,web,lunch,True,Sunday
S006320,U02367,R0086,2026-02-10 12:26:31,Kolkata,web,lunch,False,Tuesday
S006321,U04868,R0083,2026-02-01 12:41:31,Delhi,web,lunch,True,Sunday
S006322,U00477,R0500,2025-12-06 03:27:31,Pune,mobile,late_night,True,Saturday
S006323,U04546,R0780,2026-02-21 16:04:31,Kolkata,mobile,snack,True,Saturday
S006324,U04961,R0425,2026-01-05 19:56:31,Chennai,mobile,dinner,False,Monday
S006325,U02312,R0266,2026-01-17 11:29:31,Hyderabad,mobile,lunch,True,Saturday
S006326,U04961,R0006,2025-12-15 20:32:31,Chennai,mobile,dinner,False,Monday
S006327,U01643,R0098,2025-12-28 06:33:31,Delhi,mobile,breakfast,True,Sunday
S006328,U03884,R0372,2026-01-29 10:39:31,Hyderabad,mobile,breakfast,False,Thursday
S006329,U00862,R0580,2026-01-06 02:55:31,Delhi,web,late_night,False,Tuesday
S006330,U03694,R0269,2026-02-24 23:09:31,Mumbai,mobile,late_night,False,Tuesday
S006331,U03845,R0283,2026-01-17 23:09:31,Delhi,mobile,late_night,True,Saturday
S006332,U02882,R0037,2026-01-25 22:59:31,Kolkata,mobile,late_night,True,Sunday
S006333,U04236,R0548,2026-01-18 15:44:31,Delhi,mobile,snack,True,Sunday
S006334,U04672,R0173,2026-02-18 12:44:31,Mumbai,mobile,lunch,False,Wednesday
S006335,U04908,R0023,2026-02-08 22:49:31,Mumbai,mobile,late_night,True,Sunday
S006336,U04025,R0501,2025-12-15 12:34:31,Mumbai,mobile,lunch,False,Monday
S006337,U04651,R0433,2025-12-14 16:59:31,Mumbai,mobile,snack,True,Sunday
S006338,U02914,R0668,2025-12-10 07:23:31,Bangalore,mobile,breakfast,False,Wednesday
S006339,U00581,R0019,2025-12-19 19:08:31,Bangalore,mobile,dinner,False,Friday
S006340,U04977,R0606,2025-12-03 15:06:31,Bangalore,mobile,snack,False,Wednesday
S006341,U03015,R0237,2026-02-26 20:51:31,Chennai,mobile,dinner,False,Thursday
S006342,U00986,R0234,2026-01-02 22:36:31,Mumbai,mobile,late_night,False,Friday
S006343,U03652,R0028,2026-02-22 21:26:31,Chennai,web,dinner,True,Sunday
S006344,U02658,R0319,2025-12-13 17:04:31,Chennai,mobile,snack,True,Saturday
S006345,U01619,R0444,2026-01-13 16:42:31,Bangalore,mobile,snack,False,Tuesday
S006346,U01343,R0062,2025-12-20 15:42:31,Kolkata,tablet,snack,True,Saturday
S006347,U02347,R0023,2025-12-08 18:53:31,Mumbai,mobile,dinner,False,Monday
S006348,U01059,R0272,2026-01-14 18:55:31,Delhi,web,dinner,False,Wednesday
S006349,U01985,R0494,2026-01-15 00:20:31,Delhi,mobile,late_night,False,Thursday
S006350,U02343,R0024,2026-01-18 01:11:31,Hyderabad,mobile,late_night,True,Sunday
S006351,U04842,R0693,2025-12-31 08:00:31,Delhi,mobile,breakfast,False,Wednesday
S006352,U03560,R0101,2026-02-22 08:41:31,Hyderabad,mobile,breakfast,True,Sunday
S006353,U01245,R0762,2025-12-03 23:46:31,Delhi,tablet,late_night,False,Wednesday
S006354,U00269,R0511,2026-02-21 21:12:31,Delhi,mobile,dinner,True,Saturday
S006355,U03280,R0403,2025-12-15 19:47:31,Chennai,mobile,dinner,False,Monday
S006356,U00668,R0772,2026-01-25 11:41:31,Bangalore,mobile,lunch,True,Sunday
S006357,U00423,R0287,2026-02-14 09:33:31,Kolkata,mobile,breakfast,True,Saturday
S006358,U04463,R0797,2026-01-08 22:06:31,Bangalore,web,late_night,False,Thursday
S006359,U03806,R0797,2026-02-18 05:34:31,Bangalore,web,late_night,False,Wednesday
S006360,U01273,R0292,2026-02-05 08:15:31,Mumbai,mobile,breakfast,False,Thursday
S006361,U01640,R0414,2026-01-01 13:37:31,Mumbai,tablet,lunch,False,Thursday
S006362,U02133,R0325,2026-01-04 14:15:31,Kolkata,mobile,lunch,True,Sunday
S006363,U02297,R0035,2026-02-24 19:03:31,Kolkata,mobile,dinner,False,Tuesday
S006364,U03976,R0293,2026-02-12 20:42:31,Delhi,mobile,dinner,False,Thursday
S006365,U04981,R0354,2026-01-07 17:13:31,Hyderabad,mobile,snack,False,Wednesday
S006366,U01467,R0310,2026-01-04 23:00:31,Hyderabad,mobile,late_night,True,Sunday
S006367,U02108,R0090,2025-11-29 12:14:31,Delhi,mobile,lunch,True,Saturday
S006368,U00886,R0012,2026-01-09 18:08:31,Hyderabad,mobile,dinner,False,Friday
S006369,U01859,R0179,2026-01-08 09:29:31,Kolkata,mobile,breakfast,False,Thursday
S006370,U03180,R0668,2025-12-11 18:20:31,Bangalore,mobile,dinner,False,Thursday
S006371,U01066,R0545,2025-12-09 19:54:31,Kolkata,mobile,dinner,False,Tuesday
S006372,U01504,R0508,2025-12-03 14:59:31,Chennai,mobile,lunch,False,Wednesday
S006373,U01862,R0763,2026-02-08 07:43:31,Pune,web,breakfast,True,Sunday
S006374,U04693,R0092,2026-01-16 07:19:31,Bangalore,mobile,breakfast,False,Friday
S006375,U02984,R0329,2026-02-19 10:36:31,Delhi,mobile,breakfast,False,Thursday
S006376,U02082,R0436,2026-02-04 15:38:31,Mumbai,web,snack,False,Wednesday
S006377,U01650,R0205,2026-02-22 08:50:31,Pune,mobile,breakfast,True,Sunday
S006378,U03187,R0132,2026-02-12 20:05:31,Bangalore,mobile,dinner,False,Thursday
S006379,U02181,R0587,2026-02-19 17:10:31,Hyderabad,mobile,snack,False,Thursday
S006380,U01347,R0055,2025-12-11 01:53:31,Bangalore,web,late_night,False,Thursday
S006381,U01828,R0675,2026-01-28 14:33:31,Hyderabad,mobile,lunch,False,Wednesday
S006382,U03634,R0106,2026-02-06 10:49:31,Mumbai,web,breakfast,False,Friday
S006383,U04444,R0191,2025-12-18 05:23:31,Mumbai,mobile,late_night,False,Thursday
S006384,U04936,R0237,2025-12-18 08:07:31,Chennai,mobile,breakfast,False,Thursday
S006385,U03039,R0075,2025-12-17 14:26:31,Bangalore,mobile,lunch,False,Wednesday
S006386,U00643,R0089,2025-12-02 18:51:31,Mumbai,web,dinner,False,Tuesday
S006387,U04060,R0732,2025-12-01 03:57:31,Chennai,mobile,late_night,False,Monday
S006388,U00748,R0691,2025-12-04 06:48:31,Bangalore,mobile,breakfast,False,Thursday
S006389,U04948,R0197,2026-02-23 20:14:31,Chennai,mobile,dinner,False,Monday
S006390,U04100,R0034,2026-01-04 18:34:31,Delhi,mobile,dinner,True,Sunday
S006391,U01189,R0576,2026-02-01 18:23:31,Mumbai,mobile,dinner,True,Sunday
S006392,U00871,R0727,2026-01-29 00:18:31,Delhi,web,late_night,False,Thursday
S006393,U04229,R0484,2026-01-09 00:15:31,Pune,mobile,late_night,False,Friday
S006394,U01194,R0736,2025-12-07 12:58:31,Delhi,mobile,lunch,True,Sunday
S006395,U03931,R0373,2026-01-12 23:43:31,Pune,web,late_night,False,Monday
S006396,U03659,R0797,2026-01-30 04:15:31,Bangalore,mobile,late_night,False,Friday
S006397,U01609,R0435,2025-11-30 14:37:31,Chennai,web,lunch,True,Sunday
S006398,U00770,R0608,2026-02-10 20:21:31,Hyderabad,mobile,dinner,False,Tuesday
S006399,U03778,R0214,2026-02-26 17:16:31,Delhi,mobile,snack,False,Thursday
S006400,U01629,R0662,2026-01-26 14:08:31,Mumbai,web,lunch,False,Monday
S006401,U03510,R0285,2026-01-13 20:08:31,Kolkata,mobile,dinner,False,Tuesday
S006402,U04574,R0249,2025-12-22 13:31:31,Hyderabad,mobile,lunch,False,Monday
S006403,U02572,R0260,2026-01-22 21:06:31,Pune,mobile,dinner,False,Thursday
S006404,U04285,R0679,2026-01-12 10:17:31,Delhi,web,breakfast,False,Monday
S006405,U01204,R0643,2026-02-04 21:52:31,Hyderabad,web,dinner,False,Wednesday
S006406,U03746,R0447,2026-02-19 13:18:31,Delhi,mobile,lunch,False,Thursday
S006407,U01231,R0213,2025-12-25 01:04:31,Bangalore,mobile,late_night,False,Thursday
S006408,U02138,R0342,2026-02-17 16:24:31,Mumbai,mobile,snack,False,Tuesday
S006409,U03345,R0275,2025-12-28 12:42:31,Bangalore,mobile,lunch,True,Sunday
S006410,U02665,R0532,2025-12-21 17:42:31,Pune,web,snack,True,Sunday
S006411,U04213,R0269,2025-12-27 15:56:31,Mumbai,mobile,snack,True,Saturday
S006412,U01475,R0670,2026-01-28 12:47:31,Kolkata,mobile,lunch,False,Wednesday
S006413,U02526,R0163,2026-02-02 17:19:31,Hyderabad,mobile,snack,False,Monday
S006414,U00400,R0537,2025-12-26 20:46:31,Delhi,mobile,dinner,False,Friday
S006415,U02371,R0438,2026-01-14 03:58:31,Mumbai,web,late_night,False,Wednesday
S006416,U02803,R0496,2026-02-25 21:42:31,Chennai,mobile,dinner,False,Wednesday
S006417,U03061,R0183,2025-12-27 19:10:31,Bangalore,web,dinner,True,Saturday
S006418,U01859,R0456,2025-12-08 19:08:31,Kolkata,tablet,dinner,False,Monday
S006419,U04219,R0578,2025-12-17 18:20:31,Hyderabad,mobile,dinner,False,Wednesday
S006420,U04178,R0330,2026-01-12 21:50:31,Kolkata,mobile,dinner,False,Monday
S006421,U04603,R0510,2026-01-07 02:13:31,Chennai,mobile,late_night,False,Wednesday
S006422,U03700,R0306,2026-01-08 10:19:31,Bangalore,mobile,breakfast,False,Thursday
S006423,U03038,R0603,2026-01-12 11:58:31,Bangalore,mobile,lunch,False,Monday
S006424,U03088,R0666,2025-12-16 22:08:31,Delhi,mobile,late_night,False,Tuesday
S006425,U03687,R0441,2025-12-18 18:33:31,Chennai,mobile,dinner,False,Thursday
S006426,U04844,R0186,2026-01-23 10:54:31,Delhi,mobile,breakfast,False,Friday
S006427,U01157,R0656,2026-01-29 05:01:31,Kolkata,mobile,late_night,False,Thursday
S006428,U04555,R0459,2026-01-20 12:51:31,Chennai,mobile,lunch,False,Tuesday
S006429,U01005,R0302,2026-01-05 17:19:31,Delhi,mobile,snack,False,Monday
S006430,U00670,R0587,2026-02-24 22:08:31,Hyderabad,web,late_night,False,Tuesday
S006431,U00504,R0581,2026-01-17 15:52:31,Delhi,mobile,snack,True,Saturday
S006432,U00775,R0652,2026-01-02 14:11:31,Mumbai,web,lunch,False,Friday
S006433,U02503,R0576,2025-12-04 01:11:31,Mumbai,mobile,late_night,False,Thursday
S006434,U00625,R0611,2026-01-05 07:29:31,Chennai,web,breakfast,False,Monday
S006435,U03901,R0422,2026-01-02 20:31:31,Kolkata,mobile,dinner,False,Friday
S006436,U01470,R0057,2026-01-27 10:53:31,Hyderabad,mobile,breakfast,False,Tuesday
S006437,U00494,R0464,2026-02-09 21:35:31,Mumbai,mobile,dinner,False,Monday
S006438,U00721,R0782,2026-02-03 19:21:31,Bangalore,mobile,dinner,False,Tuesday
S006439,U01509,R0346,2025-12-26 14:19:31,Delhi,mobile,lunch,False,Friday
S006440,U01988,R0240,2026-02-14 15:56:31,Bangalore,mobile,snack,True,Saturday
S006441,U00470,R0049,2025-12-21 07:17:31,Delhi,mobile,breakfast,True,Sunday
S006442,U04666,R0033,2026-02-12 06:45:31,Delhi,mobile,breakfast,False,Thursday
S006443,U02309,R0093,2026-02-18 19:37:31,Delhi,mobile,dinner,False,Wednesday
S006444,U02837,R0024,2026-01-05 14:47:31,Hyderabad,mobile,lunch,False,Monday
S006445,U01820,R0129,2026-01-21 19:59:31,Bangalore,mobile,dinner,False,Wednesday
S006446,U00645,R0233,2026-01-25 20:06:31,Pune,mobile,dinner,True,Sunday
S006447,U01074,R0598,2025-12-22 15:00:31,Pune,mobile,snack,False,Monday
S006448,U00005,R0366,2026-01-10 01:11:31,Kolkata,mobile,late_night,True,Saturday
S006449,U04553,R0033,2025-12-13 14:52:31,Delhi,web,lunch,True,Saturday
S006450,U01837,R0416,2026-02-13 10:59:31,Mumbai,mobile,breakfast,False,Friday
S006451,U04521,R0288,2026-02-14 11:27:31,Kolkata,mobile,lunch,True,Saturday
S006452,U01060,R0267,2026-02-09 22:16:31,Chennai,mobile,late_night,False,Monday
S006453,U01153,R0022,2025-12-01 15:57:31,Pune,web,snack,False,Monday
S006454,U00695,R0210,2026-02-26 13:53:31,Delhi,mobile,lunch,False,Thursday
S006455,U04970,R0492,2025-12-16 20:14:31,Kolkata,web,dinner,False,Tuesday
S006456,U02771,R0563,2026-02-26 03:23:31,Mumbai,mobile,late_night,False,Thursday
S006457,U01288,R0572,2025-12-22 17:28:31,Mumbai,mobile,snack,False,Monday
S006458,U02453,R0051,2026-02-03 07:02:31,Mumbai,mobile,breakfast,False,Tuesday
S006459,U03862,R0520,2026-02-10 15:30:31,Chennai,mobile,snack,False,Tuesday
S006460,U00079,R0243,2025-12-03 01:46:31,Delhi,web,late_night,False,Wednesday
S006461,U02172,R0079,2025-12-26 17:35:31,Bangalore,mobile,snack,False,Friday
S006462,U02505,R0339,2026-02-09 20:38:31,Mumbai,web,dinner,False,Monday
S006463,U00638,R0713,2025-12-24 19:16:31,Chennai,mobile,dinner,False,Wednesday
S006464,U04574,R0263,2026-02-20 21:30:31,Hyderabad,web,dinner,False,Friday
S006465,U02234,R0105,2026-01-05 13:14:31,Pune,mobile,lunch,False,Monday
S006466,U01488,R0513,2026-02-19 11:58:31,Kolkata,mobile,lunch,False,Thursday
S006467,U03107,R0296,2026-01-09 18:27:31,Hyderabad,mobile,dinner,False,Friday
S006468,U04738,R0666,2026-01-30 12:20:31,Delhi,mobile,lunch,False,Friday
S006469,U01513,R0483,2025-12-05 11:13:31,Hyderabad,mobile,lunch,False,Friday
S006470,U03257,R0516,2026-01-30 16:34:31,Mumbai,mobile,snack,False,Friday
S006471,U01380,R0060,2026-01-04 08:17:31,Mumbai,mobile,breakfast,True,Sunday
S006472,U01940,R0459,2026-01-31 03:04:31,Chennai,mobile,late_night,True,Saturday
S006473,U03103,R0543,2025-11-29 00:20:31,Hyderabad,mobile,late_night,True,Saturday
S006474,U00958,R0498,2025-12-08 20:16:31,Kolkata,mobile,dinner,False,Monday
S006475,U04719,R0240,2026-01-30 03:26:31,Bangalore,mobile,late_night,False,Friday
S006476,U02344,R0797,2026-02-21 14:08:31,Bangalore,web,lunch,True,Saturday
S006477,U04358,R0099,2025-12-13 12:13:31,Delhi,mobile,lunch,True,Saturday
S006478,U03276,R0008,2026-02-06 11:25:31,Mumbai,mobile,lunch,False,Friday
S006479,U02719,R0556,2026-01-25 14:41:31,Kolkata,mobile,lunch,True,Sunday
S006480,U02583,R0349,2026-01-21 03:06:31,Bangalore,mobile,late_night,False,Wednesday
S006481,U04450,R0626,2026-02-06 13:32:31,Kolkata,mobile,lunch,False,Friday
S006482,U03888,R0519,2026-01-09 10:22:31,Mumbai,mobile,breakfast,False,Friday
S006483,U03165,R0664,2026-02-16 12:46:31,Delhi,mobile,lunch,False,Monday
S006484,U04815,R0551,2026-02-05 06:42:31,Pune,mobile,breakfast,False,Thursday
S006485,U03862,R0316,2026-01-24 02:12:31,Chennai,mobile,late_night,True,Saturday
S006486,U00875,R0670,2026-01-13 15:00:31,Kolkata,web,snack,False,Tuesday
S006487,U03115,R0237,2026-02-03 18:48:31,Chennai,mobile,dinner,False,Tuesday
S006488,U02116,R0493,2026-02-19 07:30:31,Hyderabad,mobile,breakfast,False,Thursday
S006489,U03078,R0153,2026-02-21 11:31:31,Chennai,mobile,lunch,True,Saturday
S006490,U00966,R0561,2025-12-09 03:38:31,Bangalore,mobile,late_night,False,Tuesday
S006491,U01793,R0039,2026-01-06 02:51:31,Delhi,web,late_night,False,Tuesday
S006492,U00030,R0290,2025-12-22 08:24:31,Mumbai,mobile,breakfast,False,Monday
S006493,U03317,R0506,2026-02-22 15:55:31,Kolkata,mobile,snack,True,Sunday
S006494,U01719,R0132,2025-12-04 17:27:31,Bangalore,mobile,snack,False,Thursday
S006495,U03895,R0150,2026-02-18 17:09:31,Pune,mobile,snack,False,Wednesday
S006496,U00308,R0384,2026-01-06 11:16:31,Delhi,mobile,lunch,False,Tuesday
S006497,U00474,R0450,2025-12-23 05:15:31,Bangalore,mobile,late_night,False,Tuesday
S006498,U00801,R0794,2025-12-18 10:55:31,Kolkata,mobile,breakfast,False,Thursday
S006499,U03089,R0347,2026-02-07 21:06:31,Kolkata,web,dinner,True,Saturday
S006500,U01313,R0476,2026-01-26 14:51:31,Mumbai,mobile,lunch,False,Monday
S006501,U01661,R0322,2025-11-29 19:54:31,Chennai,mobile,dinner,True,Saturday
S006502,U00474,R0123,2026-02-12 11:02:31,Bangalore,mobile,lunch,False,Thursday
S006503,U01533,R0019,2026-01-16 09:41:31,Bangalore,mobile,breakfast,False,Friday
S006504,U04139,R0676,2025-12-29 22:13:31,Chennai,mobile,late_night,False,Monday
S006505,U02669,R0530,2025-12-16 21:26:31,Pune,mobile,dinner,False,Tuesday
S006506,U02122,R0615,2026-02-09 15:04:31,Bangalore,web,snack,False,Monday
S006507,U02652,R0503,2026-02-18 06:35:31,Pune,mobile,breakfast,False,Wednesday
S006508,U00731,R0281,2026-02-05 14:37:31,Pune,mobile,lunch,False,Thursday
S006509,U00452,R0477,2025-11-29 22:16:31,Mumbai,mobile,late_night,True,Saturday
S006510,U03102,R0041,2026-01-24 11:08:31,Delhi,mobile,lunch,True,Saturday
S006511,U03878,R0330,2026-02-23 12:20:31,Kolkata,mobile,lunch,False,Monday
S006512,U01460,R0514,2026-01-31 22:53:31,Kolkata,mobile,late_night,True,Saturday
S006513,U02197,R0721,2026-01-22 22:16:31,Hyderabad,mobile,late_night,False,Thursday
S006514,U01159,R0558,2026-01-09 10:33:31,Pune,mobile,breakfast,False,Friday
S006515,U03246,R0365,2026-02-24 20:46:31,Kolkata,mobile,dinner,False,Tuesday
S006516,U01074,R0562,2025-12-23 15:51:31,Pune,mobile,snack,False,Tuesday
S006517,U04634,R0320,2026-01-03 20:25:31,Bangalore,web,dinner,True,Saturday
S006518,U00759,R0568,2026-01-11 19:45:31,Hyderabad,mobile,dinner,True,Sunday
S006519,U00612,R0582,2025-12-23 20:52:31,Mumbai,tablet,dinner,False,Tuesday
S006520,U01889,R0271,2025-12-05 18:59:31,Chennai,mobile,dinner,False,Friday
S006521,U01197,R0342,2026-01-19 08:03:31,Mumbai,web,breakfast,False,Monday
S006522,U04181,R0707,2026-02-19 17:24:31,Kolkata,mobile,snack,False,Thursday
S006523,U01722,R0530,2026-02-26 22:01:31,Pune,mobile,late_night,False,Thursday
S006524,U02347,R0433,2026-01-26 21:59:31,Mumbai,mobile,dinner,False,Monday
S006525,U01890,R0491,2025-12-15 10:52:31,Mumbai,mobile,breakfast,False,Monday
S006526,U02178,R0597,2026-02-15 16:31:31,Hyderabad,mobile,snack,True,Sunday
S006527,U00232,R0091,2026-01-22 10:49:31,Pune,mobile,breakfast,False,Thursday
S006528,U04728,R0223,2026-02-22 13:13:31,Delhi,mobile,lunch,True,Sunday
S006529,U03069,R0277,2026-02-08 11:42:31,Bangalore,mobile,lunch,True,Sunday
S006530,U03010,R0094,2026-02-02 21:28:31,Delhi,web,dinner,False,Monday
S006531,U03236,R0386,2026-02-24 10:56:31,Kolkata,mobile,breakfast,False,Tuesday
S006532,U02526,R0478,2025-12-23 11:43:31,Hyderabad,mobile,lunch,False,Tuesday
S006533,U01268,R0038,2025-12-16 01:33:31,Pune,web,late_night,False,Tuesday
S006534,U02755,R0768,2026-02-03 19:35:31,Mumbai,mobile,dinner,False,Tuesday
S006535,U04387,R0653,2025-11-29 14:46:31,Chennai,mobile,lunch,True,Saturday
S006536,U03167,R0371,2026-01-17 20:27:31,Kolkata,tablet,dinner,True,Saturday
S006537,U03750,R0109,2026-02-18 15:21:31,Delhi,mobile,snack,False,Wednesday
S006538,U01439,R0462,2025-12-29 07:43:31,Mumbai,mobile,breakfast,False,Monday
S006539,U00449,R0152,2026-02-03 20:13:31,Pune,mobile,dinner,False,Tuesday
S006540,U04133,R0741,2026-02-15 22:30:31,Hyderabad,mobile,late_night,True,Sunday
S006541,U03575,R0060,2026-01-07 08:03:31,Mumbai,web,breakfast,False,Wednesday
S006542,U04851,R0016,2026-01-16 19:13:31,Pune,web,dinner,False,Friday
S006543,U04431,R0572,2026-01-05 12:45:31,Mumbai,web,lunch,False,Monday
S006544,U03221,R0466,2025-12-27 12:21:31,Kolkata,mobile,lunch,True,Saturday
S006545,U03573,R0180,2025-12-26 21:40:31,Chennai,mobile,dinner,False,Friday
S006546,U01820,R0154,2025-12-19 19:29:31,Bangalore,mobile,dinner,False,Friday
S006547,U04657,R0733,2025-12-11 17:36:31,Kolkata,mobile,snack,False,Thursday
S006548,U03098,R0768,2025-12-31 16:44:31,Mumbai,tablet,snack,False,Wednesday
S006549,U03731,R0783,2026-01-20 01:12:31,Bangalore,web,late_night,False,Tuesday
S006550,U01387,R0583,2025-12-19 13:03:31,Delhi,mobile,lunch,False,Friday
S006551,U01092,R0477,2026-02-23 14:22:31,Mumbai,web,lunch,False,Monday
S006552,U00437,R0547,2025-12-14 13:50:31,Bangalore,mobile,lunch,True,Sunday
S006553,U02518,R0120,2026-02-05 14:05:31,Hyderabad,tablet,lunch,False,Thursday
S006554,U04274,R0758,2026-01-30 00:27:31,Mumbai,mobile,late_night,False,Friday
S006555,U03835,R0648,2026-02-13 07:10:31,Delhi,mobile,breakfast,False,Friday
S006556,U03162,R0256,2026-01-01 10:37:31,Kolkata,mobile,breakfast,False,Thursday
S006557,U00270,R0277,2026-02-22 10:15:31,Bangalore,mobile,breakfast,True,Sunday
S006558,U02338,R0275,2025-12-02 23:42:31,Bangalore,web,late_night,False,Tuesday
S006559,U04487,R0509,2026-02-01 11:49:31,Bangalore,mobile,lunch,True,Sunday
S006560,U03051,R0022,2026-01-02 16:36:31,Pune,mobile,snack,False,Friday
S006561,U02029,R0554,2026-02-26 19:47:31,Kolkata,mobile,dinner,False,Thursday
S006562,U00290,R0590,2025-12-06 07:35:31,Bangalore,mobile,breakfast,True,Saturday
S006563,U04409,R0518,2026-01-14 23:15:31,Hyderabad,mobile,late_night,False,Wednesday
S006564,U00112,R0524,2026-01-11 08:59:31,Pune,mobile,breakfast,True,Sunday
S006565,U04855,R0240,2026-01-22 20:54:31,Bangalore,mobile,dinner,False,Thursday
S006566,U00575,R0525,2026-01-08 19:23:31,Kolkata,web,dinner,False,Thursday
S006567,U04027,R0758,2026-01-01 08:28:31,Mumbai,tablet,breakfast,False,Thursday
S006568,U02974,R0089,2026-02-09 19:04:31,Mumbai,mobile,dinner,False,Monday
S006569,U01938,R0555,2025-12-30 22:07:31,Bangalore,mobile,late_night,False,Tuesday
S006570,U01245,R0248,2026-01-25 09:16:31,Delhi,mobile,breakfast,True,Sunday
S006571,U00688,R0640,2026-01-28 18:43:31,Mumbai,mobile,dinner,False,Wednesday
S006572,U04477,R0609,2026-01-12 19:59:31,Bangalore,mobile,dinner,False,Monday
S006573,U00291,R0463,2026-01-06 06:55:31,Delhi,mobile,breakfast,False,Tuesday
S006574,U01440,R0466,2026-01-28 22:03:31,Kolkata,mobile,late_night,False,Wednesday
S006575,U00959,R0298,2025-12-15 08:33:31,Mumbai,mobile,breakfast,False,Monday
S006576,U01450,R0657,2026-01-11 11:29:31,Delhi,mobile,lunch,True,Sunday
S006577,U04468,R0197,2025-12-11 06:17:31,Chennai,mobile,breakfast,False,Thursday
S006578,U03607,R0767,2026-01-17 09:25:31,Hyderabad,mobile,breakfast,True,Saturday
S006579,U02520,R0451,2026-01-28 18:56:31,Chennai,mobile,dinner,False,Wednesday
S006580,U01200,R0338,2026-01-17 21:59:31,Pune,mobile,dinner,True,Saturday
S006581,U03754,R0593,2026-02-10 12:21:31,Kolkata,mobile,lunch,False,Tuesday
S006582,U01220,R0360,2025-12-16 15:06:31,Delhi,mobile,snack,False,Tuesday
S006583,U04962,R0379,2026-02-21 17:46:31,Mumbai,web,snack,True,Saturday
S006584,U00997,R0418,2026-01-12 15:35:31,Bangalore,mobile,snack,False,Monday
S006585,U00038,R0625,2025-12-18 09:46:31,Bangalore,mobile,breakfast,False,Thursday
S006586,U04743,R0101,2025-12-17 14:38:31,Hyderabad,mobile,lunch,False,Wednesday
S006587,U04125,R0169,2025-12-27 13:34:31,Delhi,web,lunch,True,Saturday
S006588,U02297,R0145,2025-12-13 21:54:31,Kolkata,mobile,dinner,True,Saturday
S006589,U02943,R0460,2026-02-14 11:29:31,Delhi,mobile,lunch,True,Saturday
S006590,U00632,R0780,2026-02-13 19:21:31,Kolkata,mobile,dinner,False,Friday
S006591,U02967,R0464,2025-12-01 10:34:31,Mumbai,mobile,breakfast,False,Monday
S006592,U00782,R0405,2026-01-26 22:00:31,Pune,tablet,late_night,False,Monday
S006593,U00874,R0463,2026-02-08 10:04:31,Delhi,mobile,breakfast,True,Sunday
S006594,U02991,R0545,2026-01-31 13:56:31,Kolkata,web,lunch,True,Saturday
S006595,U00360,R0775,2026-01-12 08:20:31,Delhi,mobile,breakfast,False,Monday
S006596,U03356,R0041,2026-02-01 15:03:31,Delhi,mobile,snack,True,Sunday
S006597,U03767,R0014,2026-02-16 04:58:31,Chennai,mobile,late_night,False,Monday
S006598,U02262,R0771,2025-12-17 09:01:31,Bangalore,mobile,breakfast,False,Wednesday
S006599,U01897,R0760,2025-12-27 07:14:31,Hyderabad,web,breakfast,True,Saturday
S006600,U01741,R0609,2026-01-26 20:03:31,Bangalore,mobile,dinner,False,Monday
S006601,U03893,R0519,2026-01-05 21:00:31,Mumbai,mobile,dinner,False,Monday
S006602,U01518,R0254,2025-12-05 14:04:31,Hyderabad,mobile,lunch,False,Friday
S006603,U02718,R0518,2026-02-17 18:25:31,Hyderabad,mobile,dinner,False,Tuesday
S006604,U03625,R0512,2026-01-07 11:37:31,Pune,tablet,lunch,False,Wednesday
S006605,U02942,R0649,2026-02-17 14:32:31,Bangalore,mobile,lunch,False,Tuesday
S006606,U01639,R0206,2026-01-01 18:17:31,Kolkata,mobile,dinner,False,Thursday
S006607,U01274,R0388,2025-12-26 20:39:31,Bangalore,web,dinner,False,Friday
S006608,U04266,R0213,2025-12-16 22:24:31,Bangalore,tablet,late_night,False,Tuesday
S006609,U00995,R0744,2025-12-27 21:38:31,Bangalore,mobile,dinner,True,Saturday
S006610,U02573,R0299,2026-01-21 23:04:31,Mumbai,mobile,late_night,False,Wednesday
S006611,U01718,R0165,2026-01-04 17:53:31,Kolkata,mobile,snack,True,Sunday
S006612,U01102,R0094,2025-12-23 20:13:31,Delhi,mobile,dinner,False,Tuesday
S006613,U03393,R0553,2026-02-25 08:06:31,Bangalore,mobile,breakfast,False,Wednesday
S006614,U01574,R0548,2025-12-15 20:30:31,Delhi,mobile,dinner,False,Monday
S006615,U03734,R0513,2025-12-06 16:47:31,Kolkata,web,snack,True,Saturday
S006616,U01608,R0723,2025-12-24 20:19:31,Mumbai,mobile,dinner,False,Wednesday
S006617,U04358,R0453,2026-01-05 20:30:31,Delhi,mobile,dinner,False,Monday
S006618,U04379,R0181,2026-02-07 02:20:31,Hyderabad,mobile,late_night,True,Saturday
S006619,U04376,R0221,2026-02-09 06:58:31,Kolkata,mobile,breakfast,False,Monday
S006620,U04512,R0330,2026-01-22 21:04:31,Kolkata,tablet,dinner,False,Thursday
S006621,U01014,R0202,2025-12-10 07:09:31,Kolkata,web,breakfast,False,Wednesday
S006622,U00670,R0124,2026-02-18 07:56:31,Hyderabad,web,breakfast,False,Wednesday
S006623,U00125,R0373,2026-02-18 07:44:31,Pune,tablet,breakfast,False,Wednesday
S006624,U01111,R0427,2025-12-08 08:51:31,Chennai,mobile,breakfast,False,Monday
S006625,U01982,R0524,2026-01-08 12:55:31,Pune,mobile,lunch,False,Thursday
S006626,U01971,R0442,2026-02-13 12:52:31,Bangalore,mobile,lunch,False,Friday
S006627,U02530,R0651,2026-02-24 12:18:31,Mumbai,mobile,lunch,False,Tuesday
S006628,U00416,R0248,2025-12-28 13:00:31,Delhi,web,lunch,True,Sunday
S006629,U04456,R0320,2026-02-07 09:17:31,Bangalore,web,breakfast,True,Saturday
S006630,U04640,R0773,2025-12-02 08:49:31,Mumbai,mobile,breakfast,False,Tuesday
S006631,U01525,R0311,2025-11-30 18:48:31,Bangalore,mobile,dinner,True,Sunday
S006632,U00386,R0220,2026-01-23 11:19:31,Hyderabad,mobile,lunch,False,Friday
S006633,U01868,R0727,2026-02-11 13:44:31,Delhi,mobile,lunch,False,Wednesday
S006634,U02623,R0451,2026-01-01 13:34:31,Chennai,mobile,lunch,False,Thursday
S006635,U03952,R0107,2026-01-14 19:17:31,Bangalore,mobile,dinner,False,Wednesday
S006636,U02064,R0098,2026-01-25 08:56:31,Delhi,mobile,breakfast,True,Sunday
S006637,U02608,R0770,2026-01-02 04:09:31,Pune,web,late_night,False,Friday
S006638,U00594,R0639,2025-12-10 21:08:31,Bangalore,web,dinner,False,Wednesday
S006639,U04318,R0560,2025-11-29 06:53:31,Hyderabad,mobile,breakfast,True,Saturday
S006640,U02027,R0181,2026-02-22 17:15:31,Hyderabad,web,snack,True,Sunday
S006641,U03612,R0270,2025-12-20 13:04:31,Mumbai,tablet,lunch,True,Saturday
S006642,U00786,R0333,2025-12-19 14:49:31,Pune,web,lunch,False,Friday
S006643,U04444,R0299,2025-12-01 21:23:31,Mumbai,mobile,dinner,False,Monday
S006644,U00534,R0277,2026-01-05 01:42:31,Bangalore,mobile,late_night,False,Monday
S006645,U00003,R0033,2026-02-03 20:38:31,Delhi,mobile,dinner,False,Tuesday
S006646,U04271,R0431,2025-12-20 18:43:31,Bangalore,mobile,dinner,True,Saturday
S006647,U00854,R0548,2025-12-29 22:37:31,Delhi,mobile,late_night,False,Monday
S006648,U03515,R0584,2026-02-21 16:53:31,Mumbai,mobile,snack,True,Saturday
S006649,U01589,R0601,2026-01-21 19:18:31,Pune,mobile,dinner,False,Wednesday
S006650,U01788,R0350,2025-11-28 18:35:31,Pune,mobile,dinner,False,Friday
S006651,U03594,R0587,2026-02-21 00:24:31,Hyderabad,web,late_night,True,Saturday
S006652,U02781,R0475,2025-12-14 18:34:31,Bangalore,web,dinner,True,Sunday
S006653,U02907,R0213,2025-12-31 06:03:31,Bangalore,mobile,breakfast,False,Wednesday
S006654,U02004,R0563,2025-12-23 04:59:31,Mumbai,web,late_night,False,Tuesday
S006655,U02218,R0386,2026-01-24 09:02:31,Kolkata,mobile,breakfast,True,Saturday
S006656,U03006,R0080,2026-02-22 10:52:31,Bangalore,mobile,breakfast,True,Sunday
S006657,U00403,R0561,2026-01-16 21:59:31,Bangalore,mobile,dinner,False,Friday
S006658,U01048,R0753,2025-11-29 22:47:31,Chennai,mobile,late_night,True,Saturday
S006659,U04142,R0043,2026-01-11 17:01:31,Pune,mobile,snack,True,Sunday
S006660,U00850,R0252,2026-02-06 19:00:31,Kolkata,tablet,dinner,False,Friday
S006661,U01393,R0001,2026-02-08 18:40:31,Chennai,mobile,dinner,True,Sunday
S006662,U01906,R0727,2026-01-28 06:43:31,Delhi,mobile,breakfast,False,Wednesday
S006663,U00293,R0099,2026-02-18 22:52:31,Delhi,mobile,late_night,False,Wednesday
S006664,U02372,R0200,2025-12-17 07:39:31,Kolkata,web,breakfast,False,Wednesday
S006665,U01171,R0352,2025-11-28 18:20:31,Mumbai,web,dinner,False,Friday
S006666,U00631,R0221,2025-12-19 12:12:31,Kolkata,mobile,lunch,False,Friday
S006667,U02386,R0348,2026-01-11 21:25:31,Pune,mobile,dinner,True,Sunday
S006668,U00673,R0489,2026-01-29 19:11:31,Bangalore,mobile,dinner,False,Thursday
S006669,U02864,R0471,2026-01-24 12:18:31,Pune,mobile,lunch,True,Saturday
S006670,U03262,R0552,2025-12-11 23:28:31,Pune,mobile,late_night,False,Thursday
S006671,U01766,R0208,2026-01-15 06:54:31,Kolkata,mobile,breakfast,False,Thursday
S006672,U03226,R0441,2026-02-13 23:27:31,Chennai,mobile,late_night,False,Friday
S006673,U02629,R0658,2026-01-31 04:12:31,Mumbai,web,late_night,True,Saturday
S006674,U04071,R0614,2025-12-11 21:14:31,Hyderabad,mobile,dinner,False,Thursday
S006675,U02650,R0612,2026-02-07 21:59:31,Mumbai,mobile,dinner,True,Saturday
S006676,U03666,R0583,2026-01-05 22:31:31,Delhi,web,late_night,False,Monday
S006677,U02040,R0053,2026-02-13 22:41:31,Kolkata,mobile,late_night,False,Friday
S006678,U00021,R0316,2026-01-04 15:11:31,Chennai,mobile,snack,True,Sunday
S006679,U01437,R0350,2026-02-20 17:43:31,Pune,mobile,snack,False,Friday
S006680,U00276,R0391,2025-12-11 12:35:31,Chennai,mobile,lunch,False,Thursday
S006681,U03176,R0575,2025-12-24 12:49:31,Hyderabad,mobile,lunch,False,Wednesday
S006682,U04896,R0010,2025-12-07 13:05:31,Bangalore,web,lunch,True,Sunday
S006683,U01685,R0201,2026-01-04 07:28:31,Delhi,mobile,breakfast,True,Sunday
S006684,U03284,R0388,2025-12-25 18:16:31,Bangalore,mobile,dinner,False,Thursday
S006685,U00320,R0292,2026-01-19 23:46:31,Mumbai,web,late_night,False,Monday
S006686,U02477,R0774,2026-01-20 10:03:31,Hyderabad,mobile,breakfast,False,Tuesday
S006687,U01588,R0770,2026-02-10 16:58:31,Pune,mobile,snack,False,Tuesday
S006688,U02105,R0640,2026-02-07 12:57:31,Mumbai,web,lunch,True,Saturday
S006689,U01006,R0656,2025-12-26 19:28:31,Kolkata,mobile,dinner,False,Friday
S006690,U02729,R0320,2026-01-15 14:03:31,Bangalore,web,lunch,False,Thursday
S006691,U04054,R0639,2026-01-16 21:16:31,Bangalore,mobile,dinner,False,Friday
S006692,U03569,R0142,2025-12-09 09:39:31,Delhi,mobile,breakfast,False,Tuesday
S006693,U03316,R0316,2025-12-09 19:56:31,Chennai,tablet,dinner,False,Tuesday
S006694,U02540,R0420,2026-01-01 12:00:31,Chennai,mobile,lunch,False,Thursday
S006695,U04144,R0540,2026-01-16 11:12:31,Chennai,web,lunch,False,Friday
S006696,U03238,R0674,2026-02-21 01:13:31,Kolkata,mobile,late_night,True,Saturday
S006697,U03604,R0706,2025-12-23 14:39:31,Kolkata,mobile,lunch,False,Tuesday
S006698,U04025,R0409,2026-01-05 08:21:31,Mumbai,web,breakfast,False,Monday
S006699,U01875,R0278,2025-12-02 15:10:31,Delhi,mobile,snack,False,Tuesday
S006700,U00057,R0112,2025-12-17 17:57:31,Chennai,web,snack,False,Wednesday
S006701,U00088,R0483,2025-12-07 17:17:31,Hyderabad,mobile,snack,True,Sunday
S006702,U03666,R0583,2026-01-11 11:33:31,Delhi,mobile,lunch,True,Sunday
S006703,U02953,R0510,2025-12-07 15:05:31,Chennai,mobile,snack,True,Sunday
S006704,U02871,R0511,2026-02-13 22:51:31,Delhi,web,late_night,False,Friday
S006705,U02477,R0587,2026-01-09 09:57:31,Hyderabad,web,breakfast,False,Friday
S006706,U01216,R0600,2026-01-24 06:22:31,Mumbai,mobile,breakfast,True,Saturday
S006707,U00789,R0343,2026-01-03 20:17:31,Pune,mobile,dinner,True,Saturday
S006708,U01344,R0309,2026-02-14 18:53:31,Kolkata,mobile,dinner,True,Saturday
S006709,U02143,R0759,2025-12-11 14:23:31,Hyderabad,mobile,lunch,False,Thursday
S006710,U04086,R0724,2025-12-30 17:05:31,Kolkata,mobile,snack,False,Tuesday
S006711,U01043,R0133,2026-01-20 06:53:31,Hyderabad,mobile,breakfast,False,Tuesday
S006712,U00446,R0208,2026-01-19 21:39:31,Kolkata,mobile,dinner,False,Monday
S006713,U03879,R0363,2026-01-04 11:52:31,Hyderabad,web,lunch,True,Sunday
S006714,U02959,R0622,2025-12-13 12:27:31,Hyderabad,mobile,lunch,True,Saturday
S006715,U04859,R0403,2026-02-13 12:42:31,Chennai,tablet,lunch,False,Friday
S006716,U00055,R0125,2025-12-13 15:58:31,Bangalore,mobile,snack,True,Saturday
S006717,U01572,R0355,2026-02-23 16:20:31,Hyderabad,mobile,snack,False,Monday
S006718,U00689,R0234,2026-01-24 13:17:31,Mumbai,mobile,lunch,True,Saturday
S006719,U02753,R0273,2026-01-22 08:46:31,Mumbai,mobile,breakfast,False,Thursday
S006720,U01999,R0173,2025-12-07 06:58:31,Mumbai,mobile,breakfast,True,Sunday
S006721,U03528,R0076,2025-12-01 13:06:31,Chennai,mobile,lunch,False,Monday
S006722,U03811,R0511,2026-02-22 14:17:31,Delhi,mobile,lunch,True,Sunday
S006723,U02870,R0176,2025-12-05 22:14:31,Chennai,mobile,late_night,False,Friday
S006724,U02238,R0443,2026-01-15 11:37:31,Kolkata,mobile,lunch,False,Thursday
S006725,U03154,R0594,2026-02-21 07:20:31,Chennai,web,breakfast,True,Saturday
S006726,U01600,R0371,2026-01-05 10:32:31,Kolkata,mobile,breakfast,False,Monday
S006727,U02208,R0516,2026-01-26 11:24:31,Mumbai,mobile,lunch,False,Monday
S006728,U03251,R0137,2025-12-20 06:08:31,Hyderabad,mobile,breakfast,True,Saturday
S006729,U03483,R0538,2026-01-22 07:05:31,Mumbai,mobile,breakfast,False,Thursday
S006730,U00147,R0563,2026-01-10 21:58:31,Mumbai,web,dinner,True,Saturday
S006731,U00919,R0227,2025-11-28 10:04:31,Kolkata,mobile,breakfast,False,Friday
S006732,U01411,R0084,2026-02-04 14:55:31,Mumbai,mobile,lunch,False,Wednesday
S006733,U02862,R0236,2026-01-15 20:26:31,Hyderabad,mobile,dinner,False,Thursday
S006734,U01547,R0762,2025-12-04 10:42:31,Delhi,web,breakfast,False,Thursday
S006735,U00165,R0026,2026-01-30 11:41:31,Bangalore,mobile,lunch,False,Friday
S006736,U02182,R0669,2026-01-28 19:50:31,Chennai,web,dinner,False,Wednesday
S006737,U00673,R0797,2026-02-16 17:43:31,Bangalore,mobile,snack,False,Monday
S006738,U01459,R0230,2025-12-06 13:32:31,Pune,web,lunch,True,Saturday
S006739,U02577,R0030,2026-01-03 20:19:31,Mumbai,mobile,dinner,True,Saturday
S006740,U02857,R0423,2025-12-06 15:30:31,Hyderabad,mobile,snack,True,Saturday
S006741,U04096,R0568,2026-02-04 12:30:31,Hyderabad,mobile,lunch,False,Wednesday
S006742,U04270,R0303,2026-02-03 13:13:31,Bangalore,mobile,lunch,False,Tuesday
S006743,U01190,R0111,2026-02-21 08:01:31,Bangalore,mobile,breakfast,True,Saturday
S006744,U04946,R0671,2025-12-05 16:23:31,Hyderabad,web,snack,False,Friday
S006745,U00098,R0288,2025-12-01 19:54:31,Kolkata,web,dinner,False,Monday
S006746,U03200,R0237,2026-02-11 17:45:31,Chennai,web,snack,False,Wednesday
S006747,U00399,R0563,2026-02-16 22:57:31,Mumbai,mobile,late_night,False,Monday
S006748,U00467,R0665,2026-02-25 14:08:31,Chennai,mobile,lunch,False,Wednesday
S006749,U04687,R0237,2026-01-25 13:59:31,Chennai,mobile,lunch,True,Sunday
S006750,U03127,R0376,2026-02-22 21:39:31,Kolkata,web,dinner,True,Sunday
S006751,U03363,R0263,2026-01-03 04:02:31,Hyderabad,mobile,late_night,True,Saturday
S006752,U03819,R0100,2025-12-10 20:09:31,Mumbai,mobile,dinner,False,Wednesday
S006753,U03036,R0322,2026-01-02 16:08:31,Chennai,web,snack,False,Friday
S006754,U02869,R0039,2026-01-10 12:01:31,Delhi,mobile,lunch,True,Saturday
S006755,U02977,R0264,2025-12-14 19:13:31,Mumbai,mobile,dinner,True,Sunday
S006756,U03658,R0454,2025-12-27 18:44:31,Bangalore,mobile,dinner,True,Saturday
S006757,U03520,R0450,2025-12-05 18:19:31,Bangalore,mobile,dinner,False,Friday
S006758,U02438,R0587,2025-11-30 11:35:31,Hyderabad,mobile,lunch,True,Sunday
S006759,U04856,R0324,2026-01-03 03:38:31,Delhi,mobile,late_night,True,Saturday
S006760,U03602,R0468,2025-12-30 21:19:31,Kolkata,web,dinner,False,Tuesday
S006761,U03203,R0536,2025-12-10 09:15:31,Mumbai,mobile,breakfast,False,Wednesday
S006762,U04543,R0743,2026-01-01 14:09:31,Pune,mobile,lunch,False,Thursday
S006763,U01063,R0246,2025-12-29 22:14:31,Hyderabad,tablet,late_night,False,Monday
S006764,U03549,R0789,2026-01-17 18:46:31,Chennai,mobile,dinner,True,Saturday
S006765,U00296,R0375,2026-01-14 16:07:31,Kolkata,mobile,snack,False,Wednesday
S006766,U01636,R0622,2026-02-04 07:35:31,Hyderabad,mobile,breakfast,False,Wednesday
S006767,U03367,R0699,2026-01-24 15:06:31,Pune,tablet,snack,True,Saturday
S006768,U02118,R0547,2026-01-22 18:21:31,Bangalore,mobile,dinner,False,Thursday
S006769,U01873,R0060,2025-12-23 21:42:31,Mumbai,mobile,dinner,False,Tuesday
S006770,U02550,R0759,2026-02-13 14:18:31,Hyderabad,mobile,lunch,False,Friday
S006771,U02150,R0720,2026-02-14 12:56:31,Hyderabad,web,lunch,True,Saturday
S006772,U01233,R0640,2026-01-16 22:17:31,Mumbai,mobile,late_night,False,Friday
S006773,U03541,R0450,2025-11-29 13:21:31,Bangalore,mobile,lunch,True,Saturday
S006774,U00605,R0422,2026-01-21 18:42:31,Kolkata,mobile,dinner,False,Wednesday
S006775,U03054,R0479,2026-01-24 13:30:31,Kolkata,mobile,lunch,True,Saturday
S006776,U02961,R0120,2026-02-03 16:13:31,Hyderabad,mobile,snack,False,Tuesday
S006777,U01621,R0695,2025-12-01 19:24:31,Kolkata,mobile,dinner,False,Monday
S006778,U00148,R0086,2025-12-23 16:54:31,Kolkata,mobile,snack,False,Tuesday
S006779,U00785,R0636,2026-02-26 10:53:31,Pune,mobile,breakfast,False,Thursday
S006780,U04352,R0555,2025-12-30 07:36:31,Bangalore,mobile,breakfast,False,Tuesday
S006781,U03412,R0270,2026-01-03 19:25:31,Mumbai,mobile,dinner,True,Saturday
S006782,U04714,R0066,2026-02-11 08:18:31,Hyderabad,mobile,breakfast,False,Wednesday
S006783,U01067,R0614,2025-12-08 08:49:31,Hyderabad,mobile,breakfast,False,Monday
S006784,U02820,R0785,2026-01-20 21:11:31,Bangalore,mobile,dinner,False,Tuesday
S006785,U01018,R0257,2026-01-15 22:21:31,Kolkata,mobile,late_night,False,Thursday
S006786,U00468,R0300,2025-12-29 19:14:31,Chennai,mobile,dinner,False,Monday
S006787,U03970,R0363,2026-02-02 13:10:31,Hyderabad,web,lunch,False,Monday
S006788,U00445,R0179,2025-12-22 09:36:31,Kolkata,mobile,breakfast,False,Monday
S006789,U02018,R0425,2025-12-26 11:54:31,Chennai,mobile,lunch,False,Friday
S006790,U00614,R0263,2026-01-09 14:37:31,Hyderabad,mobile,lunch,False,Friday
S006791,U00383,R0036,2025-12-31 08:02:31,Hyderabad,mobile,breakfast,False,Wednesday
S006792,U04491,R0450,2026-02-03 21:24:31,Bangalore,mobile,dinner,False,Tuesday
S006793,U04246,R0087,2025-12-14 11:08:31,Hyderabad,web,lunch,True,Sunday
S006794,U04771,R0230,2026-02-06 12:53:31,Pune,mobile,lunch,False,Friday
S006795,U01543,R0154,2026-02-20 20:01:31,Bangalore,mobile,dinner,False,Friday
S006796,U01155,R0133,2026-02-23 12:47:31,Hyderabad,tablet,lunch,False,Monday
S006797,U00461,R0042,2026-02-04 17:48:31,Pune,mobile,snack,False,Wednesday
S006798,U03623,R0299,2026-01-09 10:33:31,Mumbai,mobile,breakfast,False,Friday
S006799,U02675,R0051,2026-01-31 19:28:31,Mumbai,mobile,dinner,True,Saturday
S006800,U02242,R0788,2025-12-07 12:56:31,Pune,mobile,lunch,True,Sunday
S006801,U04635,R0675,2025-12-08 08:20:31,Hyderabad,web,breakfast,False,Monday
S006802,U01157,R0556,2026-01-27 11:44:31,Kolkata,web,lunch,False,Tuesday
S006803,U04785,R0218,2026-02-02 10:47:31,Bangalore,mobile,breakfast,False,Monday
S006804,U01348,R0340,2026-01-05 17:47:31,Delhi,mobile,snack,False,Monday
S006805,U01394,R0150,2025-12-05 16:55:31,Pune,mobile,snack,False,Friday
S006806,U01939,R0272,2026-02-25 10:04:31,Delhi,web,breakfast,False,Wednesday
S006807,U01614,R0666,2025-12-02 20:20:31,Delhi,mobile,dinner,False,Tuesday
S006808,U03768,R0218,2025-12-21 20:38:31,Bangalore,mobile,dinner,True,Sunday
S006809,U00294,R0476,2026-02-14 19:12:31,Mumbai,mobile,dinner,True,Saturday
S006810,U00875,R0707,2025-12-13 13:38:31,Kolkata,mobile,lunch,True,Saturday
S006811,U02156,R0752,2026-02-03 11:42:31,Kolkata,mobile,lunch,False,Tuesday
S006812,U00842,R0315,2026-02-18 13:35:31,Kolkata,mobile,lunch,False,Wednesday
S006813,U00981,R0285,2025-12-19 04:23:31,Kolkata,mobile,late_night,False,Friday
S006814,U04498,R0459,2026-02-03 06:37:31,Chennai,mobile,breakfast,False,Tuesday
S006815,U00090,R0012,2026-01-31 08:35:31,Hyderabad,mobile,breakfast,True,Saturday
S006816,U00180,R0288,2026-02-18 18:05:31,Kolkata,mobile,dinner,False,Wednesday
S006817,U00947,R0331,2025-12-23 01:28:31,Bangalore,mobile,late_night,False,Tuesday
S006818,U04214,R0019,2025-12-18 15:47:31,Bangalore,tablet,snack,False,Thursday
S006819,U00645,R0016,2026-02-03 16:13:31,Pune,mobile,snack,False,Tuesday
S006820,U01271,R0699,2025-12-29 07:31:31,Pune,mobile,breakfast,False,Monday
S006821,U03862,R0028,2026-01-14 13:19:31,Chennai,mobile,lunch,False,Wednesday
S006822,U01361,R0232,2026-01-22 11:52:31,Bangalore,mobile,lunch,False,Thursday
S006823,U03787,R0622,2025-12-16 09:54:31,Hyderabad,mobile,breakfast,False,Tuesday
S006824,U00825,R0799,2026-01-13 14:29:31,Pune,mobile,lunch,False,Tuesday
S006825,U00369,R0780,2026-01-22 23:21:31,Kolkata,mobile,late_night,False,Thursday
S006826,U04028,R0175,2025-11-29 11:17:31,Delhi,mobile,lunch,True,Saturday
S006827,U03571,R0583,2025-11-30 08:57:31,Delhi,mobile,breakfast,True,Sunday
S006828,U01683,R0458,2026-01-24 11:05:31,Chennai,mobile,lunch,True,Saturday
S006829,U00329,R0338,2025-11-28 19:38:31,Pune,mobile,dinner,False,Friday
S006830,U00846,R0474,2026-02-11 16:36:31,Mumbai,mobile,snack,False,Wednesday
S006831,U04498,R0253,2026-02-10 17:28:31,Chennai,mobile,snack,False,Tuesday
S006832,U02301,R0233,2026-02-14 18:40:31,Pune,web,dinner,True,Saturday
S006833,U01589,R0471,2025-12-03 03:35:31,Pune,mobile,late_night,False,Wednesday
S006834,U00054,R0336,2026-01-15 17:53:31,Kolkata,mobile,snack,False,Thursday
S006835,U04562,R0091,2025-12-27 06:53:31,Pune,mobile,breakfast,True,Saturday
S006836,U02984,R0142,2025-12-18 16:45:31,Delhi,web,snack,False,Thursday
S006837,U04273,R0208,2026-02-23 08:07:31,Kolkata,mobile,breakfast,False,Monday
S006838,U02413,R0419,2025-11-30 14:38:31,Hyderabad,mobile,lunch,True,Sunday
S006839,U04524,R0084,2026-02-09 12:07:31,Mumbai,mobile,lunch,False,Monday
S006840,U02742,R0312,2026-01-02 03:56:31,Mumbai,mobile,late_night,False,Friday
S006841,U04875,R0455,2026-01-24 18:43:31,Pune,mobile,dinner,True,Saturday
S006842,U00286,R0383,2025-12-12 14:04:31,Pune,mobile,lunch,False,Friday
S006843,U02649,R0085,2026-02-07 13:37:31,Mumbai,web,lunch,True,Saturday
S006844,U00628,R0486,2026-01-02 12:12:31,Chennai,mobile,lunch,False,Friday
S006845,U00481,R0532,2025-11-28 11:41:31,Pune,mobile,lunch,False,Friday
S006846,U02967,R0538,2026-02-09 10:24:31,Mumbai,mobile,breakfast,False,Monday
S006847,U00246,R0309,2025-12-30 11:26:31,Kolkata,mobile,lunch,False,Tuesday
S006848,U02947,R0331,2026-02-18 11:30:31,Bangalore,mobile,lunch,False,Wednesday
S006849,U02712,R0720,2026-02-09 22:49:31,Hyderabad,mobile,late_night,False,Monday
S006850,U01427,R0171,2026-02-12 21:10:31,Kolkata,mobile,dinner,False,Thursday
S006851,U03251,R0421,2025-12-03 21:45:31,Hyderabad,mobile,dinner,False,Wednesday
S006852,U03697,R0058,2026-01-27 10:34:31,Delhi,mobile,breakfast,False,Tuesday
S006853,U01310,R0519,2026-01-08 18:42:31,Mumbai,mobile,dinner,False,Thursday
S006854,U04053,R0664,2026-02-12 17:11:31,Delhi,mobile,snack,False,Thursday
S006855,U01486,R0783,2026-02-03 13:17:31,Bangalore,mobile,lunch,False,Tuesday
S006856,U00150,R0713,2026-01-11 19:56:31,Chennai,mobile,dinner,True,Sunday
S006857,U00559,R0487,2025-12-27 06:55:31,Hyderabad,web,breakfast,True,Saturday
S006858,U00312,R0348,2025-11-29 15:00:31,Pune,tablet,snack,True,Saturday
S006859,U04047,R0178,2026-01-01 08:07:31,Kolkata,mobile,breakfast,False,Thursday
S006860,U02855,R0664,2026-01-07 13:47:31,Delhi,tablet,lunch,False,Wednesday
S006861,U02245,R0133,2025-12-16 16:03:31,Hyderabad,mobile,snack,False,Tuesday
S006862,U02039,R0108,2026-01-11 04:34:31,Kolkata,mobile,late_night,True,Sunday
S006863,U04012,R0173,2026-01-05 00:26:31,Mumbai,web,late_night,False,Monday
S006864,U01500,R0063,2026-01-27 20:40:31,Chennai,mobile,dinner,False,Tuesday
S006865,U03112,R0152,2025-12-17 13:32:31,Pune,mobile,lunch,False,Wednesday
S006866,U01805,R0344,2026-02-17 09:49:31,Chennai,mobile,breakfast,False,Tuesday
S006867,U03827,R0502,2026-01-29 15:05:31,Delhi,mobile,snack,False,Thursday
S006868,U02333,R0067,2026-01-13 20:59:31,Kolkata,mobile,dinner,False,Tuesday
S006869,U02825,R0453,2025-12-20 14:40:31,Delhi,tablet,lunch,True,Saturday
S006870,U03028,R0282,2026-01-17 10:44:31,Delhi,mobile,breakfast,True,Saturday
S006871,U01336,R0043,2025-12-01 22:18:31,Pune,mobile,late_night,False,Monday
S006872,U03279,R0710,2025-12-12 09:30:31,Delhi,mobile,breakfast,False,Friday
S006873,U00198,R0759,2026-01-25 10:57:31,Hyderabad,web,breakfast,True,Sunday
S006874,U00186,R0156,2026-01-08 21:58:31,Hyderabad,mobile,dinner,False,Thursday
S006875,U01095,R0625,2026-01-04 10:37:31,Bangalore,mobile,breakfast,True,Sunday
S006876,U00932,R0329,2026-01-31 00:42:31,Delhi,mobile,late_night,True,Saturday
S006877,U03214,R0231,2026-02-23 12:34:31,Hyderabad,tablet,lunch,False,Monday
S006878,U00599,R0132,2026-01-06 10:42:31,Bangalore,web,breakfast,False,Tuesday
S006879,U02563,R0045,2025-12-05 21:46:31,Hyderabad,mobile,dinner,False,Friday
S006880,U03358,R0625,2025-12-03 10:05:31,Bangalore,mobile,breakfast,False,Wednesday
S006881,U03214,R0432,2025-11-30 17:23:31,Hyderabad,mobile,snack,True,Sunday
S006882,U02498,R0366,2026-01-17 19:10:31,Kolkata,mobile,dinner,True,Saturday
S006883,U03552,R0510,2026-02-17 08:21:31,Chennai,mobile,breakfast,False,Tuesday
S006884,U00629,R0369,2026-01-23 10:36:31,Hyderabad,mobile,breakfast,False,Friday
S006885,U00630,R0402,2025-12-13 14:04:31,Delhi,mobile,lunch,True,Saturday
S006886,U02800,R0588,2026-01-28 18:21:31,Bangalore,mobile,dinner,False,Wednesday
S006887,U01958,R0330,2025-12-28 12:20:31,Kolkata,mobile,lunch,True,Sunday
S006888,U04920,R0285,2026-02-24 21:19:31,Kolkata,mobile,dinner,False,Tuesday
S006889,U01581,R0596,2025-12-18 14:58:31,Bangalore,mobile,lunch,False,Thursday
S006890,U01929,R0284,2025-12-16 18:59:31,Pune,mobile,dinner,False,Tuesday
S006891,U03459,R0557,2025-12-29 17:20:31,Pune,mobile,snack,False,Monday
S006892,U00456,R0313,2025-12-10 16:07:31,Hyderabad,mobile,snack,False,Wednesday
S006893,U02067,R0431,2026-01-25 14:29:31,Bangalore,mobile,lunch,True,Sunday
S006894,U04985,R0615,2025-12-01 18:07:31,Bangalore,mobile,dinner,False,Monday
S006895,U04535,R0294,2026-02-18 07:24:31,Pune,mobile,breakfast,False,Wednesday
S006896,U00939,R0784,2026-01-22 13:53:31,Hyderabad,web,lunch,False,Thursday
S006897,U02100,R0311,2026-01-22 23:33:31,Bangalore,mobile,late_night,False,Thursday
S006898,U04537,R0030,2026-01-07 06:00:31,Mumbai,web,breakfast,False,Wednesday
S006899,U03939,R0529,2025-12-04 15:59:31,Bangalore,mobile,snack,False,Thursday
S006900,U01990,R0494,2026-02-17 21:20:31,Delhi,mobile,dinner,False,Tuesday
S006901,U04571,R0258,2026-01-20 11:27:31,Chennai,mobile,lunch,False,Tuesday
S006902,U00875,R0208,2025-12-28 20:04:31,Kolkata,mobile,dinner,True,Sunday
S006903,U04664,R0789,2026-02-26 19:50:31,Chennai,tablet,dinner,False,Thursday
S006904,U00509,R0413,2026-02-21 15:12:31,Bangalore,mobile,snack,True,Saturday
S006905,U03484,R0415,2026-02-03 19:30:31,Pune,web,dinner,False,Tuesday
S006906,U00422,R0537,2026-01-07 10:55:31,Delhi,web,breakfast,False,Wednesday
S006907,U03917,R0159,2026-02-09 08:47:31,Hyderabad,mobile,breakfast,False,Monday
S006908,U00694,R0317,2026-01-30 13:20:31,Hyderabad,mobile,lunch,False,Friday
S006909,U00344,R0067,2025-12-01 15:58:31,Kolkata,mobile,snack,False,Monday
S006910,U00094,R0044,2026-01-10 20:25:31,Delhi,mobile,dinner,True,Saturday
S006911,U04311,R0494,2026-01-23 12:41:31,Delhi,web,lunch,False,Friday
S006912,U00102,R0770,2025-12-09 23:41:31,Pune,mobile,late_night,False,Tuesday
S006913,U00811,R0618,2026-02-14 12:59:31,Mumbai,mobile,lunch,True,Saturday
S006914,U01002,R0752,2026-02-06 08:23:31,Kolkata,mobile,breakfast,False,Friday
S006915,U04063,R0560,2025-12-04 13:06:31,Hyderabad,mobile,lunch,False,Thursday
S006916,U01450,R0672,2025-12-28 19:51:31,Delhi,mobile,dinner,True,Sunday
S006917,U02322,R0204,2026-02-20 11:56:31,Mumbai,web,lunch,False,Friday
S006918,U04546,R0257,2025-12-24 07:31:31,Kolkata,mobile,breakfast,False,Wednesday
S006919,U01803,R0139,2026-02-26 19:10:31,Delhi,mobile,dinner,False,Thursday
S006920,U04461,R0791,2026-01-29 18:37:31,Hyderabad,mobile,dinner,False,Thursday
S006921,U00071,R0435,2026-02-19 22:31:31,Chennai,mobile,late_night,False,Thursday
S006922,U00030,R0030,2026-01-09 14:17:31,Mumbai,mobile,lunch,False,Friday
S006923,U03876,R0489,2026-02-17 17:06:31,Bangalore,mobile,snack,False,Tuesday
S006924,U04876,R0518,2026-01-24 23:09:31,Hyderabad,mobile,late_night,True,Saturday
S006925,U01712,R0762,2026-01-14 21:36:31,Delhi,mobile,dinner,False,Wednesday
S006926,U01850,R0702,2025-11-28 21:31:31,Delhi,mobile,dinner,False,Friday
S006927,U00307,R0431,2025-12-30 10:35:31,Bangalore,mobile,breakfast,False,Tuesday
S006928,U02654,R0679,2026-01-27 12:27:31,Delhi,mobile,lunch,False,Tuesday
S006929,U03778,R0566,2026-02-26 11:19:31,Delhi,mobile,lunch,False,Thursday
S006930,U04943,R0250,2026-02-03 12:37:31,Hyderabad,mobile,lunch,False,Tuesday
S006931,U00614,R0195,2025-12-18 14:54:31,Hyderabad,mobile,lunch,False,Thursday
S006932,U03941,R0290,2025-12-19 20:46:31,Mumbai,mobile,dinner,False,Friday
S006933,U03510,R0171,2025-12-24 05:16:31,Kolkata,mobile,late_night,False,Wednesday
S006934,U00590,R0500,2026-02-02 15:27:31,Pune,mobile,snack,False,Monday
S006935,U02098,R0602,2026-02-05 20:02:31,Pune,mobile,dinner,False,Thursday
S006936,U01645,R0178,2025-12-18 12:31:31,Kolkata,mobile,lunch,False,Thursday
S006937,U03630,R0247,2025-12-16 12:04:31,Kolkata,mobile,lunch,False,Tuesday
S006938,U04697,R0040,2026-02-03 18:57:31,Bangalore,mobile,dinner,False,Tuesday
S006939,U03575,R0616,2026-02-08 15:39:31,Mumbai,mobile,snack,True,Sunday
S006940,U04803,R0550,2025-12-16 09:09:31,Chennai,web,breakfast,False,Tuesday
S006941,U02617,R0620,2025-12-28 11:46:31,Mumbai,mobile,lunch,True,Sunday
S006942,U02689,R0091,2026-02-02 20:30:31,Pune,mobile,dinner,False,Monday
S006943,U01178,R0443,2025-12-25 22:05:31,Kolkata,mobile,late_night,False,Thursday
S006944,U04177,R0071,2025-12-30 18:26:31,Delhi,mobile,dinner,False,Tuesday
S006945,U00195,R0431,2025-12-03 12:12:31,Bangalore,web,lunch,False,Wednesday
S006946,U00681,R0361,2026-01-29 19:58:31,Chennai,web,dinner,False,Thursday
S006947,U03256,R0465,2026-01-27 22:22:31,Kolkata,mobile,late_night,False,Tuesday
S006948,U04383,R0005,2026-01-29 18:21:31,Pune,mobile,dinner,False,Thursday
S006949,U00156,R0243,2026-01-30 16:51:31,Delhi,mobile,snack,False,Friday
S006950,U00141,R0553,2026-01-11 02:18:31,Bangalore,web,late_night,True,Sunday
S006951,U04826,R0234,2026-01-20 11:11:31,Mumbai,web,lunch,False,Tuesday
S006952,U03577,R0102,2026-01-26 23:42:31,Kolkata,mobile,late_night,False,Monday
S006953,U03644,R0126,2026-01-07 12:04:31,Chennai,tablet,lunch,False,Wednesday
S006954,U02144,R0253,2025-12-04 09:37:31,Chennai,mobile,breakfast,False,Thursday
S006955,U01619,R0757,2025-12-25 11:55:31,Bangalore,mobile,lunch,False,Thursday
S006956,U04224,R0293,2026-01-16 19:44:31,Delhi,mobile,dinner,False,Friday
S006957,U04370,R0102,2026-01-09 11:55:31,Kolkata,mobile,lunch,False,Friday
S006958,U00810,R0672,2025-12-15 12:42:31,Delhi,web,lunch,False,Monday
S006959,U02110,R0353,2025-12-11 08:06:31,Delhi,mobile,breakfast,False,Thursday
S006960,U02744,R0732,2026-02-18 13:06:31,Chennai,mobile,lunch,False,Wednesday
S006961,U04127,R0119,2026-02-09 08:04:31,Hyderabad,mobile,breakfast,False,Monday
S006962,U04496,R0523,2025-12-26 16:30:31,Delhi,mobile,snack,False,Friday
S006963,U03357,R0479,2026-01-11 12:48:31,Kolkata,web,lunch,True,Sunday
S006964,U04131,R0440,2026-01-18 09:44:31,Mumbai,web,breakfast,True,Sunday
S006965,U02773,R0347,2026-01-18 21:02:31,Kolkata,web,dinner,True,Sunday
S006966,U04545,R0663,2025-12-05 13:09:31,Hyderabad,mobile,lunch,False,Friday
S006967,U00109,R0736,2026-01-30 10:59:31,Delhi,mobile,breakfast,False,Friday
S006968,U01764,R0472,2026-01-21 13:11:31,Pune,mobile,lunch,False,Wednesday
S006969,U02483,R0413,2025-12-07 10:33:31,Bangalore,web,breakfast,True,Sunday
S006970,U04178,R0765,2026-01-22 01:17:31,Kolkata,mobile,late_night,False,Thursday
S006971,U01411,R0572,2026-01-14 19:47:31,Mumbai,mobile,dinner,False,Wednesday
S006972,U00192,R0345,2026-01-10 21:19:31,Pune,mobile,dinner,True,Saturday
S006973,U03761,R0715,2025-12-24 09:24:31,Delhi,mobile,breakfast,False,Wednesday
S006974,U00529,R0320,2025-12-20 18:58:31,Bangalore,mobile,dinner,True,Saturday
S006975,U03640,R0526,2026-01-30 16:05:31,Kolkata,mobile,snack,False,Friday
S006976,U03523,R0008,2026-02-01 11:06:31,Mumbai,mobile,lunch,True,Sunday
S006977,U02898,R0304,2026-01-05 18:47:31,Pune,mobile,dinner,False,Monday
S006978,U04388,R0571,2026-01-30 19:36:31,Pune,web,dinner,False,Friday
S006979,U02936,R0468,2025-12-29 02:16:31,Kolkata,mobile,late_night,False,Monday
S006980,U04360,R0719,2026-02-01 16:52:31,Chennai,mobile,snack,True,Sunday
S006981,U04222,R0614,2025-12-16 10:46:31,Hyderabad,mobile,breakfast,False,Tuesday
S006982,U01503,R0051,2025-12-23 17:40:31,Mumbai,mobile,snack,False,Tuesday
S006983,U00805,R0135,2025-12-01 22:41:31,Mumbai,mobile,late_night,False,Monday
S006984,U02735,R0543,2025-12-13 20:15:31,Hyderabad,tablet,dinner,True,Saturday
S006985,U01464,R0592,2026-02-07 11:33:31,Kolkata,mobile,lunch,True,Saturday
S006986,U00834,R0498,2026-01-28 22:36:31,Kolkata,mobile,late_night,False,Wednesday
S006987,U04213,R0621,2025-12-18 10:58:31,Mumbai,mobile,breakfast,False,Thursday
S006988,U02151,R0662,2026-02-14 18:16:31,Mumbai,mobile,dinner,True,Saturday
S006989,U01825,R0319,2026-01-14 08:57:31,Chennai,web,breakfast,False,Wednesday
S006990,U02095,R0518,2025-12-06 04:32:31,Hyderabad,web,late_night,True,Saturday
S006991,U02350,R0328,2026-02-14 18:18:31,Delhi,mobile,dinner,True,Saturday
S006992,U04883,R0073,2026-02-17 11:01:31,Hyderabad,mobile,lunch,False,Tuesday
S006993,U01417,R0547,2026-01-29 19:19:31,Bangalore,mobile,dinner,False,Thursday
S006994,U02483,R0331,2026-02-19 23:57:31,Bangalore,mobile,late_night,False,Thursday
S006995,U04779,R0359,2026-02-15 12:55:31,Mumbai,mobile,lunch,True,Sunday
S006996,U04471,R0558,2025-12-24 14:32:31,Pune,mobile,lunch,False,Wednesday
S006997,U00669,R0151,2026-02-12 07:40:31,Hyderabad,mobile,breakfast,False,Thursday
S006998,U04702,R0619,2025-12-16 19:50:31,Hyderabad,mobile,dinner,False,Tuesday
S006999,U04436,R0625,2026-01-30 12:27:31,Bangalore,mobile,lunch,False,Friday
S007000,U02584,R0324,2025-12-06 20:16:31,Delhi,mobile,dinner,True,Saturday
S007001,U00097,R0179,2026-02-24 12:17:31,Kolkata,web,lunch,False,Tuesday
S007002,U03067,R0609,2026-01-20 23:02:31,Bangalore,web,late_night,False,Tuesday
S007003,U04592,R0618,2025-11-28 06:44:31,Mumbai,mobile,breakfast,False,Friday
S007004,U04814,R0102,2026-02-04 10:13:31,Kolkata,mobile,breakfast,False,Wednesday
S007005,U04023,R0424,2025-12-17 15:56:31,Pune,mobile,snack,False,Wednesday
S007006,U02289,R0497,2026-01-11 11:51:31,Chennai,mobile,lunch,True,Sunday
S007007,U03399,R0218,2026-01-16 10:24:31,Bangalore,mobile,breakfast,False,Friday
S007008,U00062,R0089,2026-01-10 20:14:31,Mumbai,web,dinner,True,Saturday
S007009,U00618,R0149,2026-01-10 21:49:31,Chennai,mobile,dinner,True,Saturday
S007010,U02148,R0115,2025-12-06 13:59:31,Bangalore,mobile,lunch,True,Saturday
S007011,U00792,R0314,2025-12-30 21:49:31,Chennai,mobile,dinner,False,Tuesday
S007012,U01083,R0543,2026-02-14 21:54:31,Hyderabad,web,dinner,True,Saturday
S007013,U04570,R0651,2026-01-12 18:20:31,Mumbai,mobile,dinner,False,Monday
S007014,U00527,R0357,2026-02-16 19:05:31,Bangalore,mobile,dinner,False,Monday
S007015,U00659,R0065,2026-02-13 11:27:31,Mumbai,web,lunch,False,Friday
S007016,U00759,R0684,2026-01-19 10:03:31,Hyderabad,mobile,breakfast,False,Monday
S007017,U02398,R0620,2026-01-08 10:56:31,Mumbai,mobile,breakfast,False,Thursday
S007018,U02601,R0518,2026-01-10 15:27:31,Hyderabad,web,snack,True,Saturday
S007019,U01083,R0560,2026-01-15 20:01:31,Hyderabad,mobile,dinner,False,Thursday
S007020,U00679,R0125,2026-01-24 12:58:31,Bangalore,web,lunch,True,Saturday
S007021,U02090,R0565,2026-02-17 19:06:31,Kolkata,mobile,dinner,False,Tuesday
S007022,U02861,R0670,2026-02-06 11:12:31,Kolkata,tablet,lunch,False,Friday
S007023,U00089,R0273,2026-02-03 19:00:31,Mumbai,mobile,dinner,False,Tuesday
S007024,U01958,R0285,2026-02-03 01:56:31,Kolkata,web,late_night,False,Tuesday
S007025,U04863,R0585,2026-02-26 17:17:31,Kolkata,mobile,snack,False,Thursday
S007026,U00437,R0015,2025-12-13 20:44:31,Bangalore,mobile,dinner,True,Saturday
S007027,U04436,R0450,2025-12-18 16:27:31,Bangalore,mobile,snack,False,Thursday
S007028,U03370,R0289,2026-01-02 22:00:31,Pune,web,late_night,False,Friday
S007029,U03849,R0144,2026-02-09 20:00:31,Bangalore,web,dinner,False,Monday
S007030,U03726,R0504,2026-01-10 11:34:31,Mumbai,mobile,lunch,True,Saturday
S007031,U01563,R0001,2025-12-07 18:15:31,Chennai,mobile,dinner,True,Sunday
S007032,U03507,R0092,2026-01-12 10:26:31,Bangalore,mobile,breakfast,False,Monday
S007033,U04659,R0230,2026-02-08 10:11:31,Pune,web,breakfast,True,Sunday
S007034,U02127,R0549,2026-01-19 13:24:31,Chennai,mobile,lunch,False,Monday
S007035,U02273,R0031,2026-01-26 08:05:31,Chennai,mobile,breakfast,False,Monday
S007036,U01167,R0403,2025-12-01 18:55:31,Chennai,mobile,dinner,False,Monday
S007037,U00779,R0596,2025-12-05 15:54:31,Bangalore,mobile,snack,False,Friday
S007038,U00620,R0057,2026-02-24 03:56:31,Hyderabad,mobile,late_night,False,Tuesday
S007039,U01572,R0401,2026-01-31 08:17:31,Hyderabad,mobile,breakfast,True,Saturday
S007040,U03441,R0631,2025-12-21 15:30:31,Delhi,mobile,snack,True,Sunday
S007041,U02934,R0672,2026-01-28 18:49:31,Delhi,mobile,dinner,False,Wednesday
S007042,U03959,R0576,2026-01-11 13:10:31,Mumbai,mobile,lunch,True,Sunday
S007043,U03239,R0472,2026-01-19 23:48:31,Pune,mobile,late_night,False,Monday
S007044,U00272,R0444,2026-02-25 04:51:31,Bangalore,mobile,late_night,False,Wednesday
S007045,U03096,R0789,2025-12-04 22:34:31,Chennai,mobile,late_night,False,Thursday
S007046,U03126,R0507,2025-12-24 18:56:31,Pune,web,dinner,False,Wednesday
S007047,U02302,R0111,2025-12-03 20:36:31,Bangalore,mobile,dinner,False,Wednesday
S007048,U01248,R0543,2026-01-31 12:08:31,Hyderabad,mobile,lunch,True,Saturday
S007049,U00768,R0727,2026-01-21 18:10:31,Delhi,web,dinner,False,Wednesday
S007050,U04677,R0173,2026-01-08 18:35:31,Mumbai,mobile,dinner,False,Thursday
S007051,U02599,R0190,2025-12-13 20:36:31,Bangalore,mobile,dinner,True,Saturday
S007052,U02800,R0123,2025-12-25 08:33:31,Bangalore,mobile,breakfast,False,Thursday
S007053,U03056,R0730,2026-01-21 07:21:31,Pune,web,breakfast,False,Wednesday
S007054,U04553,R0566,2025-12-28 12:42:31,Delhi,web,lunch,True,Sunday
S007055,U01906,R0099,2025-12-26 22:37:31,Delhi,mobile,late_night,False,Friday
S007056,U04841,R0783,2025-12-29 22:29:31,Bangalore,mobile,late_night,False,Monday
S007057,U02655,R0503,2026-02-21 07:53:31,Pune,mobile,breakfast,True,Saturday
S007058,U03436,R0427,2026-01-10 18:17:31,Chennai,web,dinner,True,Saturday
S007059,U00020,R0776,2026-01-06 11:48:31,Pune,mobile,lunch,False,Tuesday
S007060,U04611,R0198,2026-02-08 21:11:31,Hyderabad,mobile,dinner,True,Sunday
S007061,U01421,R0055,2026-01-04 21:48:31,Bangalore,mobile,dinner,True,Sunday
S007062,U00678,R0083,2026-01-06 01:03:31,Delhi,mobile,late_night,False,Tuesday
S007063,U01238,R0227,2025-12-15 18:27:31,Kolkata,mobile,dinner,False,Monday
S007064,U04588,R0023,2025-12-18 06:26:31,Mumbai,mobile,breakfast,False,Thursday
S007065,U02150,R0133,2026-01-19 19:51:31,Hyderabad,mobile,dinner,False,Monday
S007066,U04783,R0782,2026-01-20 16:12:31,Bangalore,mobile,snack,False,Tuesday
S007067,U00059,R0524,2025-12-02 19:52:31,Pune,mobile,dinner,False,Tuesday
S007068,U02637,R0228,2026-01-03 11:21:31,Mumbai,mobile,lunch,True,Saturday
S007069,U00936,R0135,2026-02-19 19:04:31,Mumbai,mobile,dinner,False,Thursday
S007070,U04475,R0085,2026-01-13 06:33:31,Mumbai,mobile,breakfast,False,Tuesday
S007071,U02808,R0575,2025-11-29 20:58:31,Hyderabad,mobile,dinner,True,Saturday
S007072,U02791,R0618,2026-01-08 11:37:31,Mumbai,mobile,lunch,False,Thursday
S007073,U02226,R0249,2026-01-09 20:43:31,Hyderabad,mobile,dinner,False,Friday
S007074,U03021,R0738,2026-01-11 11:41:31,Pune,mobile,lunch,True,Sunday
S007075,U04136,R0765,2026-02-10 20:40:31,Kolkata,mobile,dinner,False,Tuesday
S007076,U02758,R0103,2026-02-17 15:21:31,Hyderabad,mobile,snack,False,Tuesday
S007077,U03032,R0743,2026-01-24 18:38:31,Pune,mobile,dinner,True,Saturday
S007078,U02032,R0309,2025-12-03 01:46:31,Kolkata,mobile,late_night,False,Wednesday
S007079,U00582,R0338,2026-01-06 09:02:31,Pune,web,breakfast,False,Tuesday
S007080,U03811,R0182,2026-02-05 21:22:31,Delhi,web,dinner,False,Thursday
S007081,U01683,R0301,2026-02-13 17:32:31,Chennai,tablet,snack,False,Friday
S007082,U01367,R0342,2025-11-30 11:31:31,Mumbai,web,lunch,True,Sunday
S007083,U00797,R0766,2026-02-05 22:31:31,Bangalore,mobile,late_night,False,Thursday
S007084,U01583,R0176,2025-12-06 01:40:31,Chennai,mobile,late_night,True,Saturday
S007085,U01501,R0048,2026-01-29 01:49:31,Bangalore,mobile,late_night,False,Thursday
S007086,U02518,R0426,2026-01-22 21:20:31,Hyderabad,mobile,dinner,False,Thursday
S007087,U03381,R0642,2025-12-08 18:19:31,Mumbai,web,dinner,False,Monday
S007088,U02115,R0438,2026-01-13 23:08:31,Mumbai,mobile,late_night,False,Tuesday
S007089,U00725,R0362,2025-12-26 21:22:31,Delhi,mobile,dinner,False,Friday
S007090,U01601,R0119,2025-12-11 14:43:31,Hyderabad,mobile,lunch,False,Thursday
S007091,U00172,R0603,2025-12-25 17:20:31,Bangalore,mobile,snack,False,Thursday
S007092,U03381,R0758,2026-01-03 01:37:31,Mumbai,mobile,late_night,True,Saturday
S007093,U00658,R0699,2026-02-08 08:01:31,Pune,mobile,breakfast,True,Sunday
S007094,U02211,R0791,2026-02-07 16:00:31,Hyderabad,mobile,snack,True,Saturday
S007095,U04203,R0046,2026-01-11 08:45:31,Kolkata,mobile,breakfast,True,Sunday
S007096,U03557,R0312,2026-01-06 11:46:31,Mumbai,mobile,lunch,False,Tuesday
S007097,U04601,R0678,2025-12-13 16:05:31,Pune,web,snack,True,Saturday
S007098,U04752,R0691,2025-12-18 17:13:31,Bangalore,mobile,snack,False,Thursday
S007099,U03659,R0341,2025-12-16 09:08:31,Bangalore,mobile,breakfast,False,Tuesday
S007100,U01518,R0355,2026-01-23 22:34:31,Hyderabad,mobile,late_night,False,Friday
S007101,U04828,R0107,2026-01-02 21:14:31,Bangalore,web,dinner,False,Friday
S007102,U01109,R0770,2026-02-02 21:11:31,Pune,mobile,dinner,False,Monday
S007103,U02473,R0046,2026-02-08 10:47:31,Kolkata,mobile,breakfast,True,Sunday
S007104,U03440,R0186,2026-02-02 12:21:31,Delhi,web,lunch,False,Monday
S007105,U00621,R0668,2026-02-18 21:39:31,Bangalore,mobile,dinner,False,Wednesday
S007106,U04951,R0758,2025-12-08 16:57:31,Mumbai,mobile,snack,False,Monday
S007107,U03387,R0241,2026-02-19 18:46:31,Kolkata,web,dinner,False,Thursday
S007108,U00660,R0320,2025-12-25 22:34:31,Bangalore,mobile,late_night,False,Thursday
S007109,U02460,R0686,2026-02-03 20:53:31,Mumbai,web,dinner,False,Tuesday
S007110,U00529,R0040,2026-02-05 12:29:31,Bangalore,mobile,lunch,False,Thursday
S007111,U02166,R0110,2025-12-05 07:47:31,Chennai,mobile,breakfast,False,Friday
S007112,U02352,R0293,2026-01-14 05:49:31,Delhi,mobile,late_night,False,Wednesday
S007113,U04080,R0276,2026-02-20 09:50:31,Bangalore,mobile,breakfast,False,Friday
S007114,U01104,R0191,2026-02-07 11:49:31,Mumbai,mobile,lunch,True,Saturday
S007115,U00663,R0612,2025-11-29 08:35:31,Mumbai,mobile,breakfast,True,Saturday
S007116,U02188,R0750,2026-01-01 10:40:31,Chennai,mobile,breakfast,False,Thursday
S007117,U00132,R0048,2026-02-21 21:04:31,Bangalore,mobile,dinner,True,Saturday
S007118,U04113,R0706,2026-02-15 15:01:31,Kolkata,mobile,snack,True,Sunday
S007119,U00635,R0755,2026-01-16 11:59:31,Chennai,mobile,lunch,False,Friday
S007120,U04639,R0502,2026-02-24 09:37:31,Delhi,mobile,breakfast,False,Tuesday
S007121,U04242,R0742,2025-12-27 22:12:31,Mumbai,mobile,late_night,True,Saturday
S007122,U03410,R0549,2026-01-15 16:58:31,Chennai,mobile,snack,False,Thursday
S007123,U04845,R0288,2025-12-01 14:54:31,Kolkata,mobile,lunch,False,Monday
S007124,U04946,R0568,2026-01-26 19:18:31,Hyderabad,tablet,dinner,False,Monday
S007125,U04102,R0490,2026-02-07 16:26:31,Mumbai,mobile,snack,True,Saturday
S007126,U02033,R0490,2026-01-14 08:23:31,Mumbai,mobile,breakfast,False,Wednesday
S007127,U01891,R0247,2026-02-16 10:02:31,Kolkata,web,breakfast,False,Monday
S007128,U02260,R0792,2026-02-05 20:09:31,Bangalore,mobile,dinner,False,Thursday
S007129,U02297,R0728,2026-01-18 14:07:31,Kolkata,mobile,lunch,True,Sunday
S007130,U00713,R0543,2025-12-18 20:04:31,Hyderabad,mobile,dinner,False,Thursday
S007131,U04627,R0371,2025-12-28 11:03:31,Kolkata,mobile,lunch,True,Sunday
S007132,U00408,R0325,2026-01-19 20:09:31,Kolkata,mobile,dinner,False,Monday
S007133,U04930,R0529,2026-02-20 15:34:31,Bangalore,mobile,snack,False,Friday
S007134,U01446,R0051,2026-02-16 07:22:31,Mumbai,mobile,breakfast,False,Monday
S007135,U04762,R0286,2026-01-18 06:03:31,Delhi,mobile,breakfast,True,Sunday
S007136,U03211,R0498,2026-02-22 14:58:31,Kolkata,mobile,lunch,True,Sunday
S007137,U03328,R0169,2026-02-12 12:26:31,Delhi,web,lunch,False,Thursday
S007138,U02992,R0257,2026-02-22 23:59:31,Kolkata,mobile,late_night,True,Sunday
S007139,U01695,R0047,2026-01-01 22:23:31,Pune,mobile,late_night,False,Thursday
S007140,U03103,R0004,2025-12-25 17:03:31,Hyderabad,mobile,snack,False,Thursday
S007141,U02534,R0673,2026-01-08 08:11:31,Pune,mobile,breakfast,False,Thursday
S007142,U01534,R0259,2026-02-24 20:08:31,Delhi,mobile,dinner,False,Tuesday
S007143,U02317,R0646,2026-02-04 09:04:31,Hyderabad,mobile,breakfast,False,Wednesday
S007144,U02908,R0414,2025-12-20 03:36:31,Mumbai,mobile,late_night,True,Saturday
S007145,U04125,R0786,2026-02-16 14:24:31,Delhi,mobile,lunch,False,Monday
S007146,U00010,R0497,2026-02-10 18:36:31,Chennai,mobile,dinner,False,Tuesday
S007147,U02609,R0651,2025-12-14 08:42:31,Mumbai,mobile,breakfast,True,Sunday
S007148,U00419,R0393,2026-02-17 10:25:31,Chennai,web,breakfast,False,Tuesday
S007149,U03859,R0730,2026-02-26 12:00:31,Pune,mobile,lunch,False,Thursday
S007150,U02511,R0400,2026-02-11 10:21:31,Hyderabad,mobile,breakfast,False,Wednesday
S007151,U00131,R0777,2026-01-07 13:51:31,Kolkata,mobile,lunch,False,Wednesday
S007152,U03479,R0627,2025-12-14 11:20:31,Kolkata,mobile,lunch,True,Sunday
S007153,U00962,R0307,2026-01-11 21:09:31,Kolkata,mobile,dinner,True,Sunday
S007154,U04444,R0023,2025-12-26 13:00:31,Mumbai,mobile,lunch,False,Friday
S007155,U02884,R0336,2026-02-09 08:03:31,Kolkata,web,breakfast,False,Monday
S007156,U04210,R0550,2026-01-31 10:51:31,Chennai,mobile,breakfast,True,Saturday
S007157,U01213,R0788,2026-01-13 07:02:31,Pune,mobile,breakfast,False,Tuesday
S007158,U01943,R0360,2026-02-04 19:09:31,Delhi,mobile,dinner,False,Wednesday
S007159,U03291,R0154,2026-01-18 14:20:31,Bangalore,mobile,lunch,True,Sunday
S007160,U04855,R0430,2025-12-21 08:33:31,Bangalore,mobile,breakfast,True,Sunday
S007161,U03152,R0673,2025-12-12 12:09:31,Pune,mobile,lunch,False,Friday
S007162,U03535,R0794,2026-02-11 10:45:31,Kolkata,mobile,breakfast,False,Wednesday
S007163,U04568,R0554,2026-01-22 23:38:31,Kolkata,mobile,late_night,False,Thursday
S007164,U04631,R0539,2026-01-31 16:24:31,Pune,mobile,snack,True,Saturday
S007165,U00673,R0335,2026-01-03 21:52:31,Bangalore,mobile,dinner,True,Saturday
S007166,U00292,R0204,2026-02-20 20:04:31,Mumbai,web,dinner,False,Friday
S007167,U01312,R0096,2026-02-26 20:58:31,Mumbai,mobile,dinner,False,Thursday
S007168,U03384,R0789,2026-01-18 13:22:31,Chennai,web,lunch,True,Sunday
S007169,U04930,R0782,2026-01-11 08:51:31,Bangalore,tablet,breakfast,True,Sunday
S007170,U03392,R0789,2025-12-06 06:00:31,Chennai,web,breakfast,True,Saturday
S007171,U04469,R0103,2025-12-16 22:25:31,Hyderabad,mobile,late_night,False,Tuesday
S007172,U00533,R0169,2025-12-16 11:27:31,Delhi,mobile,lunch,False,Tuesday
S007173,U02096,R0240,2026-01-16 12:31:31,Bangalore,mobile,lunch,False,Friday
S007174,U01162,R0039,2026-02-25 20:28:31,Delhi,mobile,dinner,False,Wednesday
S007175,U04646,R0127,2025-12-02 18:03:31,Hyderabad,web,dinner,False,Tuesday
S007176,U01353,R0368,2026-02-04 13:42:31,Mumbai,mobile,lunch,False,Wednesday
S007177,U03489,R0357,2025-12-09 17:25:31,Bangalore,mobile,snack,False,Tuesday
S007178,U01736,R0456,2025-12-31 23:41:31,Kolkata,web,late_night,False,Wednesday
S007179,U04213,R0616,2025-12-19 18:35:31,Mumbai,mobile,dinner,False,Friday
S007180,U02486,R0533,2026-01-12 14:24:31,Kolkata,mobile,lunch,False,Monday
S007181,U01026,R0117,2026-01-16 11:22:31,Delhi,mobile,lunch,False,Friday
S007182,U01133,R0382,2026-01-24 17:28:31,Hyderabad,mobile,snack,True,Saturday
S007183,U03691,R0391,2026-02-01 16:34:31,Chennai,mobile,snack,True,Sunday
S007184,U01502,R0607,2026-02-18 06:23:31,Chennai,mobile,breakfast,False,Wednesday
S007185,U00142,R0370,2025-12-04 22:18:31,Chennai,mobile,late_night,False,Thursday
S007186,U02172,R0668,2026-01-25 20:17:31,Bangalore,web,dinner,True,Sunday
S007187,U00421,R0328,2026-01-11 21:45:31,Delhi,mobile,dinner,True,Sunday
S007188,U01575,R0735,2026-02-04 09:03:31,Hyderabad,mobile,breakfast,False,Wednesday
S007189,U00301,R0748,2025-12-22 20:18:31,Hyderabad,mobile,dinner,False,Monday
S007190,U02716,R0308,2026-02-07 12:54:31,Bangalore,web,lunch,True,Saturday
S007191,U04628,R0144,2026-01-06 10:20:31,Bangalore,mobile,breakfast,False,Tuesday
S007192,U03751,R0582,2026-01-25 21:29:31,Mumbai,mobile,dinner,True,Sunday
S007193,U03556,R0086,2026-02-01 18:32:31,Kolkata,mobile,dinner,True,Sunday
S007194,U00129,R0656,2026-01-29 15:29:31,Kolkata,mobile,snack,False,Thursday
S007195,U03790,R0141,2026-01-16 01:45:31,Bangalore,tablet,late_night,False,Friday
S007196,U01257,R0477,2025-12-03 19:49:31,Mumbai,mobile,dinner,False,Wednesday
S007197,U01811,R0284,2026-01-02 07:59:31,Pune,mobile,breakfast,False,Friday
S007198,U02710,R0284,2025-11-30 07:40:31,Pune,mobile,breakfast,True,Sunday
S007199,U02841,R0544,2025-12-30 19:39:31,Kolkata,mobile,dinner,False,Tuesday
S007200,U03395,R0793,2026-02-08 17:38:31,Mumbai,mobile,snack,True,Sunday
S007201,U00413,R0294,2026-02-04 20:50:31,Pune,tablet,dinner,False,Wednesday
S007202,U01414,R0223,2026-02-10 10:38:31,Delhi,mobile,breakfast,False,Tuesday
S007203,U03399,R0783,2025-12-09 18:01:31,Bangalore,mobile,dinner,False,Tuesday
S007204,U04302,R0603,2026-01-04 19:10:31,Bangalore,mobile,dinner,True,Sunday
S007205,U04891,R0525,2026-01-31 22:08:31,Kolkata,web,late_night,True,Saturday
S007206,U02551,R0421,2026-02-18 19:07:31,Hyderabad,web,dinner,False,Wednesday
S007207,U03036,R0458,2025-12-15 22:31:31,Chennai,mobile,late_night,False,Monday
S007208,U04608,R0791,2026-02-18 21:54:31,Hyderabad,tablet,dinner,False,Wednesday
S007209,U02691,R0716,2026-01-18 10:33:31,Hyderabad,mobile,breakfast,True,Sunday
S007210,U03001,R0127,2026-01-06 07:11:31,Hyderabad,mobile,breakfast,False,Tuesday
S007211,U03680,R0072,2026-01-03 08:48:31,Chennai,mobile,breakfast,True,Saturday
S007212,U02460,R0269,2025-12-02 12:13:31,Mumbai,mobile,lunch,False,Tuesday
S007213,U04681,R0088,2025-12-12 06:21:31,Mumbai,mobile,breakfast,False,Friday
S007214,U01813,R0539,2026-01-23 15:05:31,Pune,mobile,snack,False,Friday
S007215,U04206,R0091,2026-01-08 20:09:31,Pune,web,dinner,False,Thursday
S007216,U00428,R0382,2025-12-05 14:58:31,Hyderabad,web,lunch,False,Friday
S007217,U04145,R0566,2025-12-28 11:07:31,Delhi,tablet,lunch,True,Sunday
S007218,U00976,R0484,2026-01-20 12:16:31,Pune,mobile,lunch,False,Tuesday
S007219,U01572,R0313,2026-02-26 22:15:31,Hyderabad,mobile,late_night,False,Thursday
S007220,U01193,R0260,2025-12-05 02:23:31,Pune,web,late_night,False,Friday
S007221,U04871,R0209,2026-02-19 07:11:31,Pune,mobile,breakfast,False,Thursday
S007222,U00233,R0259,2026-02-24 21:21:31,Delhi,web,dinner,False,Tuesday
S007223,U00135,R0763,2026-01-19 12:59:31,Pune,mobile,lunch,False,Monday
S007224,U01440,R0777,2025-12-31 14:51:31,Kolkata,mobile,lunch,False,Wednesday
S007225,U03628,R0347,2025-12-02 12:15:31,Kolkata,mobile,lunch,False,Tuesday
S007226,U03517,R0613,2026-02-11 10:16:31,Kolkata,mobile,breakfast,False,Wednesday
S007227,U01054,R0257,2025-12-08 08:34:31,Kolkata,mobile,breakfast,False,Monday
S007228,U02966,R0476,2026-02-09 20:39:31,Mumbai,mobile,dinner,False,Monday
S007229,U01800,R0243,2025-12-09 13:54:31,Delhi,mobile,lunch,False,Tuesday
S007230,U02973,R0163,2025-12-03 04:49:31,Hyderabad,mobile,late_night,False,Wednesday
S007231,U02255,R0556,2025-12-27 19:18:31,Kolkata,web,dinner,True,Saturday
S007232,U04955,R0583,2026-02-21 05:48:31,Delhi,web,late_night,True,Saturday
S007233,U03991,R0699,2026-02-11 12:19:31,Pune,mobile,lunch,False,Wednesday
S007234,U03697,R0410,2025-12-06 08:26:31,Delhi,web,breakfast,True,Saturday
S007235,U02290,R0761,2026-02-08 12:47:31,Hyderabad,web,lunch,True,Sunday
S007236,U03101,R0047,2026-01-27 10:03:31,Pune,web,breakfast,False,Tuesday
S007237,U03805,R0308,2025-12-10 03:07:31,Bangalore,mobile,late_night,False,Wednesday
S007238,U04337,R0588,2025-12-19 22:52:31,Bangalore,web,late_night,False,Friday
S007239,U01842,R0161,2026-02-11 19:41:31,Bangalore,web,dinner,False,Wednesday
S007240,U01693,R0127,2026-02-19 19:37:31,Hyderabad,mobile,dinner,False,Thursday
S007241,U00027,R0711,2025-12-11 17:38:31,Chennai,mobile,snack,False,Thursday
S007242,U01312,R0008,2025-12-07 08:10:31,Mumbai,web,breakfast,True,Sunday
S007243,U03480,R0007,2026-02-12 19:22:31,Bangalore,mobile,dinner,False,Thursday
S007244,U00196,R0710,2025-12-06 19:43:31,Delhi,web,dinner,True,Saturday
S007245,U02069,R0329,2025-12-28 06:55:31,Delhi,mobile,breakfast,True,Sunday
S007246,U01570,R0226,2026-01-23 17:23:31,Delhi,web,snack,False,Friday
S007247,U00669,R0748,2026-02-26 13:13:31,Hyderabad,mobile,lunch,False,Thursday
S007248,U03091,R0028,2026-01-26 07:05:31,Chennai,web,breakfast,False,Monday
S007249,U02563,R0009,2026-01-06 13:02:31,Hyderabad,web,lunch,False,Tuesday
S007250,U03657,R0721,2025-12-24 12:52:31,Hyderabad,mobile,lunch,False,Wednesday
S007251,U00187,R0340,2026-01-10 01:49:31,Delhi,mobile,late_night,True,Saturday
S007252,U04024,R0569,2026-02-20 19:58:31,Kolkata,mobile,dinner,False,Friday
S007253,U03944,R0615,2025-12-27 03:51:31,Bangalore,mobile,late_night,True,Saturday
S007254,U03982,R0260,2026-02-01 11:43:31,Pune,web,lunch,True,Sunday
S007255,U01508,R0098,2025-12-09 18:17:31,Delhi,mobile,dinner,False,Tuesday
S007256,U03740,R0058,2026-01-03 12:53:31,Delhi,mobile,lunch,True,Saturday
S007257,U01240,R0094,2026-01-12 09:52:31,Delhi,mobile,breakfast,False,Monday
S007258,U02162,R0639,2025-12-16 17:08:31,Bangalore,tablet,snack,False,Tuesday
S007259,U00285,R0756,2026-01-16 20:33:31,Chennai,mobile,dinner,False,Friday
S007260,U02345,R0375,2026-01-15 11:57:31,Kolkata,mobile,lunch,False,Thursday
S007261,U04154,R0745,2026-02-02 10:10:31,Delhi,tablet,breakfast,False,Monday
S007262,U03187,R0590,2026-01-07 16:59:31,Bangalore,mobile,snack,False,Wednesday
S007263,U01386,R0528,2026-02-22 14:36:31,Hyderabad,mobile,lunch,True,Sunday
S007264,U00171,R0203,2025-12-05 11:11:31,Chennai,mobile,lunch,False,Friday
S007265,U01119,R0255,2026-02-09 15:06:31,Pune,mobile,snack,False,Monday
S007266,U02653,R0412,2026-02-06 20:50:31,Pune,mobile,dinner,False,Friday
S007267,U01018,R0466,2026-02-01 10:32:31,Kolkata,mobile,breakfast,True,Sunday
S007268,U02149,R0434,2026-01-15 19:35:31,Mumbai,web,dinner,False,Thursday
S007269,U02496,R0474,2026-02-23 21:08:31,Mumbai,mobile,dinner,False,Monday
S007270,U00035,R0651,2025-12-23 13:36:31,Mumbai,mobile,lunch,False,Tuesday
S007271,U00569,R0405,2026-01-25 17:57:31,Pune,web,snack,True,Sunday
S007272,U00217,R0439,2025-12-16 21:33:31,Pune,web,dinner,False,Tuesday
S007273,U01754,R0575,2026-01-12 20:48:31,Hyderabad,mobile,dinner,False,Monday
S007274,U02975,R0499,2026-01-08 22:55:31,Hyderabad,mobile,late_night,False,Thursday
S007275,U02347,R0157,2025-12-13 19:31:31,Mumbai,mobile,dinner,True,Saturday
S007276,U00901,R0034,2026-01-09 01:52:31,Delhi,mobile,late_night,False,Friday
S007277,U01480,R0574,2025-12-21 20:08:31,Chennai,mobile,dinner,True,Sunday
S007278,U00973,R0386,2026-01-18 06:18:31,Kolkata,mobile,breakfast,True,Sunday
S007279,U04792,R0764,2026-01-09 12:57:31,Delhi,mobile,lunch,False,Friday
S007280,U04110,R0213,2026-02-19 12:04:31,Bangalore,mobile,lunch,False,Thursday
S007281,U01932,R0052,2026-01-14 15:01:31,Hyderabad,mobile,snack,False,Wednesday
S007282,U04788,R0771,2025-12-10 18:22:31,Bangalore,mobile,dinner,False,Wednesday
S007283,U04567,R0211,2025-11-29 07:48:31,Pune,mobile,breakfast,True,Saturday
S007284,U03020,R0012,2025-12-17 12:26:31,Hyderabad,tablet,lunch,False,Wednesday
S007285,U02461,R0416,2026-02-09 14:33:31,Mumbai,tablet,lunch,False,Monday
S007286,U00785,R0673,2026-02-24 20:57:31,Pune,mobile,dinner,False,Tuesday
S007287,U02422,R0690,2025-12-14 18:14:31,Delhi,mobile,dinner,True,Sunday
S007288,U01638,R0483,2026-01-18 20:56:31,Hyderabad,web,dinner,True,Sunday
S007289,U02352,R0013,2026-02-26 15:35:31,Delhi,mobile,snack,False,Thursday
S007290,U04892,R0551,2025-12-22 14:25:31,Pune,web,lunch,False,Monday
S007291,U02815,R0101,2025-12-16 22:35:31,Hyderabad,mobile,late_night,False,Tuesday
S007292,U02953,R0756,2026-01-20 21:41:31,Chennai,tablet,dinner,False,Tuesday
S007293,U00806,R0550,2026-01-13 05:32:31,Chennai,mobile,late_night,False,Tuesday
S007294,U02494,R0706,2025-12-14 19:48:31,Kolkata,mobile,dinner,True,Sunday
S007295,U01359,R0600,2025-12-30 10:23:31,Mumbai,web,breakfast,False,Tuesday
S007296,U03949,R0733,2025-12-13 21:06:31,Kolkata,mobile,dinner,True,Saturday
S007297,U04999,R0504,2026-01-24 21:42:31,Mumbai,mobile,dinner,True,Saturday
S007298,U03569,R0702,2025-12-10 12:05:31,Delhi,mobile,lunch,False,Wednesday
S007299,U03349,R0063,2025-12-13 07:19:31,Chennai,mobile,breakfast,True,Saturday
S007300,U04508,R0783,2025-12-30 12:02:31,Bangalore,mobile,lunch,False,Tuesday
S007301,U02046,R0622,2026-01-09 06:45:31,Hyderabad,web,breakfast,False,Friday
S007302,U03909,R0468,2025-12-22 02:14:31,Kolkata,web,late_night,False,Monday
S007303,U02764,R0644,2025-12-24 22:47:31,Chennai,web,late_night,False,Wednesday
S007304,U02875,R0219,2026-01-30 21:22:31,Delhi,mobile,dinner,False,Friday
S007305,U02381,R0346,2025-12-31 16:17:31,Delhi,mobile,snack,False,Wednesday
S007306,U01718,R0780,2025-12-02 09:38:31,Kolkata,web,breakfast,False,Tuesday
S007307,U03732,R0738,2025-12-30 19:18:31,Pune,mobile,dinner,False,Tuesday
S007308,U04103,R0149,2026-02-20 11:27:31,Chennai,mobile,lunch,False,Friday
S007309,U03794,R0600,2026-01-09 08:42:31,Mumbai,web,breakfast,False,Friday
S007310,U01892,R0550,2026-02-06 15:43:31,Chennai,mobile,snack,False,Friday
S007311,U01201,R0364,2026-01-20 19:47:31,Chennai,mobile,dinner,False,Tuesday
S007312,U01454,R0012,2025-12-03 17:00:31,Hyderabad,web,snack,False,Wednesday
S007313,U00872,R0455,2026-02-02 11:41:31,Pune,mobile,lunch,False,Monday
S007314,U02010,R0216,2026-01-11 05:45:31,Hyderabad,mobile,late_night,True,Sunday
S007315,U01000,R0041,2026-01-02 09:03:31,Delhi,mobile,breakfast,False,Friday
S007316,U02815,R0735,2026-01-22 19:25:31,Hyderabad,mobile,dinner,False,Thursday
S007317,U02856,R0063,2026-02-17 13:06:31,Chennai,mobile,lunch,False,Tuesday
S007318,U03612,R0616,2025-12-28 07:04:31,Mumbai,mobile,breakfast,True,Sunday
S007319,U04737,R0095,2026-01-14 07:12:31,Kolkata,mobile,breakfast,False,Wednesday
S007320,U03342,R0565,2026-01-23 19:09:31,Kolkata,web,dinner,False,Friday
S007321,U01692,R0715,2025-12-13 12:58:31,Delhi,mobile,lunch,True,Saturday
S007322,U03256,R0386,2026-02-09 12:23:31,Kolkata,mobile,lunch,False,Monday
S007323,U01800,R0764,2025-12-22 11:15:31,Delhi,mobile,lunch,False,Monday
S007324,U00196,R0537,2025-12-17 15:11:31,Delhi,mobile,snack,False,Wednesday
S007325,U03100,R0531,2026-01-10 18:05:31,Delhi,web,dinner,True,Saturday
S007326,U01339,R0800,2026-02-16 16:45:31,Bangalore,mobile,snack,False,Monday
S007327,U00923,R0759,2026-01-19 10:26:31,Hyderabad,mobile,breakfast,False,Monday
S007328,U00498,R0135,2025-12-02 15:24:31,Mumbai,mobile,snack,False,Tuesday
S007329,U04748,R0348,2025-11-29 15:54:31,Pune,mobile,snack,True,Saturday
S007330,U01109,R0289,2025-12-31 19:17:31,Pune,mobile,dinner,False,Wednesday
S007331,U04751,R0282,2026-02-24 12:56:31,Delhi,web,lunch,False,Tuesday
S007332,U00529,R0213,2026-02-03 20:28:31,Bangalore,mobile,dinner,False,Tuesday
S007333,U00603,R0556,2026-01-14 17:14:31,Kolkata,mobile,snack,False,Wednesday
S007334,U04445,R0610,2026-02-07 12:30:31,Chennai,mobile,lunch,True,Saturday
S007335,U00676,R0421,2026-02-25 20:53:31,Hyderabad,mobile,dinner,False,Wednesday
S007336,U02026,R0313,2025-12-15 08:29:31,Hyderabad,mobile,breakfast,False,Monday
S007337,U01692,R0094,2026-01-06 20:30:31,Delhi,mobile,dinner,False,Tuesday
S007338,U04065,R0643,2026-02-14 12:16:31,Hyderabad,mobile,lunch,True,Saturday
S007339,U04217,R0417,2025-12-24 08:54:31,Hyderabad,mobile,breakfast,False,Wednesday
S007340,U03424,R0310,2026-01-05 16:25:31,Hyderabad,mobile,snack,False,Monday
S007341,U04941,R0149,2026-01-29 11:42:31,Chennai,mobile,lunch,False,Thursday
S007342,U02155,R0262,2026-02-07 08:46:31,Mumbai,mobile,breakfast,True,Saturday
S007343,U04146,R0560,2025-12-30 06:11:31,Hyderabad,mobile,breakfast,False,Tuesday
S007344,U01211,R0448,2025-11-30 01:40:31,Pune,mobile,late_night,True,Sunday
S007345,U04792,R0146,2026-01-15 04:40:31,Delhi,mobile,late_night,False,Thursday
S007346,U00521,R0655,2025-12-25 18:38:31,Kolkata,mobile,dinner,False,Thursday
S007347,U02801,R0090,2026-02-26 20:42:31,Delhi,mobile,dinner,False,Thursday
S007348,U02747,R0690,2025-12-23 20:52:31,Delhi,mobile,dinner,False,Tuesday
S007349,U01838,R0579,2026-01-29 12:43:31,Pune,mobile,lunch,False,Thursday
S007350,U02345,R0252,2026-01-06 04:00:31,Kolkata,mobile,late_night,False,Tuesday
S007351,U02414,R0273,2026-01-22 21:07:31,Mumbai,mobile,dinner,False,Thursday
S007352,U03999,R0799,2026-01-08 12:20:31,Pune,web,lunch,False,Thursday
S007353,U04123,R0652,2026-02-09 18:05:31,Mumbai,mobile,dinner,False,Monday
S007354,U01695,R0446,2026-01-01 16:47:31,Pune,mobile,snack,False,Thursday
S007355,U03034,R0121,2026-02-08 20:36:31,Bangalore,mobile,dinner,True,Sunday
S007356,U04704,R0206,2026-02-04 20:11:31,Kolkata,mobile,dinner,False,Wednesday
S007357,U02493,R0192,2026-01-31 02:23:31,Pune,mobile,late_night,True,Saturday
S007358,U04205,R0027,2026-01-29 00:00:31,Bangalore,web,late_night,False,Thursday
S007359,U00283,R0553,2026-01-25 10:01:31,Bangalore,mobile,breakfast,True,Sunday
S007360,U04188,R0448,2025-12-24 18:11:31,Pune,mobile,dinner,False,Wednesday
S007361,U00838,R0667,2026-01-23 16:05:31,Pune,mobile,snack,False,Friday
S007362,U01400,R0682,2026-01-04 17:51:31,Delhi,mobile,snack,True,Sunday
S007363,U03643,R0435,2026-01-09 13:56:31,Chennai,mobile,lunch,False,Friday
S007364,U04948,R0510,2026-01-30 21:41:31,Chennai,mobile,dinner,False,Friday
S007365,U00863,R0440,2026-01-25 02:17:31,Mumbai,mobile,late_night,True,Sunday
S007366,U02703,R0132,2025-12-11 15:23:31,Bangalore,mobile,snack,False,Thursday
S007367,U03035,R0400,2025-12-29 10:07:31,Hyderabad,mobile,breakfast,False,Monday
S007368,U03647,R0509,2026-01-09 11:21:31,Bangalore,tablet,lunch,False,Friday
S007369,U01981,R0184,2025-12-09 16:40:31,Pune,web,snack,False,Tuesday
S007370,U03068,R0011,2026-02-23 20:03:31,Kolkata,mobile,dinner,False,Monday
S007371,U03482,R0254,2025-12-22 22:31:31,Hyderabad,mobile,late_night,False,Monday
S007372,U01648,R0201,2026-02-12 10:52:31,Delhi,mobile,breakfast,False,Thursday
S007373,U03963,R0175,2026-01-13 19:40:31,Delhi,tablet,dinner,False,Tuesday
S007374,U03451,R0139,2026-02-07 20:24:31,Delhi,mobile,dinner,True,Saturday
S007375,U01905,R0260,2025-12-27 00:15:31,Pune,mobile,late_night,True,Saturday
S007376,U02793,R0270,2026-02-23 14:12:31,Mumbai,mobile,lunch,False,Monday
S007377,U02953,R0688,2026-01-03 19:23:31,Chennai,web,dinner,True,Saturday
S007378,U02845,R0636,2026-01-15 12:43:31,Pune,mobile,lunch,False,Thursday
S007379,U04038,R0231,2026-01-21 09:31:31,Hyderabad,mobile,breakfast,False,Wednesday
S007380,U01260,R0246,2026-01-30 22:09:31,Hyderabad,mobile,late_night,False,Friday
S007381,U02550,R0394,2025-12-08 13:42:31,Hyderabad,mobile,lunch,False,Monday
S007382,U04805,R0580,2026-02-26 16:52:31,Delhi,mobile,snack,False,Thursday
S007383,U01293,R0296,2026-02-17 08:37:31,Hyderabad,mobile,breakfast,False,Tuesday
S007384,U04720,R0246,2026-01-01 20:23:31,Hyderabad,mobile,dinner,False,Thursday
S007385,U04061,R0018,2026-02-17 19:59:31,Chennai,mobile,dinner,False,Tuesday
S007386,U02440,R0611,2026-02-20 17:00:31,Chennai,mobile,snack,False,Friday
S007387,U02151,R0739,2026-02-02 21:31:31,Mumbai,mobile,dinner,False,Monday
S007388,U02738,R0376,2025-12-08 04:12:31,Kolkata,mobile,late_night,False,Monday
S007389,U01307,R0558,2026-02-11 17:47:31,Pune,mobile,snack,False,Wednesday
S007390,U00521,R0251,2025-12-21 20:32:31,Kolkata,mobile,dinner,True,Sunday
S007391,U03125,R0313,2025-12-03 21:55:31,Hyderabad,mobile,dinner,False,Wednesday
S007392,U02003,R0298,2026-02-10 10:02:31,Mumbai,mobile,breakfast,False,Tuesday
S007393,U01633,R0365,2026-02-15 15:14:31,Kolkata,mobile,snack,True,Sunday
S007394,U01395,R0234,2026-01-15 14:06:31,Mumbai,mobile,lunch,False,Thursday
S007395,U02100,R0003,2026-02-12 22:40:31,Bangalore,tablet,late_night,False,Thursday
S007396,U01096,R0646,2026-02-23 19:46:31,Hyderabad,mobile,dinner,False,Monday
S007397,U03888,R0229,2026-02-24 07:09:31,Mumbai,mobile,breakfast,False,Tuesday
S007398,U03043,R0541,2026-02-07 07:48:31,Hyderabad,mobile,breakfast,True,Saturday
S007399,U00239,R0070,2026-01-30 09:45:31,Pune,web,breakfast,False,Friday
S007400,U01465,R0087,2026-01-22 07:02:31,Hyderabad,web,breakfast,False,Thursday
S007401,U00995,R0399,2026-02-08 14:30:31,Bangalore,mobile,lunch,True,Sunday
S007402,U00179,R0273,2026-02-26 20:53:31,Mumbai,mobile,dinner,False,Thursday
S007403,U04537,R0065,2026-02-22 14:27:31,Mumbai,mobile,lunch,True,Sunday
S007404,U03066,R0712,2026-02-24 10:02:31,Delhi,web,breakfast,False,Tuesday
S007405,U04121,R0263,2025-12-07 03:39:31,Hyderabad,web,late_night,True,Sunday
S007406,U04520,R0626,2026-01-07 10:11:31,Kolkata,mobile,breakfast,False,Wednesday
S007407,U03851,R0563,2025-12-05 12:26:31,Mumbai,mobile,lunch,False,Friday
S007408,U00740,R0357,2026-02-04 20:15:31,Bangalore,mobile,dinner,False,Wednesday
S007409,U03280,R0458,2026-02-10 23:33:31,Chennai,mobile,late_night,False,Tuesday
S007410,U03951,R0598,2026-01-12 13:53:31,Pune,mobile,lunch,False,Monday
S007411,U02016,R0763,2026-01-12 08:05:31,Pune,web,breakfast,False,Monday
S007412,U00157,R0147,2025-12-20 08:51:31,Delhi,mobile,breakfast,True,Saturday
S007413,U03496,R0547,2025-12-13 22:30:31,Bangalore,web,late_night,True,Saturday
S007414,U00608,R0429,2026-01-30 13:04:31,Bangalore,mobile,lunch,False,Friday
S007415,U01498,R0076,2025-12-13 14:02:31,Chennai,mobile,lunch,True,Saturday
S007416,U01030,R0161,2025-12-22 06:35:31,Bangalore,mobile,breakfast,False,Monday
S007417,U04305,R0265,2026-02-15 15:22:31,Pune,tablet,snack,True,Sunday
S007418,U02395,R0552,2026-01-10 12:38:31,Pune,web,lunch,True,Saturday
S007419,U03002,R0784,2025-12-05 23:48:31,Hyderabad,web,late_night,False,Friday
S007420,U00673,R0596,2026-01-14 20:28:31,Bangalore,web,dinner,False,Wednesday
S007421,U01049,R0025,2025-12-25 09:01:31,Chennai,mobile,breakfast,False,Thursday
S007422,U03432,R0123,2025-12-02 16:10:31,Bangalore,web,snack,False,Tuesday
S007423,U02061,R0506,2026-01-17 20:48:31,Kolkata,mobile,dinner,True,Saturday
S007424,U04949,R0642,2025-11-30 15:52:31,Mumbai,mobile,snack,True,Sunday
S007425,U00070,R0770,2026-01-08 11:56:31,Pune,mobile,lunch,False,Thursday
S007426,U03780,R0661,2025-12-02 08:25:31,Mumbai,mobile,breakfast,False,Tuesday
S007427,U01113,R0158,2026-01-10 19:18:31,Mumbai,mobile,dinner,True,Saturday
S007428,U04172,R0525,2026-01-28 11:06:31,Kolkata,web,lunch,False,Wednesday
S007429,U01653,R0206,2026-01-31 12:38:31,Kolkata,tablet,lunch,True,Saturday
S007430,U04344,R0632,2026-01-02 19:52:31,Pune,tablet,dinner,False,Friday
S007431,U03880,R0447,2025-12-20 01:16:31,Delhi,mobile,late_night,True,Saturday
S007432,U02240,R0173,2026-02-10 07:16:31,Mumbai,mobile,breakfast,False,Tuesday
S007433,U03959,R0652,2025-12-12 19:20:31,Mumbai,mobile,dinner,False,Friday
S007434,U00983,R0618,2025-12-06 09:05:31,Mumbai,web,breakfast,True,Saturday
S007435,U02286,R0374,2026-01-29 20:48:31,Pune,mobile,dinner,False,Thursday
S007436,U04483,R0189,2025-11-29 15:11:31,Chennai,mobile,snack,True,Saturday
S007437,U04302,R0161,2026-02-13 20:54:31,Bangalore,mobile,dinner,False,Friday
S007438,U04588,R0264,2026-02-19 02:11:31,Mumbai,mobile,late_night,False,Thursday
S007439,U00230,R0374,2026-01-31 21:35:31,Pune,web,dinner,True,Saturday
S007440,U04848,R0621,2026-01-22 09:22:31,Mumbai,mobile,breakfast,False,Thursday
S007441,U03290,R0577,2025-12-10 16:44:31,Mumbai,mobile,snack,False,Wednesday
S007442,U03295,R0381,2026-02-04 19:57:31,Bangalore,mobile,dinner,False,Wednesday
S007443,U01428,R0397,2025-12-27 08:21:31,Mumbai,mobile,breakfast,True,Saturday
S007444,U01786,R0570,2025-12-15 14:06:31,Kolkata,mobile,lunch,False,Monday
S007445,U01125,R0186,2026-02-26 10:57:31,Delhi,mobile,breakfast,False,Thursday
S007446,U02611,R0186,2026-01-26 21:35:31,Delhi,web,dinner,False,Monday
S007447,U00560,R0599,2025-12-01 06:24:31,Pune,mobile,breakfast,False,Monday
S007448,U00136,R0434,2025-12-24 15:24:31,Mumbai,mobile,snack,False,Wednesday
S007449,U00400,R0362,2026-02-13 20:50:31,Delhi,mobile,dinner,False,Friday
S007450,U04957,R0267,2025-12-21 07:35:31,Chennai,mobile,breakfast,True,Sunday
S007451,U00113,R0662,2025-12-03 20:22:31,Mumbai,mobile,dinner,False,Wednesday
S007452,U04334,R0778,2026-02-09 12:48:31,Chennai,mobile,lunch,False,Monday
S007453,U01527,R0571,2026-01-10 12:00:31,Pune,web,lunch,True,Saturday
S007454,U02226,R0066,2025-12-10 21:59:31,Hyderabad,web,dinner,False,Wednesday
S007455,U04797,R0561,2025-12-02 22:22:31,Bangalore,web,late_night,False,Tuesday
S007456,U04554,R0701,2025-12-31 08:18:31,Chennai,web,breakfast,False,Wednesday
S007457,U00898,R0617,2026-01-11 19:51:31,Chennai,mobile,dinner,True,Sunday
S007458,U02522,R0588,2025-11-28 11:46:31,Bangalore,mobile,lunch,False,Friday
S007459,U03657,R0683,2026-02-15 18:52:31,Hyderabad,web,dinner,True,Sunday
S007460,U00673,R0125,2026-02-18 07:30:31,Bangalore,mobile,breakfast,False,Wednesday
S007461,U02753,R0408,2025-12-21 16:33:31,Mumbai,mobile,snack,True,Sunday
S007462,U02637,R0758,2026-01-07 21:51:31,Mumbai,mobile,dinner,False,Wednesday
S007463,U03615,R0527,2026-01-31 07:05:31,Kolkata,mobile,breakfast,True,Saturday
S007464,U01828,R0137,2025-12-10 17:10:31,Hyderabad,tablet,snack,False,Wednesday
S007465,U00314,R0431,2025-12-03 17:54:31,Bangalore,mobile,snack,False,Wednesday
S007466,U00841,R0741,2026-02-12 13:01:31,Hyderabad,mobile,lunch,False,Thursday
S007467,U03288,R0109,2025-12-12 10:32:31,Delhi,mobile,breakfast,False,Friday
S007468,U01156,R0272,2025-12-02 23:02:31,Delhi,web,late_night,False,Tuesday
S007469,U01655,R0483,2026-02-16 14:25:31,Hyderabad,web,lunch,False,Monday
S007470,U03891,R0013,2026-01-19 07:18:31,Delhi,mobile,breakfast,False,Monday
S007471,U01166,R0325,2025-12-02 22:40:31,Kolkata,mobile,late_night,False,Tuesday
S007472,U03714,R0774,2025-12-21 13:31:31,Hyderabad,mobile,lunch,True,Sunday
S007473,U03396,R0727,2026-02-11 16:38:31,Delhi,mobile,snack,False,Wednesday
S007474,U03074,R0514,2026-01-18 11:36:31,Kolkata,mobile,lunch,True,Sunday
S007475,U00440,R0202,2026-02-15 17:46:31,Kolkata,web,snack,True,Sunday
S007476,U00443,R0797,2026-02-02 21:02:31,Bangalore,mobile,dinner,False,Monday
S007477,U02655,R0333,2025-12-27 11:52:31,Pune,mobile,lunch,True,Saturday
S007478,U04425,R0199,2026-01-28 06:17:31,Mumbai,web,breakfast,False,Wednesday
S007479,U02671,R0232,2025-12-31 13:11:31,Bangalore,mobile,lunch,False,Wednesday
S007480,U01452,R0555,2026-01-14 21:58:31,Bangalore,web,dinner,False,Wednesday
S007481,U00151,R0645,2026-02-11 06:08:31,Pune,web,breakfast,False,Wednesday
S007482,U03356,R0657,2026-01-10 19:36:31,Delhi,web,dinner,True,Saturday
S007483,U00430,R0650,2026-01-07 08:09:31,Hyderabad,mobile,breakfast,False,Wednesday
S007484,U03777,R0597,2025-12-09 23:35:31,Hyderabad,mobile,late_night,False,Tuesday
S007485,U00126,R0265,2026-02-24 20:32:31,Pune,mobile,dinner,False,Tuesday
S007486,U03398,R0514,2025-12-19 18:11:31,Kolkata,mobile,dinner,False,Friday
S007487,U01747,R0435,2026-02-06 11:57:31,Chennai,web,lunch,False,Friday
S007488,U00841,R0735,2026-02-26 18:21:31,Hyderabad,mobile,dinner,False,Thursday
S007489,U00530,R0135,2026-02-06 20:31:31,Mumbai,mobile,dinner,False,Friday
S007490,U04004,R0508,2026-02-16 13:46:31,Chennai,mobile,lunch,False,Monday
S007491,U01264,R0163,2026-01-21 13:35:31,Hyderabad,web,lunch,False,Wednesday
S007492,U01488,R0241,2025-12-30 02:11:31,Kolkata,mobile,late_night,False,Tuesday
S007493,U01515,R0578,2026-01-04 08:01:31,Hyderabad,web,breakfast,True,Sunday
S007494,U00878,R0544,2026-01-23 20:30:31,Kolkata,mobile,dinner,False,Friday
S007495,U04097,R0725,2026-02-11 18:40:31,Hyderabad,mobile,dinner,False,Wednesday
S007496,U03014,R0385,2026-02-07 10:31:31,Bangalore,mobile,breakfast,True,Saturday
S007497,U04866,R0773,2026-01-14 12:09:31,Mumbai,mobile,lunch,False,Wednesday
S007498,U03285,R0088,2025-12-29 18:19:31,Mumbai,mobile,dinner,False,Monday
S007499,U00864,R0521,2026-02-10 15:48:31,Mumbai,mobile,snack,False,Tuesday
S007500,U00850,R0734,2026-01-24 20:01:31,Kolkata,mobile,dinner,True,Saturday
S007501,U03063,R0399,2026-01-02 11:35:31,Bangalore,web,lunch,False,Friday
S007502,U04883,R0231,2025-12-17 10:42:31,Hyderabad,web,breakfast,False,Wednesday
S007503,U03902,R0444,2026-02-10 14:20:31,Bangalore,mobile,lunch,False,Tuesday
S007504,U02655,R0635,2026-01-04 15:09:31,Pune,mobile,snack,True,Sunday
S007505,U01512,R0239,2025-12-31 20:09:31,Chennai,mobile,dinner,False,Wednesday
S007506,U03063,R0509,2026-02-22 06:42:31,Bangalore,web,breakfast,True,Sunday
S007507,U01653,R0315,2026-01-31 21:21:31,Kolkata,mobile,dinner,True,Saturday
S007508,U01821,R0558,2026-01-24 09:47:31,Pune,mobile,breakfast,True,Saturday
S007509,U01627,R0742,2026-01-19 11:36:31,Mumbai,web,lunch,False,Monday
S007510,U02479,R0513,2025-12-01 12:32:31,Kolkata,tablet,lunch,False,Monday
S007511,U00101,R0554,2026-01-30 14:45:31,Kolkata,mobile,lunch,False,Friday
S007512,U03731,R0561,2026-01-01 19:18:31,Bangalore,mobile,dinner,False,Thursday
S007513,U04586,R0246,2026-01-20 21:13:31,Hyderabad,mobile,dinner,False,Tuesday
S007514,U02061,R0533,2026-02-24 13:07:31,Kolkata,web,lunch,False,Tuesday
S007515,U02993,R0244,2025-12-11 20:08:31,Delhi,mobile,dinner,False,Thursday
S007516,U03754,R0257,2025-12-14 01:44:31,Kolkata,mobile,late_night,True,Sunday
S007517,U04170,R0205,2026-01-02 01:44:31,Pune,mobile,late_night,False,Friday
S007518,U01151,R0331,2026-01-03 09:51:31,Bangalore,mobile,breakfast,True,Saturday
S007519,U01470,R0069,2026-01-25 19:49:31,Hyderabad,mobile,dinner,True,Sunday
S007520,U04692,R0625,2025-12-28 21:45:31,Bangalore,web,dinner,True,Sunday
S007521,U01167,R0225,2025-12-06 17:37:31,Chennai,mobile,snack,True,Saturday
S007522,U01043,R0483,2025-12-05 04:48:31,Hyderabad,mobile,late_night,False,Friday
S007523,U01211,R0629,2025-12-28 08:07:31,Pune,mobile,breakfast,True,Sunday
S007524,U02707,R0529,2026-01-27 17:16:31,Bangalore,mobile,snack,False,Tuesday
S007525,U00752,R0413,2026-02-16 18:14:31,Bangalore,tablet,dinner,False,Monday
S007526,U04475,R0516,2026-01-08 19:54:31,Mumbai,mobile,dinner,False,Thursday
S007527,U03021,R0507,2026-01-02 21:39:31,Pune,mobile,dinner,False,Friday
S007528,U00094,R0272,2025-12-16 05:18:31,Delhi,mobile,late_night,False,Tuesday
S007529,U04713,R0431,2026-02-04 12:34:31,Bangalore,tablet,lunch,False,Wednesday
S007530,U04070,R0715,2026-02-18 12:32:31,Delhi,mobile,lunch,False,Wednesday
S007531,U01167,R0594,2025-11-28 09:40:31,Chennai,mobile,breakfast,False,Friday
S007532,U02514,R0271,2026-01-14 14:09:31,Chennai,web,lunch,False,Wednesday
S007533,U00451,R0343,2025-12-22 19:29:31,Pune,mobile,dinner,False,Monday
S007534,U03876,R0771,2026-01-03 07:15:31,Bangalore,web,breakfast,True,Saturday
S007535,U04859,R0508,2026-02-07 06:26:31,Chennai,mobile,breakfast,True,Saturday
S007536,U02655,R0224,2026-01-06 22:30:31,Pune,mobile,late_night,False,Tuesday
S007537,U04692,R0010,2026-02-14 13:51:31,Bangalore,mobile,lunch,True,Saturday
S007538,U00259,R0003,2025-12-25 03:40:31,Bangalore,web,late_night,False,Thursday
S007539,U04690,R0728,2026-02-16 14:50:31,Kolkata,mobile,lunch,False,Monday
S007540,U02068,R0111,2026-02-06 04:32:31,Bangalore,mobile,late_night,False,Friday
S007541,U01230,R0398,2025-12-19 11:37:31,Bangalore,mobile,lunch,False,Friday
S007542,U02452,R0771,2026-02-16 22:17:31,Bangalore,mobile,late_night,False,Monday
S007543,U00118,R0013,2026-02-05 11:00:31,Delhi,mobile,lunch,False,Thursday
S007544,U02877,R0762,2026-01-28 13:09:31,Delhi,mobile,lunch,False,Wednesday
S007545,U03645,R0014,2026-02-01 14:50:31,Chennai,web,lunch,True,Sunday
S007546,U00956,R0668,2026-01-07 14:59:31,Bangalore,mobile,lunch,False,Wednesday
S007547,U01755,R0797,2026-02-09 14:45:31,Bangalore,mobile,lunch,False,Monday
S007548,U03505,R0094,2026-01-08 19:06:31,Delhi,mobile,dinner,False,Thursday
S007549,U00582,R0350,2026-01-15 23:20:31,Pune,web,late_night,False,Thursday
S007550,U04619,R0111,2026-02-12 20:31:31,Bangalore,mobile,dinner,False,Thursday
S007551,U01592,R0756,2025-11-30 11:15:31,Chennai,mobile,lunch,True,Sunday
S007552,U01152,R0780,2025-12-31 10:57:31,Kolkata,mobile,breakfast,False,Wednesday
S007553,U01436,R0009,2025-12-29 04:17:31,Hyderabad,mobile,late_night,False,Monday
S007554,U02539,R0380,2025-12-02 07:20:31,Kolkata,mobile,breakfast,False,Tuesday
S007555,U00759,R0163,2025-12-19 06:45:31,Hyderabad,mobile,breakfast,False,Friday
S007556,U01309,R0698,2025-12-28 19:00:31,Kolkata,web,dinner,True,Sunday
S007557,U04457,R0406,2026-01-07 13:01:31,Chennai,mobile,lunch,False,Wednesday
S007558,U01769,R0631,2026-01-19 02:31:31,Delhi,mobile,late_night,False,Monday
S007559,U01138,R0258,2025-12-03 15:45:31,Chennai,mobile,snack,False,Wednesday
S007560,U03787,R0118,2025-12-16 13:15:31,Hyderabad,mobile,lunch,False,Tuesday
S007561,U04625,R0468,2025-12-22 21:34:31,Kolkata,mobile,dinner,False,Monday
S007562,U00932,R0664,2025-12-21 21:36:31,Delhi,web,dinner,True,Sunday
S007563,U00155,R0078,2026-02-04 21:10:31,Mumbai,mobile,dinner,False,Wednesday
S007564,U03451,R0447,2026-02-18 15:53:31,Delhi,mobile,snack,False,Wednesday
S007565,U00181,R0242,2025-12-30 22:51:31,Hyderabad,web,late_night,False,Tuesday
S007566,U03695,R0044,2026-02-23 21:36:31,Delhi,web,dinner,False,Monday
S007567,U04018,R0348,2026-01-23 12:26:31,Pune,web,lunch,False,Friday
S007568,U00812,R0316,2026-02-18 08:35:31,Chennai,web,breakfast,False,Wednesday
S007569,U02935,R0742,2026-02-04 06:07:31,Mumbai,mobile,breakfast,False,Wednesday
S007570,U00220,R0534,2026-02-01 21:30:31,Chennai,mobile,dinner,True,Sunday
S007571,U00994,R0148,2025-12-25 21:20:31,Delhi,mobile,dinner,False,Thursday
S007572,U03624,R0632,2026-02-14 19:55:31,Pune,mobile,dinner,True,Saturday
S007573,U03133,R0440,2025-12-22 06:22:31,Mumbai,mobile,breakfast,False,Monday
S007574,U03653,R0511,2025-12-24 11:44:31,Delhi,web,lunch,False,Wednesday
S007575,U04817,R0733,2026-01-05 16:00:31,Kolkata,web,snack,False,Monday
S007576,U04057,R0395,2025-11-29 14:09:31,Pune,web,lunch,True,Saturday
S007577,U03458,R0700,2026-01-20 12:39:31,Pune,mobile,lunch,False,Tuesday
S007578,U04905,R0687,2026-02-21 10:58:31,Hyderabad,mobile,breakfast,True,Saturday
S007579,U01682,R0705,2025-12-21 06:17:31,Bangalore,mobile,breakfast,True,Sunday
S007580,U01150,R0160,2025-11-29 05:29:31,Pune,mobile,late_night,True,Saturday
S007581,U00791,R0364,2026-01-29 09:42:31,Chennai,web,breakfast,False,Thursday
S007582,U02513,R0481,2026-01-17 11:30:31,Mumbai,mobile,lunch,True,Saturday
S007583,U01154,R0148,2025-12-16 01:42:31,Delhi,mobile,late_night,False,Tuesday
S007584,U00037,R0239,2026-01-13 02:17:31,Chennai,web,late_night,False,Tuesday
S007585,U04611,R0045,2026-02-22 10:06:31,Hyderabad,mobile,breakfast,True,Sunday
S007586,U02239,R0283,2026-01-14 18:30:31,Delhi,tablet,dinner,False,Wednesday
S007587,U00528,R0446,2026-02-07 07:42:31,Pune,mobile,breakfast,True,Saturday
S007588,U00537,R0547,2025-12-10 19:05:31,Bangalore,web,dinner,False,Wednesday
S007589,U00068,R0717,2025-12-08 14:31:31,Kolkata,mobile,lunch,False,Monday
S007590,U04746,R0745,2026-01-12 12:44:31,Delhi,mobile,lunch,False,Monday
S007591,U00422,R0531,2025-12-23 15:41:31,Delhi,mobile,snack,False,Tuesday
S007592,U00481,R0002,2025-12-12 10:59:31,Pune,mobile,breakfast,False,Friday
S007593,U00238,R0491,2026-02-09 20:54:31,Mumbai,web,dinner,False,Monday
S007594,U04418,R0722,2026-02-12 22:14:31,Delhi,tablet,late_night,False,Thursday
S007595,U04242,R0796,2026-01-13 15:44:31,Mumbai,mobile,snack,False,Tuesday
S007596,U02883,R0396,2026-01-12 19:41:31,Chennai,web,dinner,False,Monday
S007597,U03968,R0778,2026-02-01 10:59:31,Chennai,mobile,breakfast,True,Sunday
S007598,U04702,R0767,2026-01-11 11:11:31,Hyderabad,mobile,lunch,True,Sunday
S007599,U02932,R0158,2025-12-28 08:37:31,Mumbai,mobile,breakfast,True,Sunday
S007600,U00287,R0504,2025-12-05 15:19:31,Mumbai,tablet,snack,False,Friday
S007601,U04523,R0419,2025-12-18 09:34:31,Hyderabad,tablet,breakfast,False,Thursday
S007602,U02227,R0433,2026-02-14 12:04:31,Mumbai,mobile,lunch,True,Saturday
S007603,U01913,R0143,2026-01-13 19:33:31,Chennai,mobile,dinner,False,Tuesday
S007604,U01153,R0552,2026-01-27 19:59:31,Pune,mobile,dinner,False,Tuesday
S007605,U00726,R0182,2026-01-01 15:14:31,Delhi,mobile,snack,False,Thursday
S007606,U04152,R0442,2025-12-07 20:26:31,Bangalore,mobile,dinner,True,Sunday
S007607,U00114,R0535,2025-12-23 17:03:31,Mumbai,mobile,snack,False,Tuesday
S007608,U02206,R0349,2026-02-21 19:18:31,Bangalore,web,dinner,True,Saturday
S007609,U04583,R0139,2026-02-23 19:00:31,Delhi,mobile,dinner,False,Monday
S007610,U00447,R0459,2026-01-22 08:29:31,Chennai,mobile,breakfast,False,Thursday
S007611,U02658,R0549,2025-12-18 17:46:31,Chennai,web,snack,False,Thursday
S007612,U01392,R0669,2026-01-07 15:30:31,Chennai,mobile,snack,False,Wednesday
S007613,U01739,R0567,2025-12-06 03:49:31,Pune,mobile,late_night,True,Saturday
S007614,U02669,R0500,2026-01-27 14:09:31,Pune,mobile,lunch,False,Tuesday
S007615,U01350,R0366,2025-12-12 22:13:31,Kolkata,mobile,late_night,False,Friday
S007616,U01259,R0771,2025-12-11 11:31:31,Bangalore,mobile,lunch,False,Thursday
S007617,U00173,R0652,2026-02-10 20:37:31,Mumbai,web,dinner,False,Tuesday
S007618,U02143,R0291,2026-01-14 22:30:31,Hyderabad,web,late_night,False,Wednesday
S007619,U04299,R0547,2026-01-08 07:03:31,Bangalore,mobile,breakfast,False,Thursday
S007620,U00327,R0339,2025-12-28 21:01:31,Mumbai,mobile,dinner,True,Sunday
S007621,U04851,R0445,2026-02-01 19:14:31,Pune,mobile,dinner,True,Sunday
S007622,U03197,R0460,2025-12-07 21:29:31,Delhi,mobile,dinner,True,Sunday
S007623,U02635,R0358,2025-11-28 11:21:31,Pune,web,lunch,False,Friday
S007624,U04594,R0784,2025-12-28 20:05:31,Hyderabad,web,dinner,True,Sunday
S007625,U02022,R0727,2026-02-21 22:44:31,Delhi,tablet,late_night,True,Saturday
S007626,U03237,R0795,2026-02-21 09:01:31,Mumbai,mobile,breakfast,True,Saturday
S007627,U04229,R0667,2025-12-10 11:51:31,Pune,mobile,lunch,False,Wednesday
S007628,U04708,R0007,2025-12-19 13:10:31,Bangalore,mobile,lunch,False,Friday
S007629,U04265,R0058,2026-02-21 09:08:31,Delhi,mobile,breakfast,True,Saturday
S007630,U04998,R0026,2025-12-09 20:10:31,Bangalore,mobile,dinner,False,Tuesday
S007631,U03750,R0736,2026-01-16 17:11:31,Delhi,web,snack,False,Friday
S007632,U02688,R0756,2026-01-24 19:44:31,Chennai,web,dinner,True,Saturday
S007633,U01141,R0402,2025-12-24 10:02:31,Delhi,mobile,breakfast,False,Wednesday
S007634,U01285,R0339,2026-02-02 03:37:31,Mumbai,web,late_night,False,Monday
S007635,U02769,R0441,2026-02-14 07:11:31,Chennai,web,breakfast,True,Saturday
S007636,U01227,R0158,2025-12-19 20:15:31,Mumbai,mobile,dinner,False,Friday
S007637,U04848,R0438,2026-02-24 15:25:31,Mumbai,mobile,snack,False,Tuesday
S007638,U01184,R0473,2026-01-14 15:35:31,Kolkata,tablet,snack,False,Wednesday
S007639,U01454,R0317,2026-01-30 11:54:31,Hyderabad,mobile,lunch,False,Friday
S007640,U03027,R0310,2026-01-27 17:30:31,Hyderabad,mobile,snack,False,Tuesday
S007641,U03134,R0081,2026-01-22 06:21:31,Hyderabad,web,breakfast,False,Thursday
S007642,U04340,R0443,2026-01-05 04:03:31,Kolkata,mobile,late_night,False,Monday
S007643,U00823,R0066,2026-01-06 15:05:31,Hyderabad,web,snack,False,Tuesday
S007644,U01130,R0114,2026-01-22 19:20:31,Bangalore,web,dinner,False,Thursday
S007645,U03601,R0649,2025-12-09 21:10:31,Bangalore,mobile,dinner,False,Tuesday
S007646,U04113,R0309,2025-12-25 06:45:31,Kolkata,mobile,breakfast,False,Thursday
S007647,U02948,R0573,2026-02-09 10:25:31,Bangalore,mobile,breakfast,False,Monday
S007648,U02285,R0332,2025-12-21 09:54:31,Hyderabad,mobile,breakfast,True,Sunday
S007649,U02999,R0540,2025-12-10 21:14:31,Chennai,mobile,dinner,False,Wednesday
S007650,U02156,R0011,2026-01-14 20:53:31,Kolkata,mobile,dinner,False,Wednesday
S007651,U03323,R0769,2026-01-04 22:37:31,Bangalore,web,late_night,True,Sunday
S007652,U03253,R0598,2025-12-26 13:05:31,Pune,mobile,lunch,False,Friday
S007653,U03696,R0700,2026-01-15 01:32:31,Pune,mobile,late_night,False,Thursday
S007654,U04583,R0548,2026-02-14 15:36:31,Delhi,web,snack,True,Saturday
S007655,U02912,R0565,2026-01-26 14:07:31,Kolkata,mobile,lunch,False,Monday
S007656,U01809,R0480,2026-02-10 07:51:31,Chennai,mobile,breakfast,False,Tuesday
S007657,U03056,R0673,2026-01-23 15:17:31,Pune,mobile,snack,False,Friday
S007658,U01808,R0525,2025-12-25 05:35:31,Kolkata,mobile,late_night,False,Thursday
S007659,U00185,R0406,2026-01-16 10:19:31,Chennai,mobile,breakfast,False,Friday
S007660,U04870,R0782,2025-12-27 18:35:31,Bangalore,mobile,dinner,True,Saturday
S007661,U04489,R0276,2025-12-14 22:33:31,Bangalore,mobile,late_night,True,Sunday
S007662,U03300,R0433,2026-01-17 19:36:31,Mumbai,web,dinner,True,Saturday
S007663,U00404,R0649,2025-12-26 12:59:31,Bangalore,web,lunch,False,Friday
S007664,U03419,R0165,2026-01-24 13:25:31,Kolkata,web,lunch,True,Saturday
S007665,U01935,R0287,2025-12-01 16:36:31,Kolkata,mobile,snack,False,Monday
S007666,U02458,R0028,2025-12-02 21:33:31,Chennai,mobile,dinner,False,Tuesday
S007667,U01257,R0235,2026-02-18 20:42:31,Mumbai,mobile,dinner,False,Wednesday
S007668,U01294,R0007,2025-12-22 04:23:31,Bangalore,web,late_night,False,Monday
S007669,U02463,R0122,2026-01-01 20:23:31,Chennai,mobile,dinner,False,Thursday
S007670,U03963,R0248,2025-12-15 18:58:31,Delhi,mobile,dinner,False,Monday
S007671,U02884,R0733,2025-12-30 05:21:31,Kolkata,mobile,late_night,False,Tuesday
S007672,U03676,R0709,2026-01-18 15:22:31,Chennai,mobile,snack,True,Sunday
S007673,U04693,R0609,2025-11-29 11:57:31,Bangalore,mobile,lunch,True,Saturday
S007674,U02504,R0454,2026-02-06 15:08:31,Bangalore,mobile,snack,False,Friday
S007675,U02214,R0404,2025-12-09 18:42:31,Chennai,mobile,dinner,False,Tuesday
S007676,U04415,R0440,2026-01-26 07:00:31,Mumbai,mobile,breakfast,False,Monday
S007677,U04474,R0777,2026-01-04 11:23:31,Kolkata,mobile,lunch,True,Sunday
S007678,U01254,R0435,2025-12-23 23:05:31,Chennai,mobile,late_night,False,Tuesday
S007679,U01883,R0158,2026-02-01 15:21:31,Mumbai,mobile,snack,True,Sunday
S007680,U00893,R0665,2025-12-19 19:17:31,Chennai,mobile,dinner,False,Friday
S007681,U02950,R0646,2026-01-17 23:34:31,Hyderabad,mobile,late_night,True,Saturday
S007682,U02867,R0145,2026-01-25 13:14:31,Kolkata,mobile,lunch,True,Sunday
S007683,U04504,R0083,2026-02-13 06:40:31,Delhi,web,breakfast,False,Friday
S007684,U01241,R0134,2025-11-28 19:30:31,Hyderabad,mobile,dinner,False,Friday
S007685,U00821,R0152,2026-01-28 19:35:31,Pune,mobile,dinner,False,Wednesday
S007686,U04918,R0172,2026-02-16 16:34:31,Hyderabad,mobile,snack,False,Monday
S007687,U02893,R0363,2026-01-07 12:30:31,Hyderabad,web,lunch,False,Wednesday
S007688,U02913,R0647,2025-11-28 17:17:31,Delhi,mobile,snack,False,Friday
S007689,U02597,R0432,2026-01-26 20:29:31,Hyderabad,mobile,dinner,False,Monday
S007690,U01285,R0618,2025-12-26 10:03:31,Mumbai,web,breakfast,False,Friday
S007691,U03984,R0192,2025-12-01 14:42:31,Pune,mobile,lunch,False,Monday
S007692,U02791,R0130,2025-11-30 12:16:31,Mumbai,mobile,lunch,True,Sunday
S007693,U03572,R0223,2026-01-22 16:01:31,Delhi,mobile,snack,False,Thursday
S007694,U00640,R0300,2026-01-22 23:45:31,Chennai,mobile,late_night,False,Thursday
S007695,U00295,R0390,2025-12-07 11:40:31,Kolkata,mobile,lunch,True,Sunday
S007696,U02563,R0426,2026-01-02 13:50:31,Hyderabad,mobile,lunch,False,Friday
S007697,U03651,R0715,2026-01-21 22:05:31,Delhi,mobile,late_night,False,Wednesday
S007698,U00002,R0237,2025-12-10 10:11:31,Chennai,mobile,breakfast,False,Wednesday
S007699,U04148,R0489,2025-12-08 19:49:31,Bangalore,mobile,dinner,False,Monday
S007700,U04256,R0372,2026-02-02 20:17:31,Hyderabad,web,dinner,False,Monday
S007701,U03707,R0383,2026-01-22 18:13:31,Pune,tablet,dinner,False,Thursday
S007702,U01907,R0570,2025-12-21 12:50:31,Kolkata,mobile,lunch,True,Sunday
S007703,U01442,R0026,2026-01-17 12:39:31,Bangalore,mobile,lunch,True,Saturday
S007704,U01749,R0176,2026-02-08 08:49:31,Chennai,mobile,breakfast,True,Sunday
S007705,U03533,R0221,2026-02-04 08:56:31,Kolkata,mobile,breakfast,False,Wednesday
S007706,U01495,R0391,2026-02-21 11:47:31,Chennai,tablet,lunch,True,Saturday
S007707,U00449,R0160,2026-02-01 06:39:31,Pune,web,breakfast,True,Sunday
S007708,U02482,R0314,2025-12-20 13:18:31,Chennai,mobile,lunch,True,Saturday
S007709,U00353,R0439,2026-02-23 06:00:31,Pune,mobile,breakfast,False,Monday
S007710,U04663,R0097,2025-12-01 20:28:31,Chennai,mobile,dinner,False,Monday
S007711,U02086,R0078,2025-12-30 13:51:31,Mumbai,mobile,lunch,False,Tuesday
S007712,U01873,R0519,2025-12-15 18:38:31,Mumbai,mobile,dinner,False,Monday
S007713,U02278,R0627,2025-12-14 13:17:31,Kolkata,mobile,lunch,True,Sunday
S007714,U03746,R0460,2026-02-02 08:12:31,Delhi,mobile,breakfast,False,Monday
S007715,U02380,R0702,2025-12-14 14:19:31,Delhi,tablet,lunch,True,Sunday
S007716,U01484,R0682,2025-11-28 14:38:31,Delhi,mobile,lunch,False,Friday
S007717,U03927,R0575,2026-01-30 22:28:31,Hyderabad,mobile,late_night,False,Friday
S007718,U04542,R0095,2025-12-09 03:44:31,Kolkata,web,late_night,False,Tuesday
S007719,U04159,R0184,2025-12-08 23:22:31,Pune,mobile,late_night,False,Monday
S007720,U00370,R0261,2026-02-23 19:48:31,Hyderabad,mobile,dinner,False,Monday
S007721,U02785,R0704,2026-01-03 19:43:31,Delhi,mobile,dinner,True,Saturday
S007722,U02276,R0191,2026-01-09 15:24:31,Mumbai,mobile,snack,False,Friday
S007723,U00779,R0691,2026-01-25 00:09:31,Bangalore,mobile,late_night,True,Sunday
S007724,U04305,R0747,2025-12-24 22:25:31,Pune,mobile,late_night,False,Wednesday
S007725,U02710,R0043,2026-02-03 15:13:31,Pune,mobile,snack,False,Tuesday
S007726,U00178,R0488,2026-02-05 18:16:31,Pune,web,dinner,False,Thursday
S007727,U01803,R0677,2026-02-05 18:26:31,Delhi,mobile,dinner,False,Thursday
S007728,U02535,R0571,2025-11-28 21:47:31,Pune,mobile,dinner,False,Friday
S007729,U00773,R0589,2026-01-29 21:59:31,Chennai,mobile,dinner,False,Thursday
S007730,U04265,R0469,2026-01-07 12:45:31,Delhi,mobile,lunch,False,Wednesday
S007731,U03461,R0479,2026-02-13 11:12:31,Kolkata,web,lunch,False,Friday
S007732,U03839,R0172,2026-01-23 12:59:31,Hyderabad,mobile,lunch,False,Friday
S007733,U01972,R0446,2026-02-01 22:44:31,Pune,web,late_night,True,Sunday
S007734,U00633,R0167,2026-01-14 08:01:31,Mumbai,web,breakfast,False,Wednesday
S007735,U01584,R0681,2026-01-27 04:10:31,Kolkata,mobile,late_night,False,Tuesday
S007736,U00637,R0136,2025-11-29 18:41:31,Chennai,mobile,dinner,True,Saturday
S007737,U04996,R0545,2026-02-09 20:08:31,Kolkata,mobile,dinner,False,Monday
S007738,U00700,R0084,2026-02-26 15:31:31,Mumbai,mobile,snack,False,Thursday
S007739,U03265,R0447,2026-01-14 19:38:31,Delhi,mobile,dinner,False,Wednesday
S007740,U01162,R0537,2026-01-29 08:07:31,Delhi,mobile,breakfast,False,Thursday
S007741,U03391,R0029,2025-12-17 21:50:31,Chennai,mobile,dinner,False,Wednesday
S007742,U01857,R0013,2026-02-18 07:24:31,Delhi,web,breakfast,False,Wednesday
S007743,U01464,R0570,2026-01-10 18:10:31,Kolkata,mobile,dinner,True,Saturday
S007744,U02140,R0033,2026-01-06 08:39:31,Delhi,web,breakfast,False,Tuesday
S007745,U00894,R0436,2026-01-25 12:12:31,Mumbai,mobile,lunch,True,Sunday
S007746,U00084,R0141,2026-01-14 12:17:31,Bangalore,mobile,lunch,False,Wednesday
S007747,U00460,R0136,2026-01-25 13:28:31,Chennai,mobile,lunch,True,Sunday
S007748,U03626,R0615,2026-02-05 23:01:31,Bangalore,mobile,late_night,False,Thursday
S007749,U04689,R0107,2026-02-05 17:17:31,Bangalore,mobile,snack,False,Thursday
S007750,U04417,R0797,2026-01-04 11:08:31,Bangalore,mobile,lunch,True,Sunday
S007751,U02717,R0535,2025-11-30 21:31:31,Mumbai,mobile,dinner,True,Sunday
S007752,U00937,R0276,2026-02-26 10:04:31,Bangalore,mobile,breakfast,False,Thursday
S007753,U03136,R0110,2026-02-20 21:35:31,Chennai,mobile,dinner,False,Friday
S007754,U01793,R0041,2026-01-31 06:22:31,Delhi,mobile,breakfast,True,Saturday
S007755,U01507,R0768,2025-12-23 05:41:31,Mumbai,mobile,late_night,False,Tuesday
S007756,U00474,R0357,2026-02-26 22:03:31,Bangalore,mobile,late_night,False,Thursday
S007757,U00571,R0743,2025-12-20 12:27:31,Pune,web,lunch,True,Saturday
S007758,U03503,R0775,2026-02-06 10:44:31,Delhi,mobile,breakfast,False,Friday
S007759,U02232,R0629,2025-12-21 18:40:31,Pune,mobile,dinner,True,Sunday
S007760,U02478,R0525,2025-12-24 13:40:31,Kolkata,mobile,lunch,False,Wednesday
S007761,U03102,R0469,2026-01-06 21:57:31,Delhi,mobile,dinner,False,Tuesday
S007762,U00962,R0465,2026-01-31 08:37:31,Kolkata,mobile,breakfast,True,Saturday
S007763,U01956,R0743,2026-02-22 03:22:31,Pune,mobile,late_night,True,Sunday
S007764,U03674,R0694,2025-12-24 11:06:31,Kolkata,mobile,lunch,False,Wednesday
S007765,U01701,R0315,2025-12-26 08:09:31,Kolkata,mobile,breakfast,False,Friday
S007766,U00864,R0501,2025-12-09 22:58:31,Mumbai,web,late_night,False,Tuesday
S007767,U04073,R0188,2026-01-13 11:28:31,Bangalore,mobile,lunch,False,Tuesday
S007768,U00962,R0443,2026-01-26 21:46:31,Kolkata,tablet,dinner,False,Monday
S007769,U02558,R0280,2025-12-07 18:26:31,Pune,mobile,dinner,True,Sunday
S007770,U02565,R0732,2026-02-14 09:06:31,Chennai,mobile,breakfast,True,Saturday
S007771,U00517,R0619,2026-02-05 14:45:31,Hyderabad,mobile,lunch,False,Thursday
S007772,U04786,R0616,2025-12-09 18:06:31,Mumbai,mobile,dinner,False,Tuesday
S007773,U03252,R0224,2026-01-05 15:37:31,Pune,web,snack,False,Monday
S007774,U02923,R0069,2026-02-06 22:37:31,Hyderabad,mobile,late_night,False,Friday
S007775,U03332,R0281,2026-01-06 19:56:31,Pune,web,dinner,False,Tuesday
S007776,U02469,R0070,2026-01-17 16:53:31,Pune,web,snack,True,Saturday
S007777,U03241,R0320,2025-12-27 11:33:31,Bangalore,web,lunch,True,Saturday
S007778,U00600,R0414,2025-12-04 18:15:31,Mumbai,web,dinner,False,Thursday
S007779,U00743,R0741,2026-01-03 15:15:31,Hyderabad,mobile,snack,True,Saturday
S007780,U00959,R0084,2025-12-12 10:56:31,Mumbai,mobile,breakfast,False,Friday
S007781,U03892,R0252,2026-01-24 13:32:31,Kolkata,tablet,lunch,True,Saturday
S007782,U00434,R0469,2026-01-30 10:35:31,Delhi,mobile,breakfast,False,Friday
S007783,U03047,R0387,2026-01-14 23:39:31,Chennai,mobile,late_night,False,Wednesday
S007784,U03724,R0090,2025-12-22 12:30:31,Delhi,mobile,lunch,False,Monday
S007785,U00264,R0580,2025-11-29 16:04:31,Delhi,mobile,snack,True,Saturday
S007786,U03970,R0313,2025-12-04 06:44:31,Hyderabad,mobile,breakfast,False,Thursday
S007787,U02168,R0660,2026-01-07 14:56:31,Pune,web,lunch,False,Wednesday
S007788,U01484,R0321,2025-12-13 15:12:31,Delhi,web,snack,True,Saturday
S007789,U03085,R0129,2026-01-12 15:05:31,Bangalore,mobile,snack,False,Monday
S007790,U04159,R0571,2025-12-26 04:43:31,Pune,mobile,late_night,False,Friday
S007791,U01738,R0041,2025-12-01 19:06:31,Delhi,mobile,dinner,False,Monday
S007792,U02762,R0523,2026-01-30 16:21:31,Delhi,mobile,snack,False,Friday
S007793,U03817,R0729,2026-02-21 13:13:31,Kolkata,mobile,lunch,True,Saturday
S007794,U04017,R0744,2026-02-14 05:56:31,Bangalore,web,late_night,True,Saturday
S007795,U00752,R0115,2025-12-25 11:32:31,Bangalore,mobile,lunch,False,Thursday
S007796,U03683,R0661,2026-02-22 20:33:31,Mumbai,mobile,dinner,True,Sunday
S007797,U01561,R0524,2026-01-22 11:23:31,Pune,mobile,lunch,False,Thursday
S007798,U03680,R0300,2026-01-24 13:31:31,Chennai,mobile,lunch,True,Saturday
S007799,U02730,R0700,2026-02-22 16:18:31,Pune,mobile,snack,True,Sunday
S007800,U00188,R0676,2025-12-01 09:06:31,Chennai,web,breakfast,False,Monday
S007801,U01576,R0575,2026-02-26 23:56:31,Hyderabad,mobile,late_night,False,Thursday
S007802,U03705,R0449,2025-12-29 08:43:31,Chennai,mobile,breakfast,False,Monday
S007803,U02617,R0621,2026-02-22 16:05:31,Mumbai,mobile,snack,True,Sunday
S007804,U02092,R0609,2026-02-19 22:17:31,Bangalore,mobile,late_night,False,Thursday
S007805,U04830,R0798,2025-12-24 11:53:31,Pune,mobile,lunch,False,Wednesday
S007806,U02753,R0616,2026-02-20 12:59:31,Mumbai,mobile,lunch,False,Friday
S007807,U02400,R0294,2026-01-14 20:44:31,Pune,mobile,dinner,False,Wednesday
S007808,U02384,R0335,2025-12-16 07:53:31,Bangalore,mobile,breakfast,False,Tuesday
S007809,U01689,R0671,2025-12-08 14:43:31,Hyderabad,mobile,lunch,False,Monday
S007810,U02234,R0788,2026-01-15 10:05:31,Pune,web,breakfast,False,Thursday
S007811,U00510,R0673,2025-12-18 21:21:31,Pune,mobile,dinner,False,Thursday
S007812,U02648,R0381,2025-12-06 18:44:31,Bangalore,mobile,dinner,True,Saturday
S007813,U01360,R0412,2026-02-14 16:55:31,Pune,web,snack,True,Saturday
S007814,U00152,R0384,2025-12-27 22:02:31,Delhi,mobile,late_night,True,Saturday
S007815,U04435,R0414,2026-01-06 20:59:31,Mumbai,tablet,dinner,False,Tuesday
S007816,U01504,R0149,2025-11-30 17:50:31,Chennai,mobile,snack,True,Sunday
S007817,U00609,R0369,2025-11-28 20:42:31,Hyderabad,web,dinner,False,Friday
S007818,U00778,R0442,2026-02-06 20:18:31,Bangalore,web,dinner,False,Friday
S007819,U04707,R0504,2025-12-29 19:48:31,Mumbai,mobile,dinner,False,Monday
S007820,U04472,R0219,2026-01-26 07:17:31,Delhi,web,breakfast,False,Monday
S007821,U00220,R0517,2026-02-11 11:15:31,Chennai,mobile,lunch,False,Wednesday
S007822,U04282,R0475,2026-02-18 12:03:31,Bangalore,mobile,lunch,False,Wednesday
S007823,U04058,R0164,2026-02-01 13:26:31,Hyderabad,mobile,lunch,True,Sunday
S007824,U00656,R0401,2026-02-05 19:44:31,Hyderabad,web,dinner,False,Thursday
S007825,U02057,R0557,2026-01-23 19:18:31,Pune,mobile,dinner,False,Friday
S007826,U03838,R0732,2026-02-22 14:33:31,Chennai,web,lunch,True,Sunday
S007827,U04089,R0749,2025-12-19 22:57:31,Hyderabad,mobile,late_night,False,Friday
S007828,U00069,R0517,2026-01-01 11:02:31,Chennai,mobile,lunch,False,Thursday
S007829,U04484,R0475,2026-01-21 10:41:31,Bangalore,mobile,breakfast,False,Wednesday
S007830,U03262,R0358,2025-12-01 16:11:31,Pune,mobile,snack,False,Monday
S007831,U02824,R0504,2026-01-20 20:38:31,Mumbai,mobile,dinner,False,Tuesday
S007832,U02468,R0013,2025-12-20 20:08:31,Delhi,mobile,dinner,True,Saturday
S007833,U02299,R0773,2026-01-28 18:57:31,Mumbai,mobile,dinner,False,Wednesday
S007834,U02488,R0536,2026-02-20 11:04:31,Mumbai,mobile,lunch,False,Friday
S007835,U03580,R0467,2026-01-20 23:34:31,Pune,mobile,late_night,False,Tuesday
S007836,U00557,R0412,2026-01-10 01:06:31,Pune,mobile,late_night,True,Saturday
S007837,U02793,R0414,2026-02-18 22:44:31,Mumbai,web,late_night,False,Wednesday
S007838,U02074,R0600,2025-12-04 14:16:31,Mumbai,web,lunch,False,Thursday
S007839,U02074,R0640,2026-01-15 02:22:31,Mumbai,mobile,late_night,False,Thursday
S007840,U03532,R0377,2026-02-21 21:32:31,Hyderabad,mobile,dinner,True,Saturday
S007841,U04035,R0433,2025-12-13 21:51:31,Mumbai,mobile,dinner,True,Saturday
S007842,U04779,R0584,2026-02-14 14:32:31,Mumbai,mobile,lunch,True,Saturday
S007843,U02816,R0366,2026-02-08 12:12:31,Kolkata,mobile,lunch,True,Sunday
S007844,U00576,R0793,2026-01-03 19:04:31,Mumbai,mobile,dinner,True,Saturday
S007845,U03479,R0790,2025-12-14 18:09:31,Kolkata,mobile,dinner,True,Sunday
S007846,U00098,R0514,2025-12-14 23:09:31,Kolkata,mobile,late_night,True,Sunday
S007847,U03326,R0343,2026-01-26 15:08:31,Pune,mobile,snack,False,Monday
S007848,U04193,R0194,2026-02-25 21:45:31,Kolkata,mobile,dinner,False,Wednesday
S007849,U04048,R0393,2026-01-17 11:18:31,Chennai,mobile,lunch,True,Saturday
S007850,U03702,R0384,2026-02-03 08:56:31,Delhi,mobile,breakfast,False,Tuesday
S007851,U01129,R0215,2026-02-26 00:08:31,Bangalore,mobile,late_night,False,Thursday
S007852,U04089,R0073,2026-02-18 04:25:31,Hyderabad,tablet,late_night,False,Wednesday
S007853,U04347,R0131,2026-02-19 17:21:31,Chennai,mobile,snack,False,Thursday
S007854,U03138,R0214,2026-02-10 05:22:31,Delhi,web,late_night,False,Tuesday
S007855,U00383,R0400,2026-02-05 08:00:31,Hyderabad,mobile,breakfast,False,Thursday
S007856,U02649,R0342,2025-12-27 08:08:31,Mumbai,mobile,breakfast,True,Saturday
S007857,U04364,R0739,2025-12-26 09:50:31,Mumbai,web,breakfast,False,Friday
S007858,U02439,R0656,2025-12-07 13:25:31,Kolkata,mobile,lunch,True,Sunday
S007859,U01840,R0742,2025-12-04 10:59:31,Mumbai,mobile,breakfast,False,Thursday
S007860,U01153,R0424,2026-02-14 10:22:31,Pune,mobile,breakfast,True,Saturday
S007861,U01935,R0221,2025-12-18 12:47:31,Kolkata,mobile,lunch,False,Thursday
S007862,U01188,R0336,2025-12-06 05:57:31,Kolkata,mobile,late_night,True,Saturday
S007863,U02384,R0357,2026-02-04 19:18:31,Bangalore,tablet,dinner,False,Wednesday
S007864,U04752,R0161,2026-01-03 12:52:31,Bangalore,mobile,lunch,True,Saturday
S007865,U00473,R0159,2025-12-04 20:09:31,Hyderabad,mobile,dinner,False,Thursday
S007866,U00239,R0050,2025-12-14 08:31:31,Pune,web,breakfast,True,Sunday
S007867,U01109,R0047,2026-02-17 16:22:31,Pune,mobile,snack,False,Tuesday
S007868,U02992,R0046,2025-12-03 18:58:31,Kolkata,mobile,dinner,False,Wednesday
S007869,U02152,R0654,2026-01-06 19:28:31,Pune,tablet,dinner,False,Tuesday
S007870,U01719,R0213,2025-12-26 12:23:31,Bangalore,mobile,lunch,False,Friday
S007871,U00876,R0427,2025-12-04 12:29:31,Chennai,web,lunch,False,Thursday
S007872,U00837,R0788,2026-01-11 12:43:31,Pune,mobile,lunch,True,Sunday
S007873,U00751,R0438,2026-01-11 14:46:31,Mumbai,mobile,lunch,True,Sunday
S007874,U02037,R0195,2025-12-21 06:09:31,Hyderabad,mobile,breakfast,True,Sunday
S007875,U02648,R0757,2025-12-09 13:46:31,Bangalore,mobile,lunch,False,Tuesday
S007876,U03818,R0428,2026-02-26 23:54:31,Kolkata,mobile,late_night,False,Thursday
S007877,U04632,R0619,2026-02-11 21:09:31,Hyderabad,web,dinner,False,Wednesday
S007878,U02551,R0355,2025-12-26 10:18:31,Hyderabad,web,breakfast,False,Friday
S007879,U01888,R0234,2026-01-21 11:56:31,Mumbai,mobile,lunch,False,Wednesday
S007880,U04250,R0220,2026-02-14 06:08:31,Hyderabad,mobile,breakfast,True,Saturday
S007881,U01767,R0676,2025-12-21 21:36:31,Chennai,mobile,dinner,True,Sunday
S007882,U02574,R0657,2026-02-22 06:14:31,Delhi,mobile,breakfast,True,Sunday
S007883,U04145,R0457,2026-02-22 11:49:31,Delhi,mobile,lunch,True,Sunday
S007884,U03749,R0294,2026-01-05 11:54:31,Pune,mobile,lunch,False,Monday
S007885,U01500,R0779,2025-12-31 11:23:31,Chennai,mobile,lunch,False,Wednesday
S007886,U02932,R0096,2025-12-14 10:28:31,Mumbai,mobile,breakfast,True,Sunday
S007887,U02983,R0028,2026-02-02 20:57:31,Chennai,mobile,dinner,False,Monday
S007888,U04795,R0660,2025-12-31 19:04:31,Pune,mobile,dinner,False,Wednesday
S007889,U00073,R0360,2025-12-03 15:32:31,Delhi,web,snack,False,Wednesday
S007890,U02734,R0800,2025-11-30 23:08:31,Bangalore,mobile,late_night,True,Sunday
S007891,U03166,R0270,2025-12-03 08:06:31,Mumbai,mobile,breakfast,False,Wednesday
S007892,U02124,R0663,2026-01-19 10:28:31,Hyderabad,mobile,breakfast,False,Monday
S007893,U00072,R0440,2026-02-03 07:19:31,Mumbai,mobile,breakfast,False,Tuesday
S007894,U00458,R0470,2026-01-25 08:55:31,Bangalore,web,breakfast,True,Sunday
S007895,U01250,R0521,2025-12-30 01:17:31,Mumbai,mobile,late_night,False,Tuesday
S007896,U03671,R0265,2025-12-05 06:10:31,Pune,web,breakfast,False,Friday
S007897,U02149,R0217,2026-02-21 20:39:31,Mumbai,mobile,dinner,True,Saturday
S007898,U03630,R0059,2025-12-07 11:51:31,Kolkata,mobile,lunch,True,Sunday
S007899,U02121,R0561,2026-01-06 08:52:31,Bangalore,web,breakfast,False,Tuesday
S007900,U02539,R0407,2026-01-05 18:28:31,Kolkata,mobile,dinner,False,Monday
S007901,U02642,R0394,2026-02-19 11:27:31,Hyderabad,web,lunch,False,Thursday
S007902,U04976,R0088,2025-12-31 09:12:31,Mumbai,mobile,breakfast,False,Wednesday
S007903,U01938,R0275,2026-02-11 10:57:31,Bangalore,mobile,breakfast,False,Wednesday
S007904,U00151,R0230,2026-02-24 16:31:31,Pune,web,snack,False,Tuesday
S007905,U03076,R0459,2026-01-21 22:19:31,Chennai,mobile,late_night,False,Wednesday
S007906,U02447,R0060,2026-01-11 19:33:31,Mumbai,mobile,dinner,True,Sunday
S007907,U02261,R0612,2026-01-02 20:38:31,Mumbai,web,dinner,False,Friday
S007908,U01039,R0072,2026-01-15 20:15:31,Chennai,web,dinner,False,Thursday
S007909,U03047,R0072,2025-12-28 19:02:31,Chennai,web,dinner,True,Sunday
S007910,U03259,R0266,2026-01-16 14:36:31,Hyderabad,mobile,lunch,False,Friday
S007911,U02567,R0473,2026-02-19 07:42:31,Kolkata,mobile,breakfast,False,Thursday
S007912,U03296,R0160,2026-02-04 11:26:31,Pune,tablet,lunch,False,Wednesday
S007913,U02795,R0099,2026-02-19 18:18:31,Delhi,mobile,dinner,False,Thursday
S007914,U01676,R0630,2026-02-20 06:43:31,Hyderabad,mobile,breakfast,False,Friday
S007915,U02205,R0185,2026-02-23 15:25:31,Mumbai,mobile,snack,False,Monday
S007916,U01433,R0063,2025-12-17 20:57:31,Chennai,mobile,dinner,False,Wednesday
S007917,U04943,R0493,2025-12-12 08:21:31,Hyderabad,mobile,breakfast,False,Friday
S007918,U04342,R0470,2026-02-17 11:52:31,Bangalore,mobile,lunch,False,Tuesday
S007919,U00013,R0598,2026-02-18 20:56:31,Pune,mobile,dinner,False,Wednesday
S007920,U02558,R0445,2026-02-09 13:29:31,Pune,mobile,lunch,False,Monday
S007921,U04203,R0256,2025-12-08 14:35:31,Kolkata,mobile,lunch,False,Monday
S007922,U01702,R0195,2025-12-17 10:39:31,Hyderabad,mobile,breakfast,False,Wednesday
S007923,U00821,R0323,2026-02-08 02:03:31,Pune,mobile,late_night,True,Sunday
S007924,U03077,R0086,2025-11-30 22:52:31,Kolkata,web,late_night,True,Sunday
S007925,U00996,R0479,2025-12-23 21:25:31,Kolkata,mobile,dinner,False,Tuesday
S007926,U00659,R0563,2026-01-25 12:22:31,Mumbai,mobile,lunch,True,Sunday
S007927,U00734,R0645,2025-12-01 22:09:31,Pune,web,late_night,False,Monday
S007928,U04887,R0623,2025-12-06 08:46:31,Mumbai,web,breakfast,True,Saturday
S007929,U00696,R0622,2025-12-20 07:19:31,Hyderabad,mobile,breakfast,True,Saturday
S007930,U04278,R0747,2025-12-20 04:21:31,Pune,mobile,late_night,True,Saturday
S007931,U01823,R0232,2026-01-19 20:32:31,Bangalore,mobile,dinner,False,Monday
S007932,U04636,R0262,2026-02-03 20:02:31,Mumbai,mobile,dinner,False,Tuesday
S007933,U01215,R0020,2026-01-16 13:33:31,Kolkata,web,lunch,False,Friday
S007934,U04116,R0389,2026-02-08 21:32:31,Bangalore,web,dinner,True,Sunday
S007935,U03025,R0044,2026-01-11 22:14:31,Delhi,mobile,late_night,True,Sunday
S007936,U00364,R0781,2025-12-03 13:26:31,Kolkata,mobile,lunch,False,Wednesday
S007937,U01832,R0148,2026-01-20 03:53:31,Delhi,mobile,late_night,False,Tuesday
S007938,U01945,R0130,2026-01-17 19:09:31,Mumbai,web,dinner,True,Saturday
S007939,U02972,R0710,2026-02-02 12:29:31,Delhi,mobile,lunch,False,Monday
S007940,U01461,R0626,2026-01-21 09:41:31,Kolkata,mobile,breakfast,False,Wednesday
S007941,U00545,R0194,2025-12-14 20:06:31,Kolkata,mobile,dinner,True,Sunday
S007942,U03979,R0104,2025-12-29 09:24:31,Pune,mobile,breakfast,False,Monday
S007943,U02781,R0367,2025-12-06 19:05:31,Bangalore,mobile,dinner,True,Saturday
S007944,U04482,R0140,2025-11-29 08:10:31,Kolkata,mobile,breakfast,True,Saturday
S007945,U03261,R0103,2025-12-19 12:58:31,Hyderabad,mobile,lunch,False,Friday
S007946,U00536,R0604,2026-02-21 19:48:31,Pune,web,dinner,True,Saturday
S007947,U02523,R0380,2026-01-29 10:30:31,Kolkata,mobile,breakfast,False,Thursday
S007948,U04703,R0367,2026-02-12 09:17:31,Bangalore,mobile,breakfast,False,Thursday
S007949,U02362,R0146,2026-01-28 11:01:31,Delhi,web,lunch,False,Wednesday
S007950,U03182,R0633,2025-12-29 21:34:31,Bangalore,mobile,dinner,False,Monday
S007951,U04744,R0636,2026-02-15 00:46:31,Pune,mobile,late_night,True,Sunday
S007952,U04644,R0342,2026-02-09 18:57:31,Mumbai,mobile,dinner,False,Monday
S007953,U00723,R0597,2026-01-26 21:24:31,Hyderabad,mobile,dinner,False,Monday
S007954,U00157,R0321,2025-12-20 22:48:31,Delhi,mobile,late_night,True,Saturday
S007955,U02444,R0671,2026-01-09 21:01:31,Hyderabad,mobile,dinner,False,Friday
S007956,U01094,R0709,2026-01-15 06:55:31,Chennai,mobile,breakfast,False,Thursday
S007957,U02949,R0179,2026-01-31 11:55:31,Kolkata,mobile,lunch,True,Saturday
S007958,U04739,R0703,2026-02-17 12:23:31,Chennai,mobile,lunch,False,Tuesday
S007959,U02679,R0610,2026-02-17 09:04:31,Chennai,web,breakfast,False,Tuesday
S007960,U03005,R0072,2026-01-10 11:46:31,Chennai,web,lunch,True,Saturday
S007961,U00562,R0421,2026-02-03 20:04:31,Hyderabad,mobile,dinner,False,Tuesday
S007962,U01645,R0285,2026-01-10 11:49:31,Kolkata,mobile,lunch,True,Saturday
S007963,U04129,R0024,2025-12-24 11:24:31,Hyderabad,mobile,lunch,False,Wednesday
S007964,U03783,R0122,2026-01-23 17:37:31,Chennai,mobile,snack,False,Friday
S007965,U04777,R0555,2026-02-02 20:29:31,Bangalore,web,dinner,False,Monday
S007966,U00396,R0462,2025-12-09 07:28:31,Mumbai,web,breakfast,False,Tuesday
S007967,U01395,R0519,2026-02-11 16:32:31,Mumbai,mobile,snack,False,Wednesday
S007968,U03426,R0152,2025-12-19 09:26:31,Pune,mobile,breakfast,False,Friday
S007969,U02878,R0412,2026-01-18 03:31:31,Pune,mobile,late_night,True,Sunday
S007970,U02655,R0747,2026-01-07 22:16:31,Pune,mobile,late_night,False,Wednesday
S007971,U02450,R0339,2025-12-02 19:19:31,Mumbai,mobile,dinner,False,Tuesday
S007972,U01415,R0016,2025-12-14 23:15:31,Pune,mobile,late_night,True,Sunday
S007973,U01950,R0344,2026-02-10 20:02:31,Chennai,mobile,dinner,False,Tuesday
S007974,U02416,R0298,2026-02-18 16:09:31,Mumbai,mobile,snack,False,Wednesday
S007975,U02368,R0451,2025-12-09 12:57:31,Chennai,mobile,lunch,False,Tuesday
S007976,U04366,R0666,2026-02-01 21:58:31,Delhi,mobile,dinner,True,Sunday
S007977,U01628,R0074,2026-01-18 13:39:31,Delhi,web,lunch,True,Sunday
S007978,U01468,R0004,2025-12-07 07:14:31,Hyderabad,mobile,breakfast,True,Sunday
S007979,U03557,R0773,2026-01-02 03:19:31,Mumbai,mobile,late_night,False,Friday
S007980,U02518,R0103,2026-02-10 11:43:31,Hyderabad,mobile,lunch,False,Tuesday
S007981,U02753,R0758,2026-01-03 07:13:31,Mumbai,mobile,breakfast,True,Saturday
S007982,U03676,R0714,2025-12-01 12:49:31,Chennai,mobile,lunch,False,Monday
S007983,U04494,R0075,2025-12-27 15:39:31,Bangalore,mobile,snack,True,Saturday
S007984,U03448,R0167,2025-11-29 08:16:31,Mumbai,web,breakfast,True,Saturday
S007985,U01759,R0532,2025-12-11 10:20:31,Pune,mobile,breakfast,False,Thursday
S007986,U02916,R0671,2025-12-23 14:08:31,Hyderabad,mobile,lunch,False,Tuesday
S007987,U02654,R0745,2025-12-19 19:05:31,Delhi,web,dinner,False,Friday
S007988,U03328,R0278,2026-02-18 23:23:31,Delhi,web,late_night,False,Wednesday
S007989,U03598,R0261,2026-02-13 13:03:31,Hyderabad,tablet,lunch,False,Friday
S007990,U04152,R0454,2026-01-26 20:39:31,Bangalore,mobile,dinner,False,Monday
S007991,U01419,R0386,2026-02-10 21:19:31,Kolkata,mobile,dinner,False,Tuesday
S007992,U02952,R0037,2026-01-06 14:19:31,Kolkata,mobile,lunch,False,Tuesday
S007993,U02981,R0301,2026-01-25 21:00:31,Chennai,mobile,dinner,True,Sunday
S007994,U00965,R0493,2025-12-01 21:08:31,Hyderabad,web,dinner,False,Monday
S007995,U01464,R0443,2025-12-01 16:13:31,Kolkata,mobile,snack,False,Monday
S007996,U01906,R0074,2026-01-02 09:23:31,Delhi,mobile,breakfast,False,Friday
S007997,U00749,R0726,2026-02-20 21:02:31,Bangalore,mobile,dinner,False,Friday
S007998,U01640,R0130,2025-12-24 21:21:31,Mumbai,mobile,dinner,False,Wednesday
S007999,U04650,R0089,2026-02-07 08:48:31,Mumbai,mobile,breakfast,True,Saturday
S008000,U00417,R0195,2026-02-20 15:05:31,Hyderabad,mobile,snack,False,Friday
S008001,U02297,R0526,2025-12-27 08:16:31,Kolkata,mobile,breakfast,True,Saturday
S008002,U04361,R0611,2026-01-11 12:26:31,Chennai,web,lunch,True,Sunday
S008003,U04561,R0453,2026-01-08 20:14:31,Delhi,mobile,dinner,False,Thursday
S008004,U03660,R0360,2025-12-07 10:08:31,Delhi,mobile,breakfast,True,Sunday
S008005,U01837,R0235,2025-12-15 06:03:31,Mumbai,mobile,breakfast,False,Monday
S008006,U04401,R0383,2026-02-24 17:13:31,Pune,mobile,snack,False,Tuesday
S008007,U01825,R0435,2026-01-23 09:24:31,Chennai,mobile,breakfast,False,Friday
S008008,U02106,R0766,2025-12-02 20:11:31,Bangalore,web,dinner,False,Tuesday
S008009,U03082,R0117,2025-12-17 11:13:31,Delhi,mobile,lunch,False,Wednesday
S008010,U03742,R0733,2025-12-19 14:28:31,Kolkata,mobile,lunch,False,Friday
S008011,U04604,R0523,2026-01-17 08:26:31,Delhi,mobile,breakfast,True,Saturday
S008012,U00574,R0214,2026-02-13 18:13:31,Delhi,mobile,dinner,False,Friday
S008013,U02872,R0732,2025-12-14 02:00:31,Chennai,mobile,late_night,True,Sunday
S008014,U01834,R0021,2026-01-19 12:31:31,Chennai,mobile,lunch,False,Monday
S008015,U00179,R0157,2026-01-15 15:03:31,Mumbai,mobile,snack,False,Thursday
S008016,U02152,R0042,2026-01-10 19:29:31,Pune,mobile,dinner,True,Saturday
S008017,U00504,R0693,2026-01-16 12:21:31,Delhi,mobile,lunch,False,Friday
S008018,U02462,R0698,2026-01-08 10:08:31,Kolkata,mobile,breakfast,False,Thursday
S008019,U04955,R0722,2026-01-03 19:19:31,Delhi,mobile,dinner,True,Saturday
S008020,U03612,R0521,2025-12-03 13:13:31,Mumbai,mobile,lunch,False,Wednesday
S008021,U01404,R0114,2026-02-18 11:19:31,Bangalore,mobile,lunch,False,Wednesday
S008022,U03934,R0683,2026-01-30 08:22:31,Hyderabad,mobile,breakfast,False,Friday
S008023,U03280,R0001,2026-01-21 04:00:31,Chennai,mobile,late_night,False,Wednesday
S008024,U04702,R0608,2025-12-28 12:12:31,Hyderabad,mobile,lunch,True,Sunday
S008025,U04640,R0739,2025-12-26 23:33:31,Mumbai,mobile,late_night,False,Friday
S008026,U04022,R0256,2025-12-02 06:31:31,Kolkata,mobile,breakfast,False,Tuesday
S008027,U01065,R0746,2026-01-11 11:52:31,Pune,web,lunch,True,Sunday
S008028,U04131,R0758,2026-02-11 09:51:31,Mumbai,mobile,breakfast,False,Wednesday
S008029,U01833,R0010,2026-01-13 07:17:31,Bangalore,mobile,breakfast,False,Tuesday
S008030,U00786,R0162,2025-11-28 19:52:31,Pune,mobile,dinner,False,Friday
S008031,U01810,R0251,2025-12-25 10:04:31,Kolkata,mobile,breakfast,False,Thursday
S008032,U01702,R0559,2025-12-19 21:29:31,Hyderabad,mobile,dinner,False,Friday
S008033,U03420,R0704,2026-02-07 10:02:31,Delhi,mobile,breakfast,True,Saturday
S008034,U01090,R0395,2026-02-07 10:18:31,Pune,mobile,breakfast,True,Saturday
S008035,U02695,R0799,2026-01-12 00:46:31,Pune,web,late_night,False,Monday
S008036,U03724,R0402,2026-01-21 18:45:31,Delhi,mobile,dinner,False,Wednesday
S008037,U02751,R0369,2026-01-28 22:18:31,Hyderabad,mobile,late_night,False,Wednesday
S008038,U02945,R0364,2025-11-29 21:11:31,Chennai,web,dinner,True,Saturday
S008039,U02744,R0480,2025-12-23 21:56:31,Chennai,mobile,dinner,False,Tuesday
S008040,U01499,R0637,2025-12-14 14:43:31,Hyderabad,mobile,lunch,True,Sunday
S008041,U04558,R0195,2025-12-24 21:10:31,Hyderabad,web,dinner,False,Wednesday
S008042,U01575,R0318,2026-01-13 04:57:31,Hyderabad,mobile,late_night,False,Tuesday
S008043,U00945,R0279,2026-01-03 07:20:31,Mumbai,mobile,breakfast,True,Saturday
S008044,U00241,R0609,2026-01-25 18:49:31,Bangalore,web,dinner,True,Sunday
S008045,U02158,R0085,2025-12-16 19:20:31,Mumbai,mobile,dinner,False,Tuesday
S008046,U01238,R0059,2025-12-07 01:44:31,Kolkata,mobile,late_night,True,Sunday
S008047,U03070,R0635,2026-02-05 22:38:31,Pune,tablet,late_night,False,Thursday
S008048,U00820,R0300,2025-12-18 20:57:31,Chennai,web,dinner,False,Thursday
S008049,U00751,R0416,2026-02-21 13:19:31,Mumbai,mobile,lunch,True,Saturday
S008050,U04445,R0732,2025-12-10 07:33:31,Chennai,mobile,breakfast,False,Wednesday
S008051,U01704,R0157,2026-02-02 19:56:31,Mumbai,mobile,dinner,False,Monday
S008052,U02845,R0667,2025-12-25 12:06:31,Pune,mobile,lunch,False,Thursday
S008053,U01483,R0719,2026-01-11 19:45:31,Chennai,web,dinner,True,Sunday
S008054,U01496,R0046,2026-01-04 20:34:31,Kolkata,mobile,dinner,True,Sunday
S008055,U00388,R0116,2026-01-07 20:02:31,Hyderabad,mobile,dinner,False,Wednesday
S008056,U03347,R0386,2026-01-19 00:29:31,Kolkata,web,late_night,False,Monday
S008057,U02135,R0790,2026-02-15 07:08:31,Kolkata,mobile,breakfast,True,Sunday
S008058,U00653,R0657,2026-02-21 13:30:31,Delhi,mobile,lunch,True,Saturday
S008059,U04916,R0632,2026-01-25 22:37:31,Pune,mobile,late_night,True,Sunday
S008060,U00863,R0060,2026-02-08 21:01:31,Mumbai,web,dinner,True,Sunday
S008061,U04576,R0107,2025-12-25 22:55:31,Bangalore,web,late_night,False,Thursday
S008062,U04825,R0614,2026-02-22 06:57:31,Hyderabad,mobile,breakfast,True,Sunday
S008063,U01529,R0497,2026-02-26 07:24:31,Chennai,web,breakfast,False,Thursday
S008064,U03981,R0551,2025-12-10 22:38:31,Pune,mobile,late_night,False,Wednesday
S008065,U04762,R0340,2026-01-23 21:34:31,Delhi,mobile,dinner,False,Friday
S008066,U01582,R0041,2025-12-01 22:30:31,Delhi,mobile,late_night,False,Monday
S008067,U02709,R0590,2026-02-04 18:24:31,Bangalore,web,dinner,False,Wednesday
S008068,U02927,R0348,2025-12-25 14:39:31,Pune,tablet,lunch,False,Thursday
S008069,U01100,R0759,2026-01-08 09:19:31,Hyderabad,web,breakfast,False,Thursday
S008070,U01378,R0111,2026-01-14 19:43:31,Bangalore,mobile,dinner,False,Wednesday
S008071,U00069,R0425,2026-01-09 13:30:31,Chennai,web,lunch,False,Friday
S008072,U04074,R0069,2026-02-23 14:28:31,Hyderabad,mobile,lunch,False,Monday
S008073,U01736,R0585,2026-02-08 16:34:31,Kolkata,web,snack,True,Sunday
S008074,U04414,R0730,2026-02-01 10:04:31,Pune,web,breakfast,True,Sunday
S008075,U03288,R0463,2026-01-18 13:58:31,Delhi,web,lunch,True,Sunday
S008076,U02689,R0160,2025-12-05 19:29:31,Pune,tablet,dinner,False,Friday
S008077,U00734,R0350,2026-02-07 10:44:31,Pune,mobile,breakfast,True,Saturday
S008078,U00856,R0369,2025-12-06 13:12:31,Hyderabad,web,lunch,True,Saturday
S008079,U02921,R0728,2025-12-05 06:24:31,Kolkata,web,breakfast,False,Friday
S008080,U04092,R0130,2026-02-23 10:24:31,Mumbai,web,breakfast,False,Monday
S008081,U00703,R0638,2025-12-16 17:27:31,Hyderabad,mobile,snack,False,Tuesday
S008082,U02364,R0550,2026-01-16 13:12:31,Chennai,mobile,lunch,False,Friday
S008083,U03480,R0769,2026-01-11 15:09:31,Bangalore,mobile,snack,True,Sunday
S008084,U01861,R0798,2025-12-24 11:58:31,Pune,mobile,lunch,False,Wednesday
S008085,U03473,R0442,2026-01-05 20:31:31,Bangalore,mobile,dinner,False,Monday
S008086,U02121,R0026,2026-01-01 19:48:31,Bangalore,web,dinner,False,Thursday
S008087,U01366,R0139,2026-01-27 21:00:31,Delhi,mobile,dinner,False,Tuesday
S008088,U01397,R0513,2025-12-13 11:51:31,Kolkata,mobile,lunch,True,Saturday
S008089,U02587,R0292,2026-02-09 10:21:31,Mumbai,mobile,breakfast,False,Monday
S008090,U04847,R0069,2026-01-31 12:10:31,Hyderabad,mobile,lunch,True,Saturday
S008091,U02326,R0411,2025-12-17 07:30:31,Mumbai,mobile,breakfast,False,Wednesday
S008092,U03661,R0446,2026-01-19 13:23:31,Pune,mobile,lunch,False,Monday
S008093,U01060,R0351,2026-01-06 10:19:31,Chennai,web,breakfast,False,Tuesday
S008094,U00308,R0722,2025-11-30 16:26:31,Delhi,web,snack,True,Sunday
S008095,U03660,R0787,2025-12-07 22:25:31,Delhi,mobile,late_night,True,Sunday
S008096,U01632,R0258,2026-02-16 07:31:31,Chennai,mobile,breakfast,False,Monday
S008097,U04865,R0669,2026-01-26 15:59:31,Chennai,mobile,snack,False,Monday
S008098,U02936,R0790,2025-12-19 20:07:31,Kolkata,web,dinner,False,Friday
S008099,U02414,R0408,2025-12-10 23:52:31,Mumbai,mobile,late_night,False,Wednesday
S008100,U01193,R0604,2026-02-08 07:10:31,Pune,tablet,breakfast,True,Sunday
S008101,U00646,R0090,2026-02-11 19:40:31,Delhi,mobile,dinner,False,Wednesday
S008102,U03678,R0209,2026-01-21 05:44:31,Pune,mobile,late_night,False,Wednesday
S008103,U00669,R0164,2026-02-18 14:30:31,Hyderabad,mobile,lunch,False,Wednesday
S008104,U02251,R0242,2025-12-02 19:31:31,Hyderabad,web,dinner,False,Tuesday
S008105,U01208,R0638,2025-12-03 21:45:31,Hyderabad,mobile,dinner,False,Wednesday
S008106,U01870,R0662,2026-01-11 18:20:31,Mumbai,mobile,dinner,True,Sunday
S008107,U03868,R0170,2026-01-13 18:26:31,Chennai,mobile,dinner,False,Tuesday
S008108,U03999,R0373,2025-12-19 13:54:31,Pune,mobile,lunch,False,Friday
S008109,U02735,R0748,2026-01-02 12:38:31,Hyderabad,mobile,lunch,False,Friday
S008110,U03792,R0055,2026-01-04 11:19:31,Bangalore,mobile,lunch,True,Sunday
S008111,U01005,R0226,2026-02-22 13:59:31,Delhi,web,lunch,True,Sunday
S008112,U01456,R0365,2025-12-29 14:45:31,Kolkata,web,lunch,False,Monday
S008113,U03127,R0674,2026-02-18 11:29:31,Kolkata,mobile,lunch,False,Wednesday
S008114,U04098,R0433,2025-12-20 12:56:31,Mumbai,mobile,lunch,True,Saturday
S008115,U03615,R0059,2026-02-13 22:49:31,Kolkata,mobile,late_night,False,Friday
S008116,U03464,R0532,2026-01-24 20:12:31,Pune,web,dinner,True,Saturday
S008117,U03795,R0104,2026-01-22 11:55:31,Pune,mobile,lunch,False,Thursday
S008118,U02518,R0116,2025-11-29 20:21:31,Hyderabad,mobile,dinner,True,Saturday
S008119,U00303,R0434,2026-01-04 18:45:31,Mumbai,mobile,dinner,True,Sunday
S008120,U04677,R0600,2026-02-18 21:06:31,Mumbai,mobile,dinner,False,Wednesday
S008121,U03045,R0132,2026-02-13 00:44:31,Bangalore,mobile,late_night,False,Friday
S008122,U02381,R0647,2026-01-28 19:07:31,Delhi,web,dinner,False,Wednesday
S008123,U04314,R0577,2026-02-09 20:21:31,Mumbai,web,dinner,False,Monday
S008124,U02883,R0180,2025-12-11 14:33:31,Chennai,mobile,lunch,False,Thursday
S008125,U02635,R0230,2026-02-24 19:18:31,Pune,mobile,dinner,False,Tuesday
S008126,U00008,R0023,2026-01-14 00:24:31,Mumbai,mobile,late_night,False,Wednesday
S008127,U01425,R0682,2026-01-28 20:20:31,Delhi,mobile,dinner,False,Wednesday
S008128,U01269,R0064,2025-12-14 09:02:31,Bangalore,mobile,breakfast,True,Sunday
S008129,U04063,R0528,2025-12-17 11:13:31,Hyderabad,web,lunch,False,Wednesday
S008130,U03275,R0239,2025-12-29 12:07:31,Chennai,mobile,lunch,False,Monday
S008131,U03275,R0589,2026-01-15 17:19:31,Chennai,mobile,snack,False,Thursday
S008132,U04509,R0104,2026-01-17 22:52:31,Pune,web,late_night,True,Saturday
S008133,U04755,R0730,2025-12-10 08:11:31,Pune,mobile,breakfast,False,Wednesday
S008134,U04454,R0572,2026-01-09 09:44:31,Mumbai,mobile,breakfast,False,Friday
S008135,U00646,R0248,2026-01-13 21:19:31,Delhi,mobile,dinner,False,Tuesday
S008136,U04765,R0587,2026-01-10 12:40:31,Hyderabad,mobile,lunch,True,Saturday
S008137,U02426,R0470,2026-02-22 15:52:31,Bangalore,mobile,snack,True,Sunday
S008138,U00922,R0724,2025-12-20 08:51:31,Kolkata,mobile,breakfast,True,Saturday
S008139,U04109,R0551,2026-02-04 09:07:31,Pune,mobile,breakfast,False,Wednesday
S008140,U03594,R0355,2025-12-24 07:14:31,Hyderabad,web,breakfast,False,Wednesday
S008141,U01718,R0514,2026-01-15 10:48:31,Kolkata,mobile,breakfast,False,Thursday
S008142,U00779,R0115,2026-02-26 22:04:31,Bangalore,web,late_night,False,Thursday
S008143,U01375,R0138,2025-12-08 19:14:31,Mumbai,web,dinner,False,Monday
S008144,U02301,R0166,2026-01-11 15:39:31,Pune,mobile,snack,True,Sunday
S008145,U04636,R0434,2026-02-21 06:31:31,Mumbai,mobile,breakfast,True,Saturday
S008146,U02331,R0609,2025-12-12 21:48:31,Bangalore,mobile,dinner,False,Friday
S008147,U01247,R0245,2025-12-09 09:48:31,Delhi,mobile,breakfast,False,Tuesday
S008148,U01101,R0795,2026-01-20 12:40:31,Mumbai,mobile,lunch,False,Tuesday
S008149,U00670,R0628,2026-01-30 20:06:31,Hyderabad,mobile,dinner,False,Friday
S008150,U04908,R0023,2026-01-21 11:28:31,Mumbai,web,lunch,False,Wednesday
S008151,U04262,R0708,2025-12-08 12:09:31,Bangalore,web,lunch,False,Monday
S008152,U01493,R0672,2026-02-03 15:48:31,Delhi,mobile,snack,False,Tuesday
S008153,U02297,R0613,2025-12-27 07:43:31,Kolkata,mobile,breakfast,True,Saturday
S008154,U04411,R0242,2025-12-10 07:48:31,Hyderabad,mobile,breakfast,False,Wednesday
S008155,U04322,R0781,2026-02-12 14:12:31,Kolkata,mobile,lunch,False,Thursday
S008156,U01242,R0338,2026-01-06 09:53:31,Pune,web,breakfast,False,Tuesday
S008157,U04544,R0451,2026-01-14 09:55:31,Chennai,mobile,breakfast,False,Wednesday
S008158,U03974,R0312,2025-12-20 10:18:31,Mumbai,mobile,breakfast,True,Saturday
S008159,U00125,R0038,2026-02-17 14:43:31,Pune,mobile,lunch,False,Tuesday
S008160,U01599,R0080,2026-01-11 13:00:31,Bangalore,web,lunch,True,Sunday
S008161,U02018,R0510,2025-12-09 14:44:31,Chennai,mobile,lunch,False,Tuesday
S008162,U01252,R0522,2025-12-28 06:32:31,Hyderabad,mobile,breakfast,True,Sunday
S008163,U01515,R0045,2025-12-14 12:23:31,Hyderabad,web,lunch,True,Sunday
S008164,U02229,R0090,2025-12-21 04:00:31,Delhi,mobile,late_night,True,Sunday
S008165,U03612,R0490,2026-01-07 04:56:31,Mumbai,mobile,late_night,False,Wednesday
S008166,U00038,R0007,2026-01-23 19:46:31,Bangalore,mobile,dinner,False,Friday
S008167,U04720,R0587,2025-12-29 07:03:31,Hyderabad,tablet,breakfast,False,Monday
S008168,U01968,R0564,2026-01-04 11:34:31,Pune,mobile,lunch,True,Sunday
S008169,U03701,R0567,2026-02-25 22:07:31,Pune,web,late_night,False,Wednesday
S008170,U00084,R0783,2025-12-12 22:57:31,Bangalore,mobile,late_night,False,Friday
S008171,U01477,R0589,2026-01-01 08:00:31,Chennai,mobile,breakfast,False,Thursday
S008172,U04762,R0174,2026-02-19 22:21:31,Delhi,mobile,late_night,False,Thursday
S008173,U03698,R0356,2026-02-20 11:16:31,Delhi,mobile,lunch,False,Friday
S008174,U03510,R0020,2025-12-21 18:44:31,Kolkata,mobile,dinner,True,Sunday
S008175,U04653,R0609,2025-12-13 21:56:31,Bangalore,mobile,dinner,True,Saturday
S008176,U04821,R0236,2025-12-04 17:27:31,Hyderabad,mobile,snack,False,Thursday
S008177,U00982,R0657,2026-02-04 00:23:31,Delhi,mobile,late_night,False,Wednesday
S008178,U04795,R0512,2026-01-28 23:14:31,Pune,web,late_night,False,Wednesday
S008179,U04225,R0102,2026-01-27 22:19:31,Kolkata,mobile,late_night,False,Tuesday
S008180,U01249,R0597,2026-01-11 18:16:31,Hyderabad,mobile,dinner,True,Sunday
S008181,U03173,R0609,2025-12-02 18:20:31,Bangalore,web,dinner,False,Tuesday
S008182,U01433,R0574,2026-02-21 11:48:31,Chennai,web,lunch,True,Saturday
S008183,U01291,R0203,2025-12-25 06:35:31,Chennai,tablet,breakfast,False,Thursday
S008184,U00935,R0181,2026-01-14 18:55:31,Hyderabad,web,dinner,False,Wednesday
S008185,U00148,R0375,2025-12-22 22:44:31,Kolkata,tablet,late_night,False,Monday
S008186,U03099,R0194,2025-12-18 06:38:31,Kolkata,web,breakfast,False,Thursday
S008187,U00070,R0050,2026-01-03 23:05:31,Pune,web,late_night,True,Saturday
S008188,U00010,R0197,2026-01-11 02:41:31,Chennai,mobile,late_night,True,Sunday
S008189,U00018,R0343,2025-12-24 18:00:31,Pune,web,dinner,False,Wednesday
S008190,U04368,R0285,2025-12-25 13:20:31,Kolkata,web,lunch,False,Thursday
S008191,U02656,R0678,2026-02-08 13:01:31,Pune,mobile,lunch,True,Sunday
S008192,U03982,R0654,2026-01-01 22:52:31,Pune,mobile,late_night,False,Thursday
S008193,U01003,R0407,2025-12-15 18:55:31,Kolkata,mobile,dinner,False,Monday
S008194,U00141,R0797,2026-02-07 14:56:31,Bangalore,mobile,lunch,True,Saturday
S008195,U01882,R0757,2026-02-09 11:06:31,Bangalore,mobile,lunch,False,Monday
S008196,U03022,R0292,2026-02-05 12:24:31,Mumbai,mobile,lunch,False,Thursday
S008197,U03357,R0794,2025-11-30 08:33:31,Kolkata,tablet,breakfast,True,Sunday
S008198,U04104,R0166,2025-12-08 03:29:31,Pune,mobile,late_night,False,Monday
S008199,U02038,R0719,2025-12-28 07:12:31,Chennai,mobile,breakfast,True,Sunday
S008200,U03741,R0344,2026-01-28 21:09:31,Chennai,mobile,dinner,False,Wednesday
S008201,U04187,R0355,2026-01-28 15:26:31,Hyderabad,mobile,snack,False,Wednesday
S008202,U00444,R0721,2026-02-24 12:01:31,Hyderabad,mobile,lunch,False,Tuesday
S008203,U04642,R0573,2026-02-11 07:35:31,Bangalore,mobile,breakfast,False,Wednesday
S008204,U02365,R0361,2026-02-22 11:37:31,Chennai,mobile,lunch,True,Sunday
S008205,U00220,R0486,2026-02-04 14:39:31,Chennai,mobile,lunch,False,Wednesday
S008206,U02777,R0515,2026-01-11 19:13:31,Delhi,mobile,dinner,True,Sunday
S008207,U04620,R0748,2026-02-05 13:53:31,Hyderabad,mobile,lunch,False,Thursday
S008208,U02098,R0005,2025-12-15 17:44:31,Pune,mobile,snack,False,Monday
S008209,U03835,R0013,2026-02-04 18:44:31,Delhi,mobile,dinner,False,Wednesday
S008210,U01476,R0290,2026-02-26 10:28:31,Mumbai,web,breakfast,False,Thursday
S008211,U04382,R0178,2026-01-17 14:44:31,Kolkata,mobile,lunch,True,Saturday
S008212,U02513,R0795,2026-02-20 07:04:31,Mumbai,mobile,breakfast,False,Friday
S008213,U03974,R0106,2025-12-06 12:43:31,Mumbai,mobile,lunch,True,Saturday
S008214,U03703,R0263,2025-12-20 10:52:31,Hyderabad,mobile,breakfast,True,Saturday
S008215,U00408,R0728,2025-12-14 09:35:31,Kolkata,mobile,breakfast,True,Sunday
S008216,U01872,R0696,2026-02-21 01:28:31,Bangalore,mobile,late_night,True,Saturday
S008217,U01235,R0441,2026-02-19 16:44:31,Chennai,tablet,snack,False,Thursday
S008218,U04036,R0447,2025-12-17 17:04:31,Delhi,mobile,snack,False,Wednesday
S008219,U02273,R0534,2026-01-29 19:02:31,Chennai,mobile,dinner,False,Thursday
S008220,U02583,R0154,2025-12-05 15:04:31,Bangalore,mobile,snack,False,Friday
S008221,U04438,R0550,2025-12-06 08:25:31,Chennai,mobile,breakfast,True,Saturday
S008222,U04853,R0326,2025-12-31 14:23:31,Mumbai,mobile,lunch,False,Wednesday
S008223,U01941,R0557,2026-02-08 05:19:31,Pune,mobile,late_night,True,Sunday
S008224,U04274,R0796,2026-01-05 16:26:31,Mumbai,mobile,snack,False,Monday
S008225,U03692,R0747,2025-12-14 09:47:31,Pune,tablet,breakfast,True,Sunday
S008226,U02261,R0620,2025-12-01 19:37:31,Mumbai,web,dinner,False,Monday
S008227,U00374,R0700,2026-01-02 11:54:31,Pune,mobile,lunch,False,Friday
S008228,U04232,R0724,2025-12-21 21:25:31,Kolkata,mobile,dinner,True,Sunday
S008229,U03654,R0327,2025-12-04 15:03:31,Pune,mobile,snack,False,Thursday
S008230,U02865,R0206,2025-12-31 12:22:31,Kolkata,web,lunch,False,Wednesday
S008231,U02253,R0419,2026-01-16 20:01:31,Hyderabad,mobile,dinner,False,Friday
S008232,U00636,R0013,2025-12-02 06:25:31,Delhi,web,breakfast,False,Tuesday
S008233,U00997,R0555,2025-12-07 13:30:31,Bangalore,tablet,lunch,True,Sunday
S008234,U00469,R0509,2026-01-21 22:46:31,Bangalore,mobile,late_night,False,Wednesday
S008235,U04659,R0632,2026-01-14 23:37:31,Pune,web,late_night,False,Wednesday
S008236,U00801,R0595,2025-12-03 07:37:31,Kolkata,mobile,breakfast,False,Wednesday
S008237,U03679,R0627,2026-01-02 10:15:31,Kolkata,tablet,breakfast,False,Friday
S008238,U00430,R0568,2025-12-02 13:49:31,Hyderabad,mobile,lunch,False,Tuesday
S008239,U01965,R0504,2025-12-19 17:19:31,Mumbai,mobile,snack,False,Friday
S008240,U03660,R0077,2026-02-11 11:07:31,Delhi,mobile,lunch,False,Wednesday
S008241,U01370,R0325,2025-12-26 21:49:31,Kolkata,mobile,dinner,False,Friday
S008242,U04767,R0293,2025-11-28 01:11:31,Delhi,mobile,late_night,False,Friday
S008243,U00515,R0555,2026-01-26 19:17:31,Bangalore,mobile,dinner,False,Monday
S008244,U04575,R0602,2025-12-16 22:15:31,Pune,mobile,late_night,False,Tuesday
S008245,U00002,R0669,2026-02-13 08:42:31,Chennai,mobile,breakfast,False,Friday
S008246,U00625,R0550,2026-02-03 12:51:31,Chennai,mobile,lunch,False,Tuesday
S008247,U04464,R0191,2025-12-25 19:18:31,Mumbai,mobile,dinner,False,Thursday
S008248,U02478,R0514,2025-12-16 16:28:31,Kolkata,mobile,snack,False,Tuesday
S008249,U01524,R0081,2026-01-13 20:48:31,Hyderabad,mobile,dinner,False,Tuesday
S008250,U02590,R0243,2026-02-21 20:42:31,Delhi,mobile,dinner,True,Saturday
S008251,U03187,R0450,2025-11-29 12:38:31,Bangalore,mobile,lunch,True,Saturday
S008252,U01298,R0095,2026-01-14 02:38:31,Kolkata,tablet,late_night,False,Wednesday
S008253,U00367,R0578,2026-02-25 20:59:31,Hyderabad,mobile,dinner,False,Wednesday
S008254,U03029,R0468,2026-02-23 18:28:31,Kolkata,mobile,dinner,False,Monday
S008255,U04768,R0794,2026-01-27 21:41:31,Kolkata,mobile,dinner,False,Tuesday
S008256,U04893,R0686,2026-02-10 07:55:31,Mumbai,mobile,breakfast,False,Tuesday
S008257,U01240,R0523,2026-01-22 23:07:31,Delhi,tablet,late_night,False,Thursday
S008258,U04555,R0458,2026-01-01 07:05:31,Chennai,mobile,breakfast,False,Thursday
S008259,U02545,R0728,2026-02-11 09:35:31,Kolkata,web,breakfast,False,Wednesday
S008260,U01861,R0205,2026-01-02 16:30:31,Pune,mobile,snack,False,Friday
S008261,U04067,R0263,2025-11-30 07:40:31,Hyderabad,mobile,breakfast,True,Sunday
S008262,U03038,R0349,2026-02-07 12:40:31,Bangalore,mobile,lunch,True,Saturday
S008263,U03697,R0094,2026-01-22 07:01:31,Delhi,web,breakfast,False,Thursday
S008264,U01107,R0569,2026-01-10 15:31:31,Kolkata,web,snack,True,Saturday
S008265,U01380,R0584,2026-01-19 12:58:31,Mumbai,mobile,lunch,False,Monday
S008266,U04686,R0143,2025-12-26 18:33:31,Chennai,mobile,dinner,False,Friday
S008267,U00260,R0182,2026-01-09 12:41:31,Delhi,mobile,lunch,False,Friday
S008268,U00953,R0767,2026-02-21 21:49:31,Hyderabad,web,dinner,True,Saturday
S008269,U02322,R0279,2025-12-29 17:55:31,Mumbai,mobile,snack,False,Monday
S008270,U01815,R0734,2026-02-21 12:03:31,Kolkata,mobile,lunch,True,Saturday
S008271,U00380,R0438,2026-02-24 10:36:31,Mumbai,web,breakfast,False,Tuesday
S008272,U01758,R0722,2026-02-08 14:51:31,Delhi,mobile,lunch,True,Sunday
S008273,U01770,R0183,2026-02-16 19:20:31,Bangalore,tablet,dinner,False,Monday
S008274,U01858,R0720,2025-12-25 14:37:31,Hyderabad,mobile,lunch,False,Thursday
S008275,U04797,R0547,2026-02-06 21:49:31,Bangalore,mobile,dinner,False,Friday
S008276,U02216,R0751,2025-12-12 13:10:31,Chennai,mobile,lunch,False,Friday
S008277,U04598,R0729,2026-02-21 17:52:31,Kolkata,mobile,snack,True,Saturday
S008278,U02536,R0093,2026-02-07 10:12:31,Delhi,mobile,breakfast,True,Saturday
S008279,U03523,R0504,2026-02-16 19:18:31,Mumbai,mobile,dinner,False,Monday
S008280,U01682,R0190,2026-02-15 21:09:31,Bangalore,mobile,dinner,True,Sunday
S008281,U01733,R0254,2025-11-29 06:06:31,Hyderabad,mobile,breakfast,True,Saturday
S008282,U03548,R0570,2026-01-30 10:54:31,Kolkata,mobile,breakfast,False,Friday
S008283,U04183,R0325,2026-02-17 18:56:31,Kolkata,mobile,dinner,False,Tuesday
S008284,U01584,R0498,2026-01-10 11:57:31,Kolkata,mobile,lunch,True,Saturday
S008285,U04028,R0174,2026-01-11 10:30:31,Delhi,tablet,breakfast,True,Sunday
S008286,U00987,R0334,2026-02-04 10:29:31,Chennai,mobile,breakfast,False,Wednesday
S008287,U03625,R0624,2026-02-21 19:06:31,Pune,mobile,dinner,True,Saturday
S008288,U01486,R0212,2025-12-02 19:18:31,Bangalore,mobile,dinner,False,Tuesday
S008289,U01515,R0499,2026-01-22 12:52:31,Hyderabad,mobile,lunch,False,Thursday
S008290,U04086,R0544,2026-01-16 19:32:31,Kolkata,mobile,dinner,False,Friday
S008291,U04568,R0514,2025-11-30 21:42:31,Kolkata,mobile,dinner,True,Sunday
S008292,U04610,R0008,2025-12-29 14:48:31,Mumbai,mobile,lunch,False,Monday
S008293,U03549,R0486,2026-02-25 21:02:31,Chennai,mobile,dinner,False,Wednesday
S008294,U00001,R0034,2025-12-08 20:46:31,Delhi,mobile,dinner,False,Monday
S008295,U00215,R0568,2026-01-09 08:42:31,Hyderabad,mobile,breakfast,False,Friday
S008296,U01995,R0157,2025-12-22 13:55:31,Mumbai,mobile,lunch,False,Monday
S008297,U03465,R0483,2025-12-09 14:57:31,Hyderabad,mobile,lunch,False,Tuesday
S008298,U02804,R0014,2025-12-04 06:55:31,Chennai,mobile,breakfast,False,Thursday
S008299,U00230,R0255,2025-12-11 15:09:31,Pune,mobile,snack,False,Thursday
S008300,U00741,R0120,2026-01-26 16:10:31,Hyderabad,mobile,snack,False,Monday
S008301,U03272,R0556,2026-01-28 02:45:31,Kolkata,mobile,late_night,False,Wednesday
S008302,U02185,R0784,2026-02-21 19:08:31,Hyderabad,web,dinner,True,Saturday
S008303,U00463,R0010,2026-01-09 17:43:31,Bangalore,mobile,snack,False,Friday
S008304,U04774,R0089,2026-02-25 18:07:31,Mumbai,mobile,dinner,False,Wednesday
S008305,U00730,R0580,2026-02-25 00:18:31,Delhi,web,late_night,False,Wednesday
S008306,U04582,R0470,2026-01-23 21:23:31,Bangalore,mobile,dinner,False,Friday
S008307,U04525,R0476,2026-02-06 15:27:31,Mumbai,web,snack,False,Friday
S008308,U03984,R0564,2025-12-11 19:30:31,Pune,mobile,dinner,False,Thursday
S008309,U02090,R0256,2026-02-11 13:30:31,Kolkata,mobile,lunch,False,Wednesday
S008310,U03333,R0578,2026-02-15 11:44:31,Hyderabad,mobile,lunch,True,Sunday
S008311,U00311,R0316,2026-01-21 17:33:31,Chennai,mobile,snack,False,Wednesday
S008312,U00438,R0759,2025-12-26 13:06:31,Hyderabad,mobile,lunch,False,Friday
S008313,U00004,R0743,2026-01-30 06:16:31,Pune,mobile,breakfast,False,Friday
S008314,U01897,R0377,2026-01-09 07:08:31,Hyderabad,web,breakfast,False,Friday
S008315,U00967,R0219,2026-01-21 07:06:31,Delhi,mobile,breakfast,False,Wednesday
S008316,U01019,R0512,2025-12-09 18:39:31,Pune,mobile,dinner,False,Tuesday
S008317,U04364,R0686,2025-12-08 11:25:31,Mumbai,mobile,lunch,False,Monday
S008318,U00553,R0212,2026-01-20 22:35:31,Bangalore,mobile,late_night,False,Tuesday
S008319,U01277,R0667,2025-12-05 20:06:31,Pune,mobile,dinner,False,Friday
S008320,U02427,R0601,2026-01-08 13:36:31,Pune,mobile,lunch,False,Thursday
S008321,U01861,R0629,2026-02-23 23:03:31,Pune,web,late_night,False,Monday
S008322,U01617,R0203,2026-01-15 13:20:31,Chennai,mobile,lunch,False,Thursday
S008323,U04158,R0381,2026-02-24 10:07:31,Bangalore,mobile,breakfast,False,Tuesday
S008324,U01188,R0227,2026-02-20 13:16:31,Kolkata,web,lunch,False,Friday
S008325,U01524,R0236,2026-02-09 18:11:31,Hyderabad,mobile,dinner,False,Monday
S008326,U03292,R0294,2025-12-13 06:03:31,Pune,mobile,breakfast,True,Saturday
S008327,U00618,R0267,2026-01-31 14:46:31,Chennai,web,lunch,True,Saturday
S008328,U01839,R0647,2025-12-28 22:06:31,Delhi,mobile,late_night,True,Sunday
S008329,U04542,R0465,2026-02-15 14:55:31,Kolkata,mobile,lunch,True,Sunday
S008330,U03501,R0291,2026-01-11 13:13:31,Hyderabad,mobile,lunch,True,Sunday
S008331,U01656,R0523,2025-12-24 11:57:31,Delhi,web,lunch,False,Wednesday
S008332,U03812,R0565,2026-02-20 13:58:31,Kolkata,mobile,lunch,False,Friday
S008333,U01720,R0013,2025-12-18 11:16:31,Delhi,mobile,lunch,False,Thursday
S008334,U04625,R0365,2025-12-22 11:00:31,Kolkata,mobile,lunch,False,Monday
S008335,U04910,R0588,2025-11-29 11:50:31,Bangalore,mobile,lunch,True,Saturday
S008336,U01976,R0120,2025-12-26 13:01:31,Hyderabad,mobile,lunch,False,Friday
S008337,U01684,R0562,2026-01-25 13:08:31,Pune,mobile,lunch,True,Sunday
S008338,U04427,R0781,2026-01-20 15:37:31,Kolkata,mobile,snack,False,Tuesday
S008339,U00112,R0047,2025-12-21 06:30:31,Pune,tablet,breakfast,True,Sunday
S008340,U03937,R0110,2026-02-11 14:35:31,Chennai,mobile,lunch,False,Wednesday
S008341,U04358,R0219,2026-02-03 13:54:31,Delhi,web,lunch,False,Tuesday
S008342,U01354,R0600,2026-01-20 21:36:31,Mumbai,mobile,dinner,False,Tuesday
S008343,U02176,R0022,2025-12-26 12:44:31,Pune,tablet,lunch,False,Friday
S008344,U04723,R0762,2026-01-28 18:56:31,Delhi,tablet,dinner,False,Wednesday
S008345,U02266,R0237,2025-12-28 21:26:31,Chennai,mobile,dinner,True,Sunday
S008346,U04014,R0742,2026-01-23 19:14:31,Mumbai,mobile,dinner,False,Friday
S008347,U04250,R0266,2026-02-21 20:10:31,Hyderabad,mobile,dinner,True,Saturday
S008348,U00054,R0466,2025-12-14 12:02:31,Kolkata,mobile,lunch,True,Sunday
S008349,U03811,R0039,2026-01-27 22:08:31,Delhi,web,late_night,False,Tuesday
S008350,U02269,R0565,2026-02-22 19:48:31,Kolkata,mobile,dinner,True,Sunday
S008351,U03195,R0090,2026-01-14 11:03:31,Delhi,web,lunch,False,Wednesday
S008352,U00624,R0771,2026-01-10 20:18:31,Bangalore,web,dinner,True,Saturday
S008353,U00580,R0547,2025-11-30 15:55:31,Bangalore,mobile,snack,True,Sunday
S008354,U00754,R0553,2025-12-06 18:36:31,Bangalore,web,dinner,True,Saturday
S008355,U03193,R0547,2026-02-03 22:40:31,Bangalore,mobile,late_night,False,Tuesday
S008356,U00523,R0057,2026-01-09 10:44:31,Hyderabad,mobile,breakfast,False,Friday
S008357,U04224,R0272,2025-12-11 07:20:31,Delhi,mobile,breakfast,False,Thursday
S008358,U02827,R0151,2025-12-25 22:06:31,Hyderabad,mobile,late_night,False,Thursday
S008359,U04193,R0544,2026-01-01 03:09:31,Kolkata,mobile,late_night,False,Thursday
S008360,U01919,R0578,2026-01-08 19:51:31,Hyderabad,mobile,dinner,False,Thursday
S008361,U04138,R0714,2026-01-12 20:10:31,Chennai,mobile,dinner,False,Monday
S008362,U02981,R0713,2026-01-04 16:37:31,Chennai,web,snack,True,Sunday
S008363,U02295,R0727,2025-12-16 20:41:31,Delhi,mobile,dinner,False,Tuesday
S008364,U04848,R0292,2026-01-09 23:51:31,Mumbai,mobile,late_night,False,Friday
S008365,U04511,R0779,2025-12-11 11:26:31,Chennai,mobile,lunch,False,Thursday
S008366,U00115,R0242,2026-01-27 18:11:31,Hyderabad,mobile,dinner,False,Tuesday
S008367,U03727,R0579,2026-02-12 16:08:31,Pune,mobile,snack,False,Thursday
S008368,U03496,R0772,2026-02-12 17:17:31,Bangalore,web,snack,False,Thursday
S008369,U03200,R0110,2025-12-04 18:01:31,Chennai,mobile,dinner,False,Thursday
S008370,U02044,R0444,2026-01-13 16:07:31,Bangalore,web,snack,False,Tuesday
S008371,U01988,R0452,2025-12-18 06:04:31,Bangalore,mobile,breakfast,False,Thursday
S008372,U00466,R0003,2026-02-19 02:12:31,Bangalore,mobile,late_night,False,Thursday
S008373,U03142,R0169,2026-02-10 13:41:31,Delhi,mobile,lunch,False,Tuesday
S008374,U02669,R0629,2026-02-23 23:53:31,Pune,mobile,late_night,False,Monday
S008375,U02180,R0246,2026-01-24 21:22:31,Hyderabad,mobile,dinner,True,Saturday
S008376,U00958,R0347,2026-02-10 01:07:31,Kolkata,mobile,late_night,False,Tuesday
S008377,U04670,R0772,2025-12-02 16:55:31,Bangalore,mobile,snack,False,Tuesday
S008378,U01264,R0355,2026-01-30 10:37:31,Hyderabad,mobile,breakfast,False,Friday
S008379,U00519,R0654,2026-01-12 14:49:31,Pune,web,lunch,False,Monday
S008380,U00724,R0670,2025-12-24 21:27:31,Kolkata,mobile,dinner,False,Wednesday
S008381,U02299,R0793,2025-12-18 22:22:31,Mumbai,mobile,late_night,False,Thursday
S008382,U02559,R0243,2026-01-10 11:00:31,Delhi,mobile,lunch,True,Saturday
S008383,U00987,R0751,2025-12-29 12:04:31,Chennai,mobile,lunch,False,Monday
S008384,U01038,R0449,2026-02-06 08:40:31,Chennai,mobile,breakfast,False,Friday
S008385,U03780,R0196,2026-01-17 22:13:31,Mumbai,mobile,late_night,True,Saturday
S008386,U00560,R0222,2025-12-26 10:57:31,Pune,mobile,breakfast,False,Friday
S008387,U00898,R0641,2026-02-18 08:06:31,Chennai,web,breakfast,False,Wednesday
S008388,U04003,R0638,2025-12-20 14:10:31,Hyderabad,mobile,lunch,True,Saturday
S008389,U03972,R0243,2026-02-24 11:38:31,Delhi,mobile,lunch,False,Tuesday
S008390,U03959,R0262,2026-01-09 14:22:31,Mumbai,mobile,lunch,False,Friday
S008391,U03257,R0060,2026-01-26 19:10:31,Mumbai,mobile,dinner,False,Monday
S008392,U01002,R0670,2025-12-21 16:33:31,Kolkata,mobile,snack,True,Sunday
S008393,U01192,R0115,2026-02-26 10:26:31,Bangalore,web,breakfast,False,Thursday
S008394,U04971,R0193,2025-12-06 20:27:31,Chennai,mobile,dinner,True,Saturday
S008395,U04935,R0710,2026-02-17 07:12:31,Delhi,web,breakfast,False,Tuesday
S008396,U00246,R0492,2026-02-11 08:43:31,Kolkata,tablet,breakfast,False,Wednesday
S008397,U04497,R0715,2026-02-01 08:33:31,Delhi,mobile,breakfast,True,Sunday
S008398,U00068,R0307,2026-01-14 07:03:31,Kolkata,mobile,breakfast,False,Wednesday
S008399,U01239,R0062,2025-12-15 10:06:31,Kolkata,mobile,breakfast,False,Monday
S008400,U00877,R0284,2025-12-13 06:26:31,Pune,web,breakfast,True,Saturday
S008401,U00964,R0144,2026-01-05 22:41:31,Bangalore,mobile,late_night,False,Monday
S008402,U02588,R0091,2026-02-04 11:47:31,Pune,mobile,lunch,False,Wednesday
S008403,U00587,R0338,2026-01-17 12:58:31,Pune,mobile,lunch,True,Saturday
S008404,U01942,R0315,2026-02-24 12:49:31,Kolkata,mobile,lunch,False,Tuesday
S008405,U04435,R0563,2025-12-12 18:46:31,Mumbai,web,dinner,False,Friday
S008406,U04819,R0499,2025-12-24 21:55:31,Hyderabad,mobile,dinner,False,Wednesday
S008407,U04484,R0055,2026-02-02 10:18:31,Bangalore,mobile,breakfast,False,Monday
S008408,U00850,R0307,2026-01-10 07:56:31,Kolkata,mobile,breakfast,True,Saturday
S008409,U03359,R0158,2026-02-17 09:16:31,Mumbai,web,breakfast,False,Tuesday
S008410,U03519,R0475,2026-02-03 11:18:31,Bangalore,mobile,lunch,False,Tuesday
S008411,U03389,R0503,2026-01-18 12:47:31,Pune,mobile,lunch,True,Sunday
S008412,U01616,R0800,2026-01-26 13:40:31,Bangalore,web,lunch,False,Monday
S008413,U01219,R0332,2026-01-08 18:01:31,Hyderabad,mobile,dinner,False,Thursday
S008414,U04396,R0478,2025-12-06 13:20:31,Hyderabad,web,lunch,True,Saturday
S008415,U02658,R0126,2026-01-05 20:58:31,Chennai,mobile,dinner,False,Monday
S008416,U03654,R0484,2026-02-14 19:09:31,Pune,web,dinner,True,Saturday
S008417,U03181,R0157,2025-12-01 15:47:31,Mumbai,mobile,snack,False,Monday
S008418,U02483,R0007,2025-12-03 12:09:31,Bangalore,web,lunch,False,Wednesday
S008419,U02617,R0234,2025-12-20 07:00:31,Mumbai,mobile,breakfast,True,Saturday
S008420,U01979,R0161,2026-01-01 13:58:31,Bangalore,web,lunch,False,Thursday
S008421,U02036,R0038,2025-12-17 16:18:31,Pune,web,snack,False,Wednesday
S008422,U02451,R0486,2026-01-20 23:10:31,Chennai,mobile,late_night,False,Tuesday
S008423,U01856,R0168,2026-02-08 14:25:31,Pune,mobile,lunch,True,Sunday
S008424,U02873,R0049,2025-12-26 16:17:31,Delhi,mobile,snack,False,Friday
S008425,U02342,R0502,2026-02-04 10:29:31,Delhi,mobile,breakfast,False,Wednesday
S008426,U02587,R0535,2026-01-30 07:44:31,Mumbai,mobile,breakfast,False,Friday
S008427,U03480,R0588,2025-12-22 16:54:31,Bangalore,tablet,snack,False,Monday
S008428,U03671,R0042,2025-12-31 03:53:31,Pune,mobile,late_night,False,Wednesday
S008429,U04320,R0492,2025-12-11 13:07:31,Kolkata,mobile,lunch,False,Thursday
S008430,U00817,R0223,2025-12-29 11:30:31,Delhi,mobile,lunch,False,Monday
S008431,U03528,R0203,2026-02-06 18:57:31,Chennai,mobile,dinner,False,Friday
S008432,U00964,R0588,2026-01-03 18:48:31,Bangalore,mobile,dinner,True,Saturday
S008433,U01564,R0399,2026-01-12 12:54:31,Bangalore,mobile,lunch,False,Monday
S008434,U03078,R0319,2026-02-08 09:41:31,Chennai,mobile,breakfast,True,Sunday
S008435,U04844,R0139,2026-02-14 14:50:31,Delhi,mobile,lunch,True,Saturday
S008436,U04620,R0791,2026-02-17 06:02:31,Hyderabad,mobile,breakfast,False,Tuesday
S008437,U03958,R0200,2025-12-24 11:19:31,Kolkata,web,lunch,False,Wednesday
S008438,U00773,R0755,2026-02-14 21:48:31,Chennai,mobile,dinner,True,Saturday
S008439,U04845,R0752,2026-01-26 20:15:31,Kolkata,mobile,dinner,False,Monday
S008440,U02462,R0285,2025-12-03 19:44:31,Kolkata,mobile,dinner,False,Wednesday
S008441,U03185,R0274,2025-12-11 15:33:31,Delhi,mobile,snack,False,Thursday
S008442,U01202,R0475,2026-02-04 12:34:31,Bangalore,web,lunch,False,Wednesday
S008443,U02201,R0148,2026-01-21 10:01:31,Delhi,tablet,breakfast,False,Wednesday
S008444,U04059,R0398,2026-01-23 10:52:31,Bangalore,mobile,breakfast,False,Friday
S008445,U03127,R0020,2026-02-19 10:40:31,Kolkata,web,breakfast,False,Thursday
S008446,U02467,R0576,2025-12-29 15:54:31,Mumbai,web,snack,False,Monday
S008447,U02087,R0754,2025-12-06 14:06:31,Hyderabad,web,lunch,True,Saturday
S008448,U00464,R0116,2025-12-10 11:10:31,Hyderabad,mobile,lunch,False,Wednesday
S008449,U01447,R0597,2026-01-09 19:07:31,Hyderabad,mobile,dinner,False,Friday
S008450,U03848,R0003,2025-12-14 20:39:31,Bangalore,mobile,dinner,True,Sunday
S008451,U01990,R0139,2026-02-24 22:45:31,Delhi,mobile,late_night,False,Tuesday
S008452,U00760,R0427,2026-02-19 08:55:31,Chennai,mobile,breakfast,False,Thursday
S008453,U04113,R0545,2026-01-18 06:34:31,Kolkata,mobile,breakfast,True,Sunday
S008454,U00102,R0373,2026-01-31 19:46:31,Pune,tablet,dinner,True,Saturday
S008455,U00863,R0234,2026-02-25 06:55:31,Mumbai,mobile,breakfast,False,Wednesday
S008456,U00103,R0373,2026-02-06 09:27:31,Pune,mobile,breakfast,False,Friday
S008457,U01567,R0683,2026-02-02 00:11:31,Hyderabad,mobile,late_night,False,Monday
S008458,U00496,R0068,2026-01-17 11:50:31,Kolkata,mobile,lunch,True,Saturday
S008459,U02790,R0400,2026-02-10 06:10:31,Hyderabad,web,breakfast,False,Tuesday
S008460,U04250,R0522,2026-01-07 12:33:31,Hyderabad,mobile,lunch,False,Wednesday
S008461,U03050,R0647,2025-12-10 23:09:31,Delhi,mobile,late_night,False,Wednesday
S008462,U03240,R0693,2025-12-05 06:44:31,Delhi,web,breakfast,False,Friday
S008463,U03716,R0437,2026-01-11 12:34:31,Kolkata,mobile,lunch,True,Sunday
S008464,U01338,R0295,2026-01-30 01:27:31,Kolkata,mobile,late_night,False,Friday
S008465,U03023,R0056,2026-01-26 21:15:31,Chennai,mobile,dinner,False,Monday
S008466,U02286,R0738,2026-02-05 11:54:31,Pune,mobile,lunch,False,Thursday
S008467,U04348,R0486,2025-12-17 16:22:31,Chennai,web,snack,False,Wednesday
S008468,U03183,R0494,2026-01-15 09:17:31,Delhi,mobile,breakfast,False,Thursday
S008469,U02098,R0667,2026-01-21 11:16:31,Pune,mobile,lunch,False,Wednesday
S008470,U04764,R0691,2026-02-11 19:35:31,Bangalore,tablet,dinner,False,Wednesday
S008471,U02079,R0785,2025-12-23 10:25:31,Bangalore,tablet,breakfast,False,Tuesday
S008472,U03537,R0253,2026-02-09 07:49:31,Chennai,mobile,breakfast,False,Monday
S008473,U02471,R0250,2025-12-12 10:22:31,Hyderabad,mobile,breakfast,False,Friday
S008474,U03612,R0270,2026-02-12 12:33:31,Mumbai,mobile,lunch,False,Thursday
S008475,U00925,R0437,2025-12-31 11:35:31,Kolkata,mobile,lunch,False,Wednesday
S008476,U01133,R0394,2026-01-18 23:54:31,Hyderabad,web,late_night,True,Sunday
S008477,U00658,R0070,2026-01-26 08:09:31,Pune,mobile,breakfast,False,Monday
S008478,U00612,R0572,2026-01-01 10:18:31,Mumbai,mobile,breakfast,False,Thursday
S008479,U04816,R0105,2026-01-14 23:51:31,Pune,mobile,late_night,False,Wednesday
S008480,U03945,R0590,2026-01-08 08:42:31,Bangalore,web,breakfast,False,Thursday
S008481,U01687,R0618,2025-12-02 11:25:31,Mumbai,mobile,lunch,False,Tuesday
S008482,U00332,R0781,2025-12-09 12:37:31,Kolkata,tablet,lunch,False,Tuesday
S008483,U03542,R0267,2026-01-25 13:25:31,Chennai,mobile,lunch,True,Sunday
S008484,U04208,R0472,2025-12-12 06:06:31,Pune,mobile,breakfast,False,Friday
S008485,U04524,R0490,2025-12-06 13:05:31,Mumbai,mobile,lunch,True,Saturday
S008486,U00059,R0738,2026-02-05 09:58:31,Pune,mobile,breakfast,False,Thursday
S008487,U00091,R0579,2026-02-13 09:12:31,Pune,mobile,breakfast,False,Friday
S008488,U01748,R0559,2026-02-02 07:31:31,Hyderabad,web,breakfast,False,Monday
S008489,U04488,R0096,2026-02-23 21:55:31,Mumbai,mobile,dinner,False,Monday
S008490,U02006,R0040,2026-02-01 11:18:31,Bangalore,mobile,lunch,True,Sunday
S008491,U01598,R0114,2025-12-22 14:11:31,Bangalore,mobile,lunch,False,Monday
S008492,U04066,R0480,2025-12-24 06:37:31,Chennai,mobile,breakfast,False,Wednesday
S008493,U01636,R0004,2026-02-21 21:58:31,Hyderabad,mobile,dinner,True,Saturday
S008494,U04215,R0649,2026-02-09 18:51:31,Bangalore,mobile,dinner,False,Monday
S008495,U01384,R0743,2026-02-05 21:51:31,Pune,mobile,dinner,False,Thursday
S008496,U01291,R0669,2025-12-19 20:53:31,Chennai,mobile,dinner,False,Friday
S008497,U02722,R0589,2026-01-20 18:59:31,Chennai,mobile,dinner,False,Tuesday
S008498,U02419,R0496,2026-01-24 09:32:31,Chennai,mobile,breakfast,True,Saturday
S008499,U00005,R0251,2025-12-09 07:59:31,Kolkata,mobile,breakfast,False,Tuesday
S008500,U02137,R0442,2026-01-02 18:48:31,Bangalore,web,dinner,False,Friday
S008501,U02715,R0741,2025-12-05 08:30:31,Hyderabad,mobile,breakfast,False,Friday
S008502,U03003,R0787,2025-12-04 18:30:31,Delhi,mobile,dinner,False,Thursday
S008503,U00798,R0239,2026-02-19 04:49:31,Chennai,mobile,late_night,False,Thursday
S008504,U04336,R0097,2026-02-26 20:35:31,Chennai,mobile,dinner,False,Thursday
S008505,U02659,R0150,2026-02-22 18:06:31,Pune,mobile,dinner,True,Sunday
S008506,U01767,R0610,2026-01-03 20:58:31,Chennai,mobile,dinner,True,Saturday
S008507,U04587,R0453,2026-01-15 17:58:31,Delhi,mobile,snack,False,Thursday
S008508,U04436,R0757,2026-02-22 20:08:31,Bangalore,web,dinner,True,Sunday
S008509,U03597,R0478,2026-02-07 20:28:31,Hyderabad,mobile,dinner,True,Saturday
S008510,U00497,R0047,2026-01-14 12:23:31,Pune,mobile,lunch,False,Wednesday
S008511,U00879,R0763,2025-12-16 19:44:31,Pune,mobile,dinner,False,Tuesday
S008512,U03138,R0787,2025-12-25 13:34:31,Delhi,web,lunch,False,Thursday
S008513,U02398,R0273,2026-02-20 13:54:31,Mumbai,mobile,lunch,False,Friday
S008514,U02333,R0706,2026-02-25 18:36:31,Kolkata,mobile,dinner,False,Wednesday
S008515,U02636,R0298,2026-02-25 04:13:31,Mumbai,tablet,late_night,False,Wednesday
S008516,U01135,R0521,2026-01-11 07:02:31,Mumbai,web,breakfast,True,Sunday
S008517,U04286,R0429,2026-02-12 10:52:31,Bangalore,web,breakfast,False,Thursday
S008518,U03439,R0683,2026-02-23 11:47:31,Hyderabad,mobile,lunch,False,Monday
S008519,U03435,R0243,2025-12-21 09:35:31,Delhi,mobile,breakfast,True,Sunday
S008520,U03082,R0494,2026-01-18 19:34:31,Delhi,mobile,dinner,True,Sunday
S008521,U00085,R0003,2026-01-13 19:43:31,Bangalore,mobile,dinner,False,Tuesday
S008522,U00930,R0197,2026-02-08 02:28:31,Chennai,web,late_night,True,Sunday
S008523,U04934,R0651,2025-12-09 06:53:31,Mumbai,mobile,breakfast,False,Tuesday
S008524,U00645,R0395,2026-01-20 18:38:31,Pune,mobile,dinner,False,Tuesday
S008525,U00197,R0590,2026-01-26 21:32:31,Bangalore,mobile,dinner,False,Monday
S008526,U01956,R0738,2026-01-26 12:22:31,Pune,web,lunch,False,Monday
S008527,U02251,R0216,2026-02-07 22:28:31,Hyderabad,mobile,late_night,True,Saturday
S008528,U03759,R0588,2026-02-13 07:30:31,Bangalore,tablet,breakfast,False,Friday
S008529,U02669,R0424,2026-02-08 18:55:31,Pune,web,dinner,True,Sunday
S008530,U04082,R0463,2026-02-25 19:30:31,Delhi,mobile,dinner,False,Wednesday
S008531,U04685,R0455,2025-12-02 00:34:31,Pune,web,late_night,False,Tuesday
S008532,U01200,R0184,2026-02-16 05:47:31,Pune,mobile,late_night,False,Monday
S008533,U02830,R0491,2026-02-17 10:13:31,Mumbai,web,breakfast,False,Tuesday
S008534,U00465,R0609,2025-12-21 11:45:31,Bangalore,web,lunch,True,Sunday
S008535,U00334,R0195,2026-01-03 13:15:31,Hyderabad,mobile,lunch,True,Saturday
S008536,U00293,R0248,2026-01-06 11:14:31,Delhi,mobile,lunch,False,Tuesday
S008537,U01814,R0524,2025-12-05 17:25:31,Pune,mobile,snack,False,Friday
S008538,U02189,R0676,2025-12-01 08:21:31,Chennai,mobile,breakfast,False,Monday
S008539,U02237,R0783,2025-12-15 13:09:31,Bangalore,mobile,lunch,False,Monday
S008540,U04288,R0442,2026-02-09 06:26:31,Bangalore,tablet,breakfast,False,Monday
S008541,U01612,R0290,2026-01-24 07:43:31,Mumbai,mobile,breakfast,True,Saturday
S008542,U04001,R0379,2025-12-26 07:59:31,Mumbai,mobile,breakfast,False,Friday
S008543,U01587,R0543,2025-12-29 11:39:31,Hyderabad,mobile,lunch,False,Monday
S008544,U00865,R0281,2026-01-21 09:44:31,Pune,mobile,breakfast,False,Wednesday
S008545,U00815,R0297,2025-12-27 04:13:31,Pune,mobile,late_night,True,Saturday
S008546,U04453,R0650,2025-12-14 07:17:31,Hyderabad,mobile,breakfast,True,Sunday
S008547,U04713,R0413,2026-01-09 21:01:31,Bangalore,mobile,dinner,False,Friday
S008548,U03485,R0684,2025-12-12 06:26:31,Hyderabad,mobile,breakfast,False,Friday
S008549,U01105,R0563,2026-01-25 11:04:31,Mumbai,mobile,lunch,True,Sunday
S008550,U01342,R0210,2026-02-24 08:46:31,Delhi,mobile,breakfast,False,Tuesday
S008551,U00633,R0481,2026-02-26 11:35:31,Mumbai,mobile,lunch,False,Thursday
S008552,U01577,R0507,2025-12-18 08:38:31,Pune,web,breakfast,False,Thursday
S008553,U00282,R0524,2026-02-02 06:38:31,Pune,mobile,breakfast,False,Monday
S008554,U00855,R0283,2026-02-06 11:39:31,Delhi,mobile,lunch,False,Friday
S008555,U02172,R0430,2025-12-08 13:50:31,Bangalore,web,lunch,False,Monday
S008556,U02867,R0347,2025-12-07 01:32:31,Kolkata,web,late_night,True,Sunday
S008557,U00149,R0236,2026-02-23 20:09:31,Hyderabad,web,dinner,False,Monday
S008558,U01162,R0013,2026-01-08 01:40:31,Delhi,mobile,late_night,False,Thursday
S008559,U04355,R0286,2025-12-25 12:46:31,Delhi,mobile,lunch,False,Thursday
S008560,U00024,R0152,2026-02-21 17:57:31,Pune,mobile,snack,True,Saturday
S008561,U02450,R0440,2026-01-21 06:39:31,Mumbai,mobile,breakfast,False,Wednesday
S008562,U02650,R0411,2026-01-15 11:03:31,Mumbai,web,lunch,False,Thursday
S008563,U03596,R0319,2025-12-12 21:36:31,Chennai,mobile,dinner,False,Friday
S008564,U04127,R0578,2026-01-01 03:51:31,Hyderabad,mobile,late_night,False,Thursday
S008565,U04575,R0746,2025-12-01 19:38:31,Pune,mobile,dinner,False,Monday
S008566,U04319,R0464,2025-12-01 18:19:31,Mumbai,web,dinner,False,Monday
S008567,U03997,R0580,2025-12-09 11:16:31,Delhi,mobile,lunch,False,Tuesday
S008568,U01959,R0246,2026-02-19 13:46:31,Hyderabad,web,lunch,False,Thursday
S008569,U00380,R0616,2025-12-05 11:18:31,Mumbai,mobile,lunch,False,Friday
S008570,U04962,R0474,2025-12-14 16:39:31,Mumbai,web,snack,True,Sunday
S008571,U03989,R0155,2026-02-25 02:27:31,Bangalore,web,late_night,False,Wednesday
S008572,U02872,R0271,2026-01-21 18:17:31,Chennai,web,dinner,False,Wednesday
S008573,U02894,R0734,2026-02-09 14:17:31,Kolkata,mobile,lunch,False,Monday
S008574,U01088,R0799,2026-02-17 21:22:31,Pune,mobile,dinner,False,Tuesday
S008575,U04191,R0002,2026-01-21 23:45:31,Pune,mobile,late_night,False,Wednesday
S008576,U01672,R0056,2026-02-10 15:17:31,Chennai,mobile,snack,False,Tuesday
S008577,U03300,R0793,2026-01-28 16:00:31,Mumbai,mobile,snack,False,Wednesday
S008578,U01213,R0209,2025-12-09 12:06:31,Pune,mobile,lunch,False,Tuesday
S008579,U03120,R0692,2025-12-28 18:21:31,Hyderabad,web,dinner,True,Sunday
S008580,U03121,R0626,2026-01-18 07:46:31,Kolkata,mobile,breakfast,True,Sunday
S008581,U01878,R0616,2026-02-03 12:33:31,Mumbai,mobile,lunch,False,Tuesday
S008582,U00714,R0038,2026-01-15 18:35:31,Pune,mobile,dinner,False,Thursday
S008583,U03741,R0594,2026-02-10 21:26:31,Chennai,mobile,dinner,False,Tuesday
S008584,U04280,R0109,2026-01-20 17:26:31,Delhi,web,snack,False,Tuesday
S008585,U04524,R0474,2025-12-16 13:27:31,Mumbai,mobile,lunch,False,Tuesday
S008586,U04008,R0226,2026-02-24 01:04:31,Delhi,mobile,late_night,False,Tuesday
S008587,U01298,R0330,2026-01-04 19:06:31,Kolkata,web,dinner,True,Sunday
S008588,U03609,R0602,2026-01-09 15:28:31,Pune,web,snack,False,Friday
S008589,U02534,R0002,2026-02-25 19:51:31,Pune,mobile,dinner,False,Wednesday
S008590,U02388,R0670,2026-01-17 21:31:31,Kolkata,mobile,dinner,True,Saturday
S008591,U03936,R0394,2025-12-28 21:18:31,Hyderabad,tablet,dinner,True,Sunday
S008592,U02247,R0065,2026-01-09 18:46:31,Mumbai,mobile,dinner,False,Friday
S008593,U02658,R0458,2026-02-05 15:47:31,Chennai,mobile,snack,False,Thursday
S008594,U01299,R0434,2026-01-19 22:49:31,Mumbai,mobile,late_night,False,Monday
S008595,U04316,R0731,2026-02-23 07:33:31,Kolkata,mobile,breakfast,False,Monday
S008596,U00924,R0709,2026-01-29 16:40:31,Chennai,mobile,snack,False,Thursday
S008597,U00795,R0234,2025-11-30 08:18:31,Mumbai,web,breakfast,True,Sunday
S008598,U03602,R0670,2026-02-12 18:46:31,Kolkata,mobile,dinner,False,Thursday
S008599,U01382,R0547,2025-12-17 17:47:31,Bangalore,mobile,snack,False,Wednesday
S008600,U04195,R0438,2026-01-16 20:31:31,Mumbai,mobile,dinner,False,Friday
S008601,U00957,R0413,2025-12-14 11:24:31,Bangalore,mobile,lunch,True,Sunday
S008602,U02219,R0738,2026-02-24 10:46:31,Pune,mobile,breakfast,False,Tuesday
S008603,U04156,R0687,2026-02-14 19:57:31,Hyderabad,mobile,dinner,True,Saturday
S008604,U00812,R0779,2025-12-10 12:02:31,Chennai,tablet,lunch,False,Wednesday
S008605,U02249,R0550,2026-02-02 20:21:31,Chennai,mobile,dinner,False,Monday
S008606,U03913,R0003,2026-02-03 07:43:31,Bangalore,mobile,breakfast,False,Tuesday
S008607,U03808,R0666,2026-02-07 08:41:31,Delhi,mobile,breakfast,True,Saturday
S008608,U00519,R0415,2026-01-07 21:05:31,Pune,web,dinner,False,Wednesday
S008609,U01224,R0287,2026-02-17 10:56:31,Kolkata,mobile,breakfast,False,Tuesday
S008610,U00882,R0344,2026-01-12 07:30:31,Chennai,mobile,breakfast,False,Monday
S008611,U00715,R0197,2025-12-13 06:40:31,Chennai,mobile,breakfast,True,Saturday
S008612,U03274,R0053,2026-02-12 11:15:31,Kolkata,mobile,lunch,False,Thursday
S008613,U01310,R0584,2026-01-15 06:44:31,Mumbai,mobile,breakfast,False,Thursday
S008614,U03838,R0441,2025-12-16 08:12:31,Chennai,mobile,breakfast,False,Tuesday
S008615,U02252,R0215,2026-02-09 17:41:31,Bangalore,mobile,snack,False,Monday
S008616,U04763,R0408,2026-01-27 07:58:31,Mumbai,mobile,breakfast,False,Tuesday
S008617,U04206,R0323,2026-01-08 07:03:31,Pune,mobile,breakfast,False,Thursday
S008618,U04598,R0656,2026-02-25 03:40:31,Kolkata,mobile,late_night,False,Wednesday
S008619,U02616,R0479,2026-01-28 09:53:31,Kolkata,mobile,breakfast,False,Wednesday
S008620,U04444,R0642,2026-01-03 08:53:31,Mumbai,web,breakfast,True,Saturday
S008621,U04956,R0657,2025-12-09 21:14:31,Delhi,mobile,dinner,False,Tuesday
S008622,U03581,R0142,2025-12-25 03:23:31,Delhi,tablet,late_night,False,Thursday
S008623,U04824,R0610,2025-12-20 17:12:31,Chennai,mobile,snack,True,Saturday
S008624,U03026,R0239,2025-12-10 14:09:31,Chennai,mobile,lunch,False,Wednesday
S008625,U03841,R0071,2026-02-15 19:46:31,Delhi,mobile,dinner,True,Sunday
S008626,U01560,R0765,2025-12-27 09:14:31,Kolkata,tablet,breakfast,True,Saturday
S008627,U00192,R0472,2025-12-16 19:48:31,Pune,tablet,dinner,False,Tuesday
S008628,U04936,R0396,2025-11-28 11:16:31,Chennai,mobile,lunch,False,Friday
S008629,U04825,R0432,2026-01-13 11:24:31,Hyderabad,mobile,lunch,False,Tuesday
S008630,U02058,R0578,2025-12-22 10:32:31,Hyderabad,mobile,breakfast,False,Monday
S008631,U04749,R0758,2026-02-02 23:58:31,Mumbai,mobile,late_night,False,Monday
S008632,U01912,R0432,2026-02-18 10:38:31,Hyderabad,mobile,breakfast,False,Wednesday
S008633,U03570,R0770,2026-02-24 19:41:31,Pune,mobile,dinner,False,Tuesday
S008634,U00464,R0543,2025-12-19 11:44:31,Hyderabad,mobile,lunch,False,Friday
S008635,U03560,R0671,2026-02-16 12:40:31,Hyderabad,web,lunch,False,Monday
S008636,U02238,R0514,2026-01-18 01:52:31,Kolkata,mobile,late_night,True,Sunday
S008637,U00805,R0217,2025-12-23 12:39:31,Mumbai,mobile,lunch,False,Tuesday
S008638,U01943,R0286,2026-02-20 22:42:31,Delhi,mobile,late_night,False,Friday
S008639,U02356,R0501,2026-02-22 18:40:31,Mumbai,mobile,dinner,True,Sunday
S008640,U00165,R0010,2025-12-04 12:25:31,Bangalore,mobile,lunch,False,Thursday
S008641,U03256,R0734,2026-01-07 12:56:31,Kolkata,web,lunch,False,Wednesday
S008642,U03653,R0013,2026-02-02 22:43:31,Delhi,mobile,late_night,False,Monday
S008643,U00312,R0166,2026-01-10 11:51:31,Pune,web,lunch,True,Saturday
S008644,U02155,R0269,2025-12-01 10:36:31,Mumbai,mobile,breakfast,False,Monday
S008645,U03482,R0419,2026-01-23 20:12:31,Hyderabad,mobile,dinner,False,Friday
S008646,U01201,R0750,2025-12-04 13:35:31,Chennai,mobile,lunch,False,Thursday
S008647,U00018,R0160,2026-02-15 13:55:31,Pune,web,lunch,True,Sunday
S008648,U00048,R0011,2025-12-07 20:20:31,Kolkata,tablet,dinner,True,Sunday
S008649,U04941,R0170,2026-01-25 18:50:31,Chennai,mobile,dinner,True,Sunday
S008650,U04404,R0793,2025-12-19 21:31:31,Mumbai,mobile,dinner,False,Friday
S008651,U04683,R0119,2026-02-16 19:48:31,Hyderabad,mobile,dinner,False,Monday
S008652,U01639,R0443,2025-12-05 20:51:31,Kolkata,mobile,dinner,False,Friday
S008653,U04105,R0167,2026-01-14 17:21:31,Mumbai,mobile,snack,False,Wednesday
S008654,U00281,R0395,2025-11-30 21:30:31,Pune,web,dinner,True,Sunday
S008655,U01894,R0356,2025-12-13 16:49:31,Delhi,mobile,snack,True,Saturday
S008656,U02025,R0738,2025-12-24 16:45:31,Pune,mobile,snack,False,Wednesday
S008657,U01101,R0793,2026-01-31 21:27:31,Mumbai,mobile,dinner,True,Saturday
S008658,U04188,R0445,2025-12-05 12:48:31,Pune,mobile,lunch,False,Friday
S008659,U02961,R0568,2026-01-08 19:51:31,Hyderabad,mobile,dinner,False,Thursday
S008660,U01577,R0222,2026-01-14 23:22:31,Pune,mobile,late_night,False,Wednesday
S008661,U00821,R0599,2026-01-13 13:16:31,Pune,mobile,lunch,False,Tuesday
S008662,U02096,R0129,2026-02-09 15:50:31,Bangalore,tablet,snack,False,Monday
S008663,U02859,R0620,2025-12-22 19:52:31,Mumbai,mobile,dinner,False,Monday
S008664,U00525,R0463,2025-12-18 22:34:31,Delhi,tablet,late_night,False,Thursday
S008665,U03265,R0039,2026-02-03 07:33:31,Delhi,mobile,breakfast,False,Tuesday
S008666,U03490,R0628,2025-12-24 06:07:31,Hyderabad,mobile,breakfast,False,Wednesday
S008667,U03926,R0519,2026-01-03 12:03:31,Mumbai,mobile,lunch,True,Saturday
S008668,U04624,R0610,2026-01-12 18:00:31,Chennai,mobile,dinner,False,Monday
S008669,U01225,R0611,2025-12-27 06:54:31,Chennai,web,breakfast,True,Saturday
S008670,U00600,R0662,2026-01-01 18:27:31,Mumbai,mobile,dinner,False,Thursday
S008671,U04716,R0308,2026-02-10 09:47:31,Bangalore,mobile,breakfast,False,Tuesday
S008672,U00167,R0262,2026-02-23 12:16:31,Mumbai,mobile,lunch,False,Monday
S008673,U04808,R0259,2026-02-25 13:23:31,Delhi,web,lunch,False,Wednesday
S008674,U00288,R0219,2026-01-05 12:48:31,Delhi,mobile,lunch,False,Monday
S008675,U02861,R0698,2025-12-27 21:33:31,Kolkata,mobile,dinner,True,Saturday
S008676,U01054,R0526,2026-01-03 12:35:31,Kolkata,mobile,lunch,True,Saturday
S008677,U02876,R0209,2026-02-15 01:26:31,Pune,mobile,late_night,True,Sunday
S008678,U04378,R0466,2026-01-15 18:05:31,Kolkata,mobile,dinner,False,Thursday
S008679,U01828,R0119,2026-02-26 18:13:31,Hyderabad,mobile,dinner,False,Thursday
S008680,U03577,R0171,2026-02-22 04:58:31,Kolkata,mobile,late_night,True,Sunday
S008681,U02069,R0146,2026-02-25 22:35:31,Delhi,mobile,late_night,False,Wednesday
S008682,U01181,R0349,2025-12-21 08:05:31,Bangalore,web,breakfast,True,Sunday
S008683,U00798,R0520,2026-02-01 07:46:31,Chennai,mobile,breakfast,True,Sunday
S008684,U00556,R0510,2025-12-10 09:32:31,Chennai,web,breakfast,False,Wednesday
S008685,U01042,R0327,2026-01-29 10:53:31,Pune,mobile,breakfast,False,Thursday
S008686,U01162,R0274,2026-02-08 18:34:31,Delhi,mobile,dinner,True,Sunday
S008687,U02108,R0515,2026-02-18 18:35:31,Delhi,web,dinner,False,Wednesday
S008688,U00076,R0067,2025-12-23 10:12:31,Kolkata,web,breakfast,False,Tuesday
S008689,U00284,R0417,2026-01-10 13:16:31,Hyderabad,mobile,lunch,True,Saturday
S008690,U03033,R0116,2025-12-13 19:54:31,Hyderabad,web,dinner,True,Saturday
S008691,U01778,R0579,2025-12-14 10:47:31,Pune,mobile,breakfast,True,Sunday
S008692,U01950,R0316,2026-02-01 16:39:31,Chennai,mobile,snack,True,Sunday
S008693,U04544,R0510,2026-01-18 21:16:31,Chennai,web,dinner,True,Sunday
S008694,U04327,R0608,2026-01-28 17:18:31,Hyderabad,mobile,snack,False,Wednesday
S008695,U00694,R0637,2025-12-05 18:56:31,Hyderabad,web,dinner,False,Friday
S008696,U01139,R0656,2026-01-11 21:47:31,Kolkata,mobile,dinner,True,Sunday
S008697,U01969,R0197,2026-01-12 10:56:31,Chennai,mobile,breakfast,False,Monday
S008698,U01756,R0191,2026-01-09 10:52:31,Mumbai,mobile,breakfast,False,Friday
S008699,U03187,R0040,2026-02-14 06:26:31,Bangalore,mobile,breakfast,True,Saturday
S008700,U04239,R0539,2025-12-23 15:06:31,Pune,mobile,snack,False,Tuesday
S008701,U00057,R0032,2026-01-02 07:33:31,Chennai,mobile,breakfast,False,Friday
S008702,U01911,R0102,2026-02-06 21:51:31,Kolkata,mobile,dinner,False,Friday
S008703,U00694,R0236,2026-01-09 19:28:31,Hyderabad,mobile,dinner,False,Friday
S008704,U00765,R0338,2026-02-08 11:35:31,Pune,mobile,lunch,True,Sunday
S008705,U00114,R0234,2025-12-24 16:03:31,Mumbai,web,snack,False,Wednesday
S008706,U02991,R0593,2026-01-16 17:46:31,Kolkata,mobile,snack,False,Friday
S008707,U02087,R0487,2026-01-26 15:11:31,Hyderabad,mobile,snack,False,Monday
S008708,U03976,R0737,2026-01-22 19:31:31,Delhi,mobile,dinner,False,Thursday
S008709,U00197,R0218,2026-02-26 06:14:31,Bangalore,mobile,breakfast,False,Thursday
S008710,U03854,R0628,2026-02-12 11:42:31,Hyderabad,mobile,lunch,False,Thursday
S008711,U00321,R0489,2025-11-28 14:51:31,Bangalore,web,lunch,False,Friday
S008712,U04093,R0226,2025-11-28 11:10:31,Delhi,mobile,lunch,False,Friday
S008713,U02198,R0009,2026-02-12 10:27:31,Hyderabad,web,breakfast,False,Thursday
S008714,U02000,R0191,2026-02-19 12:15:31,Mumbai,mobile,lunch,False,Thursday
S008715,U00580,R0573,2026-01-21 02:59:31,Bangalore,mobile,late_night,False,Wednesday
S008716,U03544,R0069,2026-01-17 00:37:31,Hyderabad,mobile,late_night,True,Saturday
S008717,U00921,R0505,2025-12-22 08:53:31,Chennai,mobile,breakfast,False,Monday
S008718,U01748,R0120,2026-01-22 00:27:31,Hyderabad,mobile,late_night,False,Thursday
S008719,U01380,R0582,2026-02-11 20:44:31,Mumbai,web,dinner,False,Wednesday
S008720,U04660,R0628,2026-01-24 12:34:31,Hyderabad,mobile,lunch,True,Saturday
S008721,U02571,R0543,2025-12-07 18:46:31,Hyderabad,mobile,dinner,True,Sunday
S008722,U02111,R0384,2025-12-05 11:31:31,Delhi,mobile,lunch,False,Friday
S008723,U03469,R0571,2026-01-16 21:26:31,Pune,web,dinner,False,Friday
S008724,U04528,R0199,2026-02-25 18:56:31,Mumbai,mobile,dinner,False,Wednesday
S008725,U03172,R0778,2026-01-28 19:51:31,Chennai,mobile,dinner,False,Wednesday
S008726,U00964,R0769,2026-01-02 17:04:31,Bangalore,web,snack,False,Friday
S008727,U04138,R0180,2025-12-21 08:07:31,Chennai,mobile,breakfast,True,Sunday
S008728,U03363,R0518,2025-12-08 20:12:31,Hyderabad,mobile,dinner,False,Monday
S008729,U03942,R0219,2026-02-10 19:56:31,Delhi,mobile,dinner,False,Tuesday
S008730,U02624,R0392,2026-02-21 19:14:31,Delhi,mobile,dinner,True,Saturday
S008731,U02045,R0613,2025-12-11 15:06:31,Kolkata,mobile,snack,False,Thursday
S008732,U03792,R0107,2026-02-07 12:45:31,Bangalore,mobile,lunch,True,Saturday
S008733,U03070,R0284,2026-02-24 14:42:31,Pune,web,lunch,False,Tuesday
S008734,U02149,R0138,2025-12-20 21:53:31,Mumbai,web,dinner,True,Saturday
S008735,U00638,R0063,2025-12-15 13:40:31,Chennai,web,lunch,False,Monday
S008736,U03531,R0272,2026-02-26 15:57:31,Delhi,mobile,snack,False,Thursday
S008737,U03497,R0653,2026-02-02 07:00:31,Chennai,mobile,breakfast,False,Monday
S008738,U01285,R0397,2025-12-08 13:33:31,Mumbai,mobile,lunch,False,Monday
S008739,U04773,R0128,2026-02-22 12:07:31,Chennai,mobile,lunch,True,Sunday
S008740,U02700,R0333,2026-02-08 18:35:31,Pune,mobile,dinner,True,Sunday
S008741,U04126,R0053,2026-01-15 11:21:31,Kolkata,mobile,lunch,False,Thursday
S008742,U04446,R0790,2026-01-24 06:47:31,Kolkata,tablet,breakfast,True,Saturday
S008743,U00826,R0454,2026-02-09 06:46:31,Bangalore,mobile,breakfast,False,Monday
S008744,U04449,R0652,2025-12-05 21:40:31,Mumbai,web,dinner,False,Friday
S008745,U00824,R0019,2026-01-03 01:22:31,Bangalore,web,late_night,True,Saturday
S008746,U04668,R0678,2026-02-20 05:08:31,Pune,mobile,late_night,False,Friday
S008747,U03455,R0614,2026-02-04 02:20:31,Hyderabad,mobile,late_night,False,Wednesday
S008748,U02253,R0597,2026-02-05 11:07:31,Hyderabad,mobile,lunch,False,Thursday
S008749,U00154,R0689,2026-01-23 22:15:31,Delhi,mobile,late_night,False,Friday
S008750,U04471,R0564,2025-12-21 17:27:31,Pune,mobile,snack,True,Sunday
S008751,U04029,R0560,2026-02-15 19:46:31,Hyderabad,mobile,dinner,True,Sunday
S008752,U04755,R0002,2026-01-02 10:38:31,Pune,mobile,breakfast,False,Friday
S008753,U03508,R0710,2026-02-16 14:05:31,Delhi,mobile,lunch,False,Monday
S008754,U02353,R0450,2026-01-24 14:43:31,Bangalore,mobile,lunch,True,Saturday
S008755,U03795,R0629,2025-12-23 18:23:31,Pune,mobile,dinner,False,Tuesday
S008756,U01266,R0370,2026-01-01 10:41:31,Chennai,web,breakfast,False,Thursday
S008757,U01284,R0441,2025-12-05 19:57:31,Chennai,mobile,dinner,False,Friday
S008758,U04677,R0173,2026-01-24 07:16:31,Mumbai,mobile,breakfast,True,Saturday
S008759,U03763,R0420,2025-12-07 11:55:31,Chennai,mobile,lunch,True,Sunday
S008760,U02170,R0645,2025-12-25 13:03:31,Pune,mobile,lunch,False,Thursday
S008761,U00936,R0096,2026-01-31 06:15:31,Mumbai,mobile,breakfast,True,Saturday
S008762,U01079,R0129,2026-02-06 09:27:31,Bangalore,mobile,breakfast,False,Friday
S008763,U01471,R0020,2026-01-08 07:28:31,Kolkata,mobile,breakfast,False,Thursday
S008764,U02496,R0572,2026-01-20 19:44:31,Mumbai,web,dinner,False,Tuesday
S008765,U02489,R0272,2026-02-20 08:19:31,Delhi,web,breakfast,False,Friday
S008766,U03536,R0195,2026-01-17 08:31:31,Hyderabad,mobile,breakfast,True,Saturday
S008767,U00506,R0386,2026-01-20 11:58:31,Kolkata,mobile,lunch,False,Tuesday
S008768,U03459,R0338,2026-01-20 21:11:31,Pune,mobile,dinner,False,Tuesday
S008769,U00073,R0447,2026-01-26 06:24:31,Delhi,mobile,breakfast,False,Monday
S008770,U01277,R0022,2026-02-06 08:03:31,Pune,mobile,breakfast,False,Friday
S008771,U03323,R0771,2026-02-02 11:31:31,Bangalore,mobile,lunch,False,Monday
S008772,U04125,R0244,2026-01-01 07:17:31,Delhi,web,breakfast,False,Thursday
S008773,U03267,R0344,2025-12-25 20:10:31,Chennai,mobile,dinner,False,Thursday
S008774,U03386,R0203,2025-12-24 20:32:31,Chennai,mobile,dinner,False,Wednesday
S008775,U01035,R0457,2026-01-24 18:34:31,Delhi,web,dinner,True,Saturday
S008776,U03540,R0551,2026-01-08 10:59:31,Pune,mobile,breakfast,False,Thursday
S008777,U04038,R0073,2026-01-06 03:28:31,Hyderabad,mobile,late_night,False,Tuesday
S008778,U03298,R0586,2026-02-24 22:52:31,Delhi,mobile,late_night,False,Tuesday
S008779,U03871,R0140,2026-02-12 09:23:31,Kolkata,mobile,breakfast,False,Thursday
S008780,U00539,R0441,2025-12-27 11:47:31,Chennai,mobile,lunch,True,Saturday
S008781,U04827,R0634,2026-01-20 16:34:31,Chennai,mobile,snack,False,Tuesday
S008782,U03829,R0342,2026-01-03 23:13:31,Mumbai,mobile,late_night,True,Saturday
S008783,U01077,R0188,2025-12-05 06:08:31,Bangalore,mobile,breakfast,False,Friday
S008784,U04013,R0173,2026-02-01 13:52:31,Mumbai,mobile,lunch,True,Sunday
S008785,U00773,R0549,2025-12-12 15:53:31,Chennai,mobile,snack,False,Friday
S008786,U02087,R0119,2026-02-17 19:46:31,Hyderabad,web,dinner,False,Tuesday
S008787,U01764,R0038,2025-12-07 20:40:31,Pune,web,dinner,True,Sunday
S008788,U02464,R0632,2026-02-08 20:16:31,Pune,mobile,dinner,True,Sunday
S008789,U00541,R0657,2026-01-01 10:05:31,Delhi,mobile,breakfast,False,Thursday
S008790,U00726,R0044,2026-01-04 08:48:31,Delhi,mobile,breakfast,True,Sunday
S008791,U04257,R0599,2026-02-20 17:02:31,Pune,mobile,snack,False,Friday
S008792,U03258,R0309,2026-02-17 14:27:31,Kolkata,mobile,lunch,False,Tuesday
S008793,U04651,R0290,2026-01-15 09:26:31,Mumbai,mobile,breakfast,False,Thursday
S008794,U02027,R0332,2026-02-04 20:58:31,Hyderabad,web,dinner,False,Wednesday
S008795,U00174,R0371,2026-02-05 11:00:31,Kolkata,mobile,lunch,False,Thursday
S008796,U00565,R0424,2026-01-14 14:30:31,Pune,mobile,lunch,False,Wednesday
S008797,U02129,R0560,2026-01-03 21:39:31,Hyderabad,web,dinner,True,Saturday
S008798,U00361,R0681,2026-02-12 20:01:31,Kolkata,mobile,dinner,False,Thursday
S008799,U04507,R0074,2026-02-21 07:53:31,Delhi,mobile,breakfast,True,Saturday
S008800,U03181,R0662,2026-02-14 10:55:31,Mumbai,web,breakfast,True,Saturday
S008801,U03324,R0492,2026-02-06 09:10:31,Kolkata,mobile,breakfast,False,Friday
S008802,U00199,R0568,2026-02-05 12:10:31,Hyderabad,mobile,lunch,False,Thursday
S008803,U02088,R0561,2026-02-12 22:05:31,Bangalore,mobile,late_night,False,Thursday
S008804,U03372,R0540,2025-12-21 18:34:31,Chennai,mobile,dinner,True,Sunday
S008805,U04637,R0656,2025-12-22 19:25:31,Kolkata,web,dinner,False,Monday
S008806,U00219,R0687,2025-11-29 07:57:31,Hyderabad,mobile,breakfast,True,Saturday
S008807,U00638,R0189,2025-11-30 06:17:31,Chennai,web,breakfast,True,Sunday
S008808,U03160,R0263,2025-12-28 15:02:31,Hyderabad,mobile,snack,True,Sunday
S008809,U00717,R0620,2026-01-24 12:21:31,Mumbai,mobile,lunch,True,Saturday
S008810,U01297,R0289,2026-02-01 18:53:31,Pune,mobile,dinner,True,Sunday
S008811,U01617,R0176,2026-02-14 09:51:31,Chennai,mobile,breakfast,True,Saturday
S008812,U03446,R0768,2025-12-02 21:04:31,Mumbai,mobile,dinner,False,Tuesday
S008813,U00463,R0040,2026-02-02 13:20:31,Bangalore,tablet,lunch,False,Monday
S008814,U00135,R0632,2026-01-03 15:44:31,Pune,web,snack,True,Saturday
S008815,U00874,R0537,2025-11-29 20:41:31,Delhi,mobile,dinner,True,Saturday
S008816,U00606,R0725,2025-12-05 12:56:31,Hyderabad,mobile,lunch,False,Friday
S008817,U01739,R0284,2025-12-25 08:30:31,Pune,mobile,breakfast,False,Thursday
S008818,U01557,R0591,2025-12-20 06:13:31,Hyderabad,mobile,breakfast,True,Saturday
S008819,U02597,R0004,2025-12-17 18:21:31,Hyderabad,mobile,dinner,False,Wednesday
S008820,U04233,R0440,2025-12-14 07:31:31,Mumbai,web,breakfast,True,Sunday
S008821,U01192,R0144,2026-01-10 19:57:31,Bangalore,mobile,dinner,True,Saturday
S008822,U02900,R0582,2026-01-15 19:14:31,Mumbai,mobile,dinner,False,Thursday
S008823,U04952,R0280,2025-12-08 03:02:31,Pune,web,late_night,False,Monday
S008824,U04184,R0064,2025-12-12 02:51:31,Bangalore,mobile,late_night,False,Friday
S008825,U04791,R0117,2026-01-10 18:07:31,Delhi,mobile,dinner,True,Saturday
S008826,U04690,R0062,2025-12-03 12:53:31,Kolkata,mobile,lunch,False,Wednesday
S008827,U04823,R0761,2026-01-28 06:55:31,Hyderabad,mobile,breakfast,False,Wednesday
S008828,U02809,R0065,2025-12-02 22:13:31,Mumbai,mobile,late_night,False,Tuesday
S008829,U01048,R0778,2025-12-13 20:09:31,Chennai,web,dinner,True,Saturday
S008830,U00759,R0721,2025-12-24 17:13:31,Hyderabad,mobile,snack,False,Wednesday
S008831,U03649,R0552,2025-11-28 00:38:31,Pune,mobile,late_night,False,Friday
S008832,U00346,R0752,2026-02-11 15:22:31,Kolkata,web,snack,False,Wednesday
S008833,U03154,R0351,2026-01-20 07:54:31,Chennai,web,breakfast,False,Tuesday
S008834,U04758,R0398,2025-12-31 14:54:31,Bangalore,mobile,lunch,False,Wednesday
S008835,U01355,R0306,2026-01-01 17:45:31,Bangalore,mobile,snack,False,Thursday
S008836,U01131,R0476,2026-02-23 23:38:31,Mumbai,mobile,late_night,False,Monday
S008837,U04120,R0631,2026-02-14 14:54:31,Delhi,mobile,lunch,True,Saturday
S008838,U04310,R0092,2026-01-07 18:15:31,Bangalore,web,dinner,False,Wednesday
S008839,U01366,R0715,2026-01-25 21:19:31,Delhi,mobile,dinner,True,Sunday
S008840,U02371,R0723,2026-01-26 12:32:31,Mumbai,mobile,lunch,False,Monday
S008841,U02801,R0093,2025-12-29 20:28:31,Delhi,mobile,dinner,False,Monday
S008842,U02136,R0176,2026-02-19 21:39:31,Chennai,mobile,dinner,False,Thursday
S008843,U00893,R0549,2026-02-26 07:00:31,Chennai,tablet,breakfast,False,Thursday
S008844,U02592,R0620,2025-12-13 09:13:31,Mumbai,mobile,breakfast,True,Saturday
S008845,U01086,R0228,2026-01-17 11:28:31,Mumbai,mobile,lunch,True,Saturday
S008846,U03108,R0596,2025-12-07 06:31:31,Bangalore,mobile,breakfast,True,Sunday
S008847,U01303,R0236,2025-12-26 10:05:31,Hyderabad,mobile,breakfast,False,Friday
S008848,U01391,R0492,2026-02-20 12:33:31,Kolkata,mobile,lunch,False,Friday
S008849,U04983,R0334,2025-12-13 06:09:31,Chennai,mobile,breakfast,True,Saturday
S008850,U03815,R0574,2025-12-25 19:21:31,Chennai,mobile,dinner,False,Thursday
S008851,U01635,R0578,2025-12-26 12:47:31,Hyderabad,mobile,lunch,False,Friday
S008852,U01239,R0140,2026-02-22 07:34:31,Kolkata,web,breakfast,True,Sunday
S008853,U00488,R0199,2025-12-22 10:18:31,Mumbai,mobile,breakfast,False,Monday
S008854,U00546,R0490,2025-12-21 15:58:31,Mumbai,mobile,snack,True,Sunday
S008855,U02735,R0740,2026-01-21 13:37:31,Hyderabad,mobile,lunch,False,Wednesday
S008856,U02456,R0602,2026-02-18 19:40:31,Pune,web,dinner,False,Wednesday
S008857,U01271,R0405,2026-01-30 12:35:31,Pune,web,lunch,False,Friday
S008858,U02807,R0689,2025-12-06 10:38:31,Delhi,mobile,breakfast,True,Saturday
S008859,U02857,R0541,2026-01-02 23:05:31,Hyderabad,mobile,late_night,False,Friday
S008860,U00520,R0715,2025-12-24 11:47:31,Delhi,web,lunch,False,Wednesday
S008861,U01969,R0006,2026-01-31 07:49:31,Chennai,mobile,breakfast,True,Saturday
S008862,U01070,R0404,2026-01-01 16:59:31,Chennai,mobile,snack,False,Thursday
S008863,U02033,R0088,2025-12-04 08:26:31,Mumbai,web,breakfast,False,Thursday
S008864,U02540,R0549,2026-01-06 14:11:31,Chennai,mobile,lunch,False,Tuesday
S008865,U04273,R0593,2025-11-30 03:26:31,Kolkata,web,late_night,True,Sunday
S008866,U03105,R0779,2025-12-09 21:29:31,Chennai,mobile,dinner,False,Tuesday
S008867,U00470,R0083,2025-12-24 08:14:31,Delhi,mobile,breakfast,False,Wednesday
S008868,U01862,R0564,2025-12-14 14:12:31,Pune,web,lunch,True,Sunday
S008869,U00603,R0288,2026-01-22 13:09:31,Kolkata,mobile,lunch,False,Thursday
S008870,U04852,R0696,2026-01-21 19:43:31,Bangalore,mobile,dinner,False,Wednesday
S008871,U03773,R0666,2026-01-01 07:34:31,Delhi,mobile,breakfast,False,Thursday
S008872,U02477,R0159,2025-12-10 23:36:31,Hyderabad,web,late_night,False,Wednesday
S008873,U01747,R0344,2025-12-16 10:54:31,Chennai,mobile,breakfast,False,Tuesday
S008874,U03906,R0628,2026-01-30 08:53:31,Hyderabad,mobile,breakfast,False,Friday
S008875,U01291,R0546,2026-01-25 13:40:31,Chennai,mobile,lunch,True,Sunday
S008876,U04008,R0278,2026-01-06 09:52:31,Delhi,mobile,breakfast,False,Tuesday
S008877,U00353,R0558,2025-12-05 16:40:31,Pune,web,snack,False,Friday
S008878,U04718,R0570,2025-12-31 07:00:31,Kolkata,tablet,breakfast,False,Wednesday
S008879,U03897,R0372,2025-12-05 13:22:31,Hyderabad,mobile,lunch,False,Friday
S008880,U04708,R0757,2025-12-05 10:36:31,Bangalore,tablet,breakfast,False,Friday
S008881,U01656,R0175,2025-12-23 07:58:31,Delhi,mobile,breakfast,False,Tuesday
S008882,U03944,R0444,2025-12-14 21:06:31,Bangalore,web,dinner,True,Sunday
S008883,U00185,R0351,2025-12-27 00:14:31,Chennai,mobile,late_night,True,Saturday
S008884,U00451,R0654,2026-01-07 17:12:31,Pune,mobile,snack,False,Wednesday
S008885,U03395,R0438,2025-12-24 11:58:31,Mumbai,web,lunch,False,Wednesday
S008886,U03940,R0740,2025-12-10 13:46:31,Hyderabad,mobile,lunch,False,Wednesday
S008887,U00412,R0682,2026-02-09 08:33:31,Delhi,web,breakfast,False,Monday
S008888,U02597,R0675,2026-01-08 02:23:31,Hyderabad,tablet,late_night,False,Thursday
S008889,U01679,R0799,2025-12-19 17:44:31,Pune,mobile,snack,False,Friday
S008890,U01592,R0097,2025-12-08 20:26:31,Chennai,mobile,dinner,False,Monday
S008891,U04209,R0577,2025-11-30 12:06:31,Mumbai,mobile,lunch,True,Sunday
S008892,U01283,R0020,2025-11-28 08:25:31,Kolkata,mobile,breakfast,False,Friday
S008893,U01990,R0244,2025-12-18 21:56:31,Delhi,mobile,dinner,False,Thursday
S008894,U03364,R0103,2026-02-01 15:49:31,Hyderabad,mobile,snack,True,Sunday
S008895,U01614,R0041,2026-01-04 08:13:31,Delhi,mobile,breakfast,True,Sunday
S008896,U00454,R0718,2025-12-12 06:54:31,Chennai,mobile,breakfast,False,Friday
S008897,U02334,R0082,2025-12-25 12:34:31,Bangalore,mobile,lunch,False,Thursday
S008898,U03660,R0302,2025-12-15 22:02:31,Delhi,mobile,late_night,False,Monday
S008899,U02552,R0434,2026-01-06 07:45:31,Mumbai,tablet,breakfast,False,Tuesday
S008900,U04873,R0681,2025-12-04 18:28:31,Kolkata,mobile,dinner,False,Thursday
S008901,U03019,R0565,2025-12-02 10:33:31,Kolkata,mobile,breakfast,False,Tuesday
S008902,U00296,R0733,2025-12-27 16:38:31,Kolkata,web,snack,True,Saturday
S008903,U04117,R0030,2025-11-29 20:54:31,Mumbai,mobile,dinner,True,Saturday
S008904,U02314,R0372,2025-12-18 08:24:31,Hyderabad,web,breakfast,False,Thursday
S008905,U04663,R0756,2026-01-01 13:01:31,Chennai,mobile,lunch,False,Thursday
S008906,U04331,R0783,2026-02-11 20:08:31,Bangalore,web,dinner,False,Wednesday
S008907,U04517,R0494,2025-12-20 12:58:31,Delhi,web,lunch,True,Saturday
S008908,U02733,R0498,2026-01-21 06:55:31,Kolkata,web,breakfast,False,Wednesday
S008909,U01481,R0472,2025-12-18 12:04:31,Pune,web,lunch,False,Thursday
S008910,U04239,R0624,2026-01-15 12:11:31,Pune,web,lunch,False,Thursday
S008911,U04416,R0053,2025-12-13 13:07:31,Kolkata,mobile,lunch,True,Saturday
S008912,U04301,R0758,2026-02-26 19:05:31,Mumbai,mobile,dinner,False,Thursday
S008913,U02589,R0773,2026-02-18 18:08:31,Mumbai,mobile,dinner,False,Wednesday
S008914,U03374,R0405,2025-12-12 01:47:31,Pune,mobile,late_night,False,Friday
S008915,U02349,R0221,2026-01-20 20:08:31,Kolkata,mobile,dinner,False,Tuesday
S008916,U01541,R0161,2026-02-11 07:07:31,Bangalore,mobile,breakfast,False,Wednesday
S008917,U04552,R0166,2026-01-24 21:13:31,Pune,web,dinner,True,Saturday
S008918,U01637,R0242,2025-12-05 05:48:31,Hyderabad,web,late_night,False,Friday
S008919,U01707,R0534,2026-02-25 13:56:31,Chennai,web,lunch,False,Wednesday
S008920,U03435,R0328,2025-12-05 08:52:31,Delhi,web,breakfast,False,Friday
S008921,U02812,R0026,2025-12-09 06:11:31,Bangalore,web,breakfast,False,Tuesday
S008922,U02510,R0078,2025-12-17 10:17:31,Mumbai,mobile,breakfast,False,Wednesday
S008923,U02843,R0073,2025-12-09 02:34:31,Hyderabad,mobile,late_night,False,Tuesday
S008924,U02295,R0090,2026-02-21 18:59:31,Delhi,mobile,dinner,True,Saturday
S008925,U02901,R0264,2025-12-24 14:06:31,Mumbai,mobile,lunch,False,Wednesday
S008926,U01842,R0079,2025-12-24 07:03:31,Bangalore,mobile,breakfast,False,Wednesday
S008927,U00513,R0491,2026-02-24 19:19:31,Mumbai,web,dinner,False,Tuesday
S008928,U02824,R0273,2025-12-03 08:41:31,Mumbai,mobile,breakfast,False,Wednesday
S008929,U01792,R0421,2025-12-13 12:11:31,Hyderabad,mobile,lunch,True,Saturday
S008930,U04020,R0406,2026-02-16 19:04:31,Chennai,mobile,dinner,False,Monday
S008931,U04434,R0589,2026-02-01 12:46:31,Chennai,mobile,lunch,True,Sunday
S008932,U02435,R0196,2026-01-03 08:06:31,Mumbai,mobile,breakfast,True,Saturday
S008933,U01801,R0067,2025-12-05 12:39:31,Kolkata,web,lunch,False,Friday
S008934,U03318,R0121,2026-01-02 06:56:31,Bangalore,web,breakfast,False,Friday
S008935,U02502,R0162,2026-01-23 08:56:31,Pune,web,breakfast,False,Friday
S008936,U03514,R0601,2025-12-11 15:01:31,Pune,mobile,snack,False,Thursday
S008937,U00624,R0161,2026-01-29 21:23:31,Bangalore,mobile,dinner,False,Thursday
S008938,U02721,R0142,2026-01-28 22:00:31,Delhi,mobile,late_night,False,Wednesday
S008939,U01037,R0070,2025-12-26 10:51:31,Pune,tablet,breakfast,False,Friday
S008940,U04391,R0198,2026-02-20 19:11:31,Hyderabad,mobile,dinner,False,Friday
S008941,U03534,R0034,2026-01-11 16:36:31,Delhi,mobile,snack,True,Sunday
S008942,U02771,R0477,2026-01-12 10:16:31,Mumbai,mobile,breakfast,False,Monday
S008943,U00367,R0156,2025-12-24 13:30:31,Hyderabad,web,lunch,False,Wednesday
S008944,U00079,R0531,2025-12-16 13:32:31,Delhi,mobile,lunch,False,Tuesday
S008945,U02686,R0361,2026-02-17 19:37:31,Chennai,mobile,dinner,False,Tuesday
S008946,U04564,R0387,2026-01-09 22:48:31,Chennai,mobile,late_night,False,Friday
S008947,U04490,R0071,2026-01-22 19:19:31,Delhi,mobile,dinner,False,Thursday
S008948,U03320,R0111,2026-02-23 15:41:31,Bangalore,mobile,snack,False,Monday
S008949,U03551,R0663,2025-11-30 14:14:31,Hyderabad,mobile,lunch,True,Sunday
S008950,U01215,R0376,2026-01-23 06:01:31,Kolkata,web,breakfast,False,Friday
S008951,U04843,R0316,2026-02-04 19:48:31,Chennai,mobile,dinner,False,Wednesday
S008952,U02291,R0536,2026-01-02 13:31:31,Mumbai,mobile,lunch,False,Friday
S008953,U03467,R0080,2025-12-02 21:38:31,Bangalore,tablet,dinner,False,Tuesday
S008954,U00312,R0152,2025-12-13 04:05:31,Pune,mobile,late_night,True,Saturday
S008955,U03019,R0257,2026-02-05 23:59:31,Kolkata,web,late_night,False,Thursday
S008956,U00270,R0132,2026-01-27 19:30:31,Bangalore,mobile,dinner,False,Tuesday
S008957,U01299,R0640,2026-01-30 08:06:31,Mumbai,mobile,breakfast,False,Friday
S008958,U00866,R0214,2025-12-30 21:33:31,Delhi,web,dinner,False,Tuesday
S008959,U01587,R0482,2026-02-14 12:22:31,Hyderabad,mobile,lunch,True,Saturday
S008960,U04166,R0642,2026-01-31 11:14:31,Mumbai,mobile,lunch,True,Saturday
S008961,U01381,R0341,2025-12-05 15:36:31,Bangalore,mobile,snack,False,Friday
S008962,U04924,R0042,2026-01-05 18:34:31,Pune,mobile,dinner,False,Monday
S008963,U00312,R0632,2026-01-14 04:27:31,Pune,mobile,late_night,False,Wednesday
S008964,U01256,R0662,2025-11-29 11:53:31,Mumbai,mobile,lunch,True,Saturday
S008965,U03001,R0318,2026-01-21 08:30:31,Hyderabad,mobile,breakfast,False,Wednesday
S008966,U02445,R0255,2026-01-22 18:40:31,Pune,web,dinner,False,Thursday
S008967,U00464,R0045,2025-12-29 13:49:31,Hyderabad,mobile,lunch,False,Monday
S008968,U00046,R0643,2026-01-07 11:43:31,Hyderabad,mobile,lunch,False,Wednesday
S008969,U00842,R0513,2026-02-08 17:52:31,Kolkata,mobile,snack,True,Sunday
S008970,U03983,R0665,2025-12-26 19:22:31,Chennai,mobile,dinner,False,Friday
S008971,U03771,R0336,2025-12-12 01:30:31,Kolkata,web,late_night,False,Friday
S008972,U03981,R0530,2025-12-15 15:51:31,Pune,mobile,snack,False,Monday
S008973,U00900,R0208,2026-02-01 16:30:31,Kolkata,mobile,snack,True,Sunday
S008974,U00623,R0049,2026-01-22 10:06:31,Delhi,mobile,breakfast,False,Thursday
S008975,U04355,R0077,2025-12-19 18:05:31,Delhi,mobile,dinner,False,Friday
S008976,U00507,R0054,2026-02-14 14:01:31,Mumbai,mobile,lunch,True,Saturday
S008977,U03400,R0411,2026-02-09 05:21:31,Mumbai,mobile,late_night,False,Monday
S008978,U03848,R0341,2026-01-08 03:41:31,Bangalore,web,late_night,False,Thursday
S008979,U04176,R0736,2026-01-24 22:02:31,Delhi,mobile,late_night,True,Saturday
S008980,U02178,R0760,2025-12-07 19:28:31,Hyderabad,mobile,dinner,True,Sunday
S008981,U00944,R0613,2026-01-24 17:36:31,Kolkata,mobile,snack,True,Saturday
S008982,U04331,R0444,2025-12-08 17:16:31,Bangalore,web,snack,False,Monday
S008983,U02642,R0487,2025-12-07 14:44:31,Hyderabad,mobile,lunch,True,Sunday
S008984,U00842,R0777,2026-01-14 23:16:31,Kolkata,mobile,late_night,False,Wednesday
S008985,U04943,R0133,2026-02-21 07:34:31,Hyderabad,mobile,breakfast,True,Saturday
S008986,U02467,R0582,2026-01-08 18:04:31,Mumbai,mobile,dinner,False,Thursday
S008987,U02417,R0054,2025-11-29 19:15:31,Mumbai,mobile,dinner,True,Saturday
S008988,U03339,R0361,2026-01-06 07:16:31,Chennai,mobile,breakfast,False,Tuesday
S008989,U01957,R0346,2026-02-06 06:09:31,Delhi,mobile,breakfast,False,Friday
S008990,U04097,R0103,2026-02-08 11:18:31,Hyderabad,mobile,lunch,True,Sunday
S008991,U00972,R0206,2026-01-30 01:33:31,Kolkata,mobile,late_night,False,Friday
S008992,U00647,R0065,2025-12-20 16:40:31,Mumbai,mobile,snack,True,Saturday
S008993,U00185,R0028,2026-01-22 02:56:31,Chennai,mobile,late_night,False,Thursday
S008994,U02146,R0209,2026-01-28 12:48:31,Pune,mobile,lunch,False,Wednesday
S008995,U04677,R0326,2025-12-04 16:38:31,Mumbai,mobile,snack,False,Thursday
S008996,U03637,R0103,2025-12-31 20:15:31,Hyderabad,mobile,dinner,False,Wednesday
S008997,U01877,R0544,2025-12-31 09:35:31,Kolkata,web,breakfast,False,Wednesday
S008998,U04278,R0002,2026-02-19 11:14:31,Pune,mobile,lunch,False,Thursday
S008999,U01218,R0731,2025-12-31 17:39:31,Kolkata,mobile,snack,False,Wednesday
S009000,U01334,R0666,2025-12-15 11:58:31,Delhi,web,lunch,False,Monday
S009001,U00130,R0568,2026-01-29 06:42:31,Hyderabad,mobile,breakfast,False,Thursday
S009002,U03731,R0547,2026-01-23 11:13:31,Bangalore,mobile,lunch,False,Friday
S009003,U01202,R0561,2026-01-29 22:32:31,Bangalore,mobile,late_night,False,Thursday
S009004,U04492,R0098,2026-01-24 15:13:31,Delhi,mobile,snack,True,Saturday
S009005,U04534,R0235,2026-01-27 11:45:31,Mumbai,mobile,lunch,False,Tuesday
S009006,U03157,R0420,2025-12-09 12:54:31,Chennai,tablet,lunch,False,Tuesday
S009007,U02229,R0117,2026-01-08 11:54:31,Delhi,mobile,lunch,False,Thursday
S009008,U00682,R0236,2025-11-30 11:16:31,Hyderabad,mobile,lunch,True,Sunday
S009009,U00892,R0654,2026-01-25 14:14:31,Pune,mobile,lunch,True,Sunday
S009010,U02298,R0565,2026-01-08 20:56:31,Kolkata,mobile,dinner,False,Thursday
S009011,U02718,R0045,2026-01-25 06:47:31,Hyderabad,mobile,breakfast,True,Sunday
S009012,U03082,R0712,2026-02-07 18:06:31,Delhi,web,dinner,True,Saturday
S009013,U04290,R0425,2026-01-22 20:53:31,Chennai,mobile,dinner,False,Thursday
S009014,U01972,R0635,2025-11-28 19:18:31,Pune,mobile,dinner,False,Friday
S009015,U04793,R0402,2026-02-02 23:55:31,Delhi,mobile,late_night,False,Monday
S009016,U00570,R0454,2025-12-30 22:35:31,Bangalore,mobile,late_night,False,Tuesday
S009017,U01658,R0586,2026-01-14 10:45:31,Delhi,mobile,breakfast,False,Wednesday
S009018,U01256,R0612,2026-02-25 19:28:31,Mumbai,mobile,dinner,False,Wednesday
S009019,U00291,R0690,2026-01-29 13:52:31,Delhi,mobile,lunch,False,Thursday
S009020,U00602,R0679,2025-12-20 19:02:31,Delhi,web,dinner,True,Saturday
S009021,U01161,R0610,2026-02-07 02:53:31,Chennai,web,late_night,True,Saturday
S009022,U02902,R0686,2025-12-02 11:49:31,Mumbai,mobile,lunch,False,Tuesday
S009023,U03995,R0182,2026-02-14 03:39:31,Delhi,mobile,late_night,True,Saturday
S009024,U01784,R0635,2026-02-02 10:45:31,Pune,mobile,breakfast,False,Monday
S009025,U02572,R0160,2026-01-17 13:25:31,Pune,mobile,lunch,True,Saturday
S009026,U03526,R0470,2026-02-05 02:40:31,Bangalore,mobile,late_night,False,Thursday
S009027,U04929,R0566,2026-01-03 18:37:31,Delhi,mobile,dinner,True,Saturday
S009028,U02529,R0074,2026-02-19 11:22:31,Delhi,web,lunch,False,Thursday
S009029,U04250,R0266,2025-12-01 16:55:31,Hyderabad,mobile,snack,False,Monday
S009030,U01998,R0239,2026-02-22 07:50:31,Chennai,web,breakfast,True,Sunday
S009031,U03503,R0764,2025-11-29 12:25:31,Delhi,mobile,lunch,True,Saturday
S009032,U02883,R0271,2026-02-08 08:57:31,Chennai,mobile,breakfast,True,Sunday
S009033,U02411,R0143,2026-02-14 21:37:31,Chennai,mobile,dinner,True,Saturday
S009034,U00211,R0476,2025-11-29 11:38:31,Mumbai,mobile,lunch,True,Saturday
S009035,U03115,R0025,2026-02-19 16:47:31,Chennai,mobile,snack,False,Thursday
S009036,U01951,R0032,2026-01-28 12:59:31,Chennai,mobile,lunch,False,Wednesday
S009037,U03726,R0414,2026-01-27 16:36:31,Mumbai,web,snack,False,Tuesday
S009038,U01660,R0563,2026-02-12 12:55:31,Mumbai,mobile,lunch,False,Thursday
S009039,U01683,R0718,2026-02-17 11:13:31,Chennai,mobile,lunch,False,Tuesday
S009040,U01754,R0650,2026-01-05 11:08:31,Hyderabad,web,lunch,False,Monday
S009041,U02446,R0119,2025-12-28 14:41:31,Hyderabad,mobile,lunch,True,Sunday
S009042,U03540,R0050,2026-01-06 17:31:31,Pune,web,snack,False,Tuesday
S009043,U00932,R0321,2026-02-18 08:11:31,Delhi,mobile,breakfast,False,Wednesday
S009044,U02189,R0756,2026-01-26 08:10:31,Chennai,web,breakfast,False,Monday
S009045,U01877,R0325,2025-12-31 06:45:31,Kolkata,mobile,breakfast,False,Wednesday
S009046,U01908,R0555,2026-01-15 14:46:31,Bangalore,mobile,lunch,False,Thursday
S009047,U03323,R0232,2026-01-13 21:03:31,Bangalore,web,dinner,False,Tuesday
S009048,U02471,R0683,2025-12-19 09:52:31,Hyderabad,mobile,breakfast,False,Friday
S009049,U02194,R0310,2025-12-01 19:00:31,Hyderabad,tablet,dinner,False,Monday
S009050,U03950,R0270,2026-01-30 20:07:31,Mumbai,mobile,dinner,False,Friday
S009051,U04543,R0002,2026-01-12 17:03:31,Pune,mobile,snack,False,Monday
S009052,U04880,R0217,2026-01-14 21:06:31,Mumbai,mobile,dinner,False,Wednesday
S009053,U00254,R0518,2026-01-13 07:49:31,Hyderabad,mobile,breakfast,False,Tuesday
S009054,U03394,R0216,2026-02-19 16:32:31,Hyderabad,web,snack,False,Thursday
S009055,U03469,R0571,2025-12-02 15:26:31,Pune,tablet,snack,False,Tuesday
S009056,U01903,R0470,2025-12-02 13:24:31,Bangalore,mobile,lunch,False,Tuesday
S009057,U01500,R0711,2026-02-17 07:31:31,Chennai,mobile,breakfast,False,Tuesday
S009058,U01633,R0067,2025-12-12 15:41:31,Kolkata,web,snack,False,Friday
S009059,U03728,R0719,2026-01-19 15:40:31,Chennai,web,snack,False,Monday
S009060,U03929,R0721,2025-12-24 06:29:31,Hyderabad,mobile,breakfast,False,Wednesday
S009061,U03128,R0122,2025-12-28 09:41:31,Chennai,web,breakfast,True,Sunday
S009062,U01817,R0007,2026-01-18 18:45:31,Bangalore,mobile,dinner,True,Sunday
S009063,U03811,R0245,2026-02-21 12:02:31,Delhi,mobile,lunch,True,Saturday
S009064,U03721,R0344,2026-02-03 13:17:31,Chennai,web,lunch,False,Tuesday
S009065,U00223,R0059,2025-11-30 21:54:31,Kolkata,mobile,dinner,True,Sunday
S009066,U01553,R0397,2026-01-25 08:29:31,Mumbai,mobile,breakfast,True,Sunday
S009067,U03917,R0605,2025-12-19 14:25:31,Hyderabad,mobile,lunch,False,Friday
S009068,U02812,R0726,2026-02-16 21:22:31,Bangalore,mobile,dinner,False,Monday
S009069,U01886,R0410,2026-01-19 09:40:31,Delhi,mobile,breakfast,False,Monday
S009070,U02105,R0023,2026-02-20 12:55:31,Mumbai,web,lunch,False,Friday
S009071,U01176,R0511,2026-02-08 20:34:31,Delhi,mobile,dinner,True,Sunday
S009072,U01398,R0274,2026-02-09 09:37:31,Delhi,mobile,breakfast,False,Monday
S009073,U01319,R0768,2025-12-18 13:00:31,Mumbai,mobile,lunch,False,Thursday
S009074,U00716,R0389,2026-01-04 18:00:31,Bangalore,mobile,dinner,True,Sunday
S009075,U04160,R0788,2026-01-13 21:17:31,Pune,web,dinner,False,Tuesday
S009076,U02845,R0230,2026-01-25 10:28:31,Pune,mobile,breakfast,True,Sunday
S009077,U00606,R0482,2025-12-24 08:39:31,Hyderabad,mobile,breakfast,False,Wednesday
S009078,U00727,R0698,2026-02-22 09:20:31,Kolkata,mobile,breakfast,True,Sunday
S009079,U01461,R0390,2026-02-07 19:32:31,Kolkata,mobile,dinner,True,Saturday
S009080,U03524,R0099,2025-12-30 04:21:31,Delhi,mobile,late_night,False,Tuesday
S009081,U01148,R0001,2026-02-15 22:24:31,Chennai,mobile,late_night,True,Sunday
S009082,U03946,R0460,2025-12-16 09:22:31,Delhi,web,breakfast,False,Tuesday
S009083,U00943,R0446,2025-12-02 17:11:31,Pune,mobile,snack,False,Tuesday
S009084,U04329,R0699,2026-01-22 22:28:31,Pune,mobile,late_night,False,Thursday
S009085,U03213,R0477,2025-12-18 00:54:31,Mumbai,tablet,late_night,False,Thursday
S009086,U02744,R0427,2025-12-07 11:03:31,Chennai,mobile,lunch,True,Sunday
S009087,U00472,R0697,2025-12-05 16:16:31,Mumbai,mobile,snack,False,Friday
S009088,U04937,R0333,2025-12-08 11:10:31,Pune,web,lunch,False,Monday
S009089,U02838,R0522,2026-01-16 07:29:31,Hyderabad,mobile,breakfast,False,Friday
S009090,U02501,R0297,2026-02-26 12:04:31,Pune,mobile,lunch,False,Thursday
S009091,U02684,R0770,2025-12-16 23:25:31,Pune,mobile,late_night,False,Tuesday
S009092,U00349,R0305,2026-01-25 14:18:31,Kolkata,mobile,lunch,True,Sunday
S009093,U04009,R0229,2025-12-05 11:30:31,Mumbai,mobile,lunch,False,Friday
S009094,U02483,R0190,2026-02-16 08:23:31,Bangalore,web,breakfast,False,Monday
S009095,U02477,R0181,2026-02-24 19:04:31,Hyderabad,web,dinner,False,Tuesday
S009096,U02257,R0488,2025-12-20 04:47:31,Pune,mobile,late_night,True,Saturday
S009097,U03090,R0578,2026-01-29 13:41:31,Hyderabad,mobile,lunch,False,Thursday
S009098,U03567,R0715,2026-01-28 11:50:31,Delhi,mobile,lunch,False,Wednesday
S009099,U02434,R0588,2026-02-09 18:07:31,Bangalore,mobile,dinner,False,Monday
S009100,U03915,R0708,2025-11-29 12:08:31,Bangalore,mobile,lunch,True,Saturday
S009101,U04961,R0711,2026-01-08 13:51:31,Chennai,mobile,lunch,False,Thursday
S009102,U02996,R0758,2026-01-24 12:50:31,Mumbai,mobile,lunch,True,Saturday
S009103,U01427,R0035,2025-12-06 13:13:31,Kolkata,mobile,lunch,True,Saturday
S009104,U01054,R0020,2026-02-10 21:20:31,Kolkata,mobile,dinner,False,Tuesday
S009105,U03846,R0046,2025-12-22 21:20:31,Kolkata,mobile,dinner,False,Monday
S009106,U00975,R0261,2026-02-20 21:16:31,Hyderabad,mobile,dinner,False,Friday
S009107,U00933,R0084,2026-01-22 03:57:31,Mumbai,mobile,late_night,False,Thursday
S009108,U02999,R0122,2026-02-02 07:20:31,Chennai,mobile,breakfast,False,Monday
S009109,U01837,R0464,2025-11-28 21:42:31,Mumbai,mobile,dinner,False,Friday
S009110,U03161,R0201,2026-02-26 21:32:31,Delhi,mobile,dinner,False,Thursday
S009111,U00941,R0182,2026-02-02 10:01:31,Delhi,mobile,breakfast,False,Monday
S009112,U01801,R0407,2025-12-25 11:23:31,Kolkata,mobile,lunch,False,Thursday
S009113,U04347,R0268,2026-02-18 15:13:31,Chennai,mobile,snack,False,Wednesday
S009114,U02692,R0175,2026-01-16 20:49:31,Delhi,mobile,dinner,False,Friday
S009115,U04868,R0447,2025-12-18 12:16:31,Delhi,mobile,lunch,False,Thursday
S009116,U01270,R0577,2026-01-27 12:31:31,Mumbai,mobile,lunch,False,Tuesday
S009117,U04002,R0227,2026-01-21 19:41:31,Kolkata,mobile,dinner,False,Wednesday
S009118,U01830,R0666,2025-12-21 06:04:31,Delhi,mobile,breakfast,True,Sunday
S009119,U01025,R0617,2026-02-02 22:05:31,Chennai,mobile,late_night,False,Monday
S009120,U02972,R0447,2025-12-27 21:14:31,Delhi,mobile,dinner,True,Saturday
S009121,U04232,R0794,2026-01-28 09:20:31,Kolkata,mobile,breakfast,False,Wednesday
S009122,U04365,R0506,2025-12-01 18:50:31,Kolkata,mobile,dinner,False,Monday
S009123,U00635,R0458,2025-12-30 06:00:31,Chennai,mobile,breakfast,False,Tuesday
S009124,U04237,R0537,2026-02-16 18:27:31,Delhi,web,dinner,False,Monday
S009125,U02442,R0563,2025-12-02 11:21:31,Mumbai,mobile,lunch,False,Tuesday
S009126,U00933,R0397,2025-12-18 05:15:31,Mumbai,mobile,late_night,False,Thursday
S009127,U03051,R0467,2026-02-21 19:06:31,Pune,mobile,dinner,True,Saturday
S009128,U00002,R0238,2026-01-01 15:56:31,Chennai,mobile,snack,False,Thursday
S009129,U02112,R0564,2026-02-10 20:13:31,Pune,mobile,dinner,False,Tuesday
S009130,U02208,R0397,2026-01-27 11:39:31,Mumbai,mobile,lunch,False,Tuesday
S009131,U02655,R0448,2026-02-05 21:27:31,Pune,mobile,dinner,False,Thursday
S009132,U01115,R0708,2025-11-30 21:51:31,Bangalore,mobile,dinner,True,Sunday
S009133,U00945,R0106,2025-12-24 09:57:31,Mumbai,mobile,breakfast,False,Wednesday
S009134,U03685,R0536,2026-02-25 11:51:31,Mumbai,mobile,lunch,False,Wednesday
S009135,U00384,R0330,2026-02-20 06:29:31,Kolkata,web,breakfast,False,Friday
S009136,U00123,R0061,2025-12-19 02:42:31,Chennai,mobile,late_night,False,Friday
S009137,U04550,R0098,2026-01-16 14:30:31,Delhi,mobile,lunch,False,Friday
S009138,U00779,R0114,2026-02-06 13:35:31,Bangalore,mobile,lunch,False,Friday
S009139,U04438,R0461,2026-02-11 20:26:31,Chennai,mobile,dinner,False,Wednesday
S009140,U04475,R0273,2026-02-20 21:35:31,Mumbai,mobile,dinner,False,Friday
S009141,U00178,R0070,2026-01-23 09:56:31,Pune,mobile,breakfast,False,Friday
S009142,U01363,R0336,2026-01-19 20:29:31,Kolkata,tablet,dinner,False,Monday
S009143,U04972,R0208,2026-01-25 23:49:31,Kolkata,mobile,late_night,True,Sunday
S009144,U04496,R0360,2025-12-17 15:33:31,Delhi,mobile,snack,False,Wednesday
S009145,U01394,R0255,2026-02-23 18:33:31,Pune,mobile,dinner,False,Monday
S009146,U01058,R0167,2026-02-23 10:38:31,Mumbai,mobile,breakfast,False,Monday
S009147,U02738,R0035,2026-01-24 08:43:31,Kolkata,mobile,breakfast,True,Saturday
S009148,U01672,R0713,2026-02-16 18:41:31,Chennai,mobile,dinner,False,Monday
S009149,U02367,R0717,2025-12-03 14:08:31,Kolkata,mobile,lunch,False,Wednesday
S009150,U00039,R0389,2026-02-12 11:10:31,Bangalore,mobile,lunch,False,Thursday
S009151,U02813,R0472,2026-01-31 09:10:31,Pune,mobile,breakfast,True,Saturday
S009152,U04046,R0484,2026-01-17 13:02:31,Pune,web,lunch,True,Saturday
S009153,U00815,R0467,2025-12-27 11:32:31,Pune,mobile,lunch,True,Saturday
S009154,U04228,R0753,2025-12-06 00:49:31,Chennai,web,late_night,True,Saturday
S009155,U00328,R0742,2025-12-03 21:26:31,Mumbai,mobile,dinner,False,Wednesday
S009156,U03810,R0252,2025-12-27 08:20:31,Kolkata,mobile,breakfast,True,Saturday
S009157,U02590,R0201,2026-02-19 13:15:31,Delhi,mobile,lunch,False,Thursday
S009158,U04325,R0013,2025-12-31 11:38:31,Delhi,mobile,lunch,False,Wednesday
S009159,U00031,R0444,2026-01-01 06:54:31,Bangalore,mobile,breakfast,False,Thursday
S009160,U00109,R0710,2025-12-20 16:57:31,Delhi,web,snack,True,Saturday
S009161,U03539,R0752,2025-11-30 20:30:31,Kolkata,mobile,dinner,True,Sunday
S009162,U03449,R0593,2026-02-18 18:59:31,Kolkata,mobile,dinner,False,Wednesday
S009163,U00132,R0107,2026-02-06 06:12:31,Bangalore,web,breakfast,False,Friday
S009164,U00985,R0018,2026-02-24 16:50:31,Chennai,mobile,snack,False,Tuesday
S009165,U03777,R0378,2026-01-21 02:50:31,Hyderabad,mobile,late_night,False,Wednesday
S009166,U00064,R0245,2026-02-06 08:41:31,Delhi,tablet,breakfast,False,Friday
S009167,U01159,R0564,2025-12-11 14:40:31,Pune,mobile,lunch,False,Thursday
S009168,U04746,R0402,2025-12-08 18:09:31,Delhi,web,dinner,False,Monday
S009169,U03251,R0643,2025-12-13 07:58:31,Hyderabad,mobile,breakfast,True,Saturday
S009170,U01728,R0461,2025-12-01 22:33:31,Chennai,mobile,late_night,False,Monday
S009171,U01324,R0360,2026-02-01 20:51:31,Delhi,tablet,dinner,True,Sunday
S009172,U01123,R0414,2025-12-02 19:32:31,Mumbai,mobile,dinner,False,Tuesday
S009173,U04619,R0213,2026-01-15 22:30:31,Bangalore,mobile,late_night,False,Thursday
S009174,U04492,R0511,2025-12-25 21:41:31,Delhi,tablet,dinner,False,Thursday
S009175,U04411,R0630,2026-01-18 06:54:31,Hyderabad,mobile,breakfast,True,Sunday
S009176,U04450,R0178,2026-02-21 08:54:31,Kolkata,mobile,breakfast,True,Saturday
S009177,U00164,R0683,2025-12-26 09:20:31,Hyderabad,mobile,breakfast,False,Friday
S009178,U01147,R0432,2026-01-01 22:38:31,Hyderabad,web,late_night,False,Thursday
S009179,U03440,R0787,2026-01-05 08:22:31,Delhi,mobile,breakfast,False,Monday
S009180,U03502,R0769,2026-02-23 09:55:31,Bangalore,mobile,breakfast,False,Monday
S009181,U01660,R0217,2026-01-21 19:08:31,Mumbai,mobile,dinner,False,Wednesday
S009182,U02525,R0529,2026-01-22 18:09:31,Bangalore,mobile,dinner,False,Thursday
S009183,U03213,R0065,2026-01-15 14:46:31,Mumbai,mobile,lunch,False,Thursday
S009184,U00479,R0337,2025-12-16 11:39:31,Chennai,mobile,lunch,False,Tuesday
S009185,U02967,R0572,2026-01-10 07:52:31,Mumbai,mobile,breakfast,True,Saturday
S009186,U04622,R0365,2026-01-18 18:24:31,Kolkata,mobile,dinner,True,Sunday
S009187,U00235,R0481,2026-02-19 22:57:31,Mumbai,mobile,late_night,False,Thursday
S009188,U02529,R0245,2026-02-02 20:49:31,Delhi,mobile,dinner,False,Monday
S009189,U04879,R0569,2026-02-04 16:08:31,Kolkata,mobile,snack,False,Wednesday
S009190,U04036,R0631,2025-12-23 21:14:31,Delhi,mobile,dinner,False,Tuesday
S009191,U01786,R0526,2026-02-21 13:48:31,Kolkata,web,lunch,True,Saturday
S009192,U04267,R0755,2026-01-21 13:47:31,Chennai,mobile,lunch,False,Wednesday
S009193,U00457,R0273,2026-02-08 15:58:31,Mumbai,mobile,snack,True,Sunday
S009194,U02653,R0281,2025-12-06 10:51:31,Pune,mobile,breakfast,True,Saturday
S009195,U03763,R0056,2026-01-26 05:45:31,Chennai,mobile,late_night,False,Monday
S009196,U00627,R0685,2025-12-15 18:48:31,Mumbai,mobile,dinner,False,Monday
S009197,U04544,R0703,2026-01-06 22:55:31,Chennai,mobile,late_night,False,Tuesday
S009198,U04004,R0610,2025-12-09 09:36:31,Chennai,mobile,breakfast,False,Tuesday
S009199,U01971,R0080,2026-02-11 15:26:31,Bangalore,mobile,snack,False,Wednesday
S009200,U01182,R0671,2025-11-30 03:37:31,Hyderabad,mobile,late_night,True,Sunday
S009201,U01388,R0137,2026-02-15 21:21:31,Hyderabad,mobile,dinner,True,Sunday
S009202,U03551,R0137,2025-12-16 07:29:31,Hyderabad,mobile,breakfast,False,Tuesday
S009203,U04151,R0633,2026-02-23 10:49:31,Bangalore,mobile,breakfast,False,Monday
S009204,U00531,R0664,2025-12-02 09:07:31,Delhi,mobile,breakfast,False,Tuesday
S009205,U02133,R0533,2026-02-05 11:32:31,Kolkata,mobile,lunch,False,Thursday
S009206,U04005,R0386,2026-01-03 21:39:31,Kolkata,mobile,dinner,True,Saturday
S009207,U00126,R0632,2026-01-31 10:16:31,Pune,mobile,breakfast,True,Saturday
S009208,U04030,R0247,2025-12-14 08:22:31,Kolkata,mobile,breakfast,True,Sunday
S009209,U00715,R0072,2026-02-19 21:52:31,Chennai,mobile,dinner,False,Thursday
S009210,U02581,R0777,2026-02-26 11:21:31,Kolkata,mobile,lunch,False,Thursday
S009211,U03045,R0431,2025-12-23 07:36:31,Bangalore,mobile,breakfast,False,Tuesday
S009212,U02913,R0764,2025-12-09 15:00:31,Delhi,mobile,snack,False,Tuesday
S009213,U03745,R0275,2026-01-17 15:12:31,Bangalore,web,snack,True,Saturday
S009214,U03956,R0081,2026-02-19 05:44:31,Hyderabad,mobile,late_night,False,Thursday
S009215,U04166,R0359,2025-12-02 15:34:31,Mumbai,mobile,snack,False,Tuesday
S009216,U01788,R0091,2025-12-28 10:34:31,Pune,mobile,breakfast,True,Sunday
S009217,U01594,R0748,2025-12-25 13:05:31,Hyderabad,mobile,lunch,False,Thursday
S009218,U03479,R0285,2026-01-12 07:13:31,Kolkata,web,breakfast,False,Monday
S009219,U02781,R0625,2026-01-13 20:47:31,Bangalore,web,dinner,False,Tuesday
S009220,U02683,R0373,2026-01-21 02:53:31,Pune,web,late_night,False,Wednesday
S009221,U00924,R0061,2026-01-26 19:36:31,Chennai,mobile,dinner,False,Monday
S009222,U02977,R0078,2026-02-15 12:19:31,Mumbai,mobile,lunch,True,Sunday
S009223,U00610,R0385,2025-12-09 07:38:31,Bangalore,mobile,breakfast,False,Tuesday
S009224,U03393,R0590,2026-01-24 21:16:31,Bangalore,mobile,dinner,True,Saturday
S009225,U01892,R0779,2026-01-30 23:20:31,Chennai,web,late_night,False,Friday
S009226,U01747,R0203,2026-02-22 05:44:31,Chennai,mobile,late_night,True,Sunday
S009227,U00310,R0268,2026-02-09 12:24:31,Chennai,mobile,lunch,False,Monday
S009228,U03393,R0213,2026-02-05 19:54:31,Bangalore,mobile,dinner,False,Thursday
S009229,U04518,R0465,2026-02-15 00:01:31,Kolkata,mobile,late_night,True,Sunday
S009230,U03641,R0760,2026-02-15 11:49:31,Hyderabad,mobile,lunch,True,Sunday
S009231,U02538,R0162,2026-01-12 17:55:31,Pune,mobile,snack,False,Monday
S009232,U04508,R0341,2026-02-04 21:23:31,Bangalore,mobile,dinner,False,Wednesday
S009233,U03925,R0524,2026-01-27 13:58:31,Pune,web,lunch,False,Tuesday
S009234,U02560,R0598,2026-01-04 13:17:31,Pune,mobile,lunch,True,Sunday
S009235,U04708,R0048,2025-12-12 17:09:31,Bangalore,web,snack,False,Friday
S009236,U01121,R0728,2026-01-11 10:24:31,Kolkata,mobile,breakfast,True,Sunday
S009237,U04187,R0317,2026-01-12 20:35:31,Hyderabad,mobile,dinner,False,Monday
S009238,U03659,R0470,2025-12-01 15:52:31,Bangalore,mobile,snack,False,Monday
S009239,U01606,R0087,2025-12-15 13:02:31,Hyderabad,mobile,lunch,False,Monday
S009240,U01610,R0411,2025-12-05 11:42:31,Mumbai,mobile,lunch,False,Friday
S009241,U00487,R0335,2026-01-01 06:20:31,Bangalore,web,breakfast,False,Thursday
S009242,U03272,R0656,2026-01-18 19:11:31,Kolkata,mobile,dinner,True,Sunday
S009243,U01256,R0065,2026-01-26 03:56:31,Mumbai,mobile,late_night,False,Monday
S009244,U02635,R0446,2026-01-10 07:18:31,Pune,mobile,breakfast,True,Saturday
S009245,U04478,R0001,2026-02-13 20:07:31,Chennai,mobile,dinner,False,Friday
S009246,U02525,R0772,2026-02-15 17:45:31,Bangalore,mobile,snack,True,Sunday
S009247,U03032,R0738,2025-12-30 19:09:31,Pune,web,dinner,False,Tuesday
S009248,U04542,R0206,2026-02-15 12:38:31,Kolkata,mobile,lunch,True,Sunday
S009249,U01319,R0462,2025-12-24 16:48:31,Mumbai,web,snack,False,Wednesday
S009250,U00546,R0359,2026-02-21 22:30:31,Mumbai,mobile,late_night,True,Saturday
S009251,U01331,R0544,2025-11-29 07:44:31,Kolkata,mobile,breakfast,True,Saturday
S009252,U02219,R0415,2026-01-16 21:07:31,Pune,web,dinner,False,Friday
S009253,U02956,R0392,2026-01-07 19:07:31,Delhi,mobile,dinner,False,Wednesday
S009254,U00348,R0557,2026-01-21 07:53:31,Pune,mobile,breakfast,False,Wednesday
S009255,U00181,R0522,2026-02-03 18:12:31,Hyderabad,mobile,dinner,False,Tuesday
S009256,U02502,R0150,2025-12-26 08:05:31,Pune,mobile,breakfast,False,Friday
S009257,U00766,R0799,2026-01-17 20:25:31,Pune,mobile,dinner,True,Saturday
S009258,U00404,R0276,2026-01-13 20:17:31,Bangalore,mobile,dinner,False,Tuesday
S009259,U03369,R0054,2026-02-10 11:21:31,Mumbai,web,lunch,False,Tuesday
S009260,U03073,R0037,2026-02-16 15:28:31,Kolkata,mobile,snack,False,Monday
S009261,U00208,R0257,2025-12-18 17:40:31,Kolkata,web,snack,False,Thursday
S009262,U03659,R0509,2025-12-02 12:21:31,Bangalore,mobile,lunch,False,Tuesday
S009263,U02307,R0678,2025-12-04 13:41:31,Pune,mobile,lunch,False,Thursday
S009264,U04942,R0632,2026-02-04 12:20:31,Pune,web,lunch,False,Wednesday
S009265,U00724,R0790,2026-02-24 19:22:31,Kolkata,tablet,dinner,False,Tuesday
S009266,U04923,R0013,2025-12-02 19:15:31,Delhi,mobile,dinner,False,Tuesday
S009267,U02056,R0495,2026-01-04 17:36:31,Kolkata,mobile,snack,True,Sunday
S009268,U00320,R0173,2025-12-29 06:38:31,Mumbai,mobile,breakfast,False,Monday
S009269,U00835,R0221,2025-11-30 13:43:31,Kolkata,web,lunch,True,Sunday
S009270,U03544,R0263,2026-01-24 19:04:31,Hyderabad,web,dinner,True,Saturday
S009271,U02474,R0549,2025-12-11 08:20:31,Chennai,mobile,breakfast,False,Thursday
S009272,U00001,R0340,2026-02-20 17:30:31,Delhi,mobile,snack,False,Friday
S009273,U02019,R0588,2025-12-17 21:58:31,Bangalore,mobile,dinner,False,Wednesday
S009274,U01484,R0282,2025-12-28 15:53:31,Delhi,mobile,snack,True,Sunday
S009275,U04873,R0288,2026-01-28 17:48:31,Kolkata,web,snack,False,Wednesday
S009276,U03701,R0503,2026-01-17 19:59:31,Pune,web,dinner,True,Saturday
S009277,U04301,R0199,2026-02-24 07:49:31,Mumbai,web,breakfast,False,Tuesday
S009278,U00063,R0068,2025-12-14 15:41:31,Kolkata,mobile,snack,True,Sunday
S009279,U01988,R0055,2026-02-16 15:27:31,Bangalore,mobile,snack,False,Monday
S009280,U04539,R0442,2026-01-03 21:29:31,Bangalore,mobile,dinner,True,Saturday
S009281,U02426,R0744,2026-01-15 22:35:31,Bangalore,web,late_night,False,Thursday
S009282,U00290,R0561,2026-02-22 07:37:31,Bangalore,tablet,breakfast,True,Sunday
S009283,U04207,R0339,2026-01-08 10:27:31,Mumbai,mobile,breakfast,False,Thursday
S009284,U00775,R0235,2025-11-29 21:28:31,Mumbai,mobile,dinner,True,Saturday
S009285,U03339,R0028,2025-12-28 14:56:31,Chennai,mobile,lunch,True,Sunday
S009286,U04794,R0018,2025-12-10 19:15:31,Chennai,mobile,dinner,False,Wednesday
S009287,U02695,R0281,2025-12-12 11:00:31,Pune,web,lunch,False,Friday
S009288,U00648,R0205,2026-01-18 10:05:31,Pune,mobile,breakfast,True,Sunday
S009289,U04190,R0134,2025-12-09 23:51:31,Hyderabad,mobile,late_night,False,Tuesday
S009290,U02430,R0539,2026-01-04 09:34:31,Pune,mobile,breakfast,True,Sunday
S009291,U00234,R0222,2026-02-25 14:21:31,Pune,mobile,lunch,False,Wednesday
S009292,U00895,R0419,2025-12-22 13:04:31,Hyderabad,mobile,lunch,False,Monday
S009293,U02054,R0478,2025-12-29 18:17:31,Hyderabad,mobile,dinner,False,Monday
S009294,U03174,R0273,2026-01-28 20:37:31,Mumbai,mobile,dinner,False,Wednesday
S009295,U04830,R0629,2026-02-01 11:51:31,Pune,mobile,lunch,True,Sunday
S009296,U02459,R0185,2026-02-19 20:18:31,Mumbai,tablet,dinner,False,Thursday
S009297,U04798,R0312,2026-01-10 21:00:31,Mumbai,mobile,dinner,True,Saturday
S009298,U03090,R0394,2025-12-24 13:28:31,Hyderabad,web,lunch,False,Wednesday
S009299,U00053,R0700,2025-12-13 02:54:31,Pune,web,late_night,True,Saturday
S009300,U03103,R0057,2025-11-30 22:47:31,Hyderabad,web,late_night,True,Sunday
S009301,U02203,R0665,2026-01-20 19:11:31,Chennai,mobile,dinner,False,Tuesday
S009302,U04135,R0245,2025-12-03 21:35:31,Delhi,mobile,dinner,False,Wednesday
S009303,U02202,R0238,2026-02-01 13:34:31,Chennai,mobile,lunch,True,Sunday
S009304,U02921,R0179,2026-01-06 07:58:31,Kolkata,mobile,breakfast,False,Tuesday
S009305,U04972,R0765,2026-02-20 12:47:31,Kolkata,mobile,lunch,False,Friday
S009306,U01471,R0514,2025-12-27 13:19:31,Kolkata,web,lunch,True,Saturday
S009307,U04646,R0009,2026-02-12 11:35:31,Hyderabad,mobile,lunch,False,Thursday
S009308,U02140,R0049,2025-12-09 14:11:31,Delhi,mobile,lunch,False,Tuesday
S009309,U01436,R0216,2026-01-02 08:14:31,Hyderabad,mobile,breakfast,False,Friday
S009310,U04606,R0122,2025-12-16 14:43:31,Chennai,mobile,lunch,False,Tuesday
S009311,U00206,R0214,2026-01-30 10:18:31,Delhi,mobile,breakfast,False,Friday
S009312,U04948,R0669,2025-11-30 06:07:31,Chennai,mobile,breakfast,True,Sunday
S009313,U03748,R0063,2026-02-02 19:30:31,Chennai,mobile,dinner,False,Monday
S009314,U02180,R0382,2025-12-21 18:02:31,Hyderabad,mobile,dinner,True,Sunday
S009315,U02251,R0791,2026-01-18 21:52:31,Hyderabad,mobile,dinner,True,Sunday
S009316,U04590,R0710,2026-02-08 20:20:31,Delhi,mobile,dinner,True,Sunday
S009317,U03526,R0609,2025-12-21 10:26:31,Bangalore,mobile,breakfast,True,Sunday
S009318,U00188,R0779,2026-01-02 01:07:31,Chennai,mobile,late_night,False,Friday
S009319,U00101,R0707,2026-01-07 06:53:31,Kolkata,web,breakfast,False,Wednesday
S009320,U02396,R0588,2026-02-22 08:04:31,Bangalore,mobile,breakfast,True,Sunday
S009321,U03732,R0260,2025-12-17 11:55:31,Pune,mobile,lunch,False,Wednesday
S009322,U03478,R0457,2026-02-24 15:25:31,Delhi,mobile,snack,False,Tuesday
S009323,U04825,R0637,2026-02-26 03:43:31,Hyderabad,mobile,late_night,False,Thursday
S009324,U04521,R0790,2026-01-20 19:56:31,Kolkata,mobile,dinner,False,Tuesday
S009325,U02401,R0692,2026-01-24 18:19:31,Hyderabad,web,dinner,True,Saturday
S009326,U01174,R0362,2025-12-14 19:43:31,Delhi,web,dinner,True,Sunday
S009327,U02574,R0278,2025-12-13 20:14:31,Delhi,mobile,dinner,True,Saturday
S009328,U03680,R0550,2026-01-05 13:33:31,Chennai,mobile,lunch,False,Monday
S009329,U03881,R0286,2026-02-09 11:51:31,Delhi,mobile,lunch,False,Monday
S009330,U04292,R0435,2026-02-06 14:40:31,Chennai,mobile,lunch,False,Friday
S009331,U02052,R0478,2025-12-03 22:13:31,Hyderabad,mobile,late_night,False,Wednesday
S009332,U02647,R0443,2026-02-16 04:45:31,Kolkata,tablet,late_night,False,Monday
S009333,U03202,R0687,2026-01-28 19:32:31,Hyderabad,mobile,dinner,False,Wednesday
S009334,U02141,R0186,2026-01-21 10:47:31,Delhi,web,breakfast,False,Wednesday
S009335,U04840,R0539,2025-12-17 14:22:31,Pune,mobile,lunch,False,Wednesday
S009336,U00406,R0487,2025-12-23 13:01:31,Hyderabad,mobile,lunch,False,Tuesday
S009337,U00120,R0766,2025-12-05 19:19:31,Bangalore,mobile,dinner,False,Friday
S009338,U04023,R0343,2026-02-09 22:03:31,Pune,mobile,late_night,False,Monday
S009339,U04987,R0374,2026-02-23 08:50:31,Pune,mobile,breakfast,False,Monday
S009340,U01959,R0597,2026-01-15 21:48:31,Hyderabad,mobile,dinner,False,Thursday
S009341,U03956,R0767,2026-02-08 11:36:31,Hyderabad,mobile,lunch,True,Sunday
S009342,U03906,R0692,2025-12-14 16:42:31,Hyderabad,mobile,snack,True,Sunday
S009343,U04462,R0296,2025-12-23 19:38:31,Hyderabad,mobile,dinner,False,Tuesday
S009344,U03593,R0031,2026-02-01 21:14:31,Chennai,mobile,dinner,True,Sunday
S009345,U01264,R0663,2026-01-17 23:42:31,Hyderabad,mobile,late_night,True,Saturday
S009346,U04378,R0468,2025-12-28 21:10:31,Kolkata,mobile,dinner,True,Sunday
S009347,U04793,R0457,2026-02-09 13:29:31,Delhi,mobile,lunch,False,Monday
S009348,U00799,R0555,2025-11-30 19:16:31,Bangalore,mobile,dinner,True,Sunday
S009349,U00228,R0691,2025-12-15 19:29:31,Bangalore,mobile,dinner,False,Monday
S009350,U04121,R0522,2025-12-27 18:45:31,Hyderabad,tablet,dinner,True,Saturday
S009351,U04609,R0704,2025-12-09 05:49:31,Delhi,mobile,late_night,False,Tuesday
S009352,U04190,R0478,2025-12-30 19:53:31,Hyderabad,mobile,dinner,False,Tuesday
S009353,U03964,R0610,2026-01-11 23:48:31,Chennai,mobile,late_night,True,Sunday
S009354,U01417,R0048,2025-12-10 20:43:31,Bangalore,mobile,dinner,False,Wednesday
S009355,U02261,R0652,2025-12-28 12:40:31,Mumbai,mobile,lunch,True,Sunday
S009356,U01058,R0538,2026-01-05 10:02:31,Mumbai,mobile,breakfast,False,Monday
S009357,U02804,R0334,2025-11-30 20:33:31,Chennai,mobile,dinner,True,Sunday
S009358,U01136,R0377,2026-01-05 15:45:31,Hyderabad,mobile,snack,False,Monday
S009359,U02786,R0324,2025-12-17 21:03:31,Delhi,mobile,dinner,False,Wednesday
S009360,U04562,R0624,2025-12-27 07:55:31,Pune,web,breakfast,True,Saturday
S009361,U01107,R0178,2025-12-08 14:50:31,Kolkata,web,lunch,False,Monday
S009362,U02847,R0693,2025-12-09 12:39:31,Delhi,tablet,lunch,False,Tuesday
S009363,U04754,R0130,2025-12-27 17:37:31,Mumbai,mobile,snack,True,Saturday
S009364,U04665,R0337,2025-12-21 07:18:31,Chennai,mobile,breakfast,True,Sunday
S009365,U04399,R0384,2026-01-26 21:46:31,Delhi,mobile,dinner,False,Monday
S009366,U01878,R0054,2026-01-29 19:39:31,Mumbai,mobile,dinner,False,Thursday
S009367,U01513,R0760,2025-12-23 12:26:31,Hyderabad,mobile,lunch,False,Tuesday
S009368,U01502,R0703,2025-12-12 08:52:31,Chennai,mobile,breakfast,False,Friday
S009369,U01409,R0155,2026-01-10 09:10:31,Bangalore,mobile,breakfast,True,Saturday
S009370,U02621,R0702,2025-12-08 10:09:31,Delhi,mobile,breakfast,False,Monday
S009371,U04331,R0800,2026-01-26 14:40:31,Bangalore,mobile,lunch,False,Monday
S009372,U02037,R0249,2026-01-08 13:24:31,Hyderabad,mobile,lunch,False,Thursday
S009373,U01621,R0371,2026-01-24 09:09:31,Kolkata,mobile,breakfast,True,Saturday
S009374,U00530,R0796,2025-12-13 12:34:31,Mumbai,web,lunch,True,Saturday
S009375,U02861,R0765,2026-02-26 17:41:31,Kolkata,mobile,snack,False,Thursday
S009376,U04554,R0406,2026-01-16 20:49:31,Chennai,mobile,dinner,False,Friday
S009377,U03930,R0264,2026-02-12 14:39:31,Mumbai,mobile,lunch,False,Thursday
S009378,U04733,R0045,2025-12-15 19:39:31,Hyderabad,web,dinner,False,Monday
S009379,U03666,R0745,2026-01-25 12:07:31,Delhi,mobile,lunch,True,Sunday
S009380,U01891,R0366,2025-12-01 15:09:31,Kolkata,mobile,snack,False,Monday
S009381,U04613,R0027,2026-01-29 21:14:31,Bangalore,mobile,dinner,False,Thursday
S009382,U02133,R0656,2026-01-14 01:02:31,Kolkata,mobile,late_night,False,Wednesday
S009383,U03093,R0171,2026-01-01 20:09:31,Kolkata,mobile,dinner,False,Thursday
S009384,U02394,R0080,2025-12-12 11:33:31,Bangalore,web,lunch,False,Friday
S009385,U02614,R0157,2026-02-17 12:11:31,Mumbai,mobile,lunch,False,Tuesday
S009386,U03225,R0143,2026-02-23 16:13:31,Chennai,web,snack,False,Monday
S009387,U04564,R0534,2026-02-18 06:14:31,Chennai,web,breakfast,False,Wednesday
S009388,U01903,R0757,2025-12-10 16:37:31,Bangalore,mobile,snack,False,Wednesday
S009389,U00982,R0071,2026-01-12 21:53:31,Delhi,mobile,dinner,False,Monday
S009390,U01665,R0445,2026-01-07 09:29:31,Pune,mobile,breakfast,False,Wednesday
S009391,U00467,R0028,2025-12-20 15:51:31,Chennai,web,snack,True,Saturday
S009392,U00818,R0656,2025-12-25 17:01:31,Kolkata,mobile,snack,False,Thursday
S009393,U00407,R0289,2026-01-06 09:22:31,Pune,web,breakfast,False,Tuesday
S009394,U02787,R0597,2025-11-30 18:37:31,Hyderabad,mobile,dinner,True,Sunday
S009395,U02488,R0742,2026-02-09 10:13:31,Mumbai,mobile,breakfast,False,Monday
S009396,U04015,R0384,2026-01-17 09:43:31,Delhi,mobile,breakfast,True,Saturday
S009397,U00433,R0636,2026-01-18 13:02:31,Pune,mobile,lunch,True,Sunday
S009398,U02171,R0320,2025-12-16 18:58:31,Bangalore,mobile,dinner,False,Tuesday
S009399,U04083,R0480,2025-12-29 08:02:31,Chennai,mobile,breakfast,False,Monday
S009400,U03489,R0277,2026-02-15 12:09:31,Bangalore,mobile,lunch,True,Sunday
S009401,U01605,R0554,2026-01-07 08:40:31,Kolkata,mobile,breakfast,False,Wednesday
S009402,U02011,R0339,2025-12-07 22:18:31,Mumbai,mobile,late_night,True,Sunday
S009403,U04423,R0727,2026-02-22 07:37:31,Delhi,mobile,breakfast,True,Sunday
S009404,U00773,R0435,2025-12-20 19:58:31,Chennai,mobile,dinner,True,Saturday
S009405,U00678,R0457,2026-02-26 18:03:31,Delhi,mobile,dinner,False,Thursday
S009406,U02568,R0455,2026-01-15 20:47:31,Pune,tablet,dinner,False,Thursday
S009407,U04358,R0727,2025-12-19 07:25:31,Delhi,mobile,breakfast,False,Friday
S009408,U03804,R0005,2026-02-06 13:35:31,Pune,mobile,lunch,False,Friday
S009409,U00915,R0533,2026-02-09 18:13:31,Kolkata,mobile,dinner,False,Monday
S009410,U04420,R0065,2025-11-28 21:05:31,Mumbai,mobile,dinner,False,Friday
S009411,U01037,R0770,2025-12-06 07:44:31,Pune,mobile,breakfast,True,Saturday
S009412,U02291,R0521,2026-02-08 19:09:31,Mumbai,mobile,dinner,True,Sunday
S009413,U02815,R0401,2025-12-24 11:49:31,Hyderabad,mobile,lunch,False,Wednesday
S009414,U00517,R0081,2026-01-04 12:56:31,Hyderabad,mobile,lunch,True,Sunday
S009415,U04182,R0484,2025-12-27 14:47:31,Pune,mobile,lunch,True,Saturday
S009416,U00335,R0196,2026-01-13 05:39:31,Mumbai,web,late_night,False,Tuesday
S009417,U02283,R0226,2026-02-13 16:42:31,Delhi,web,snack,False,Friday
S009418,U03251,R0081,2025-12-21 21:29:31,Hyderabad,mobile,dinner,True,Sunday
S009419,U00787,R0409,2025-12-30 07:14:31,Mumbai,mobile,breakfast,False,Tuesday
S009420,U02155,R0269,2026-02-21 15:26:31,Mumbai,web,snack,True,Saturday
S009421,U04121,R0748,2026-02-04 07:56:31,Hyderabad,mobile,breakfast,False,Wednesday
S009422,U02476,R0572,2026-02-12 20:28:31,Mumbai,mobile,dinner,False,Thursday
S009423,U00311,R0653,2026-01-11 18:39:31,Chennai,mobile,dinner,True,Sunday
S009424,U01175,R0577,2026-02-04 08:48:31,Mumbai,mobile,breakfast,False,Wednesday
S009425,U04574,R0181,2026-01-16 20:57:31,Hyderabad,mobile,dinner,False,Friday
S009426,U00122,R0461,2026-01-04 10:25:31,Chennai,mobile,breakfast,True,Sunday
S009427,U01290,R0090,2026-01-14 20:46:31,Delhi,mobile,dinner,False,Wednesday
S009428,U03350,R0545,2026-02-08 22:03:31,Kolkata,mobile,late_night,True,Sunday
S009429,U03014,R0708,2025-12-01 05:22:31,Bangalore,mobile,late_night,False,Monday
S009430,U03191,R0032,2026-02-07 16:59:31,Chennai,mobile,snack,True,Saturday
S009431,U02061,R0307,2025-12-22 22:39:31,Kolkata,web,late_night,False,Monday
S009432,U04179,R0417,2026-02-26 09:25:31,Hyderabad,mobile,breakfast,False,Thursday
S009433,U02536,R0515,2026-01-05 10:59:31,Delhi,mobile,breakfast,False,Monday
S009434,U02211,R0377,2026-01-15 16:11:31,Hyderabad,mobile,snack,False,Thursday
S009435,U00687,R0087,2025-11-30 07:50:31,Hyderabad,mobile,breakfast,True,Sunday
S009436,U02655,R0047,2026-01-13 19:21:31,Pune,mobile,dinner,False,Tuesday
S009437,U01225,R0393,2026-01-22 14:00:31,Chennai,mobile,lunch,False,Thursday
S009438,U01754,R0628,2026-01-08 20:24:31,Hyderabad,mobile,dinner,False,Thursday
S009439,U04730,R0283,2026-01-23 10:47:31,Delhi,mobile,breakfast,False,Friday
S009440,U04970,R0627,2026-02-15 10:02:31,Kolkata,mobile,breakfast,True,Sunday
S009441,U04524,R0521,2025-12-30 12:03:31,Mumbai,mobile,lunch,False,Tuesday
S009442,U04193,R0251,2026-01-19 09:51:31,Kolkata,web,breakfast,False,Monday
S009443,U00196,R0283,2025-12-11 10:16:31,Delhi,mobile,breakfast,False,Thursday
S009444,U01608,R0576,2025-12-20 20:21:31,Mumbai,mobile,dinner,True,Saturday
S009445,U02375,R0167,2026-02-22 13:27:31,Mumbai,mobile,lunch,True,Sunday
S009446,U00204,R0047,2025-12-02 16:51:31,Pune,web,snack,False,Tuesday
S009447,U03079,R0752,2026-01-07 15:10:31,Kolkata,mobile,snack,False,Wednesday
S009448,U00035,R0474,2026-01-01 02:28:31,Mumbai,mobile,late_night,False,Thursday
S009449,U04680,R0410,2026-02-05 20:12:31,Delhi,web,dinner,False,Thursday
S009450,U04298,R0761,2025-12-29 21:16:31,Hyderabad,mobile,dinner,False,Monday
S009451,U00557,R0209,2025-12-13 11:42:31,Pune,mobile,lunch,True,Saturday
S009452,U04271,R0381,2025-11-30 16:01:31,Bangalore,mobile,snack,True,Sunday
S009453,U04035,R0477,2025-12-04 08:16:31,Mumbai,mobile,breakfast,False,Thursday
S009454,U00007,R0082,2026-01-14 20:04:31,Bangalore,mobile,dinner,False,Wednesday
S009455,U03791,R0229,2025-12-12 21:31:31,Mumbai,mobile,dinner,False,Friday
S009456,U03316,R0344,2025-12-24 12:53:31,Chennai,tablet,lunch,False,Wednesday
S009457,U04814,R0468,2025-12-24 19:03:31,Kolkata,mobile,dinner,False,Wednesday
S009458,U04744,R0016,2026-02-03 18:40:31,Pune,mobile,dinner,False,Tuesday
S009459,U04864,R0346,2025-12-09 06:25:31,Delhi,web,breakfast,False,Tuesday
S009460,U04262,R0489,2025-12-01 10:47:31,Bangalore,mobile,breakfast,False,Monday
S009461,U00743,R0499,2026-02-06 09:27:31,Hyderabad,mobile,breakfast,False,Friday
S009462,U00840,R0379,2026-01-25 19:06:31,Mumbai,mobile,dinner,True,Sunday
S009463,U04780,R0623,2025-12-05 07:19:31,Mumbai,mobile,breakfast,False,Friday
S009464,U00501,R0415,2026-01-01 16:11:31,Pune,mobile,snack,False,Thursday
S009465,U04582,R0489,2025-12-11 06:20:31,Bangalore,mobile,breakfast,False,Thursday
S009466,U03347,R0544,2026-02-07 11:21:31,Kolkata,mobile,lunch,True,Saturday
S009467,U04688,R0430,2026-01-26 10:05:31,Bangalore,tablet,breakfast,False,Monday
S009468,U00664,R0150,2026-02-04 23:01:31,Pune,mobile,late_night,False,Wednesday
S009469,U03296,R0222,2026-01-16 06:24:31,Pune,mobile,breakfast,False,Friday
S009470,U01361,R0553,2026-01-28 11:16:31,Bangalore,mobile,lunch,False,Wednesday
S009471,U04557,R0116,2026-02-15 21:39:31,Hyderabad,mobile,dinner,True,Sunday
S009472,U03448,R0686,2026-01-08 21:07:31,Mumbai,web,dinner,False,Thursday
S009473,U04188,R0260,2025-11-28 06:12:31,Pune,mobile,breakfast,False,Friday
S009474,U03975,R0392,2026-01-10 08:48:31,Delhi,mobile,breakfast,True,Saturday
S009475,U01483,R0427,2026-01-18 10:51:31,Chennai,mobile,breakfast,True,Sunday
S009476,U02895,R0444,2026-01-23 21:07:31,Bangalore,web,dinner,False,Friday
S009477,U03437,R0424,2026-02-26 02:54:31,Pune,mobile,late_night,False,Thursday
S009478,U02716,R0606,2025-12-09 12:47:31,Bangalore,web,lunch,False,Tuesday
S009479,U02954,R0270,2025-12-09 21:51:31,Mumbai,mobile,dinner,False,Tuesday
S009480,U02798,R0763,2025-12-24 18:49:31,Pune,mobile,dinner,False,Wednesday
S009481,U00721,R0331,2026-02-05 12:28:31,Bangalore,mobile,lunch,False,Thursday
S009482,U02077,R0642,2025-12-06 14:15:31,Mumbai,web,lunch,True,Saturday
S009483,U01549,R0072,2025-12-26 06:54:31,Chennai,mobile,breakfast,False,Friday
S009484,U04354,R0022,2026-02-26 13:02:31,Pune,mobile,lunch,False,Thursday
S009485,U02422,R0093,2025-12-15 10:51:31,Delhi,mobile,breakfast,False,Monday
S009486,U04260,R0547,2026-01-09 20:37:31,Bangalore,mobile,dinner,False,Friday
S009487,U02145,R0441,2026-02-02 19:20:31,Chennai,web,dinner,False,Monday
S009488,U04887,R0411,2026-02-16 13:39:31,Mumbai,mobile,lunch,False,Monday
S009489,U03788,R0262,2025-12-30 12:25:31,Mumbai,mobile,lunch,False,Tuesday
S009490,U02460,R0434,2026-02-15 08:02:31,Mumbai,web,breakfast,True,Sunday
S009491,U03210,R0321,2026-01-13 10:11:31,Delhi,mobile,breakfast,False,Tuesday
S009492,U03392,R0611,2026-01-16 18:21:31,Chennai,mobile,dinner,False,Friday
S009493,U04609,R0174,2026-02-01 07:48:31,Delhi,web,breakfast,True,Sunday
S009494,U01985,R0580,2026-02-22 20:23:31,Delhi,mobile,dinner,True,Sunday
S009495,U00298,R0288,2026-01-09 08:30:31,Kolkata,mobile,breakfast,False,Friday
S009496,U02839,R0534,2025-12-16 13:52:31,Chennai,mobile,lunch,False,Tuesday
S009497,U00427,R0784,2025-12-26 19:16:31,Hyderabad,mobile,dinner,False,Friday
S009498,U03242,R0075,2026-01-09 19:46:31,Bangalore,mobile,dinner,False,Friday
S009499,U03927,R0133,2025-12-09 16:14:31,Hyderabad,mobile,snack,False,Tuesday
S009500,U01045,R0447,2025-12-21 13:44:31,Delhi,mobile,lunch,True,Sunday
S009501,U01012,R0398,2026-01-02 07:49:31,Bangalore,mobile,breakfast,False,Friday
S009502,U00075,R0566,2025-12-15 19:05:31,Delhi,mobile,dinner,False,Monday
S009503,U03554,R0556,2026-02-09 17:02:31,Kolkata,mobile,snack,False,Monday
S009504,U03082,R0272,2026-02-20 20:07:31,Delhi,mobile,dinner,False,Friday
S009505,U03136,R0032,2026-01-07 09:19:31,Chennai,mobile,breakfast,False,Wednesday
S009506,U01040,R0173,2025-12-07 01:03:31,Mumbai,mobile,late_night,True,Sunday
S009507,U00044,R0570,2025-12-29 08:37:31,Kolkata,mobile,breakfast,False,Monday
S009508,U04534,R0100,2025-12-12 14:38:31,Mumbai,mobile,lunch,False,Friday
S009509,U03947,R0086,2026-02-10 12:55:31,Kolkata,web,lunch,False,Tuesday
S009510,U02152,R0070,2025-12-27 12:06:31,Pune,mobile,lunch,True,Saturday
S009511,U00227,R0773,2026-02-05 14:40:31,Mumbai,web,lunch,False,Thursday
S009512,U02332,R0502,2026-02-10 18:24:31,Delhi,mobile,dinner,False,Tuesday
S009513,U01664,R0367,2025-12-31 19:57:31,Bangalore,mobile,dinner,False,Wednesday
S009514,U01265,R0564,2025-12-02 05:42:31,Pune,mobile,late_night,False,Tuesday
S009515,U03303,R0778,2026-01-31 14:47:31,Chennai,web,lunch,True,Saturday
S009516,U00808,R0435,2025-12-19 13:23:31,Chennai,mobile,lunch,False,Friday
S009517,U00656,R0266,2026-01-29 06:29:31,Hyderabad,web,breakfast,False,Thursday
S009518,U03408,R0276,2026-01-15 13:17:31,Bangalore,mobile,lunch,False,Thursday
S009519,U01982,R0746,2025-12-27 13:24:31,Pune,mobile,lunch,True,Saturday
S009520,U04541,R0111,2026-01-26 07:39:31,Bangalore,mobile,breakfast,False,Monday
S009521,U00759,R0560,2026-01-14 08:50:31,Hyderabad,web,breakfast,False,Wednesday
S009522,U04947,R0386,2025-12-04 12:55:31,Kolkata,mobile,lunch,False,Thursday
S009523,U01991,R0659,2025-12-30 06:48:31,Bangalore,tablet,breakfast,False,Tuesday
S009524,U04619,R0442,2026-02-25 18:27:31,Bangalore,mobile,dinner,False,Wednesday
S009525,U02802,R0348,2026-01-29 15:50:31,Pune,mobile,snack,False,Thursday
S009526,U00345,R0571,2026-02-20 06:07:31,Pune,mobile,breakfast,False,Friday
S009527,U00231,R0797,2026-01-27 06:30:31,Bangalore,mobile,breakfast,False,Tuesday
S009528,U00935,R0242,2026-01-28 16:47:31,Hyderabad,mobile,snack,False,Wednesday
S009529,U01233,R0742,2025-12-13 20:54:31,Mumbai,mobile,dinner,True,Saturday
S009530,U03805,R0705,2025-12-31 16:09:31,Bangalore,mobile,snack,False,Wednesday
S009531,U01788,R0373,2026-02-24 08:12:31,Pune,mobile,breakfast,False,Tuesday
S009532,U02916,R0735,2026-01-08 22:32:31,Hyderabad,web,late_night,False,Thursday
S009533,U03870,R0072,2026-01-13 21:19:31,Chennai,mobile,dinner,False,Tuesday
S009534,U00302,R0402,2026-01-07 00:54:31,Delhi,mobile,late_night,False,Wednesday
S009535,U01148,R0510,2025-12-26 22:14:31,Chennai,mobile,late_night,False,Friday
S009536,U02792,R0094,2026-02-13 11:48:31,Delhi,mobile,lunch,False,Friday
S009537,U02031,R0748,2026-01-10 09:05:31,Hyderabad,mobile,breakfast,True,Saturday
S009538,U03946,R0515,2025-12-15 15:54:31,Delhi,mobile,snack,False,Monday
S009539,U00511,R0746,2025-12-31 14:58:31,Pune,web,lunch,False,Wednesday
S009540,U02674,R0544,2026-01-08 12:16:31,Kolkata,mobile,lunch,False,Thursday
S009541,U02914,R0452,2026-02-25 12:50:31,Bangalore,mobile,lunch,False,Wednesday
S009542,U04009,R0409,2025-12-06 16:43:31,Mumbai,mobile,snack,True,Saturday
S009543,U02944,R0528,2026-01-14 21:54:31,Hyderabad,web,dinner,False,Wednesday
S009544,U03058,R0226,2025-12-05 11:06:31,Delhi,mobile,lunch,False,Friday
S009545,U00270,R0615,2026-02-04 22:16:31,Bangalore,mobile,late_night,False,Wednesday
S009546,U02249,R0713,2025-12-10 11:14:31,Chennai,mobile,lunch,False,Wednesday
S009547,U03425,R0799,2025-12-02 10:23:31,Pune,mobile,breakfast,False,Tuesday
S009548,U04976,R0501,2026-01-08 20:35:31,Mumbai,mobile,dinner,False,Thursday
S009549,U04431,R0085,2026-02-04 16:48:31,Mumbai,mobile,snack,False,Wednesday
S009550,U03137,R0526,2026-01-21 23:24:31,Kolkata,mobile,late_night,False,Wednesday
S009551,U02702,R0669,2026-02-25 00:38:31,Chennai,mobile,late_night,False,Wednesday
S009552,U03988,R0764,2026-02-26 16:17:31,Delhi,web,snack,False,Thursday
S009553,U03008,R0501,2025-12-31 11:32:31,Mumbai,mobile,lunch,False,Wednesday
S009554,U02121,R0659,2026-02-03 14:49:31,Bangalore,web,lunch,False,Tuesday
S009555,U03094,R0698,2026-01-15 20:28:31,Kolkata,mobile,dinner,False,Thursday
S009556,U00378,R0540,2025-12-12 19:36:31,Chennai,mobile,dinner,False,Friday
S009557,U00897,R0525,2026-01-05 13:20:31,Kolkata,mobile,lunch,False,Monday
S009558,U04688,R0603,2025-12-29 18:17:31,Bangalore,web,dinner,False,Monday
S009559,U00155,R0397,2026-01-09 06:48:31,Mumbai,mobile,breakfast,False,Friday
S009560,U00051,R0600,2026-01-06 21:24:31,Mumbai,mobile,dinner,False,Tuesday
S009561,U03709,R0064,2026-02-07 12:15:31,Bangalore,mobile,lunch,True,Saturday
S009562,U01355,R0431,2026-01-20 11:30:31,Bangalore,mobile,lunch,False,Tuesday
S009563,U03486,R0489,2026-02-20 12:43:31,Bangalore,mobile,lunch,False,Friday
S009564,U02990,R0649,2026-02-01 11:30:31,Bangalore,web,lunch,True,Sunday
S009565,U03664,R0359,2026-01-11 11:17:31,Mumbai,mobile,lunch,True,Sunday
S009566,U02114,R0600,2026-02-03 13:23:31,Mumbai,mobile,lunch,False,Tuesday
S009567,U03889,R0042,2026-02-20 17:32:31,Pune,tablet,snack,False,Friday
S009568,U00814,R0216,2025-12-22 06:12:31,Hyderabad,web,breakfast,False,Monday
S009569,U02562,R0542,2026-01-21 07:57:31,Kolkata,mobile,breakfast,False,Wednesday
S009570,U01179,R0056,2026-01-08 12:48:31,Chennai,web,lunch,False,Thursday
S009571,U02925,R0663,2025-12-11 08:08:31,Hyderabad,mobile,breakfast,False,Thursday
S009572,U03423,R0128,2026-02-17 22:31:31,Chennai,mobile,late_night,False,Tuesday
S009573,U01136,R0671,2025-12-11 07:29:31,Hyderabad,mobile,breakfast,False,Thursday
S009574,U00138,R0150,2026-01-17 12:47:31,Pune,web,lunch,True,Saturday
S009575,U00729,R0144,2026-01-20 07:37:31,Bangalore,mobile,breakfast,False,Tuesday
S009576,U02291,R0054,2026-01-07 20:16:31,Mumbai,tablet,dinner,False,Wednesday
S009577,U04917,R0123,2026-01-12 13:18:31,Bangalore,tablet,lunch,False,Monday
S009578,U03613,R0680,2026-01-22 19:33:31,Kolkata,mobile,dinner,False,Thursday
S009579,U04921,R0477,2025-11-28 12:23:31,Mumbai,tablet,lunch,False,Friday
S009580,U02913,R0537,2025-12-31 21:04:31,Delhi,web,dinner,False,Wednesday
S009581,U02093,R0167,2025-12-28 15:11:31,Mumbai,mobile,snack,True,Sunday
S009582,U04882,R0127,2026-02-05 12:28:31,Hyderabad,mobile,lunch,False,Thursday
S009583,U02950,R0195,2026-01-24 18:52:31,Hyderabad,mobile,dinner,True,Saturday
S009584,U00464,R0735,2025-12-12 19:59:31,Hyderabad,tablet,dinner,False,Friday
S009585,U01764,R0162,2026-02-15 07:41:31,Pune,mobile,breakfast,True,Sunday
S009586,U04983,R0732,2026-01-25 12:52:31,Chennai,mobile,lunch,True,Sunday
S009587,U02887,R0104,2025-12-24 08:24:31,Pune,tablet,breakfast,False,Wednesday
S009588,U02364,R0546,2026-01-17 06:24:31,Chennai,web,breakfast,True,Saturday
S009589,U01541,R0107,2025-12-11 06:50:31,Bangalore,mobile,breakfast,False,Thursday
S009590,U02110,R0272,2026-02-19 07:02:31,Delhi,web,breakfast,False,Thursday
S009591,U03132,R0338,2026-01-14 08:24:31,Pune,tablet,breakfast,False,Wednesday
S009592,U01665,R0255,2026-01-17 07:05:31,Pune,mobile,breakfast,True,Saturday
S009593,U03562,R0523,2026-01-30 08:38:31,Delhi,mobile,breakfast,False,Friday
S009594,U03983,R0025,2026-02-13 13:33:31,Chennai,tablet,lunch,False,Friday
S009595,U04573,R0115,2025-12-21 17:30:31,Bangalore,web,snack,True,Sunday
S009596,U04424,R0289,2026-02-09 21:52:31,Pune,web,dinner,False,Monday
S009597,U03513,R0382,2026-02-13 07:20:31,Hyderabad,web,breakfast,False,Friday
S009598,U04640,R0264,2026-02-05 19:21:31,Mumbai,mobile,dinner,False,Thursday
S009599,U03016,R0777,2025-12-16 16:51:31,Kolkata,web,snack,False,Tuesday
S009600,U02493,R0503,2025-12-11 04:20:31,Pune,mobile,late_night,False,Thursday
S009601,U04668,R0524,2025-12-24 17:21:31,Pune,mobile,snack,False,Wednesday
S009602,U01399,R0166,2026-01-04 13:22:31,Pune,mobile,lunch,True,Sunday
S009603,U04407,R0771,2026-02-20 18:04:31,Bangalore,mobile,dinner,False,Friday
S009604,U04779,R0436,2026-01-23 20:25:31,Mumbai,mobile,dinner,False,Friday
S009605,U00250,R0660,2025-12-09 07:20:31,Pune,tablet,breakfast,False,Tuesday
S009606,U01958,R0221,2026-02-24 17:46:31,Kolkata,mobile,snack,False,Tuesday
S009607,U00332,R0794,2026-01-26 12:59:31,Kolkata,mobile,lunch,False,Monday
S009608,U03894,R0007,2026-01-07 18:01:31,Bangalore,mobile,dinner,False,Wednesday
S009609,U02851,R0226,2026-02-22 14:13:31,Delhi,mobile,lunch,True,Sunday
S009610,U04607,R0665,2025-12-22 20:16:31,Chennai,mobile,dinner,False,Monday
S009611,U04211,R0219,2026-01-31 05:50:31,Delhi,mobile,late_night,True,Saturday
S009612,U04948,R0641,2026-01-28 16:14:31,Chennai,mobile,snack,False,Wednesday
S009613,U00750,R0383,2026-02-26 11:33:31,Pune,mobile,lunch,False,Thursday
S009614,U03100,R0283,2025-12-05 03:19:31,Delhi,mobile,late_night,False,Friday
S009615,U01418,R0493,2026-01-16 08:49:31,Hyderabad,mobile,breakfast,False,Friday
S009616,U00081,R0474,2025-12-25 13:17:31,Mumbai,web,lunch,False,Thursday
S009617,U03427,R0322,2026-02-11 12:57:31,Chennai,web,lunch,False,Wednesday
S009618,U04384,R0196,2026-02-17 12:47:31,Mumbai,mobile,lunch,False,Tuesday
S009619,U02283,R0463,2026-01-02 13:50:31,Delhi,web,lunch,False,Friday
S009620,U03954,R0390,2026-02-06 10:43:31,Kolkata,mobile,breakfast,False,Friday
S009621,U01189,R0477,2026-01-23 12:17:31,Mumbai,mobile,lunch,False,Friday
S009622,U00079,R0109,2025-12-09 21:40:31,Delhi,web,dinner,False,Tuesday
S009623,U03870,R0427,2025-12-31 03:17:31,Chennai,mobile,late_night,False,Wednesday
S009624,U01487,R0224,2025-11-29 12:30:31,Pune,mobile,lunch,True,Saturday
S009625,U00212,R0515,2025-12-17 11:57:31,Delhi,mobile,lunch,False,Wednesday
S009626,U03652,R0517,2025-12-18 18:30:31,Chennai,web,dinner,False,Thursday
S009627,U04408,R0761,2026-02-11 10:11:31,Hyderabad,web,breakfast,False,Wednesday
S009628,U00356,R0219,2026-02-15 18:52:31,Delhi,mobile,dinner,True,Sunday
S009629,U00851,R0207,2025-11-30 06:26:31,Bangalore,mobile,breakfast,True,Sunday
S009630,U03150,R0199,2026-02-02 15:59:31,Mumbai,mobile,snack,False,Monday
S009631,U03445,R0474,2026-01-29 18:58:31,Mumbai,mobile,dinner,False,Thursday
S009632,U03560,R0605,2026-02-24 18:43:31,Hyderabad,mobile,dinner,False,Tuesday
S009633,U00239,R0552,2026-02-19 11:40:31,Pune,mobile,lunch,False,Thursday
S009634,U02541,R0577,2025-12-03 13:51:31,Mumbai,mobile,lunch,False,Wednesday
S009635,U04673,R0737,2025-12-25 04:58:31,Delhi,mobile,late_night,False,Thursday
S009636,U00861,R0131,2025-12-24 13:25:31,Chennai,web,lunch,False,Wednesday
S009637,U02751,R0716,2025-12-03 00:11:31,Hyderabad,web,late_night,False,Wednesday
S009638,U03042,R0349,2025-12-23 12:37:31,Bangalore,mobile,lunch,False,Tuesday
S009639,U00278,R0512,2025-12-18 11:58:31,Pune,mobile,lunch,False,Thursday
S009640,U00520,R0146,2026-01-25 12:28:31,Delhi,web,lunch,True,Sunday
S009641,U04564,R0435,2026-02-13 23:55:31,Chennai,mobile,late_night,False,Friday
S009642,U01981,R0304,2026-02-14 22:38:31,Pune,mobile,late_night,True,Saturday
S009643,U02437,R0013,2026-02-26 21:36:31,Delhi,mobile,dinner,False,Thursday
S009644,U03506,R0240,2026-01-12 15:21:31,Bangalore,mobile,snack,False,Monday
S009645,U01480,R0176,2025-12-22 12:42:31,Chennai,mobile,lunch,False,Monday
S009646,U00815,R0233,2025-12-06 15:35:31,Pune,tablet,snack,True,Saturday
S009647,U01198,R0275,2025-12-27 10:53:31,Bangalore,web,breakfast,True,Saturday
S009648,U01046,R0031,2026-01-04 16:30:31,Chennai,mobile,snack,True,Sunday
S009649,U00195,R0115,2026-02-07 06:36:31,Bangalore,web,breakfast,True,Saturday
S009650,U02455,R0284,2026-02-14 13:12:31,Pune,web,lunch,True,Saturday
S009651,U03193,R0125,2026-01-01 11:46:31,Bangalore,mobile,lunch,False,Thursday
S009652,U03501,R0528,2026-02-08 18:27:31,Hyderabad,mobile,dinner,True,Sunday
S009653,U04675,R0386,2025-12-28 16:08:31,Kolkata,mobile,snack,True,Sunday
S009654,U00835,R0707,2025-12-19 13:37:31,Kolkata,mobile,lunch,False,Friday
S009655,U02730,R0166,2026-01-23 03:51:31,Pune,tablet,late_night,False,Friday
S009656,U01263,R0623,2025-12-10 02:57:31,Mumbai,mobile,late_night,False,Wednesday
S009657,U02639,R0782,2026-01-11 11:24:31,Bangalore,mobile,lunch,True,Sunday
S009658,U01329,R0790,2025-12-22 21:37:31,Kolkata,web,dinner,False,Monday
S009659,U01665,R0530,2026-01-20 19:19:31,Pune,mobile,dinner,False,Tuesday
S009660,U02007,R0060,2026-01-20 13:40:31,Mumbai,mobile,lunch,False,Tuesday
S009661,U04541,R0785,2025-12-17 09:56:31,Bangalore,mobile,breakfast,False,Wednesday
S009662,U03838,R0267,2026-01-13 08:32:31,Chennai,web,breakfast,False,Tuesday
S009663,U00755,R0266,2026-01-23 04:26:31,Hyderabad,tablet,late_night,False,Friday
S009664,U03604,R0140,2025-12-30 19:54:31,Kolkata,mobile,dinner,False,Tuesday
S009665,U04741,R0704,2026-01-11 15:59:31,Delhi,mobile,snack,True,Sunday
S009666,U02104,R0243,2025-12-17 12:21:31,Delhi,mobile,lunch,False,Wednesday
S009667,U02564,R0650,2026-01-19 21:11:31,Hyderabad,mobile,dinner,False,Monday
S009668,U00089,R0234,2025-12-25 07:07:31,Mumbai,mobile,breakfast,False,Thursday
S009669,U04037,R0006,2025-12-30 15:42:31,Chennai,web,snack,False,Tuesday
S009670,U01179,R0300,2025-12-28 13:37:31,Chennai,mobile,lunch,True,Sunday
S009671,U01023,R0623,2025-12-14 02:52:31,Mumbai,mobile,late_night,True,Sunday
S009672,U03795,R0280,2026-01-16 12:48:31,Pune,mobile,lunch,False,Friday
S009673,U03617,R0467,2026-01-24 08:21:31,Pune,tablet,breakfast,True,Saturday
S009674,U02713,R0220,2026-01-07 18:47:31,Hyderabad,mobile,dinner,False,Wednesday
S009675,U04386,R0091,2026-01-21 05:56:31,Pune,web,late_night,False,Wednesday
S009676,U02219,R0005,2026-01-10 18:36:31,Pune,mobile,dinner,True,Saturday
S009677,U01835,R0768,2026-02-16 20:28:31,Mumbai,mobile,dinner,False,Monday
S009678,U03396,R0666,2026-02-16 10:18:31,Delhi,mobile,breakfast,False,Monday
S009679,U00871,R0083,2026-01-01 14:53:31,Delhi,mobile,lunch,False,Thursday
S009680,U03401,R0537,2025-12-07 21:23:31,Delhi,mobile,dinner,True,Sunday
S009681,U04268,R0623,2026-01-15 14:50:31,Mumbai,mobile,lunch,False,Thursday
S009682,U00062,R0008,2026-01-11 06:50:31,Mumbai,mobile,breakfast,True,Sunday
S009683,U03040,R0676,2025-12-21 23:51:31,Chennai,mobile,late_night,True,Sunday
S009684,U01595,R0158,2026-01-01 17:13:31,Mumbai,mobile,snack,False,Thursday
S009685,U01583,R0131,2026-01-05 17:59:31,Chennai,mobile,snack,False,Monday
S009686,U03261,R0759,2026-02-15 16:27:31,Hyderabad,mobile,snack,True,Sunday
S009687,U03257,R0618,2026-01-09 07:38:31,Mumbai,mobile,breakfast,False,Friday
S009688,U01635,R0242,2026-01-06 11:16:31,Hyderabad,web,lunch,False,Tuesday
S009689,U04294,R0457,2026-02-07 12:24:31,Delhi,mobile,lunch,True,Saturday
S009690,U04860,R0070,2026-01-03 11:55:31,Pune,mobile,lunch,True,Saturday
S009691,U02287,R0302,2025-12-09 15:29:31,Delhi,mobile,snack,False,Tuesday
S009692,U01241,R0159,2025-12-08 18:57:31,Hyderabad,mobile,dinner,False,Monday
S009693,U03812,R0554,2025-12-09 20:47:31,Kolkata,mobile,dinner,False,Tuesday
S009694,U02085,R0229,2025-12-30 19:36:31,Mumbai,mobile,dinner,False,Tuesday
S009695,U03679,R0670,2026-01-15 11:54:31,Kolkata,web,lunch,False,Thursday
S009696,U02409,R0416,2026-02-03 07:14:31,Mumbai,mobile,breakfast,False,Tuesday
S009697,U04047,R0498,2026-01-11 19:37:31,Kolkata,web,dinner,True,Sunday
S009698,U01147,R0137,2026-01-30 21:27:31,Hyderabad,mobile,dinner,False,Friday
S009699,U01211,R0532,2025-12-11 19:28:31,Pune,mobile,dinner,False,Thursday
S009700,U04342,R0155,2026-01-17 14:07:31,Bangalore,mobile,lunch,True,Saturday
S009701,U00253,R0603,2025-12-23 07:42:31,Bangalore,mobile,breakfast,False,Tuesday
S009702,U03715,R0556,2026-02-18 22:24:31,Kolkata,web,late_night,False,Wednesday
S009703,U04935,R0094,2026-02-26 14:14:31,Delhi,mobile,lunch,False,Thursday
S009704,U05000,R0017,2026-01-05 16:39:31,Delhi,mobile,snack,False,Monday
S009705,U04878,R0072,2025-12-16 22:27:31,Chennai,web,late_night,False,Tuesday
S009706,U00317,R0555,2025-12-13 13:08:31,Bangalore,web,lunch,True,Saturday
S009707,U01675,R0535,2025-12-15 12:38:31,Mumbai,mobile,lunch,False,Monday
S009708,U04797,R0144,2026-01-10 13:42:31,Bangalore,mobile,lunch,True,Saturday
S009709,U03119,R0481,2026-02-18 06:47:31,Mumbai,mobile,breakfast,False,Wednesday
S009710,U00195,R0609,2026-02-03 02:17:31,Bangalore,web,late_night,False,Tuesday
S009711,U02526,R0543,2026-02-10 13:16:31,Hyderabad,mobile,lunch,False,Tuesday
S009712,U04052,R0788,2026-01-05 21:50:31,Pune,web,dinner,False,Monday
S009713,U00063,R0059,2026-01-14 08:06:31,Kolkata,mobile,breakfast,False,Wednesday
S009714,U03320,R0276,2026-01-18 15:16:31,Bangalore,mobile,snack,True,Sunday
S009715,U03665,R0705,2026-02-18 22:54:31,Bangalore,mobile,late_night,False,Wednesday
S009716,U02808,R0687,2025-12-08 21:01:31,Hyderabad,web,dinner,False,Monday
S009717,U00920,R0786,2025-12-28 22:36:31,Delhi,mobile,late_night,True,Sunday
S009718,U03114,R0074,2025-12-29 08:07:31,Delhi,mobile,breakfast,False,Monday
S009719,U01545,R0459,2026-02-07 21:05:31,Chennai,mobile,dinner,True,Saturday
S009720,U03271,R0189,2026-02-25 13:43:31,Chennai,web,lunch,False,Wednesday
S009721,U02837,R0220,2026-02-11 10:06:31,Hyderabad,mobile,breakfast,False,Wednesday
S009722,U00595,R0401,2026-01-13 23:47:31,Hyderabad,mobile,late_night,False,Tuesday
S009723,U01380,R0312,2025-12-29 18:50:31,Mumbai,web,dinner,False,Monday
S009724,U04295,R0797,2026-01-20 00:52:31,Bangalore,mobile,late_night,False,Tuesday
S009725,U00313,R0028,2026-01-11 11:55:31,Chennai,tablet,lunch,True,Sunday
S009726,U00893,R0610,2026-01-06 00:13:31,Chennai,mobile,late_night,False,Tuesday
S009727,U02085,R0433,2026-02-18 14:10:31,Mumbai,web,lunch,False,Wednesday
S009728,U04415,R0199,2026-02-15 18:02:31,Mumbai,mobile,dinner,True,Sunday
S009729,U03160,R0261,2025-12-28 20:49:31,Hyderabad,mobile,dinner,True,Sunday
S009730,U01224,R0656,2026-01-06 17:24:31,Kolkata,mobile,snack,False,Tuesday
S009731,U04494,R0015,2026-01-17 10:45:31,Bangalore,mobile,breakfast,True,Saturday
S009732,U03841,R0272,2026-01-19 03:51:31,Delhi,mobile,late_night,False,Monday
S009733,U02869,R0244,2025-12-02 22:17:31,Delhi,mobile,late_night,False,Tuesday
S009734,U02746,R0755,2025-12-05 00:48:31,Chennai,tablet,late_night,False,Friday
S009735,U02633,R0335,2026-02-20 19:38:31,Bangalore,tablet,dinner,False,Friday
S009736,U03805,R0606,2026-01-29 22:22:31,Bangalore,mobile,late_night,False,Thursday
S009737,U03275,R0268,2025-12-14 15:49:31,Chennai,mobile,snack,True,Sunday
S009738,U01324,R0094,2026-02-03 17:03:31,Delhi,mobile,snack,False,Tuesday
S009739,U02628,R0697,2026-01-15 08:26:31,Mumbai,mobile,breakfast,False,Thursday
S009740,U04881,R0579,2026-02-25 20:23:31,Pune,web,dinner,False,Wednesday
S009741,U03256,R0695,2026-01-25 14:02:31,Kolkata,mobile,lunch,True,Sunday
S009742,U02265,R0129,2025-12-18 08:54:31,Bangalore,mobile,breakfast,False,Thursday
S009743,U02387,R0420,2026-01-31 09:25:31,Chennai,mobile,breakfast,True,Saturday
S009744,U04828,R0418,2026-02-09 03:20:31,Bangalore,mobile,late_night,False,Monday
S009745,U02449,R0408,2025-11-28 21:26:31,Mumbai,mobile,dinner,False,Friday
S009746,U02281,R0040,2026-02-09 11:13:31,Bangalore,mobile,lunch,False,Monday
S009747,U00395,R0600,2026-02-20 17:08:31,Mumbai,mobile,snack,False,Friday
S009748,U04279,R0679,2025-12-20 23:41:31,Delhi,mobile,late_night,True,Saturday
S009749,U03759,R0444,2025-12-09 10:18:31,Bangalore,mobile,breakfast,False,Tuesday
S009750,U01796,R0150,2025-12-27 15:43:31,Pune,mobile,snack,True,Saturday
S009751,U02573,R0204,2026-01-28 12:47:31,Mumbai,mobile,lunch,False,Wednesday
S009752,U01967,R0766,2025-12-07 09:55:31,Bangalore,mobile,breakfast,True,Sunday
S009753,U00701,R0555,2025-12-24 21:33:31,Bangalore,mobile,dinner,False,Wednesday
S009754,U03755,R0578,2026-01-26 16:56:31,Hyderabad,mobile,snack,False,Monday
S009755,U00269,R0248,2026-02-04 07:37:31,Delhi,web,breakfast,False,Wednesday
S009756,U00460,R0237,2026-01-30 22:03:31,Chennai,web,late_night,False,Friday
S009757,U04683,R0296,2026-01-07 16:40:31,Hyderabad,tablet,snack,False,Wednesday
S009758,U03476,R0260,2026-01-20 16:29:31,Pune,mobile,snack,False,Tuesday
S009759,U02774,R0298,2025-12-23 00:46:31,Mumbai,mobile,late_night,False,Tuesday
S009760,U03382,R0410,2025-12-26 08:00:31,Delhi,mobile,breakfast,False,Friday
S009761,U01815,R0102,2026-02-15 23:50:31,Kolkata,mobile,late_night,True,Sunday
S009762,U02633,R0772,2025-12-26 20:32:31,Bangalore,mobile,dinner,False,Friday
S009763,U04406,R0275,2026-01-03 12:32:31,Bangalore,mobile,lunch,True,Saturday
S009764,U04374,R0196,2026-01-21 12:26:31,Mumbai,mobile,lunch,False,Wednesday
S009765,U03072,R0267,2026-01-13 12:34:31,Chennai,mobile,lunch,False,Tuesday
S009766,U03691,R0517,2026-01-04 23:08:31,Chennai,web,late_night,True,Sunday
S009767,U04971,R0001,2026-01-20 07:12:31,Chennai,mobile,breakfast,False,Tuesday
S009768,U02380,R0515,2026-02-20 11:29:31,Delhi,mobile,lunch,False,Friday
S009769,U00887,R0127,2025-12-13 19:35:31,Hyderabad,tablet,dinner,True,Saturday
S009770,U01809,R0753,2025-12-26 15:02:31,Chennai,mobile,snack,False,Friday
S009771,U00728,R0575,2026-01-20 18:35:31,Hyderabad,mobile,dinner,False,Tuesday
S009772,U01758,R0324,2025-12-27 13:21:31,Delhi,mobile,lunch,True,Saturday
S009773,U02293,R0352,2026-02-02 19:42:31,Mumbai,mobile,dinner,False,Monday
S009774,U03220,R0746,2026-01-30 12:33:31,Pune,mobile,lunch,False,Friday
S009775,U01905,R0405,2026-01-20 13:19:31,Pune,mobile,lunch,False,Tuesday
S009776,U04835,R0079,2026-02-15 05:27:31,Bangalore,web,late_night,True,Sunday
S009777,U02034,R0052,2026-02-04 16:55:31,Hyderabad,mobile,snack,False,Wednesday
S009778,U00402,R0562,2025-12-02 21:46:31,Pune,mobile,dinner,False,Tuesday
S009779,U01970,R0672,2026-01-15 21:58:31,Delhi,web,dinner,False,Thursday
S009780,U00089,R0088,2025-11-30 19:12:31,Mumbai,mobile,dinner,True,Sunday
S009781,U00919,R0731,2026-02-15 19:30:31,Kolkata,mobile,dinner,True,Sunday
S009782,U03025,R0186,2025-12-13 14:02:31,Delhi,mobile,lunch,True,Saturday
S009783,U03394,R0378,2026-02-22 18:52:31,Hyderabad,mobile,dinner,True,Sunday
S009784,U04766,R0319,2026-02-14 08:04:31,Chennai,mobile,breakfast,True,Saturday
S009785,U03756,R0299,2026-01-13 13:00:31,Mumbai,mobile,lunch,False,Tuesday
S009786,U01383,R0419,2025-12-17 17:26:31,Hyderabad,mobile,snack,False,Wednesday
S009787,U00853,R0410,2025-12-19 05:09:31,Delhi,mobile,late_night,False,Friday
S009788,U02966,R0030,2026-02-03 08:48:31,Mumbai,mobile,breakfast,False,Tuesday
S009789,U01341,R0013,2025-12-26 10:11:31,Delhi,mobile,breakfast,False,Friday
S009790,U04438,R0131,2025-12-14 11:35:31,Chennai,mobile,lunch,True,Sunday
S009791,U02072,R0195,2025-12-24 18:41:31,Hyderabad,mobile,dinner,False,Wednesday
S009792,U01510,R0481,2025-12-12 11:15:31,Mumbai,mobile,lunch,False,Friday
S009793,U02257,R0205,2026-01-19 15:04:31,Pune,mobile,snack,False,Monday
S009794,U04083,R0006,2026-01-08 14:57:31,Chennai,mobile,lunch,False,Thursday
S009795,U02775,R0098,2026-01-22 10:08:31,Delhi,mobile,breakfast,False,Thursday
S009796,U04294,R0147,2026-02-22 00:55:31,Delhi,mobile,late_night,True,Sunday
S009797,U00427,R0720,2025-12-03 14:26:31,Hyderabad,web,lunch,False,Wednesday
S009798,U04254,R0001,2026-01-17 18:24:31,Chennai,mobile,dinner,True,Saturday
S009799,U00260,R0672,2025-11-29 06:57:31,Delhi,mobile,breakfast,True,Saturday
S009800,U02723,R0678,2026-01-13 21:02:31,Pune,web,dinner,False,Tuesday
S009801,U00842,R0752,2025-12-20 21:12:31,Kolkata,web,dinner,True,Saturday
S009802,U03274,R0256,2026-02-04 22:02:31,Kolkata,web,late_night,False,Wednesday
S009803,U00229,R0508,2026-01-10 02:23:31,Chennai,mobile,late_night,True,Saturday
S009804,U03701,R0224,2026-02-04 18:11:31,Pune,mobile,dinner,False,Wednesday
S009805,U00327,R0084,2026-02-06 12:34:31,Mumbai,tablet,lunch,False,Friday
S009806,U03240,R0702,2025-12-16 14:08:31,Delhi,mobile,lunch,False,Tuesday
S009807,U04885,R0659,2026-02-03 14:57:31,Bangalore,mobile,lunch,False,Tuesday
S009808,U00636,R0457,2025-11-28 12:57:31,Delhi,mobile,lunch,False,Friday
S009809,U01564,R0141,2026-02-22 21:42:31,Bangalore,mobile,dinner,True,Sunday
S009810,U03972,R0362,2026-02-08 10:34:31,Delhi,mobile,breakfast,True,Sunday
S009811,U04530,R0653,2025-12-16 06:52:31,Chennai,mobile,breakfast,False,Tuesday
S009812,U00068,R0251,2026-01-24 20:55:31,Kolkata,web,dinner,True,Saturday
S009813,U00121,R0639,2026-02-17 06:26:31,Bangalore,web,breakfast,False,Tuesday
S009814,U03017,R0574,2026-02-17 08:23:31,Chennai,mobile,breakfast,False,Tuesday
S009815,U02822,R0666,2025-12-20 20:42:31,Delhi,mobile,dinner,True,Saturday
S009816,U01622,R0305,2026-02-14 07:35:31,Kolkata,mobile,breakfast,True,Saturday
S009817,U02949,R0325,2025-12-16 13:22:31,Kolkata,mobile,lunch,False,Tuesday
S009818,U04660,R0483,2025-12-17 10:32:31,Hyderabad,mobile,breakfast,False,Wednesday
S009819,U02653,R0260,2026-01-31 18:49:31,Pune,tablet,dinner,True,Saturday
S009820,U00446,R0680,2026-01-16 11:10:31,Kolkata,mobile,lunch,False,Friday
S009821,U04251,R0481,2025-12-05 16:58:31,Mumbai,mobile,snack,False,Friday
S009822,U01560,R0506,2026-02-21 11:36:31,Kolkata,mobile,lunch,True,Saturday
S009823,U01092,R0462,2025-12-02 10:49:31,Mumbai,mobile,breakfast,False,Tuesday
S009824,U03134,R0101,2026-02-01 15:06:31,Hyderabad,mobile,snack,True,Sunday
S009825,U00970,R0388,2026-01-05 22:29:31,Bangalore,mobile,late_night,False,Monday
S009826,U04898,R0172,2026-01-14 18:18:31,Hyderabad,mobile,dinner,False,Wednesday
S009827,U03135,R0054,2025-12-22 21:01:31,Mumbai,mobile,dinner,False,Monday
S009828,U03315,R0585,2026-01-17 01:32:31,Kolkata,mobile,late_night,True,Saturday
S009829,U03387,R0307,2026-01-14 18:33:31,Kolkata,tablet,dinner,False,Wednesday
S009830,U03575,R0535,2026-02-13 20:24:31,Mumbai,web,dinner,False,Friday
S009831,U00847,R0776,2026-02-22 21:05:31,Pune,mobile,dinner,True,Sunday
S009832,U04396,R0400,2026-01-13 22:31:31,Hyderabad,web,late_night,False,Tuesday
S009833,U02993,R0515,2026-01-06 06:42:31,Delhi,mobile,breakfast,False,Tuesday
S009834,U04110,R0797,2026-02-14 20:32:31,Bangalore,mobile,dinner,True,Saturday
S009835,U03843,R0100,2026-01-31 18:32:31,Mumbai,web,dinner,True,Saturday
S009836,U03959,R0438,2025-11-30 12:10:31,Mumbai,mobile,lunch,True,Sunday
S009837,U02774,R0191,2025-12-07 10:37:31,Mumbai,mobile,breakfast,True,Sunday
S009838,U02629,R0434,2026-02-08 11:06:31,Mumbai,web,lunch,True,Sunday
S009839,U00275,R0357,2026-01-16 22:43:31,Bangalore,mobile,late_night,False,Friday
S009840,U00904,R0273,2026-02-02 17:36:31,Mumbai,mobile,snack,False,Monday
S009841,U03912,R0074,2026-02-12 05:54:31,Delhi,mobile,late_night,False,Thursday
S009842,U00151,R0439,2026-02-03 08:06:31,Pune,mobile,breakfast,False,Tuesday
S009843,U03605,R0123,2025-12-02 17:16:31,Bangalore,mobile,snack,False,Tuesday
S009844,U02490,R0261,2025-12-01 21:34:31,Hyderabad,mobile,dinner,False,Monday
S009845,U03846,R0733,2026-02-13 14:02:31,Kolkata,mobile,lunch,False,Friday
S009846,U00236,R0525,2026-01-22 19:09:31,Kolkata,mobile,dinner,False,Thursday
S009847,U04075,R0084,2025-12-08 11:53:31,Mumbai,mobile,lunch,False,Monday
S009848,U00963,R0506,2026-01-17 17:59:31,Kolkata,mobile,snack,True,Saturday
S009849,U03275,R0703,2026-01-29 16:55:31,Chennai,tablet,snack,False,Thursday
S009850,U02405,R0300,2025-12-11 15:06:31,Chennai,web,snack,False,Thursday
S009851,U00320,R0658,2025-11-28 22:11:31,Mumbai,web,late_night,False,Friday
S009852,U03856,R0615,2026-01-21 08:16:31,Bangalore,mobile,breakfast,False,Wednesday
S009853,U01176,R0494,2025-11-30 07:41:31,Delhi,mobile,breakfast,True,Sunday
S009854,U03385,R0397,2025-12-30 11:38:31,Mumbai,mobile,lunch,False,Tuesday
S009855,U01481,R0070,2026-01-01 22:02:31,Pune,mobile,late_night,False,Thursday
S009856,U02135,R0145,2026-02-13 08:51:31,Kolkata,mobile,breakfast,False,Friday
S009857,U02384,R0553,2025-12-29 14:44:31,Bangalore,mobile,lunch,False,Monday
S009858,U01127,R0304,2025-12-22 18:16:31,Pune,mobile,dinner,False,Monday
S009859,U02965,R0795,2026-02-20 12:24:31,Mumbai,mobile,lunch,False,Friday
S009860,U00703,R0363,2026-02-12 20:02:31,Hyderabad,mobile,dinner,False,Thursday
S009861,U02723,R0166,2025-12-24 06:58:31,Pune,tablet,breakfast,False,Wednesday
S009862,U00224,R0325,2026-01-24 07:10:31,Kolkata,mobile,breakfast,True,Saturday
S009863,U01466,R0511,2026-02-23 03:05:31,Delhi,mobile,late_night,False,Monday
S009864,U00543,R0200,2026-02-10 22:53:31,Kolkata,mobile,late_night,False,Tuesday
S009865,U01746,R0528,2025-12-21 14:05:31,Hyderabad,mobile,lunch,True,Sunday
S009866,U03342,R0053,2026-02-25 19:11:31,Kolkata,mobile,dinner,False,Wednesday
S009867,U04538,R0397,2026-01-08 18:44:31,Mumbai,mobile,dinner,False,Thursday
S009868,U03490,R0261,2026-01-23 12:17:31,Hyderabad,mobile,lunch,False,Friday
S009869,U00039,R0232,2026-02-05 11:15:31,Bangalore,mobile,lunch,False,Thursday
S009870,U04698,R0072,2026-01-15 14:47:31,Chennai,mobile,lunch,False,Thursday
S009871,U01595,R0106,2025-12-24 11:52:31,Mumbai,mobile,lunch,False,Wednesday
S009872,U04495,R0204,2026-02-09 12:16:31,Mumbai,mobile,lunch,False,Monday
S009873,U03282,R0462,2026-01-05 12:35:31,Mumbai,mobile,lunch,False,Monday
S009874,U04814,R0011,2026-02-19 22:24:31,Kolkata,mobile,late_night,False,Thursday
S009875,U03928,R0506,2026-01-02 06:22:31,Kolkata,mobile,breakfast,False,Friday
S009876,U01180,R0666,2026-01-30 19:35:31,Delhi,mobile,dinner,False,Friday
S009877,U03876,R0075,2026-02-19 21:04:31,Bangalore,mobile,dinner,False,Thursday
S009878,U02092,R0129,2025-12-23 04:02:31,Bangalore,mobile,late_night,False,Tuesday
S009879,U02546,R0547,2025-12-18 18:52:31,Bangalore,mobile,dinner,False,Thursday
S009880,U01004,R0224,2026-01-21 21:47:31,Pune,mobile,dinner,False,Wednesday
S009881,U01426,R0366,2026-01-29 20:19:31,Kolkata,mobile,dinner,False,Thursday
S009882,U00462,R0682,2026-01-26 12:06:31,Delhi,web,lunch,False,Monday
S009883,U01890,R0536,2026-01-20 19:54:31,Mumbai,web,dinner,False,Tuesday
S009884,U00450,R0507,2026-02-15 14:22:31,Pune,mobile,lunch,True,Sunday
S009885,U01768,R0584,2026-01-16 13:43:31,Mumbai,tablet,lunch,False,Friday
S009886,U02595,R0722,2025-12-03 07:18:31,Delhi,mobile,breakfast,False,Wednesday
S009887,U02673,R0589,2025-12-03 12:58:31,Chennai,web,lunch,False,Wednesday
S009888,U04139,R0750,2026-02-16 13:18:31,Chennai,mobile,lunch,False,Monday
S009889,U01170,R0029,2026-02-04 12:44:31,Chennai,mobile,lunch,False,Wednesday
S009890,U03575,R0572,2025-12-16 18:52:31,Mumbai,mobile,dinner,False,Tuesday
S009891,U01628,R0226,2025-12-02 20:11:31,Delhi,mobile,dinner,False,Tuesday
S009892,U01188,R0325,2025-12-29 19:00:31,Kolkata,mobile,dinner,False,Monday
S009893,U04924,R0635,2026-02-11 11:20:31,Pune,mobile,lunch,False,Wednesday
S009894,U04217,R0423,2025-12-22 10:36:31,Hyderabad,web,breakfast,False,Monday
S009895,U00621,R0509,2026-02-12 18:40:31,Bangalore,mobile,dinner,False,Thursday
S009896,U02169,R0350,2025-12-31 16:09:31,Pune,web,snack,False,Wednesday
S009897,U00569,R0551,2026-02-23 22:56:31,Pune,mobile,late_night,False,Monday
S009898,U04352,R0418,2025-12-13 22:03:31,Bangalore,mobile,late_night,True,Saturday
S009899,U02755,R0326,2025-12-15 13:44:31,Mumbai,web,lunch,False,Monday
S009900,U04988,R0031,2026-02-10 10:34:31,Chennai,tablet,breakfast,False,Tuesday
S009901,U00215,R0231,2026-02-20 22:29:31,Hyderabad,mobile,late_night,False,Friday
S009902,U04618,R0315,2025-12-20 10:14:31,Kolkata,tablet,breakfast,True,Saturday
S009903,U01942,R0681,2025-12-06 08:36:31,Kolkata,mobile,breakfast,True,Saturday
S009904,U01806,R0575,2026-01-19 14:28:31,Hyderabad,mobile,lunch,False,Monday
S009905,U03168,R0515,2026-02-17 08:01:31,Delhi,mobile,breakfast,False,Tuesday
S009906,U04541,R0547,2026-02-18 21:17:31,Bangalore,mobile,dinner,False,Wednesday
S009907,U04711,R0096,2025-12-27 21:28:31,Mumbai,mobile,dinner,True,Saturday
S009908,U00315,R0411,2026-01-30 07:37:31,Mumbai,web,breakfast,False,Friday
S009909,U01000,R0712,2026-02-03 10:39:31,Delhi,mobile,breakfast,False,Tuesday
S009910,U02801,R0704,2026-01-25 12:29:31,Delhi,mobile,lunch,True,Sunday
S009911,U01611,R0050,2026-02-07 07:52:31,Pune,mobile,breakfast,True,Saturday
S009912,U01224,R0390,2026-01-01 13:56:31,Kolkata,mobile,lunch,False,Thursday
S009913,U03880,R0302,2026-02-09 15:22:31,Delhi,mobile,snack,False,Monday
S009914,U01691,R0369,2026-01-06 19:57:31,Hyderabad,mobile,dinner,False,Tuesday
S009915,U02072,R0216,2026-02-03 09:28:31,Hyderabad,mobile,breakfast,False,Tuesday
S009916,U00001,R0182,2026-01-28 21:52:31,Delhi,mobile,dinner,False,Wednesday
S009917,U01195,R0661,2026-02-02 21:28:31,Mumbai,mobile,dinner,False,Monday
S009918,U01387,R0745,2025-12-30 16:07:31,Delhi,mobile,snack,False,Tuesday
S009919,U00588,R0624,2026-02-24 08:35:31,Pune,mobile,breakfast,False,Tuesday
S009920,U02483,R0275,2026-01-27 20:40:31,Bangalore,mobile,dinner,False,Tuesday
S009921,U00421,R0274,2025-12-20 20:12:31,Delhi,mobile,dinner,True,Saturday
S009922,U00357,R0742,2025-12-24 21:05:31,Mumbai,web,dinner,False,Wednesday
S009923,U04326,R0416,2025-12-12 13:45:31,Mumbai,mobile,lunch,False,Friday
S009924,U04326,R0434,2026-02-18 15:14:31,Mumbai,web,snack,False,Wednesday
S009925,U00984,R0345,2026-01-31 09:21:31,Pune,mobile,breakfast,True,Saturday
S009926,U02807,R0049,2026-01-10 12:26:31,Delhi,mobile,lunch,True,Saturday
S009927,U01265,R0168,2025-12-23 11:38:31,Pune,mobile,lunch,False,Tuesday
S009928,U00957,R0188,2026-02-20 22:29:31,Bangalore,web,late_night,False,Friday
S009929,U00078,R0680,2026-01-06 18:25:31,Kolkata,mobile,dinner,False,Tuesday
S009930,U02119,R0100,2026-02-04 18:27:31,Mumbai,mobile,dinner,False,Wednesday
S009931,U02842,R0567,2025-12-25 12:34:31,Pune,mobile,lunch,False,Thursday
S009932,U02434,R0141,2026-02-07 03:32:31,Bangalore,mobile,late_night,True,Saturday
S009933,U03152,R0699,2026-01-24 20:57:31,Pune,mobile,dinner,True,Saturday
S009934,U01199,R0254,2026-01-07 18:40:31,Hyderabad,mobile,dinner,False,Wednesday
S009935,U03152,R0500,2026-01-07 14:16:31,Pune,web,lunch,False,Wednesday
S009936,U04954,R0083,2025-11-28 21:25:31,Delhi,mobile,dinner,False,Friday
S009937,U02253,R0266,2025-12-16 14:25:31,Hyderabad,mobile,lunch,False,Tuesday
S009938,U04114,R0173,2026-01-16 21:55:31,Mumbai,mobile,dinner,False,Friday
S009939,U02070,R0761,2026-02-19 22:52:31,Hyderabad,mobile,late_night,False,Thursday
S009940,U00975,R0181,2025-12-10 20:41:31,Hyderabad,mobile,dinner,False,Wednesday
S009941,U03173,R0335,2026-01-22 20:35:31,Bangalore,web,dinner,False,Thursday
S009942,U02112,R0304,2026-01-22 11:41:31,Pune,mobile,lunch,False,Thursday
S009943,U02760,R0093,2026-02-14 05:38:31,Delhi,web,late_night,True,Saturday
S009944,U04002,R0067,2026-02-02 16:16:31,Kolkata,mobile,snack,False,Monday
S009945,U02994,R0328,2026-02-07 00:40:31,Delhi,web,late_night,True,Saturday
S009946,U01058,R0742,2026-01-07 21:08:31,Mumbai,mobile,dinner,False,Wednesday
S009947,U04908,R0572,2025-12-19 11:35:31,Mumbai,web,lunch,False,Friday
S009948,U04877,R0356,2025-12-16 09:01:31,Delhi,mobile,breakfast,False,Tuesday
S009949,U02462,R0330,2025-12-14 14:39:31,Kolkata,web,lunch,True,Sunday
S009950,U04855,R0668,2025-12-20 02:37:31,Bangalore,web,late_night,True,Saturday
S009951,U01883,R0359,2026-01-20 10:30:31,Mumbai,mobile,breakfast,False,Tuesday
S009952,U04378,R0627,2026-01-28 06:30:31,Kolkata,mobile,breakfast,False,Wednesday
S009953,U04418,R0356,2026-01-28 15:51:31,Delhi,mobile,snack,False,Wednesday
S009954,U02656,R0660,2026-01-20 21:49:31,Pune,mobile,dinner,False,Tuesday
S009955,U00466,R0040,2026-01-16 19:55:31,Bangalore,mobile,dinner,False,Friday
S009956,U00791,R0364,2025-12-08 12:13:31,Chennai,mobile,lunch,False,Monday
S009957,U04777,R0766,2025-12-08 18:09:31,Bangalore,mobile,dinner,False,Monday
S009958,U04191,R0455,2026-02-07 20:58:31,Pune,mobile,dinner,True,Saturday
S009959,U02710,R0673,2026-01-03 10:44:31,Pune,web,breakfast,True,Saturday
S009960,U02903,R0310,2025-11-29 17:21:31,Hyderabad,mobile,snack,True,Saturday
S009961,U04171,R0428,2025-12-19 20:33:31,Kolkata,mobile,dinner,False,Friday
S009962,U03352,R0707,2025-12-06 07:59:31,Kolkata,mobile,breakfast,True,Saturday
S009963,U01519,R0367,2026-02-15 16:17:31,Bangalore,mobile,snack,True,Sunday
S009964,U00226,R0055,2026-01-02 05:59:31,Bangalore,web,late_night,False,Friday
S009965,U04674,R0582,2026-01-08 22:28:31,Mumbai,mobile,late_night,False,Thursday
S009966,U04722,R0209,2025-12-17 01:20:31,Pune,mobile,late_night,False,Wednesday
S009967,U04708,R0107,2026-02-14 21:59:31,Bangalore,mobile,dinner,True,Saturday
S009968,U03535,R0194,2026-02-21 20:18:31,Kolkata,mobile,dinner,True,Saturday
S009969,U02449,R0576,2026-02-05 22:05:31,Mumbai,mobile,late_night,False,Thursday
S009970,U01656,R0679,2025-12-24 11:44:31,Delhi,mobile,lunch,False,Wednesday
S009971,U04078,R0645,2025-12-26 11:44:31,Pune,mobile,lunch,False,Friday
S009972,U03031,R0278,2026-02-13 03:05:31,Delhi,mobile,late_night,False,Friday
S009973,U01555,R0486,2026-01-22 14:20:31,Chennai,mobile,lunch,False,Thursday
S009974,U04181,R0707,2026-02-17 14:45:31,Kolkata,mobile,lunch,False,Tuesday
S009975,U02018,R0176,2026-02-05 13:07:31,Chennai,web,lunch,False,Thursday
S009976,U03432,R0609,2026-02-06 15:10:31,Bangalore,mobile,snack,False,Friday
S009977,U00794,R0120,2026-01-11 10:56:31,Hyderabad,web,breakfast,True,Sunday
S009978,U00963,R0371,2026-02-12 19:05:31,Kolkata,mobile,dinner,False,Thursday
S009979,U00071,R0669,2025-12-13 16:00:31,Chennai,web,snack,True,Saturday
S009980,U02910,R0325,2025-12-30 11:27:31,Kolkata,mobile,lunch,False,Tuesday
S009981,U04980,R0282,2025-12-07 21:51:31,Delhi,mobile,dinner,True,Sunday
S009982,U00801,R0706,2026-02-23 20:06:31,Kolkata,mobile,dinner,False,Monday
S009983,U03258,R0140,2025-12-21 11:18:31,Kolkata,mobile,lunch,True,Sunday
S009984,U02684,R0297,2025-11-29 19:40:31,Pune,mobile,dinner,True,Saturday
S009985,U03672,R0364,2026-01-11 10:55:31,Chennai,mobile,breakfast,True,Sunday
S009986,U02055,R0697,2025-12-31 15:56:31,Mumbai,mobile,snack,False,Wednesday
S009987,U00793,R0506,2025-12-25 19:00:31,Kolkata,mobile,dinner,False,Thursday
S009988,U02787,R0363,2025-12-14 12:32:31,Hyderabad,mobile,lunch,True,Sunday
S009989,U02163,R0319,2025-12-05 12:50:31,Chennai,mobile,lunch,False,Friday
S009990,U03748,R0126,2025-12-08 12:46:31,Chennai,mobile,lunch,False,Monday
S009991,U01698,R0654,2026-02-23 11:54:31,Pune,mobile,lunch,False,Monday
S009992,U04397,R0593,2026-01-01 11:33:31,Kolkata,mobile,lunch,False,Thursday
S009993,U04020,R0072,2026-01-08 12:43:31,Chennai,web,lunch,False,Thursday
S009994,U01430,R0126,2026-02-10 12:18:31,Chennai,mobile,lunch,False,Tuesday
S009995,U03938,R0147,2026-01-25 10:26:31,Delhi,mobile,breakfast,True,Sunday
S009996,U03515,R0326,2026-02-16 08:10:31,Mumbai,web,breakfast,False,Monday
S009997,U03682,R0791,2026-01-28 13:21:31,Hyderabad,mobile,lunch,False,Wednesday
S009998,U00265,R0736,2025-12-28 06:15:31,Delhi,web,breakfast,True,Sunday
S009999,U04688,R0769,2025-12-08 19:08:31,Bangalore,mobile,dinner,False,Monday
S010000,U01639,R0717,2026-02-26 06:24:31,Kolkata,mobile,breakfast,False,Thursday
