user_id,city,segment,preferred_cuisines,avg_order_value,frequency,recency,veg_preference,registration_date,csao_acceptance_rate,total_orders,preferred_meal_time,weekend_order_ratio,segment_budget,segment_premium,segment_occasional,pref_veg,pref_nonveg,pref_both
U00001,Delhi,budget,South Indian|Street Food,161.05,5,49.0,both,2025-10-30,0.18095238095238095,7.0,snack,0.0,1,0,0,0,0,1
U00002,Chennai,budget,North Indian|Continental|South Indian,275.51,7,2.4,non-veg,2025-06-18,0.16666666666666666,4.0,breakfast,0.0,1,0,0,0,1,0
U00003,Delhi,budget,Continental|North Indian|Italian|Biryani,199.64,5,41.6,both,2024-04-02,0.25,1.0,dinner,0.0,1,0,0,0,0,1
U00004,Pune,occasional,Desserts|Italian|Beverages|Fast Food,471.73,1,16.1,non-veg,2025-04-18,0.4,1.0,breakfast,0.0,0,0,1,0,1,0
U00005,Kolkata,budget,Chinese|Desserts,207.31,13,1.5,veg,2025-02-13,0.3833333333333333,2.0,breakfast,0.5,1,0,0,1,0,0
U00006,Mumbai,budget,Italian|Biryani,249.56,8,30.3,both,2025-10-15,0.25,2.0,breakfast,0.0,1,0,0,0,0,1
U00007,Bangalore,budget,South Indian|Biryani|Street Food,332.48,7,2.6,non-veg,2024-05-19,0.5158730158730158,3.0,breakfast,0.0,1,0,0,0,1,0
U00008,Mumbai,occasional,Beverages|Street Food,511.75,3,17.5,both,2025-09-22,0.39285714285714285,2.0,breakfast,0.5,0,0,1,0,0,1
U00009,Hyderabad,premium,Street Food|Fast Food,594.63,2,1.6,veg,2024-04-24,0.7142857142857143,1.0,dinner,0.0,0,1,0,1,0,0
U00010,Chennai,premium,Continental|Italian|South Indian,834.7,4,19.7,veg,2025-12-12,0.6533333333333333,5.0,breakfast,0.4,0,1,0,1,0,0
U00011,Pune,budget,Fast Food|South Indian,185.32,12,3.9,both,2025-06-03,0.3333333333333333,1.0,lunch,1.0,1,0,0,0,0,1
U00012,Kolkata,occasional,Desserts|Fast Food,339.79,0,10.0,non-veg,2024-10-20,0.3,0.0,,0.3,0,0,1,0,1,0
U00013,Pune,budget,Chinese|Biryani|Street Food,222.58,11,6.6,non-veg,2025-06-27,0.2791666666666667,4.0,dinner,0.25,1,0,0,0,1,0
U00014,Pune,budget,South Indian|Chinese|Italian,185.82,9,9.1,non-veg,2025-08-13,0.3,0.0,,0.3,1,0,0,0,1,0
U00015,Hyderabad,premium,Fast Food|Street Food|Italian,688.03,3,0.6,non-veg,2025-03-01,0.475,2.0,lunch,0.5,0,1,0,0,1,0
U00016,Kolkata,premium,Italian|North Indian,928.57,0,10.0,veg,2025-03-10,0.3,0.0,,0.3,0,1,0,1,0,0
U00017,Hyderabad,premium,South Indian|Italian|Biryani,680.45,3,1.7,both,2025-06-24,0.6666666666666666,1.0,breakfast,1.0,0,1,0,0,0,1
U00018,Pune,occasional,Desserts|Beverages|Chinese,290.24,3,10.6,veg,2025-05-01,0.6055555555555555,3.0,lunch,0.3333333333333333,0,0,1,1,0,0
U00019,Delhi,budget,Street Food|Continental,134.8,10,0.7,non-veg,2025-05-03,0.4444444444444444,3.0,dinner,0.0,1,0,0,0,1,0
U00020,Pune,budget,Desserts|Continental|Biryani|South Indian,345.26,9,13.2,non-veg,2025-09-08,0.2333333333333333,3.0,late_night,0.3333333333333333,1,0,0,0,1,0
U00021,Chennai,premium,South Indian|North Indian|Continental,563.19,5,22.2,non-veg,2025-08-24,0.5357142857142857,2.0,breakfast,1.0,0,1,0,0,1,0
U00022,Pune,premium,Desserts|South Indian,486.94,4,14.5,veg,2024-12-29,0.6666666666666666,1.0,late_night,0.0,0,1,0,1,0,0
U00023,Hyderabad,occasional,Beverages|Street Food|Fast Food|Continental,385.1,4,26.7,non-veg,2026-01-16,0.3,0.0,,0.3,0,0,1,0,1,0
U00024,Pune,budget,South Indian|Street Food|Fast Food|Desserts,309.23,12,3.1,veg,2024-04-11,0.2857142857142857,1.0,snack,1.0,1,0,0,1,0,0
U00025,Mumbai,occasional,Fast Food|Desserts,436.53,4,16.9,both,2025-08-19,0.5,1.0,late_night,1.0,0,0,1,0,0,1
U00026,Hyderabad,occasional,Fast Food|Street Food,430.86,1,1.4,non-veg,2025-07-29,0.320952380952381,5.0,dinner,0.8,0,0,1,0,1,0
U00027,Chennai,budget,Fast Food|Street Food,435.17,3,24.2,non-veg,2024-05-14,0.2857142857142857,1.0,snack,0.0,1,0,0,0,1,0
U00028,Delhi,budget,Biryani|Chinese,100.62,5,10.6,non-veg,2024-07-24,0.5,1.0,snack,0.0,1,0,0,0,1,0
U00029,Kolkata,premium,North Indian|Biryani|Beverages|Continental,296.23,3,0.4,both,2025-10-05,0.3,0.0,,0.3,0,1,0,0,0,1
U00030,Mumbai,occasional,Italian|North Indian|Continental,422.37,2,2.4,veg,2024-06-26,0.1984126984126984,3.0,breakfast,0.3333333333333333,0,0,1,1,0,0
U00031,Bangalore,premium,Beverages|South Indian,741.81,6,3.1,both,2024-07-31,0.47222222222222227,3.0,breakfast,0.0,0,1,0,0,0,1
U00032,Kolkata,budget,Chinese|Beverages,351.31,2,27.1,both,2024-07-14,0.29166666666666663,2.0,dinner,0.5,1,0,0,0,0,1
U00033,Delhi,budget,Street Food|Desserts|Italian,248.44,6,3.3,non-veg,2024-07-24,0.4,1.0,lunch,1.0,1,0,0,0,1,0
U00034,Kolkata,premium,Italian|Fast Food|Desserts|Biryani,460.11,3,14.4,veg,2024-04-02,1.0,1.0,lunch,0.0,0,1,0,1,0,0
U00035,Mumbai,premium,Street Food|Beverages|South Indian,617.03,8,0.5,veg,2025-05-19,0.5416666666666666,2.0,late_night,0.0,0,1,0,1,0,0
U00036,Delhi,budget,Biryani|North Indian,302.97,5,23.6,veg,2024-06-04,0.2857142857142857,1.0,lunch,0.0,1,0,0,1,0,0
U00037,Chennai,budget,Continental|Italian,326.16,14,9.7,both,2026-01-20,0.3333333333333333,1.0,late_night,0.0,1,0,0,0,0,1
U00038,Bangalore,budget,North Indian|Italian|South Indian|Continental,366.2,8,2.7,both,2025-02-23,0.5833333333333334,2.0,breakfast,0.0,1,0,0,0,0,1
U00039,Bangalore,occasional,Italian|Fast Food|Beverages|South Indian,629.48,1,5.6,non-veg,2024-07-24,0.3,5.0,lunch,0.4,0,0,1,0,1,0
U00040,Delhi,occasional,Continental|Beverages|Italian|Desserts,527.83,2,9.5,veg,2024-09-30,0.3,0.0,,0.3,0,0,1,1,0,0
U00041,Kolkata,premium,Italian|South Indian|Street Food,746.27,2,20.1,non-veg,2024-03-24,0.48809523809523814,3.0,breakfast,0.6666666666666666,0,1,0,0,1,0
U00042,Hyderabad,budget,Desserts|Continental|Beverages,238.24,5,1.2,both,2025-12-03,0.3,0.0,,0.3,1,0,0,0,0,1
U00043,Pune,budget,South Indian|North Indian|Desserts|Biryani,342.35,10,0.1,non-veg,2025-02-14,0.3,0.0,,0.3,1,0,0,0,1,0
U00044,Kolkata,budget,Italian|Continental,211.81,9,23.1,veg,2025-07-17,0.5,1.0,breakfast,0.0,1,0,0,1,0,0
U00045,Chennai,occasional,Chinese|Desserts|Continental,426.89,0,11.3,both,2025-04-17,0.3333333333333333,2.0,breakfast,1.0,0,0,1,0,0,1
U00046,Hyderabad,premium,South Indian|Beverages,601.89,6,2.3,both,2024-07-13,0.625,2.0,late_night,0.0,0,1,0,0,0,1
U00047,Bangalore,occasional,Street Food|North Indian,662.78,1,8.7,non-veg,2025-10-24,0.3125,2.0,dinner,0.0,0,0,1,0,1,0
U00048,Kolkata,premium,Chinese|Desserts,478.76,5,23.5,non-veg,2024-09-17,0.4,1.0,dinner,1.0,0,1,0,0,1,0
U00049,Hyderabad,budget,Desserts|North Indian,144.38,5,61.1,veg,2025-08-12,0.16666666666666666,2.0,breakfast,1.0,1,0,0,1,0,0
U00050,Hyderabad,premium,Desserts|Fast Food,874.72,6,0.4,both,2024-10-19,0.5714285714285714,1.0,lunch,1.0,0,1,0,0,0,1
U00051,Mumbai,occasional,Street Food|Beverages|Chinese,581.95,3,1.9,both,2025-07-17,0.45416666666666666,4.0,dinner,0.25,0,0,1,0,0,1
U00052,Mumbai,premium,North Indian|Street Food,646.87,4,15.6,non-veg,2025-11-26,0.3,0.0,,0.3,0,1,0,0,1,0
U00053,Pune,occasional,North Indian|Continental|Beverages,541.52,3,2.0,veg,2024-08-31,0.38888888888888884,3.0,dinner,0.3333333333333333,0,0,1,1,0,0
U00054,Kolkata,occasional,Chinese|North Indian|South Indian|Desserts,408.1,2,2.1,veg,2025-07-21,0.5,2.0,lunch,0.5,0,0,1,1,0,0
U00055,Bangalore,budget,South Indian|Italian|Desserts|North Indian,111.53,12,4.3,both,2024-06-23,0.40476190476190477,2.0,late_night,0.5,1,0,0,0,0,1
U00056,Delhi,budget,Continental|North Indian|South Indian|Italian,365.55,5,2.3,veg,2024-03-25,0.3,0.0,,0.3,1,0,0,1,0,0
U00057,Chennai,premium,Street Food|Biryani|Fast Food|South Indian,522.92,4,0.6,veg,2024-03-13,0.7428571428571429,3.0,snack,0.0,0,1,0,1,0,0
U00058,Pune,budget,Italian|Fast Food|Desserts,165.26,4,6.3,non-veg,2025-09-15,0.3,0.0,,0.3,1,0,0,0,1,0
U00059,Pune,premium,Fast Food|Beverages|Biryani|Desserts,495.04,3,23.0,both,2025-11-14,0.6309523809523809,4.0,late_night,0.25,0,1,0,0,0,1
U00060,Bangalore,budget,Continental|South Indian|Street Food,267.12,7,2.0,both,2024-07-26,0.16666666666666666,2.0,dinner,0.0,1,0,0,0,0,1
U00061,Delhi,occasional,Fast Food|Chinese|Biryani|North Indian,769.47,0,8.3,non-veg,2025-05-22,0.75,2.0,breakfast,0.0,0,0,1,0,1,0
U00062,Mumbai,budget,Chinese|Beverages|Fast Food,339.57,4,5.6,veg,2024-05-11,0.17142857142857143,2.0,breakfast,1.0,1,0,0,1,0,0
U00063,Kolkata,occasional,Street Food|North Indian|Fast Food|Biryani,602.46,2,10.8,non-veg,2025-10-13,0.38888888888888884,3.0,breakfast,0.3333333333333333,0,0,1,0,1,0
U00064,Delhi,occasional,South Indian|Continental|Chinese,505.8,1,4.7,non-veg,2025-04-24,0.8,1.0,breakfast,0.0,0,0,1,0,1,0
U00065,Mumbai,premium,Italian|Biryani|Continental|Street Food,312.93,3,2.3,veg,2024-04-18,0.5,2.0,dinner,0.5,0,1,0,1,0,0
U00066,Kolkata,budget,Street Food|Beverages|Fast Food,325.3,6,28.3,veg,2025-12-06,0.16666666666666666,1.0,snack,1.0,1,0,0,1,0,0
U00067,Bangalore,budget,Desserts|Fast Food|North Indian|Beverages,203.86,9,5.0,veg,2025-02-20,0.08333333333333333,2.0,dinner,1.0,1,0,0,1,0,0
U00068,Kolkata,budget,Fast Food|Chinese,310.43,6,2.9,veg,2024-11-01,0.36047619047619045,5.0,breakfast,0.4,1,0,0,1,0,0
U00069,Chennai,budget,Desserts|Street Food|North Indian|Beverages,201.84,12,0.5,both,2025-11-11,0.6388888888888888,3.0,lunch,0.0,1,0,0,0,0,1
U00070,Pune,premium,Street Food|North Indian,714.04,4,2.5,both,2025-01-14,0.5595238095238095,4.0,lunch,0.25,0,1,0,0,0,1
U00071,Chennai,premium,Chinese|Desserts|Continental|North Indian,268.78,6,9.6,non-veg,2025-03-18,0.75,3.0,breakfast,0.3333333333333333,0,1,0,0,1,0
U00072,Mumbai,budget,Biryani|Italian,278.86,10,6.8,non-veg,2024-02-29,0.3333333333333333,1.0,breakfast,0.0,1,0,0,0,1,0
U00073,Delhi,occasional,South Indian|Biryani|Desserts|Fast Food,341.51,1,19.1,veg,2025-08-22,0.3333333333333333,6.0,breakfast,0.5,0,0,1,1,0,0
U00074,Delhi,premium,Chinese|Desserts,660.57,5,1.9,non-veg,2026-01-02,0.3,0.0,,0.3,0,1,0,0,1,0
U00075,Delhi,occasional,Biryani|Desserts|Italian|Chinese,348.71,4,4.1,non-veg,2025-08-17,0.3571428571428571,2.0,dinner,0.0,0,0,1,0,1,0
U00076,Kolkata,budget,South Indian|Desserts|North Indian|Street Food,205.79,9,14.4,both,2024-10-03,0.42857142857142855,1.0,breakfast,0.0,1,0,0,0,0,1
U00077,Delhi,premium,Beverages|Biryani,672.15,4,18.7,both,2025-03-21,0.42857142857142855,1.0,snack,0.0,0,1,0,0,0,1
U00078,Kolkata,occasional,Italian|North Indian,426.87,1,58.6,both,2024-03-23,0.30952380952380953,2.0,dinner,0.0,0,0,1,0,0,1
U00079,Delhi,budget,Biryani|Fast Food|South Indian,453.1,4,5.7,non-veg,2025-04-17,0.1111111111111111,3.0,dinner,0.0,1,0,0,0,1,0
U00080,Mumbai,premium,Street Food|Desserts|Biryani|North Indian,678.59,5,8.4,veg,2025-10-01,0.3,0.0,,0.3,0,1,0,1,0,0
U00081,Mumbai,budget,Continental|Fast Food,100.0,6,22.7,veg,2025-12-19,0.3666666666666667,2.0,dinner,0.0,1,0,0,1,0,0
U00082,Bangalore,budget,Desserts|Biryani|Street Food|Italian,245.66,6,16.0,veg,2024-05-17,0.3,0.0,,0.3,1,0,0,1,0,0
U00083,Chennai,budget,Desserts|Italian,247.38,8,1.4,both,2025-05-12,0.16666666666666666,2.0,dinner,0.5,1,0,0,0,0,1
U00084,Bangalore,occasional,Desserts|North Indian|Italian|Chinese,334.79,1,14.5,non-veg,2024-11-12,0.39166666666666666,4.0,breakfast,0.0,0,0,1,0,1,0
U00085,Bangalore,budget,Biryani|Continental|South Indian|Street Food,288.83,5,1.5,both,2025-03-26,0.35000000000000003,3.0,dinner,0.6666666666666666,1,0,0,0,0,1
U00086,Chennai,budget,Desserts|Biryani|Continental,188.19,9,2.4,both,2025-03-31,0.3,0.0,,0.3,1,0,0,0,0,1
U00087,Chennai,budget,Italian|Desserts,116.42,10,2.4,both,2024-03-18,0.15873015873015872,3.0,lunch,0.3333333333333333,1,0,0,0,0,1
U00088,Hyderabad,occasional,Chinese|Fast Food|Desserts|Street Food,611.76,1,9.4,both,2026-01-27,0.25,2.0,dinner,1.0,0,0,1,0,0,1
U00089,Mumbai,occasional,Italian|Desserts|Biryani,356.37,2,4.2,veg,2024-10-08,0.4583333333333333,4.0,dinner,0.5,0,0,1,1,0,0
U00090,Hyderabad,occasional,Italian|Street Food|Beverages,393.17,2,4.5,veg,2025-08-07,0.6666666666666666,1.0,breakfast,1.0,0,0,1,1,0,0
U00091,Pune,occasional,Fast Food|Street Food,423.5,2,24.8,veg,2024-03-19,0.3571428571428571,2.0,breakfast,0.5,0,0,1,1,0,0
U00092,Pune,budget,Biryani|South Indian|Italian|Continental,171.73,11,1.3,both,2025-03-16,0.41666666666666663,2.0,dinner,0.5,1,0,0,0,0,1
U00093,Delhi,budget,Chinese|North Indian,135.25,10,0.2,veg,2025-12-11,0.15079365079365079,3.0,breakfast,0.3333333333333333,1,0,0,1,0,0
U00094,Delhi,premium,Continental|South Indian|Beverages,687.15,2,5.7,both,2024-11-29,0.6895833333333333,8.0,lunch,0.375,0,1,0,0,0,1
U00095,Pune,budget,Italian|Desserts|Beverages|Continental,264.39,10,17.4,veg,2025-05-23,0.3333333333333333,1.0,breakfast,0.0,1,0,0,1,0,0
U00096,Delhi,occasional,North Indian|South Indian|Desserts|Street Food,359.82,1,10.9,both,2025-07-31,0.4238095238095238,3.0,lunch,0.3333333333333333,0,0,1,0,0,1
U00097,Kolkata,occasional,Street Food|Beverages|North Indian|Fast Food,467.17,3,3.5,both,2025-05-17,0.5,2.0,late_night,0.0,0,0,1,0,0,1
U00098,Kolkata,occasional,Beverages|Chinese,529.69,0,17.1,both,2024-10-09,0.33571428571428574,4.0,breakfast,0.25,0,0,1,0,0,1
U00099,Pune,budget,Street Food|Biryani|Beverages|Fast Food,315.48,11,6.3,veg,2024-08-29,0.3,0.0,,0.3,1,0,0,1,0,0
U00100,Hyderabad,budget,Beverages|Chinese|Continental|Italian,260.71,5,10.9,both,2025-05-07,0.5,1.0,dinner,0.0,1,0,0,0,0,1
U00101,Kolkata,budget,Fast Food|Street Food,319.42,4,29.1,non-veg,2024-09-18,0.24444444444444446,3.0,breakfast,0.0,1,0,0,0,1,0
U00102,Pune,occasional,Fast Food|Beverages,433.96,4,9.2,non-veg,2025-11-09,0.5238095238095237,3.0,dinner,0.3333333333333333,0,0,1,0,1,0
U00103,Pune,occasional,Italian|Fast Food|Biryani,198.18,2,6.1,veg,2025-03-06,0.5857142857142856,2.0,breakfast,0.0,0,0,1,1,0,0
U00104,Chennai,budget,Chinese|Continental,109.31,2,61.6,non-veg,2025-06-05,0.16666666666666666,2.0,dinner,0.5,1,0,0,0,1,0
U00105,Hyderabad,budget,Chinese|Italian|South Indian|Street Food,164.35,10,20.0,non-veg,2024-12-06,0.3,0.0,,0.3,1,0,0,0,1,0
U00106,Mumbai,premium,Beverages|Desserts|North Indian|South Indian,702.39,3,2.9,both,2024-11-23,0.5714285714285714,1.0,dinner,0.0,0,1,0,0,0,1
U00107,Hyderabad,budget,North Indian|Desserts|Beverages|Continental,363.64,8,14.7,veg,2025-02-01,0.3,0.0,,0.3,1,0,0,1,0,0
U00108,Mumbai,budget,Desserts|Street Food|Italian,204.34,11,0.6,veg,2024-09-15,0.3,0.0,,0.3,1,0,0,1,0,0
U00109,Delhi,premium,Desserts|Beverages|North Indian,100.0,5,29.5,both,2024-12-25,0.47619047619047616,2.0,breakfast,0.5,0,1,0,0,0,1
U00110,Mumbai,premium,Desserts|Chinese|Beverages|South Indian,469.47,8,14.9,both,2024-04-30,0.373015873015873,3.0,breakfast,0.3333333333333333,0,1,0,0,0,1
U00111,Chennai,budget,Desserts|North Indian,236.63,6,2.4,non-veg,2025-11-03,0.3,0.0,,0.3,1,0,0,0,1,0
U00112,Pune,occasional,Chinese|Beverages|Continental,417.61,2,10.9,both,2025-12-07,0.5277777777777778,3.0,breakfast,0.6666666666666666,0,0,1,0,0,1
U00113,Mumbai,budget,Biryani|Italian|Beverages,269.95,8,8.6,veg,2025-02-27,0.24444444444444446,3.0,dinner,0.0,1,0,0,1,0,0
U00114,Mumbai,premium,Fast Food|Desserts|Continental,836.62,2,28.7,both,2025-11-05,0.6309523809523809,5.0,lunch,0.2,0,1,0,0,0,1
U00115,Hyderabad,occasional,Street Food|North Indian,332.93,1,0.3,non-veg,2025-02-03,0.2,1.0,dinner,0.0,0,0,1,0,1,0
U00116,Delhi,budget,South Indian|North Indian|Street Food|Continental,280.18,10,0.6,non-veg,2025-07-07,0.3,0.0,,0.3,1,0,0,0,1,0
U00117,Kolkata,premium,Continental|Chinese,566.64,6,15.7,veg,2025-05-28,0.5,2.0,dinner,0.5,0,1,0,1,0,0
U00118,Delhi,budget,South Indian|Italian|Beverages,158.24,9,13.0,both,2025-05-10,0.16666666666666666,1.0,lunch,0.0,1,0,0,0,0,1
U00119,Kolkata,premium,Chinese|South Indian|Continental,629.48,3,16.2,non-veg,2025-03-15,0.3,0.0,,0.3,0,1,0,0,1,0
U00120,Bangalore,budget,North Indian|Fast Food|Desserts|Italian,306.72,7,0.5,non-veg,2025-07-08,0.26666666666666666,2.0,dinner,0.5,1,0,0,0,1,0
U00121,Bangalore,budget,Italian|South Indian|Fast Food|Desserts,123.29,6,30.2,veg,2024-02-27,0.14285714285714285,3.0,breakfast,0.3333333333333333,1,0,0,1,0,0
U00122,Chennai,budget,Continental|North Indian,310.83,6,3.0,veg,2025-02-06,0.37142857142857144,2.0,breakfast,0.5,1,0,0,1,0,0
U00123,Chennai,budget,Biryani|South Indian|Continental,169.87,8,19.3,veg,2026-01-15,0.6666666666666666,1.0,late_night,0.0,1,0,0,1,0,0
U00124,Kolkata,premium,Beverages|South Indian|Desserts,557.83,6,15.8,non-veg,2025-01-22,0.3,0.0,,0.3,0,1,0,0,1,0
U00125,Pune,occasional,Chinese|Desserts|Continental,649.03,2,0.9,veg,2024-08-11,0.3333333333333333,2.0,breakfast,0.0,0,0,1,1,0,0
U00126,Pune,budget,Continental|Street Food|Beverages,194.86,10,39.3,both,2024-10-08,0.10317460317460318,3.0,dinner,0.3333333333333333,1,0,0,0,0,1
U00127,Hyderabad,premium,Continental|Fast Food|Biryani|Desserts,692.03,1,4.2,non-veg,2025-05-21,0.5714285714285714,1.0,dinner,0.0,0,1,0,0,1,0
U00128,Kolkata,occasional,Fast Food|Beverages,277.26,3,6.5,both,2025-05-23,0.32380952380952377,3.0,dinner,0.3333333333333333,0,0,1,0,0,1
U00129,Kolkata,budget,Continental|Desserts|Biryani,267.96,13,8.8,both,2025-12-29,0.20555555555555557,3.0,lunch,0.3333333333333333,1,0,0,0,0,1
U00130,Hyderabad,budget,Chinese|Beverages|Italian,333.77,9,6.3,veg,2025-01-29,0.0,1.0,breakfast,0.0,1,0,0,1,0,0
U00131,Kolkata,budget,Biryani|Fast Food|Street Food,146.43,6,5.1,non-veg,2024-07-07,0.375,1.0,lunch,0.0,1,0,0,0,1,0
U00132,Bangalore,occasional,Italian|South Indian|Continental|Biryani,539.3,1,13.4,both,2024-12-07,0.35,5.0,breakfast,0.2,0,0,1,0,0,1
U00133,Hyderabad,budget,Italian|Beverages|Street Food|Continental,317.77,8,5.3,both,2026-01-10,0.3,0.0,,0.3,1,0,0,0,0,1
U00134,Bangalore,budget,Italian|Desserts|Continental,347.8,6,30.2,both,2025-03-20,0.42857142857142855,1.0,lunch,0.0,1,0,0,0,0,1
U00135,Pune,budget,Biryani|Beverages|Continental|Italian,261.15,6,2.6,both,2024-07-13,0.3833333333333333,3.0,lunch,0.3333333333333333,1,0,0,0,0,1
U00136,Mumbai,budget,Beverages|Fast Food|Street Food,286.2,12,14.2,non-veg,2025-05-15,0.25,2.0,breakfast,0.0,1,0,0,0,1,0
U00137,Delhi,budget,Italian|Biryani,265.81,8,26.5,non-veg,2025-09-27,0.3,0.0,,0.3,1,0,0,0,1,0
U00138,Pune,occasional,Chinese|Italian|Street Food|Biryani,453.91,4,5.5,non-veg,2024-09-19,0.3333333333333333,2.0,dinner,1.0,0,0,1,0,1,0
U00139,Mumbai,occasional,Continental|Street Food|Fast Food|North Indian,486.58,2,11.0,veg,2025-07-13,0.5892857142857143,2.0,dinner,0.0,0,0,1,1,0,0
U00140,Mumbai,budget,Biryani|Chinese,300.83,8,6.5,non-veg,2025-03-24,0.3,2.0,breakfast,0.5,1,0,0,0,1,0
U00141,Bangalore,premium,Street Food|Chinese|Fast Food|North Indian,262.64,3,5.8,non-veg,2025-12-03,0.3142857142857143,2.0,late_night,1.0,0,1,0,0,1,0
U00142,Chennai,budget,Chinese|Beverages|South Indian,195.36,8,0.1,non-veg,2026-01-15,0.09523809523809523,3.0,breakfast,0.0,1,0,0,0,1,0
U00143,Chennai,occasional,Beverages|Continental|Street Food,412.5,0,38.1,non-veg,2025-02-13,0.5,1.0,snack,1.0,0,0,1,0,1,0
U00144,Delhi,budget,Fast Food|Beverages,244.99,9,3.7,veg,2025-10-03,0.14285714285714285,1.0,lunch,0.0,1,0,0,1,0,0
U00145,Kolkata,budget,Desserts|Beverages,172.46,9,7.0,both,2025-11-13,0.41666666666666663,2.0,breakfast,1.0,1,0,0,0,0,1
U00146,Chennai,premium,North Indian|Chinese|Street Food|Desserts,682.66,5,25.6,both,2024-06-30,0.3,0.0,,0.3,0,1,0,0,0,1
U00147,Mumbai,budget,Italian|South Indian,309.77,8,9.3,both,2024-07-05,0.125,2.0,dinner,1.0,1,0,0,0,0,1
U00148,Kolkata,budget,Continental|Italian|Desserts,193.93,5,6.9,non-veg,2024-10-23,0.16666666666666666,3.0,late_night,0.3333333333333333,1,0,0,0,1,0
U00149,Hyderabad,budget,Continental|Desserts|Fast Food,185.71,8,0.6,veg,2024-06-24,0.3444444444444444,3.0,dinner,0.0,1,0,0,1,0,0
U00150,Chennai,occasional,Continental|South Indian,596.69,1,3.6,non-veg,2025-06-29,0.44166666666666665,4.0,dinner,0.75,0,0,1,0,1,0
U00151,Pune,budget,Fast Food|South Indian,189.28,13,0.4,non-veg,2025-08-20,0.22916666666666666,4.0,breakfast,0.25,1,0,0,0,1,0
U00152,Delhi,occasional,Street Food|South Indian,404.02,1,3.1,non-veg,2025-08-20,0.3380952380952381,4.0,breakfast,0.75,0,0,1,0,1,0
U00153,Bangalore,budget,Beverages|Continental|Fast Food,376.68,12,0.7,both,2025-12-25,0.14285714285714285,1.0,snack,0.0,1,0,0,0,0,1
U00154,Delhi,budget,Fast Food|Beverages|South Indian,225.46,7,19.3,non-veg,2025-06-02,0.20952380952380953,3.0,breakfast,0.3333333333333333,1,0,0,0,1,0
U00155,Mumbai,budget,Continental|Italian|Desserts|North Indian,161.73,15,0.6,non-veg,2024-07-19,0.3482142857142857,4.0,breakfast,0.0,1,0,0,0,1,0
U00156,Delhi,budget,Chinese|Fast Food|Continental|North Indian,100.0,12,3.6,veg,2025-11-27,0.16964285714285715,4.0,breakfast,0.25,1,0,0,1,0,0
U00157,Delhi,budget,Continental|Fast Food|Beverages,290.62,7,7.4,veg,2025-09-22,0.3738095238095238,4.0,breakfast,0.5,1,0,0,1,0,0
U00158,Hyderabad,budget,Fast Food|Desserts|Continental|Beverages,254.32,7,1.1,veg,2024-07-24,0.3,0.0,,0.3,1,0,0,1,0,0
U00159,Hyderabad,budget,South Indian|North Indian|Desserts,274.2,9,15.2,non-veg,2025-03-03,0.35714285714285715,3.0,breakfast,0.0,1,0,0,0,1,0
U00160,Chennai,budget,North Indian|South Indian|Italian,199.77,6,4.6,veg,2024-03-08,0.3,0.0,,0.3,1,0,0,1,0,0
U00161,Kolkata,budget,Continental|North Indian|Fast Food|Beverages,206.3,4,22.6,both,2025-12-17,0.5,1.0,dinner,0.0,1,0,0,0,0,1
U00162,Kolkata,budget,Beverages|Street Food,281.34,6,2.7,both,2024-03-31,0.5,2.0,breakfast,0.0,1,0,0,0,0,1
U00163,Hyderabad,budget,Chinese|Desserts|Beverages,140.25,10,16.2,non-veg,2025-10-26,0.5,2.0,lunch,0.0,1,0,0,0,1,0
U00164,Hyderabad,premium,Desserts|Biryani|Street Food,357.97,4,10.2,veg,2024-03-12,0.5,1.0,breakfast,0.0,0,1,0,1,0,0
U00165,Bangalore,occasional,Biryani|Desserts,641.61,0,1.2,both,2024-09-07,0.4,4.0,lunch,0.0,0,0,1,0,0,1
U00166,Mumbai,budget,Desserts|Street Food|North Indian|Italian,260.92,4,4.9,non-veg,2025-10-29,0.3,0.0,,0.3,1,0,0,0,1,0
U00167,Mumbai,occasional,Biryani|South Indian|Desserts,274.37,1,15.1,both,2024-08-19,0.6277777777777778,3.0,lunch,0.0,0,0,1,0,0,1
U00168,Kolkata,budget,Street Food|Beverages,292.93,5,6.7,veg,2024-11-30,0.26666666666666666,2.0,dinner,0.5,1,0,0,1,0,0
U00169,Bangalore,budget,Street Food|Biryani,356.26,12,2.9,both,2024-04-30,0.16666666666666666,1.0,lunch,0.0,1,0,0,0,0,1
U00170,Kolkata,budget,Beverages|North Indian|Italian,294.5,7,15.3,non-veg,2025-04-29,0.0,1.0,late_night,0.0,1,0,0,0,1,0
U00171,Chennai,budget,Fast Food|Beverages,274.33,13,1.3,veg,2024-09-18,0.23809523809523808,2.0,lunch,0.0,1,0,0,1,0,0
U00172,Bangalore,occasional,Continental|Italian,431.91,2,25.7,both,2025-08-18,0.25,1.0,snack,0.0,0,0,1,0,0,1
U00173,Mumbai,premium,North Indian|Street Food|Desserts|Continental,636.11,6,4.3,veg,2025-06-11,0.4682539682539682,3.0,dinner,0.0,0,1,0,1,0,0
U00174,Kolkata,budget,Beverages|South Indian,458.13,9,3.1,both,2024-04-04,0.5,2.0,lunch,0.5,1,0,0,0,0,1
U00175,Kolkata,premium,Beverages|Fast Food,382.52,4,8.3,both,2024-08-24,0.5833333333333333,2.0,breakfast,0.5,0,1,0,0,0,1
U00176,Pune,occasional,Desserts|Beverages|Street Food,267.24,2,16.7,veg,2025-05-23,0.2857142857142857,1.0,lunch,1.0,0,0,1,1,0,0
U00177,Hyderabad,premium,Chinese|Desserts|Italian|Fast Food,774.98,3,0.9,non-veg,2024-08-25,0.25,1.0,dinner,0.0,0,1,0,0,1,0
U00178,Pune,premium,South Indian|Fast Food,514.05,7,0.4,non-veg,2024-11-29,0.5777777777777778,3.0,breakfast,0.0,0,1,0,0,1,0
U00179,Mumbai,occasional,Fast Food|North Indian|Continental|Biryani,513.74,2,5.6,non-veg,2025-03-28,0.40714285714285714,4.0,dinner,0.25,0,0,1,0,1,0
U00180,Kolkata,budget,Continental|Beverages|Chinese|Italian,304.56,12,5.9,non-veg,2024-07-25,0.5555555555555555,3.0,dinner,0.0,1,0,0,0,1,0
U00181,Hyderabad,budget,Biryani|Street Food|Desserts,137.13,3,10.2,veg,2024-10-18,0.17777777777777778,3.0,dinner,0.0,1,0,0,1,0,0
U00182,Mumbai,occasional,Italian|Desserts,259.06,1,28.9,both,2025-06-02,0.6666666666666666,1.0,dinner,0.0,0,0,1,0,0,1
U00183,Kolkata,budget,North Indian|Biryani|Beverages,234.63,8,6.6,veg,2025-01-02,0.14285714285714285,1.0,late_night,0.0,1,0,0,1,0,0
U00184,Hyderabad,occasional,Chinese|Beverages|North Indian|South Indian,566.86,2,0.8,veg,2024-08-31,0.4,1.0,breakfast,1.0,0,0,1,1,0,0
U00185,Chennai,budget,South Indian|Beverages|Continental,278.4,7,0.5,both,2024-08-07,0.37083333333333335,4.0,breakfast,0.25,1,0,0,0,0,1
U00186,Hyderabad,budget,Chinese|Desserts,232.31,9,3.8,veg,2024-03-28,0.27777777777777773,3.0,dinner,0.0,1,0,0,1,0,0
U00187,Delhi,occasional,Beverages|Fast Food,266.75,4,1.7,veg,2025-02-15,0.16666666666666666,1.0,late_night,1.0,0,0,1,1,0,0
U00188,Chennai,budget,Desserts|South Indian|Biryani|Continental,295.36,7,8.6,non-veg,2024-03-08,0.45,2.0,breakfast,0.0,1,0,0,0,1,0
U00189,Kolkata,budget,Desserts|Biryani|Beverages|Continental,164.23,9,11.5,non-veg,2024-07-22,0.25,2.0,breakfast,0.0,1,0,0,0,1,0
U00190,Bangalore,budget,South Indian|Italian|Fast Food|Continental,100.0,7,14.7,both,2025-10-27,0.3333333333333333,1.0,dinner,0.0,1,0,0,0,0,1
U00191,Hyderabad,occasional,South Indian|Beverages,364.98,2,0.9,non-veg,2025-08-10,0.5,1.0,dinner,1.0,0,0,1,0,1,0
U00192,Pune,occasional,North Indian|Continental|Biryani,212.42,2,15.0,both,2025-12-01,0.41714285714285715,5.0,breakfast,0.6,0,0,1,0,0,1
U00193,Mumbai,budget,Biryani|Desserts|Chinese,259.06,12,16.6,veg,2025-05-22,0.25,1.0,breakfast,1.0,1,0,0,1,0,0
U00194,Chennai,occasional,Continental|Chinese|Street Food,227.41,1,2.9,both,2025-08-01,0.5833333333333333,2.0,breakfast,0.0,0,0,1,0,0,1
U00195,Bangalore,premium,Desserts|Italian|Beverages|Fast Food,570.07,5,7.6,both,2025-09-03,0.3958333333333333,4.0,lunch,0.25,0,1,0,0,0,1
U00196,Delhi,premium,Fast Food|Beverages|Continental,425.52,4,0.2,non-veg,2024-03-16,0.7777777777777778,3.0,breakfast,0.3333333333333333,0,1,0,0,1,0
U00197,Bangalore,premium,Fast Food|Street Food|Chinese,686.94,2,27.3,both,2025-11-13,0.7380952380952381,3.0,dinner,0.0,0,1,0,0,0,1
U00198,Hyderabad,premium,Continental|Fast Food|Desserts,648.87,5,9.5,both,2025-05-16,0.5,2.0,breakfast,1.0,0,1,0,0,0,1
U00199,Hyderabad,budget,Italian|Desserts|Beverages,293.67,6,7.4,non-veg,2025-10-10,0.26666666666666666,2.0,dinner,0.0,1,0,0,0,1,0
U00200,Delhi,budget,Continental|Biryani|Fast Food,182.81,8,1.3,both,2025-03-31,0.5,1.0,lunch,0.0,1,0,0,0,0,1
U00201,Bangalore,budget,Desserts|Fast Food|North Indian|Street Food,209.26,6,7.4,both,2025-12-08,0.5,2.0,lunch,0.5,1,0,0,0,0,1
U00202,Chennai,occasional,Beverages|Fast Food|Italian|Street Food,493.3,3,33.3,non-veg,2025-02-01,0.39333333333333337,5.0,late_night,0.4,0,0,1,0,1,0
U00203,Delhi,premium,Italian|Fast Food|Chinese|Biryani,580.1,5,7.7,veg,2025-10-20,0.5833333333333333,2.0,lunch,0.5,0,1,0,1,0,0
U00204,Pune,occasional,North Indian|Fast Food|Beverages|Continental,283.06,3,33.8,both,2024-06-13,0.24285714285714285,2.0,late_night,0.5,0,0,1,0,0,1
U00205,Mumbai,occasional,Chinese|South Indian|Fast Food|Continental,287.75,3,17.0,non-veg,2024-11-28,0.3,0.0,,0.3,0,0,1,0,1,0
U00206,Delhi,budget,Chinese|Street Food,336.88,4,4.9,veg,2025-01-18,0.16666666666666666,1.0,breakfast,0.0,1,0,0,1,0,0
U00207,Chennai,occasional,Fast Food|Chinese|Continental|Desserts,451.4,2,1.2,veg,2024-09-21,0.4666666666666666,3.0,breakfast,0.6666666666666666,0,0,1,1,0,0
U00208,Kolkata,occasional,Biryani|South Indian|Beverages,507.9,0,12.2,both,2025-11-11,0.35555555555555557,3.0,breakfast,0.6666666666666666,0,0,1,0,0,1
U00209,Delhi,occasional,Desserts|Street Food,311.95,2,1.4,both,2025-01-18,0.3,0.0,,0.3,0,0,1,0,0,1
U00210,Bangalore,premium,North Indian|Fast Food|South Indian,605.41,6,10.4,non-veg,2024-10-19,0.42857142857142855,1.0,dinner,0.0,0,1,0,0,1,0
U00211,Mumbai,occasional,Fast Food|Desserts|Biryani|North Indian,652.62,3,10.1,veg,2024-03-07,0.8,1.0,lunch,1.0,0,0,1,1,0,0
U00212,Delhi,budget,North Indian|Street Food|Biryani,160.96,9,4.5,veg,2024-05-13,0.26666666666666666,2.0,breakfast,0.5,1,0,0,1,0,0
U00213,Delhi,budget,South Indian|Beverages|Fast Food|Biryani,232.38,5,0.1,veg,2024-12-05,0.3,0.0,,0.3,1,0,0,1,0,0
U00214,Bangalore,budget,North Indian|Continental,100.0,8,6.7,veg,2025-03-22,0.39999999999999997,3.0,breakfast,0.0,1,0,0,1,0,0
U00215,Hyderabad,budget,South Indian|Italian,336.08,10,2.6,both,2024-07-26,0.38888888888888884,3.0,breakfast,0.0,1,0,0,0,0,1
U00216,Delhi,occasional,Beverages|Biryani|Desserts,402.56,1,14.2,veg,2024-06-05,1.0,1.0,dinner,1.0,0,0,1,1,0,0
U00217,Pune,budget,Chinese|Desserts|South Indian|Street Food,261.59,6,9.7,veg,2024-09-13,0.08333333333333333,2.0,dinner,0.0,1,0,0,1,0,0
U00218,Chennai,budget,Fast Food|North Indian|Biryani,200.82,6,7.1,both,2025-06-19,0.0,1.0,breakfast,1.0,1,0,0,0,0,1
U00219,Hyderabad,premium,Italian|Biryani|South Indian,657.23,2,10.7,veg,2025-01-16,1.0,1.0,breakfast,1.0,0,1,0,1,0,0
U00220,Chennai,budget,Biryani|North Indian|Desserts|Chinese,300.93,5,11.5,non-veg,2025-07-17,0.33571428571428574,5.0,dinner,0.2,1,0,0,0,1,0
U00221,Bangalore,occasional,South Indian|Italian|North Indian,516.33,3,5.1,both,2025-12-07,0.3392857142857143,2.0,breakfast,0.0,0,0,1,0,0,1
U00222,Kolkata,budget,Italian|Chinese|Continental,284.18,12,3.9,veg,2025-11-18,0.25,2.0,breakfast,0.0,1,0,0,1,0,0
U00223,Kolkata,occasional,Italian|Continental|Street Food|Chinese,284.27,0,14.5,non-veg,2025-08-29,0.44285714285714284,2.0,dinner,0.5,0,0,1,0,1,0
U00224,Kolkata,budget,North Indian|Fast Food|Chinese|South Indian,215.59,6,31.0,non-veg,2024-07-23,0.3375,4.0,late_night,0.5,1,0,0,0,1,0
U00225,Mumbai,premium,South Indian|North Indian,593.1,1,46.5,non-veg,2025-09-15,0.3,0.0,,0.3,0,1,0,0,1,0
U00226,Bangalore,budget,Italian|Biryani|North Indian,158.27,3,19.8,non-veg,2025-08-02,0.0,1.0,late_night,0.0,1,0,0,0,1,0
U00227,Mumbai,budget,Chinese|Desserts,242.53,11,5.5,both,2024-08-07,0.5833333333333334,3.0,lunch,0.0,1,0,0,0,0,1
U00228,Bangalore,occasional,South Indian|Beverages|Street Food|Desserts,427.48,1,4.2,veg,2025-01-22,0.3333333333333333,2.0,dinner,0.0,0,0,1,1,0,0
U00229,Chennai,budget,South Indian|Beverages|Italian|Fast Food,149.08,12,6.8,veg,2025-12-14,0.35,4.0,dinner,0.5,1,0,0,1,0,0
U00230,Pune,budget,Street Food|Fast Food|Beverages|Biryani,180.8,9,10.9,veg,2025-12-27,0.27619047619047615,3.0,breakfast,0.6666666666666666,1,0,0,1,0,0
U00231,Bangalore,occasional,Desserts|Continental|South Indian,474.59,2,55.5,non-veg,2024-09-12,0.49047619047619045,4.0,breakfast,0.0,0,0,1,0,1,0
U00232,Pune,occasional,South Indian|Continental|Biryani,355.65,2,3.2,both,2024-05-15,0.4613095238095238,4.0,lunch,0.25,0,0,1,0,0,1
U00233,Delhi,budget,Chinese|Fast Food,100.0,14,15.0,non-veg,2024-04-28,0.4583333333333333,2.0,breakfast,0.5,1,0,0,0,1,0
U00234,Pune,premium,Street Food|Biryani|Desserts|Fast Food,1070.66,2,9.1,non-veg,2024-08-02,0.5333333333333333,3.0,lunch,0.0,0,1,0,0,1,0
U00235,Mumbai,occasional,Street Food|Desserts|South Indian,307.25,1,22.8,veg,2025-10-02,0.3666666666666667,2.0,breakfast,0.0,0,0,1,1,0,0
U00236,Kolkata,budget,Street Food|Italian|Desserts|Continental,282.56,6,9.4,both,2025-06-08,0.4777777777777778,3.0,dinner,0.3333333333333333,1,0,0,0,0,1
U00237,Hyderabad,occasional,Beverages|Desserts|Street Food,450.57,5,9.4,veg,2025-10-22,0.3,0.0,,0.3,0,0,1,1,0,0
U00238,Mumbai,budget,Biryani|Fast Food|Continental,202.49,6,21.7,non-veg,2025-08-24,0.0,1.0,dinner,0.0,1,0,0,0,1,0
U00239,Pune,budget,South Indian|Continental|Street Food,250.1,5,3.7,veg,2025-10-24,0.2619047619047619,3.0,breakfast,0.3333333333333333,1,0,0,1,0,0
U00240,Hyderabad,occasional,Biryani|Chinese,301.95,3,9.1,veg,2024-07-07,1.0,1.0,late_night,1.0,0,0,1,1,0,0
U00241,Bangalore,premium,Street Food|Continental|Biryani|Beverages,608.99,4,8.4,non-veg,2025-09-24,0.75,2.0,dinner,1.0,0,1,0,0,1,0
U00242,Hyderabad,premium,Desserts|North Indian|Fast Food,641.61,2,17.5,both,2024-05-23,0.25,1.0,late_night,0.0,0,1,0,0,0,1
U00243,Mumbai,occasional,South Indian|Street Food|Italian,527.23,1,4.4,non-veg,2025-08-22,0.41666666666666663,2.0,dinner,0.0,0,0,1,0,1,0
U00244,Pune,budget,Italian|South Indian|Biryani,470.77,5,10.0,veg,2024-07-07,0.0,2.0,breakfast,0.5,1,0,0,1,0,0
U00245,Mumbai,budget,Fast Food|Italian,223.77,4,1.5,non-veg,2024-11-14,0.16666666666666666,2.0,breakfast,0.0,1,0,0,0,1,0
U00246,Kolkata,budget,Continental|Street Food|North Indian|Fast Food,262.42,11,7.0,both,2024-03-25,0.3666666666666667,2.0,breakfast,0.0,1,0,0,0,0,1
U00247,Kolkata,budget,Fast Food|North Indian|Chinese|Beverages,291.78,9,3.1,both,2025-03-17,0.225,2.0,dinner,0.5,1,0,0,0,0,1
U00248,Mumbai,premium,North Indian|Chinese|Street Food,477.54,3,6.5,veg,2024-06-27,0.6766666666666666,5.0,breakfast,0.2,0,1,0,1,0,0
U00249,Pune,occasional,South Indian|Chinese|North Indian,548.21,2,8.9,both,2025-10-26,0.0,1.0,lunch,0.0,0,0,1,0,0,1
U00250,Pune,budget,Italian|Desserts|Street Food|Continental,224.39,10,15.5,veg,2025-02-12,0.2,2.0,breakfast,0.0,1,0,0,1,0,0
U00251,Delhi,budget,Fast Food|Biryani|South Indian,110.49,4,1.9,non-veg,2025-12-05,0.25,2.0,lunch,0.0,1,0,0,0,1,0
U00252,Delhi,budget,Continental|North Indian,259.52,6,7.9,non-veg,2024-03-08,0.3333333333333333,1.0,late_night,0.0,1,0,0,0,1,0
U00253,Bangalore,occasional,Beverages|Desserts|Continental,414.49,1,0.2,both,2024-05-16,0.2,1.0,breakfast,0.0,0,0,1,0,0,1
U00254,Hyderabad,occasional,Fast Food|Italian|South Indian,585.71,0,4.3,veg,2025-02-08,0.3333333333333333,2.0,breakfast,0.0,0,0,1,1,0,0
U00255,Hyderabad,budget,Fast Food|Beverages,258.15,2,5.0,non-veg,2024-08-06,0.3,0.0,,0.3,1,0,0,0,1,0
U00256,Pune,occasional,North Indian|Italian|Desserts,585.88,1,32.0,both,2024-05-24,0.5,1.0,breakfast,0.0,0,0,1,0,0,1
U00257,Bangalore,occasional,Italian|Fast Food,127.18,1,3.6,veg,2025-06-25,0.3,0.0,,0.3,0,0,1,1,0,0
U00258,Kolkata,budget,Fast Food|Continental,175.1,10,1.8,veg,2025-02-26,0.25,2.0,breakfast,0.0,1,0,0,1,0,0
U00259,Bangalore,budget,Beverages|Desserts,352.53,9,4.4,both,2025-08-01,0.4666666666666666,3.0,breakfast,0.3333333333333333,1,0,0,0,0,1
U00260,Delhi,occasional,Street Food|Italian|Biryani,466.92,0,2.2,veg,2025-11-15,0.6041666666666666,4.0,late_night,0.25,0,0,1,1,0,0
U00261,Hyderabad,premium,North Indian|Desserts|Continental|Italian,436.64,5,4.5,both,2025-11-09,0.6944444444444445,3.0,lunch,0.3333333333333333,0,1,0,0,0,1
U00262,Kolkata,budget,Continental|Desserts|Street Food,237.53,5,0.7,both,2024-04-12,0.3,0.0,,0.3,1,0,0,0,0,1
U00263,Hyderabad,occasional,South Indian|Desserts|North Indian,453.74,2,42.3,both,2025-03-01,0.3650793650793651,3.0,late_night,0.0,0,0,1,0,0,1
U00264,Delhi,occasional,Beverages|Biryani|South Indian|Italian,444.53,3,12.6,veg,2025-10-11,0.5833333333333334,2.0,lunch,0.5,0,0,1,1,0,0
U00265,Delhi,premium,Continental|Desserts|South Indian,663.88,4,14.3,non-veg,2024-12-18,0.7291666666666667,2.0,breakfast,0.5,0,1,0,0,1,0
U00266,Kolkata,budget,Biryani|Italian|Continental,251.53,4,6.2,both,2025-08-08,0.2857142857142857,1.0,dinner,0.0,1,0,0,0,0,1
U00267,Bangalore,budget,South Indian|Street Food|Italian|Desserts,149.97,5,9.2,non-veg,2025-02-04,0.21428571428571427,2.0,lunch,0.5,1,0,0,0,1,0
U00268,Mumbai,budget,Chinese|Italian|South Indian|Beverages,298.36,11,3.1,both,2025-05-10,0.2833333333333333,2.0,snack,0.5,1,0,0,0,0,1
U00269,Delhi,budget,Continental|Chinese,100.0,6,0.3,veg,2024-03-27,0.22380952380952382,5.0,breakfast,0.6,1,0,0,1,0,0
U00270,Bangalore,budget,Beverages|Continental,321.41,14,4.5,non-veg,2024-06-29,0.19047619047619047,4.0,breakfast,0.5,1,0,0,0,1,0
U00271,Kolkata,budget,Beverages|Biryani|Street Food|South Indian,149.81,4,39.6,non-veg,2024-11-03,0.3142857142857143,2.0,breakfast,0.5,1,0,0,0,1,0
U00272,Bangalore,budget,Beverages|Fast Food|Street Food,279.09,11,1.0,both,2024-06-01,0.20416666666666666,4.0,late_night,0.0,1,0,0,0,0,1
U00273,Bangalore,budget,Street Food|South Indian|Fast Food,305.22,5,0.0,both,2024-10-12,0.3,0.0,,0.3,1,0,0,0,0,1
U00274,Hyderabad,occasional,North Indian|Biryani,100.0,2,26.4,non-veg,2025-04-09,0.2857142857142857,1.0,breakfast,1.0,0,0,1,0,1,0
U00275,Bangalore,budget,South Indian|Street Food|Desserts|Italian,345.53,11,8.6,veg,2024-06-12,0.5,2.0,late_night,0.0,1,0,0,1,0,0
U00276,Chennai,occasional,North Indian|Beverages|Italian|Chinese,282.26,2,4.3,non-veg,2024-05-18,0.575,2.0,lunch,0.0,0,0,1,0,1,0
U00277,Hyderabad,budget,Chinese|North Indian|Beverages|Street Food,327.63,13,11.5,veg,2025-02-10,0.3,0.0,,0.3,1,0,0,1,0,0
U00278,Pune,budget,Street Food|Chinese,314.27,13,12.8,veg,2025-12-18,0.325,2.0,dinner,0.0,1,0,0,1,0,0
U00279,Delhi,occasional,Beverages|Continental|Chinese|Street Food,392.77,3,47.8,veg,2025-01-11,0.3833333333333333,2.0,late_night,0.5,0,0,1,1,0,0
U00280,Mumbai,premium,Desserts|Biryani|North Indian,668.22,6,14.0,veg,2024-04-21,0.3,0.0,,0.3,0,1,0,1,0,0
U00281,Pune,budget,South Indian|Biryani|Continental,305.48,8,0.4,non-veg,2024-07-05,0.375,2.0,dinner,0.5,1,0,0,0,1,0
U00282,Pune,budget,Fast Food|Continental|Chinese,218.64,8,4.0,non-veg,2025-02-20,0.23809523809523808,2.0,breakfast,0.0,1,0,0,0,1,0
U00283,Bangalore,budget,Chinese|Biryani|Fast Food|Street Food,237.53,9,4.0,both,2024-03-20,0.20833333333333331,4.0,breakfast,0.5,1,0,0,0,0,1
U00284,Hyderabad,budget,Continental|South Indian,206.14,8,3.5,veg,2025-03-16,0.17142857142857143,2.0,breakfast,0.5,1,0,0,1,0,0
U00285,Chennai,budget,Biryani|Chinese|South Indian,110.2,7,0.7,non-veg,2024-04-06,0.22619047619047616,2.0,dinner,0.0,1,0,0,0,1,0
U00286,Pune,premium,Street Food|Biryani|North Indian,580.79,2,46.9,veg,2025-01-21,0.375,2.0,dinner,0.0,0,1,0,1,0,0
U00287,Mumbai,premium,Italian|Biryani,722.82,5,2.4,both,2024-09-17,0.5208333333333334,4.0,lunch,0.25,0,1,0,0,0,1
U00288,Delhi,occasional,Chinese|Continental,584.55,2,16.9,non-veg,2025-11-09,0.3113095238095238,4.0,lunch,0.25,0,0,1,0,1,0
U00289,Mumbai,budget,Street Food|Continental,253.5,9,4.0,veg,2024-08-06,0.4,1.0,breakfast,1.0,1,0,0,1,0,0
U00290,Bangalore,occasional,Biryani|Chinese|Desserts|South Indian,369.3,2,8.0,both,2025-08-14,0.38095238095238093,2.0,breakfast,1.0,0,0,1,0,0,1
U00291,Delhi,budget,Continental|Chinese|Beverages|North Indian,389.97,7,2.0,veg,2024-12-03,0.26666666666666666,4.0,lunch,0.0,1,0,0,1,0,0
U00292,Mumbai,budget,Italian|Beverages|Fast Food|Desserts,360.52,6,21.2,both,2024-10-25,0.2896825396825397,3.0,dinner,0.0,1,0,0,0,0,1
U00293,Delhi,occasional,Italian|Fast Food|Beverages|Desserts,231.95,4,6.5,both,2025-07-13,0.4523809523809524,5.0,lunch,0.0,0,0,1,0,0,1
U00294,Mumbai,premium,Continental|Beverages|Street Food|Desserts,631.02,6,7.0,veg,2025-04-14,0.48333333333333334,2.0,dinner,1.0,0,1,0,1,0,0
U00295,Kolkata,occasional,Street Food|Continental|Desserts,206.16,2,24.4,veg,2025-08-15,0.5,1.0,lunch,1.0,0,0,1,1,0,0
U00296,Kolkata,budget,Continental|Chinese,100.0,3,9.5,both,2025-05-16,0.15,3.0,snack,0.3333333333333333,1,0,0,0,0,1
U00297,Bangalore,budget,Beverages|Biryani|South Indian|Street Food,210.55,4,2.9,non-veg,2024-08-17,0.3,0.0,,0.3,1,0,0,0,1,0
U00298,Kolkata,occasional,Fast Food|South Indian,573.24,2,4.8,non-veg,2025-08-16,0.4,1.0,breakfast,0.0,0,0,1,0,1,0
U00299,Mumbai,budget,Street Food|Chinese|Desserts,485.93,12,3.5,non-veg,2025-10-26,0.3666666666666667,3.0,breakfast,0.0,1,0,0,0,1,0
U00300,Delhi,premium,Biryani|North Indian|Desserts,786.7,7,1.2,non-veg,2025-12-04,0.5833333333333334,3.0,dinner,1.0,0,1,0,0,1,0
U00301,Hyderabad,budget,Biryani|Italian|Desserts|North Indian,167.04,2,17.8,both,2025-01-09,0.75,1.0,dinner,0.0,1,0,0,0,0,1
U00302,Delhi,premium,Biryani|South Indian,711.57,1,0.3,veg,2024-04-02,0.5,1.0,late_night,0.0,0,1,0,1,0,0
U00303,Mumbai,occasional,Chinese|North Indian,314.85,0,3.5,non-veg,2025-04-09,0.3333333333333333,4.0,breakfast,1.0,0,0,1,0,1,0
U00304,Kolkata,premium,Chinese|Beverages|Street Food,411.22,1,6.9,veg,2024-05-07,0.5,1.0,dinner,1.0,0,1,0,1,0,0
U00305,Bangalore,budget,North Indian|Fast Food,259.0,11,0.9,non-veg,2025-06-21,0.3666666666666667,2.0,breakfast,0.0,1,0,0,0,1,0
U00306,Kolkata,budget,Street Food|Continental,285.6,7,3.8,veg,2024-11-20,0.3,0.0,,0.3,1,0,0,1,0,0
U00307,Bangalore,occasional,Italian|Fast Food|South Indian,394.52,3,0.1,both,2025-12-10,0.42857142857142855,3.0,snack,0.3333333333333333,0,0,1,0,0,1
U00308,Delhi,premium,Continental|Beverages|South Indian,485.25,7,13.5,both,2025-10-06,0.75,2.0,lunch,0.5,0,1,0,0,0,1
U00309,Kolkata,budget,Continental|Street Food|North Indian,235.23,8,7.3,veg,2024-04-20,0.6333333333333333,2.0,dinner,0.0,1,0,0,1,0,0
U00310,Chennai,budget,Italian|Chinese|Fast Food|Continental,194.14,8,3.2,non-veg,2026-01-26,0.16666666666666666,1.0,lunch,0.0,1,0,0,0,1,0
U00311,Chennai,occasional,Italian|Desserts|Chinese,554.73,0,3.4,non-veg,2024-03-18,0.3404761904761905,5.0,dinner,0.2,0,0,1,0,1,0
U00312,Pune,budget,Street Food|Biryani,327.44,4,20.4,non-veg,2025-11-19,0.48401360544217686,7.0,late_night,0.5714285714285714,1,0,0,0,1,0
U00313,Chennai,occasional,Street Food|Continental|North Indian|Italian,490.14,1,15.6,non-veg,2024-10-03,0.425,2.0,breakfast,0.5,0,0,1,0,1,0
U00314,Bangalore,occasional,Desserts|Biryani|Fast Food|Street Food,474.89,1,31.0,both,2026-01-11,0.45,2.0,lunch,0.0,0,0,1,0,0,1
U00315,Mumbai,occasional,Biryani|Italian,464.97,4,9.0,both,2024-03-26,0.5,4.0,breakfast,0.5,0,0,1,0,0,1
U00316,Pune,budget,Continental|Biryani,365.34,7,0.6,non-veg,2025-09-13,0.2,1.0,lunch,0.0,1,0,0,0,1,0
U00317,Bangalore,budget,Street Food|Biryani|Chinese,290.86,9,1.7,non-veg,2024-10-09,0.25,2.0,dinner,0.5,1,0,0,0,1,0
U00318,Pune,budget,Chinese|Continental|South Indian,332.45,9,2.1,veg,2024-10-16,0.3,0.0,,0.3,1,0,0,1,0,0
U00319,Bangalore,occasional,Italian|North Indian|Continental,441.96,0,15.4,non-veg,2025-12-16,0.6666666666666666,1.0,dinner,0.0,0,0,1,0,1,0
U00320,Mumbai,occasional,Street Food|Desserts|Beverages,212.22,6,6.0,veg,2025-05-13,0.5178571428571428,4.0,late_night,0.25,0,0,1,1,0,0
U00321,Bangalore,budget,Italian|Fast Food|Biryani|Desserts,310.54,6,3.1,both,2025-12-10,0.5,1.0,lunch,0.0,1,0,0,0,0,1
U00322,Kolkata,premium,Biryani|Fast Food|South Indian|Desserts,691.87,3,20.2,non-veg,2025-01-16,0.746031746031746,3.0,late_night,0.3333333333333333,0,1,0,0,1,0
U00323,Hyderabad,occasional,Beverages|Desserts|Biryani,528.57,6,8.6,non-veg,2025-07-20,0.25,1.0,breakfast,1.0,0,0,1,0,1,0
U00324,Hyderabad,budget,Beverages|Biryani|Fast Food|Desserts,411.6,12,4.2,non-veg,2025-11-04,0.0,1.0,late_night,1.0,1,0,0,0,1,0
U00325,Pune,premium,South Indian|Desserts|Chinese,683.74,5,2.4,non-veg,2024-07-18,0.5333333333333333,2.0,breakfast,0.5,0,1,0,0,1,0
U00326,Mumbai,premium,South Indian|Continental|Biryani,575.94,5,0.3,both,2024-03-22,0.5555555555555555,3.0,breakfast,0.3333333333333333,0,1,0,0,0,1
U00327,Mumbai,premium,Beverages|Desserts|Chinese,726.98,5,11.9,veg,2024-10-30,0.5142857142857142,2.0,dinner,0.5,0,1,0,1,0,0
U00328,Mumbai,occasional,North Indian|Biryani|Desserts,459.97,2,0.7,veg,2025-04-21,0.675,2.0,dinner,0.5,0,0,1,1,0,0
U00329,Pune,budget,South Indian|Desserts,265.6,11,15.9,non-veg,2025-01-20,0.24285714285714285,2.0,dinner,0.0,1,0,0,0,1,0
U00330,Chennai,occasional,Chinese|North Indian|Continental|Desserts,309.01,2,5.7,veg,2024-05-15,0.16666666666666666,1.0,breakfast,0.0,0,0,1,1,0,0
U00331,Pune,occasional,North Indian|Chinese|South Indian,441.17,1,6.8,veg,2025-05-31,0.6666666666666666,1.0,dinner,0.0,0,0,1,1,0,0
U00332,Kolkata,budget,Biryani|Continental|Desserts|Fast Food,274.68,5,50.6,both,2025-12-25,0.3333333333333333,2.0,lunch,0.0,1,0,0,0,0,1
U00333,Chennai,occasional,Beverages|Biryani,195.73,2,3.7,veg,2025-01-12,0.5,1.0,snack,0.0,0,0,1,1,0,0
U00334,Hyderabad,budget,Continental|Chinese,212.97,6,14.0,veg,2024-08-03,0.08333333333333333,2.0,lunch,0.5,1,0,0,1,0,0
U00335,Mumbai,budget,Biryani|Fast Food|Italian,100.0,8,0.6,non-veg,2025-10-03,0.2,1.0,late_night,0.0,1,0,0,0,1,0
U00336,Bangalore,budget,Chinese|Beverages|Desserts|Fast Food,237.99,10,12.8,both,2025-09-29,0.45,2.0,late_night,0.0,1,0,0,0,0,1
U00337,Mumbai,occasional,Beverages|Italian|Fast Food,257.88,3,25.5,non-veg,2024-09-12,0.47380952380952374,3.0,dinner,0.3333333333333333,0,0,1,0,1,0
U00338,Delhi,occasional,Chinese|South Indian,340.07,1,8.5,both,2024-10-22,0.3333333333333333,1.0,lunch,0.0,0,0,1,0,0,1
U00339,Delhi,budget,Beverages|South Indian|Biryani|Continental,270.96,9,2.3,veg,2025-02-06,0.25,1.0,breakfast,0.0,1,0,0,1,0,0
U00340,Pune,budget,Street Food|Continental,149.59,9,5.7,both,2025-04-05,0.3392857142857143,2.0,breakfast,0.0,1,0,0,0,0,1
U00341,Mumbai,occasional,Chinese|Biryani,462.4,1,29.0,veg,2024-08-25,0.3,0.0,,0.3,0,0,1,1,0,0
U00342,Delhi,budget,Italian|Chinese,171.77,3,19.4,veg,2025-05-30,0.39285714285714285,2.0,breakfast,0.0,1,0,0,1,0,0
U00343,Kolkata,budget,North Indian|Biryani|Street Food,192.84,5,33.5,non-veg,2024-10-06,0.5,1.0,breakfast,1.0,1,0,0,0,1,0
U00344,Kolkata,budget,Chinese|South Indian|Street Food|Continental,229.06,10,1.6,non-veg,2024-12-16,0.20833333333333331,2.0,lunch,0.0,1,0,0,0,1,0
U00345,Pune,premium,Beverages|Street Food|Desserts|Continental,715.23,2,0.5,non-veg,2024-12-04,0.6666666666666666,1.0,breakfast,0.0,0,1,0,0,1,0
U00346,Kolkata,budget,South Indian|Chinese|Biryani|Beverages,267.23,5,18.1,veg,2025-11-13,0.16666666666666666,2.0,lunch,0.0,1,0,0,1,0,0
U00347,Hyderabad,premium,Street Food|Biryani|Chinese,477.81,4,20.7,veg,2024-07-12,0.6,1.0,lunch,1.0,0,1,0,1,0,0
U00348,Pune,premium,Chinese|Continental|Desserts|Fast Food,518.06,3,0.3,both,2025-12-02,0.7142857142857143,1.0,breakfast,0.0,0,1,0,0,0,1
U00349,Kolkata,premium,Street Food|Chinese,492.18,1,45.6,non-veg,2025-03-22,0.6666666666666666,3.0,lunch,0.6666666666666666,0,1,0,0,1,0
U00350,Delhi,occasional,Biryani|Italian,489.4,2,5.3,both,2025-02-07,0.4166666666666667,3.0,breakfast,0.3333333333333333,0,0,1,0,0,1
U00351,Chennai,occasional,South Indian|Fast Food|Italian,439.76,1,46.3,veg,2024-04-17,0.5,1.0,lunch,0.0,0,0,1,1,0,0
U00352,Chennai,occasional,Chinese|Fast Food|South Indian,464.01,4,1.2,non-veg,2024-08-31,0.5,1.0,lunch,0.0,0,0,1,0,1,0
U00353,Pune,budget,Continental|Chinese,329.73,6,6.3,veg,2025-08-05,0.5295238095238095,5.0,snack,0.0,1,0,0,1,0,0
U00354,Pune,occasional,Continental|Biryani|North Indian|Desserts,344.02,2,8.9,non-veg,2025-12-29,0.2,1.0,lunch,0.0,0,0,1,0,1,0
U00355,Bangalore,occasional,Continental|Fast Food,456.0,3,0.1,veg,2024-04-01,0.3,0.0,,0.3,0,0,1,1,0,0
U00356,Delhi,premium,Desserts|North Indian|Beverages|Biryani,828.15,7,1.5,veg,2024-07-18,0.3833333333333333,3.0,dinner,0.6666666666666666,0,1,0,1,0,0
U00357,Mumbai,budget,Fast Food|Beverages|Italian|Desserts,347.85,8,0.9,non-veg,2024-12-08,0.34920634920634913,3.0,dinner,0.0,1,0,0,0,1,0
U00358,Mumbai,occasional,South Indian|North Indian|Chinese,368.94,4,11.7,non-veg,2024-11-03,0.3,0.0,,0.3,0,0,1,0,1,0
U00359,Hyderabad,occasional,Beverages|Italian|Biryani,201.41,0,24.5,both,2024-05-16,0.25,1.0,lunch,0.0,0,0,1,0,0,1
U00360,Delhi,budget,Biryani|Continental|Desserts,173.2,6,9.4,veg,2025-09-16,0.5,1.0,breakfast,0.0,1,0,0,1,0,0
U00361,Kolkata,premium,Street Food|Continental|South Indian,457.21,6,24.5,non-veg,2025-03-07,0.8125,4.0,late_night,0.0,0,1,0,0,1,0
U00362,Delhi,budget,South Indian|Fast Food|Beverages,256.2,4,13.3,veg,2025-05-19,0.08333333333333333,2.0,breakfast,0.5,1,0,0,1,0,0
U00363,Delhi,premium,North Indian|Fast Food,762.4,5,3.3,veg,2024-12-30,0.7142857142857143,1.0,dinner,1.0,0,1,0,1,0,0
U00364,Kolkata,budget,Desserts|Italian|Chinese|Continental,212.31,10,19.0,non-veg,2025-02-26,0.16666666666666666,1.0,lunch,0.0,1,0,0,0,1,0
U00365,Chennai,premium,Biryani|Italian|Chinese|Street Food,595.98,5,1.0,non-veg,2024-08-18,0.625,2.0,dinner,0.5,0,1,0,0,1,0
U00366,Hyderabad,budget,Fast Food|Beverages|North Indian,208.89,11,0.8,non-veg,2025-10-27,0.16666666666666666,1.0,dinner,1.0,1,0,0,0,1,0
U00367,Hyderabad,budget,Beverages|Italian|Street Food|Fast Food,342.59,5,7.6,veg,2025-01-31,0.45555555555555555,3.0,lunch,0.0,1,0,0,1,0,0
U00368,Bangalore,occasional,Fast Food|Beverages,554.39,1,9.8,both,2024-05-26,0.3,0.0,,0.3,0,0,1,0,0,1
U00369,Kolkata,occasional,Beverages|Fast Food|North Indian|Desserts,442.43,5,10.6,non-veg,2025-10-09,0.5666666666666667,2.0,dinner,0.0,0,0,1,0,1,0
U00370,Hyderabad,budget,Fast Food|Biryani,229.53,12,2.6,non-veg,2024-12-11,0.3111111111111111,3.0,dinner,0.3333333333333333,1,0,0,0,1,0
U00371,Mumbai,budget,Desserts|North Indian,242.44,9,6.5,non-veg,2024-06-23,0.3,0.0,,0.3,1,0,0,0,1,0
U00372,Chennai,premium,Biryani|Street Food,662.94,3,3.5,non-veg,2025-04-07,0.5,5.0,dinner,0.0,0,1,0,0,1,0
U00373,Bangalore,premium,Street Food|Beverages|Fast Food,425.73,4,7.0,veg,2024-04-29,0.3,0.0,,0.3,0,1,0,1,0,0
U00374,Pune,budget,South Indian|Chinese|Continental|Italian,227.35,5,51.5,veg,2025-01-10,0.0,2.0,breakfast,0.5,1,0,0,1,0,0
U00375,Kolkata,budget,Street Food|Biryani|Chinese,202.49,3,12.3,veg,2025-07-08,0.3,0.0,,0.3,1,0,0,1,0,0
U00376,Chennai,occasional,Desserts|Street Food|North Indian|Beverages,387.25,1,12.4,non-veg,2025-12-19,0.6,1.0,lunch,0.0,0,0,1,0,1,0
U00377,Delhi,occasional,Biryani|Beverages|Street Food|South Indian,191.94,3,11.2,veg,2024-05-17,0.25,1.0,breakfast,1.0,0,0,1,1,0,0
U00378,Chennai,budget,Biryani|Continental,277.28,9,0.6,veg,2025-08-14,0.3,4.0,dinner,0.25,1,0,0,1,0,0
U00379,Hyderabad,occasional,Fast Food|Biryani|Beverages|Street Food,398.69,2,10.6,veg,2024-06-30,0.3,0.0,,0.3,0,0,1,1,0,0
U00380,Mumbai,premium,North Indian|Biryani|Street Food,501.38,3,4.4,non-veg,2024-03-09,0.7388888888888889,3.0,lunch,0.0,0,1,0,0,1,0
U00381,Bangalore,budget,Continental|Fast Food|North Indian,218.81,5,30.4,both,2024-05-26,0.3,0.0,,0.3,1,0,0,0,0,1
U00382,Hyderabad,budget,Continental|Italian|North Indian,262.64,9,3.1,non-veg,2024-06-09,0.3,0.0,,0.3,1,0,0,0,1,0
U00383,Hyderabad,budget,Street Food|Desserts,321.44,11,12.1,non-veg,2025-08-29,0.08333333333333333,3.0,breakfast,0.0,1,0,0,0,1,0
U00384,Kolkata,occasional,Italian|North Indian|South Indian|Beverages,619.55,0,23.9,veg,2026-01-08,0.5,4.0,breakfast,0.5,0,0,1,1,0,0
U00385,Hyderabad,occasional,Desserts|Chinese|Continental,479.61,2,1.9,both,2025-07-03,0.5452380952380953,4.0,dinner,0.0,0,0,1,0,0,1
U00386,Hyderabad,premium,Continental|Beverages|North Indian|Biryani,491.36,7,2.3,both,2025-09-08,0.6,1.0,lunch,0.0,0,1,0,0,0,1
U00387,Chennai,budget,Street Food|Biryani,165.99,7,9.3,non-veg,2024-03-20,0.3,0.0,,0.3,1,0,0,0,1,0
U00388,Hyderabad,budget,Desserts|Biryani|Chinese|Italian,310.6,4,4.2,veg,2024-07-31,0.2857142857142857,1.0,dinner,0.0,1,0,0,1,0,0
U00389,Mumbai,premium,Biryani|Fast Food|Beverages|South Indian,816.49,4,31.0,non-veg,2025-05-20,0.3,0.0,,0.3,0,1,0,0,1,0
U00390,Mumbai,premium,Fast Food|Italian|Continental|Desserts,269.04,2,12.9,non-veg,2025-04-07,0.42857142857142855,1.0,late_night,1.0,0,1,0,0,1,0
U00391,Pune,occasional,Beverages|Biryani,271.88,2,16.8,both,2024-09-23,0.3,0.0,,0.3,0,0,1,0,0,1
U00392,Mumbai,occasional,Fast Food|Continental|South Indian|Street Food,366.45,3,0.0,veg,2024-03-06,0.3,0.0,,0.3,0,0,1,1,0,0
U00393,Chennai,budget,Desserts|Biryani|Chinese,344.94,6,1.0,veg,2025-04-05,0.16666666666666666,2.0,late_night,0.0,1,0,0,1,0,0
U00394,Bangalore,occasional,South Indian|Biryani|Beverages,572.36,2,7.2,both,2024-03-27,0.8333333333333334,1.0,late_night,1.0,0,0,1,0,0,1
U00395,Mumbai,occasional,Beverages|Italian|Street Food|Desserts,290.05,1,10.9,both,2024-07-25,0.3833333333333333,2.0,late_night,0.0,0,0,1,0,0,1
U00396,Mumbai,occasional,Fast Food|Chinese|South Indian|Continental,562.65,2,11.1,non-veg,2024-06-06,0.3333333333333333,2.0,breakfast,0.5,0,0,1,0,1,0
U00397,Delhi,premium,North Indian|Street Food,391.66,2,2.7,both,2025-06-10,0.6190476190476191,2.0,breakfast,0.5,0,1,0,0,0,1
U00398,Pune,budget,North Indian|South Indian,202.39,11,7.0,veg,2024-11-30,0.2857142857142857,1.0,snack,0.0,1,0,0,1,0,0
U00399,Mumbai,premium,Beverages|South Indian|Chinese|North Indian,765.12,6,2.3,non-veg,2024-07-13,0.5,1.0,late_night,0.0,0,1,0,0,1,0
U00400,Delhi,premium,Beverages|Continental|Italian,759.21,4,9.1,non-veg,2025-04-08,0.65,2.0,dinner,0.0,0,1,0,0,1,0
U00401,Mumbai,premium,North Indian|South Indian|Italian,629.42,4,9.7,non-veg,2024-07-29,0.39444444444444443,3.0,snack,0.0,0,1,0,0,1,0
U00402,Pune,budget,North Indian|Chinese|Desserts|Beverages,177.67,12,17.0,veg,2025-07-31,0.1,2.0,breakfast,0.0,1,0,0,1,0,0
U00403,Bangalore,budget,Beverages|Chinese|Fast Food,167.89,10,0.4,non-veg,2025-12-20,0.1988095238095238,4.0,breakfast,0.0,1,0,0,0,1,0
U00404,Bangalore,premium,Continental|South Indian|Biryani,784.5,4,7.2,veg,2025-04-11,0.6875,4.0,lunch,0.25,0,1,0,1,0,0
U00405,Hyderabad,occasional,Street Food|Continental|Beverages|South Indian,184.73,3,23.5,both,2024-08-29,0.26666666666666666,2.0,breakfast,0.0,0,0,1,0,0,1
U00406,Hyderabad,premium,Italian|South Indian|Biryani,396.68,5,5.8,veg,2025-08-14,0.5833333333333334,3.0,breakfast,0.0,0,1,0,1,0,0
U00407,Pune,budget,Fast Food|Chinese|North Indian,290.48,8,0.6,non-veg,2025-02-16,0.0,1.0,breakfast,0.0,1,0,0,0,1,0
U00408,Kolkata,occasional,Continental|Italian|Chinese,312.61,1,2.2,veg,2024-05-12,0.5,4.0,breakfast,0.5,0,0,1,1,0,0
U00409,Kolkata,budget,Desserts|Continental|Biryani|North Indian,189.49,11,14.6,both,2024-12-13,0.3682539682539683,3.0,late_night,0.0,1,0,0,0,0,1
U00410,Pune,budget,Chinese|Continental,263.8,10,28.3,veg,2024-09-26,0.2976190476190476,3.0,dinner,0.0,1,0,0,1,0,0
U00411,Mumbai,occasional,North Indian|Fast Food,319.01,2,0.8,non-veg,2024-12-31,0.5089285714285714,4.0,breakfast,0.25,0,0,1,0,1,0
U00412,Delhi,occasional,Fast Food|Biryani|Continental,351.63,1,8.2,veg,2024-06-10,0.4,2.0,breakfast,0.5,0,0,1,1,0,0
U00413,Pune,occasional,North Indian|Fast Food|Biryani|Beverages,439.1,3,14.0,both,2025-05-31,0.14285714285714285,1.0,dinner,0.0,0,0,1,0,0,1
U00414,Bangalore,premium,South Indian|Beverages|Fast Food|Continental,781.25,5,11.9,veg,2024-12-08,0.6176190476190475,5.0,breakfast,0.6,0,1,0,1,0,0
U00415,Pune,budget,Fast Food|South Indian|Continental|Chinese,362.03,6,1.6,non-veg,2024-05-08,0.20833333333333331,2.0,dinner,0.0,1,0,0,0,1,0
U00416,Delhi,budget,Chinese|Beverages,294.34,7,0.5,non-veg,2025-08-24,0.24642857142857144,4.0,breakfast,0.75,1,0,0,0,1,0
U00417,Hyderabad,premium,Continental|Biryani|Desserts|Street Food,623.5,2,0.6,veg,2024-07-14,0.5357142857142857,2.0,dinner,0.5,0,1,0,1,0,0
U00418,Hyderabad,premium,Italian|Continental|South Indian|Fast Food,753.53,4,1.1,veg,2024-10-27,0.5833333333333333,2.0,dinner,0.5,0,1,0,1,0,0
U00419,Chennai,budget,Biryani|South Indian|Street Food|North Indian,254.18,8,0.0,non-veg,2024-07-16,0.24285714285714285,2.0,breakfast,0.0,1,0,0,0,1,0
U00420,Chennai,premium,Continental|Street Food,440.91,3,5.7,veg,2025-08-27,0.6,1.0,dinner,0.0,0,1,0,1,0,0
U00421,Delhi,budget,Street Food|Beverages|South Indian,258.83,6,7.9,non-veg,2024-03-02,0.2111111111111111,6.0,lunch,0.6666666666666666,1,0,0,0,1,0
U00422,Delhi,budget,Continental|Beverages|South Indian|Fast Food,290.59,9,3.6,non-veg,2024-10-28,0.3611111111111111,3.0,breakfast,0.0,1,0,0,0,1,0
U00423,Kolkata,occasional,Beverages|Chinese,460.03,2,12.1,both,2024-08-20,0.6666666666666666,1.0,breakfast,1.0,0,0,1,0,0,1
U00424,Hyderabad,occasional,Continental|North Indian|Beverages,335.97,1,16.5,veg,2024-03-10,0.5,1.0,lunch,0.0,0,0,1,1,0,0
U00425,Kolkata,budget,North Indian|Desserts|Fast Food,100.0,8,16.6,both,2026-01-24,0.07142857142857142,2.0,breakfast,0.0,1,0,0,0,0,1
U00426,Pune,budget,Continental|South Indian,338.33,9,5.9,veg,2025-12-12,0.22619047619047616,2.0,breakfast,1.0,1,0,0,1,0,0
U00427,Hyderabad,occasional,South Indian|Street Food|North Indian,394.12,2,16.6,non-veg,2025-11-18,0.48888888888888893,3.0,dinner,0.0,0,0,1,0,1,0
U00428,Hyderabad,occasional,Fast Food|Desserts,380.76,3,4.2,non-veg,2025-07-27,0.26517857142857143,4.0,lunch,0.0,0,0,1,0,1,0
U00429,Kolkata,premium,Desserts|Biryani,322.89,0,9.6,veg,2025-01-01,0.3,0.0,,0.3,0,1,0,1,0,0
U00430,Hyderabad,occasional,Desserts|South Indian|Chinese,414.35,0,12.3,both,2024-03-29,0.3333333333333333,2.0,breakfast,0.0,0,0,1,0,0,1
U00431,Kolkata,budget,South Indian|Chinese|Desserts,178.7,6,13.8,non-veg,2024-08-04,0.16666666666666666,3.0,dinner,0.0,1,0,0,0,1,0
U00432,Delhi,occasional,Italian|North Indian|Street Food|Chinese,392.58,5,2.8,veg,2024-10-10,0.25,1.0,breakfast,1.0,0,0,1,1,0,0
U00433,Pune,budget,Street Food|Desserts|Continental|Beverages,184.77,6,5.1,veg,2025-06-06,0.2875,4.0,dinner,0.25,1,0,0,1,0,0
U00434,Delhi,budget,Biryani|Chinese|Fast Food,164.7,7,1.2,both,2025-07-18,0.3666666666666667,3.0,late_night,0.0,1,0,0,0,0,1
U00435,Pune,budget,North Indian|Desserts,402.26,9,1.7,veg,2024-05-08,0.2833333333333333,2.0,breakfast,0.5,1,0,0,1,0,0
U00436,Kolkata,occasional,Italian|Continental,490.49,2,19.9,both,2025-11-20,0.16666666666666666,1.0,dinner,0.0,0,0,1,0,0,1
U00437,Bangalore,budget,North Indian|Beverages|Continental|South Indian,142.03,13,4.9,non-veg,2025-12-13,0.3849206349206349,3.0,dinner,0.6666666666666666,1,0,0,0,1,0
U00438,Hyderabad,budget,Italian|Street Food|Continental,216.78,12,21.9,non-veg,2025-12-01,0.0,1.0,lunch,0.0,1,0,0,0,1,0
U00439,Delhi,budget,Fast Food|Italian|Biryani|Continental,248.16,9,8.2,both,2024-05-25,0.4,1.0,lunch,0.0,1,0,0,0,0,1
U00440,Kolkata,premium,Biryani|Italian|Fast Food|South Indian,490.7,4,5.2,both,2024-03-22,0.8333333333333333,2.0,breakfast,0.5,0,1,0,0,0,1
U00441,Chennai,occasional,Desserts|Fast Food,543.13,5,17.1,both,2025-04-21,0.3,0.0,,0.3,0,0,1,0,0,1
U00442,Bangalore,premium,Continental|Chinese|Desserts|Fast Food,411.32,3,17.7,non-veg,2024-09-07,0.8,1.0,lunch,0.0,0,1,0,0,1,0
U00443,Bangalore,occasional,Desserts|Street Food|Biryani,265.65,2,17.8,non-veg,2024-11-27,0.35416666666666663,4.0,dinner,0.0,0,0,1,0,1,0
U00444,Hyderabad,premium,Fast Food|Desserts,540.97,6,8.4,non-veg,2025-07-23,0.3333333333333333,2.0,lunch,0.5,0,1,0,0,1,0
U00445,Kolkata,occasional,Beverages|Italian|Street Food|Chinese,331.39,2,45.6,non-veg,2025-09-02,0.6666666666666666,1.0,breakfast,0.0,0,0,1,0,1,0
U00446,Kolkata,premium,North Indian|Street Food|Desserts,649.89,4,7.0,veg,2024-11-27,0.5277777777777778,6.0,late_night,0.16666666666666666,0,1,0,1,0,0
U00447,Chennai,budget,Chinese|Desserts|Italian|Continental,283.93,8,28.4,veg,2025-07-03,0.16666666666666666,1.0,breakfast,0.0,1,0,0,1,0,0
U00448,Mumbai,budget,South Indian|Beverages|Biryani|North Indian,253.16,10,9.8,non-veg,2024-07-28,0.3333333333333333,1.0,dinner,0.0,1,0,0,0,1,0
U00449,Pune,budget,North Indian|Fast Food,313.45,5,34.5,both,2025-01-06,0.16666666666666666,4.0,breakfast,0.25,1,0,0,0,0,1
U00450,Pune,occasional,Continental|North Indian|South Indian|Beverages,385.35,1,1.0,both,2024-06-05,0.31547619047619047,4.0,lunch,0.75,0,0,1,0,0,1
U00451,Pune,occasional,Street Food|Italian|Beverages|South Indian,280.58,2,13.6,both,2025-02-21,0.35,2.0,dinner,0.0,0,0,1,0,0,1
U00452,Mumbai,budget,Italian|Continental,235.48,4,0.6,non-veg,2025-09-29,0.3333333333333333,2.0,late_night,0.5,1,0,0,0,1,0
U00453,Pune,occasional,Italian|Continental|Desserts,316.93,4,21.1,non-veg,2025-05-27,0.3,0.0,,0.3,0,0,1,0,1,0
U00454,Chennai,occasional,Fast Food|Desserts|Beverages,163.73,3,10.8,both,2024-07-30,0.3333333333333333,1.0,breakfast,0.0,0,0,1,0,0,1
U00455,Pune,occasional,Fast Food|Continental|Biryani,434.61,1,7.2,veg,2024-08-20,0.3,0.0,,0.3,0,0,1,1,0,0
U00456,Hyderabad,occasional,South Indian|Beverages|Biryani,332.48,2,5.2,veg,2025-07-03,0.3452380952380952,3.0,late_night,0.0,0,0,1,1,0,0
U00457,Mumbai,budget,Desserts|North Indian|Italian,108.31,8,2.5,veg,2025-08-31,0.5,1.0,snack,1.0,1,0,0,1,0,0
U00458,Bangalore,budget,Street Food|Desserts|Fast Food,287.72,5,33.6,veg,2025-08-24,0.2222222222222222,3.0,breakfast,0.3333333333333333,1,0,0,1,0,0
U00459,Delhi,occasional,Italian|Desserts|Continental,303.43,3,26.9,veg,2024-09-03,0.6666666666666666,1.0,snack,0.0,0,0,1,1,0,0
U00460,Chennai,premium,Biryani|Fast Food|Beverages|Continental,612.76,7,3.3,non-veg,2024-04-10,0.5214285714285714,5.0,dinner,0.4,0,1,0,0,1,0
U00461,Pune,premium,Beverages|Chinese|Biryani,673.22,4,14.5,veg,2025-08-07,0.5892857142857143,2.0,late_night,0.0,0,1,0,1,0,0
U00462,Delhi,premium,Street Food|Beverages|Chinese|Fast Food,469.79,2,0.6,veg,2024-04-10,0.675,2.0,breakfast,0.5,0,1,0,1,0,0
U00463,Bangalore,occasional,North Indian|South Indian|Continental|Desserts,383.9,0,2.8,non-veg,2026-01-21,0.4666666666666667,2.0,lunch,0.0,0,0,1,0,1,0
U00464,Hyderabad,occasional,Italian|South Indian,449.45,1,1.6,both,2025-08-26,0.3625,4.0,lunch,0.0,0,0,1,0,0,1
U00465,Bangalore,budget,Street Food|Beverages,196.39,9,2.6,non-veg,2025-01-10,0.1865079365079365,3.0,breakfast,0.6666666666666666,1,0,0,0,1,0
U00466,Bangalore,budget,Continental|Beverages|Street Food|North Indian,343.74,6,2.5,non-veg,2026-01-21,0.4583333333333333,4.0,dinner,0.0,1,0,0,0,1,0
U00467,Chennai,premium,Desserts|North Indian|Street Food|Fast Food,452.22,4,1.6,both,2025-04-21,0.6404761904761904,3.0,snack,0.3333333333333333,0,1,0,0,0,1
U00468,Chennai,budget,North Indian|Street Food|Desserts,362.4,4,13.2,veg,2025-07-28,0.08333333333333333,2.0,breakfast,0.5,1,0,0,1,0,0
U00469,Bangalore,budget,Street Food|Chinese,207.11,3,5.1,both,2025-05-26,0.37777777777777777,3.0,lunch,0.3333333333333333,1,0,0,0,0,1
U00470,Delhi,budget,Street Food|Fast Food|Biryani|Chinese,228.88,10,3.3,both,2024-12-17,0.38888888888888884,3.0,breakfast,0.3333333333333333,1,0,0,0,0,1
U00471,Bangalore,budget,Desserts|Beverages|Italian,326.0,7,22.8,non-veg,2025-06-10,0.3,0.0,,0.3,1,0,0,0,1,0
U00472,Mumbai,budget,South Indian|North Indian|Continental|Italian,269.44,16,3.6,non-veg,2025-01-04,0.16666666666666666,3.0,snack,0.3333333333333333,1,0,0,0,1,0
U00473,Hyderabad,budget,Beverages|North Indian|Street Food|Biryani,190.64,8,23.9,both,2025-08-05,0.3392857142857143,2.0,breakfast,0.5,1,0,0,0,0,1
U00474,Bangalore,occasional,Desserts|Biryani|South Indian,555.0,3,17.2,veg,2024-08-05,0.3630952380952381,4.0,late_night,0.25,0,0,1,1,0,0
U00475,Bangalore,budget,Italian|Beverages,228.99,1,53.0,veg,2025-04-25,0.3,0.0,,0.3,1,0,0,1,0,0
U00476,Bangalore,premium,Fast Food|Street Food,549.54,6,25.9,non-veg,2024-06-29,0.75,2.0,breakfast,0.5,0,1,0,0,1,0
U00477,Pune,budget,Chinese|Biryani,204.29,10,10.5,both,2026-01-11,0.36666666666666664,5.0,breakfast,0.2,1,0,0,0,0,1
U00478,Delhi,budget,Chinese|Desserts|South Indian|Continental,265.73,7,2.7,non-veg,2025-08-14,0.1625,2.0,dinner,0.5,1,0,0,0,1,0
U00479,Chennai,occasional,Continental|Desserts,312.2,4,0.8,both,2024-03-05,0.20833333333333331,2.0,lunch,0.0,0,0,1,0,0,1
U00480,Chennai,budget,Desserts|Chinese|South Indian,401.24,12,7.7,non-veg,2024-09-02,0.18333333333333335,2.0,dinner,0.0,1,0,0,0,1,0
U00481,Pune,premium,North Indian|South Indian|Desserts,1072.81,4,1.2,non-veg,2025-06-04,0.611111111111111,3.0,lunch,0.3333333333333333,0,1,0,0,1,0
U00482,Kolkata,premium,Biryani|Desserts,431.48,6,2.8,both,2025-02-27,0.3,0.0,,0.3,0,1,0,0,0,1
U00483,Bangalore,budget,Fast Food|Beverages|Street Food|South Indian,100.0,5,50.3,non-veg,2025-01-28,0.3,0.0,,0.3,1,0,0,0,1,0
U00484,Chennai,premium,Desserts|Chinese|Continental,551.96,3,1.6,both,2025-11-01,0.7142857142857143,1.0,dinner,0.0,0,1,0,0,0,1
U00485,Kolkata,budget,Fast Food|Italian|South Indian|North Indian,251.81,4,0.8,both,2025-04-28,0.3,0.0,,0.3,1,0,0,0,0,1
U00486,Delhi,budget,Chinese|Desserts|Biryani,137.55,5,8.3,non-veg,2025-01-23,0.2,1.0,breakfast,0.0,1,0,0,0,1,0
U00487,Bangalore,premium,North Indian|Fast Food,414.71,2,20.4,both,2024-10-29,0.5714285714285714,1.0,breakfast,0.0,0,1,0,0,0,1
U00488,Mumbai,occasional,South Indian|Chinese|Continental,265.34,3,13.9,non-veg,2025-07-20,0.38888888888888884,3.0,breakfast,0.3333333333333333,0,0,1,0,1,0
U00489,Hyderabad,budget,Street Food|Continental|Desserts,185.25,8,13.4,non-veg,2025-10-14,0.35555555555555557,3.0,breakfast,0.3333333333333333,1,0,0,0,1,0
U00490,Bangalore,premium,Biryani|Street Food,743.51,1,46.4,non-veg,2025-10-24,0.9166666666666667,2.0,breakfast,0.5,0,1,0,0,1,0
U00491,Chennai,premium,Biryani|Desserts|North Indian|Chinese,635.3,5,29.7,non-veg,2024-11-30,0.6666666666666667,2.0,dinner,0.0,0,1,0,0,1,0
U00492,Hyderabad,occasional,Street Food|Italian,335.19,1,5.2,veg,2024-06-21,0.3,0.0,,0.3,0,0,1,1,0,0
U00493,Chennai,occasional,Desserts|Chinese,491.64,1,19.8,non-veg,2025-09-07,0.5142857142857142,2.0,breakfast,0.0,0,0,1,0,1,0
U00494,Mumbai,budget,Fast Food|Beverages|Chinese,340.19,6,1.0,veg,2025-11-24,0.0,1.0,dinner,0.0,1,0,0,1,0,0
U00495,Delhi,occasional,Fast Food|Desserts|Continental,601.44,0,0.5,non-veg,2024-09-19,0.38095238095238093,2.0,dinner,0.0,0,0,1,0,1,0
U00496,Kolkata,occasional,Biryani|Fast Food,170.6,1,10.8,both,2025-05-20,0.4761904761904762,3.0,lunch,0.6666666666666666,0,0,1,0,0,1
U00497,Pune,budget,Beverages|Italian|Continental|North Indian,235.61,14,3.4,veg,2025-09-11,0.75,1.0,lunch,0.0,1,0,0,1,0,0
U00498,Mumbai,budget,Desserts|Biryani,262.94,13,6.6,non-veg,2024-05-02,0.35,2.0,dinner,0.5,1,0,0,0,1,0
U00499,Hyderabad,occasional,Beverages|Biryani|Desserts,370.88,1,7.2,veg,2024-04-01,0.3333333333333333,2.0,breakfast,0.0,0,0,1,1,0,0
U00500,Chennai,premium,Fast Food|Biryani,316.5,5,7.4,non-veg,2024-05-20,0.6458333333333334,4.0,lunch,0.0,0,1,0,0,1,0
U00501,Pune,budget,Beverages|Biryani,335.63,11,3.4,both,2025-07-30,0.3571428571428571,2.0,lunch,0.0,1,0,0,0,0,1
U00502,Hyderabad,premium,Fast Food|Beverages|Italian,790.78,3,11.2,non-veg,2025-02-28,0.3,0.0,,0.3,0,1,0,0,1,0
U00503,Hyderabad,occasional,Desserts|Biryani|South Indian,463.18,1,50.0,non-veg,2024-06-29,0.75,1.0,dinner,1.0,0,0,1,0,1,0
U00504,Delhi,budget,Street Food|Chinese|North Indian|Biryani,211.81,7,1.8,veg,2024-10-12,0.15476190476190477,2.0,lunch,0.5,1,0,0,1,0,0
U00505,Pune,budget,Beverages|Fast Food,235.97,8,8.9,veg,2025-11-18,0.3333333333333333,1.0,dinner,0.0,1,0,0,1,0,0
U00506,Kolkata,budget,Beverages|Chinese|Fast Food,289.32,3,8.8,non-veg,2025-05-25,0.30952380952380953,3.0,lunch,0.0,1,0,0,0,1,0
U00507,Mumbai,budget,Chinese|Desserts|Street Food|North Indian,237.21,13,6.1,veg,2024-10-25,0.1,2.0,late_night,0.5,1,0,0,1,0,0
U00508,Chennai,budget,Continental|Desserts|Street Food,324.92,5,8.1,non-veg,2024-07-20,0.30952380952380953,2.0,dinner,0.0,1,0,0,0,1,0
U00509,Bangalore,budget,Street Food|South Indian|Continental,203.54,6,11.7,both,2025-05-18,0.25,2.0,late_night,0.5,1,0,0,0,0,1
U00510,Pune,budget,Biryani|Chinese|North Indian|Fast Food,229.35,4,8.4,non-veg,2024-04-07,0.225,2.0,dinner,0.5,1,0,0,0,1,0
U00511,Pune,occasional,Desserts|Biryani|Continental|North Indian,638.6,1,53.1,both,2026-01-17,0.18333333333333335,2.0,breakfast,0.5,0,0,1,0,0,1
U00512,Bangalore,budget,Italian|Street Food|Continental,432.44,10,3.0,non-veg,2024-10-28,0.425,2.0,lunch,0.0,1,0,0,0,1,0
U00513,Mumbai,occasional,Beverages|Street Food|Chinese,574.39,3,3.6,non-veg,2025-02-08,0.4666666666666667,2.0,dinner,0.5,0,0,1,0,1,0
U00514,Bangalore,budget,South Indian|Fast Food|Desserts,243.74,7,5.9,both,2025-11-01,0.30238095238095236,5.0,breakfast,0.4,1,0,0,0,0,1
U00515,Bangalore,premium,Chinese|Biryani|Fast Food|Continental,474.59,2,28.3,veg,2024-10-18,0.7583333333333333,4.0,breakfast,0.5,0,1,0,1,0,0
U00516,Kolkata,occasional,Street Food|Beverages,570.94,2,31.6,both,2025-02-05,0.41666666666666663,2.0,breakfast,1.0,0,0,1,0,0,1
U00517,Hyderabad,budget,Beverages|Continental,273.27,5,6.1,non-veg,2025-03-07,0.18888888888888888,3.0,lunch,0.6666666666666666,1,0,0,0,1,0
U00518,Bangalore,budget,North Indian|South Indian|Continental,100.0,9,8.8,non-veg,2025-02-10,0.3,0.0,,0.3,1,0,0,0,1,0
U00519,Pune,budget,Chinese|Italian,213.39,7,1.0,both,2024-08-17,0.3208333333333333,4.0,breakfast,0.25,1,0,0,0,0,1
U00520,Delhi,budget,Chinese|Biryani|Desserts|Italian,264.86,6,1.7,non-veg,2025-06-04,0.36666666666666664,3.0,lunch,0.6666666666666666,1,0,0,0,1,0
U00521,Kolkata,occasional,Chinese|Continental|Desserts,329.77,4,1.0,non-veg,2024-12-18,0.41761904761904756,5.0,dinner,0.4,0,0,1,0,1,0
U00522,Bangalore,budget,Continental|Italian|Beverages|Fast Food,150.77,9,3.7,non-veg,2024-11-14,0.3333333333333333,2.0,lunch,1.0,1,0,0,0,1,0
U00523,Hyderabad,premium,Italian|Continental,485.62,6,7.6,non-veg,2025-04-17,0.8452380952380952,2.0,breakfast,0.0,0,1,0,0,1,0
U00524,Kolkata,occasional,South Indian|Continental|Chinese|Beverages,524.36,1,11.8,veg,2025-02-28,0.42857142857142855,1.0,late_night,1.0,0,0,1,1,0,0
U00525,Delhi,budget,South Indian|Fast Food|Beverages,318.86,7,1.4,non-veg,2024-08-05,0.2833333333333333,2.0,breakfast,0.0,1,0,0,0,1,0
U00526,Pune,budget,Continental|Desserts|Street Food,105.69,10,7.2,both,2024-06-05,0.3,0.0,,0.3,1,0,0,0,0,1
U00527,Bangalore,premium,Biryani|Beverages|Chinese,510.51,1,14.3,veg,2024-03-09,0.5,1.0,dinner,0.0,0,1,0,1,0,0
U00528,Pune,budget,Continental|South Indian|Chinese,417.84,6,1.1,both,2025-03-13,0.0,1.0,breakfast,1.0,1,0,0,0,0,1
U00529,Bangalore,premium,Fast Food|South Indian,454.57,5,0.7,veg,2025-07-24,0.611111111111111,6.0,dinner,0.16666666666666666,0,1,0,1,0,0
U00530,Mumbai,budget,Chinese|Street Food|Desserts|Italian,243.54,10,42.4,veg,2024-05-27,0.2,2.0,dinner,0.5,1,0,0,1,0,0
U00531,Delhi,budget,Desserts|Continental|Chinese|Italian,336.4,12,3.1,both,2024-04-17,0.4,1.0,breakfast,0.0,1,0,0,0,0,1
U00532,Chennai,occasional,Chinese|Street Food|Continental|Italian,513.13,1,7.8,non-veg,2025-04-07,0.25,2.0,lunch,0.0,0,0,1,0,1,0
U00533,Delhi,occasional,Biryani|Beverages,233.25,1,50.3,non-veg,2024-05-03,0.5,1.0,lunch,0.0,0,0,1,0,1,0
U00534,Bangalore,budget,North Indian|Beverages|Chinese,333.27,8,6.4,both,2025-07-12,0.4,1.0,late_night,0.0,1,0,0,0,0,1
U00535,Kolkata,occasional,Street Food|Continental|Beverages,186.26,0,15.6,both,2024-12-05,0.4833333333333333,4.0,dinner,0.5,0,0,1,0,0,1
U00536,Pune,budget,Desserts|Beverages|Street Food,100.0,10,13.0,non-veg,2025-08-09,0.3333333333333333,2.0,dinner,0.5,1,0,0,0,1,0
U00537,Bangalore,budget,North Indian|Italian|Fast Food|Continental,179.74,5,12.4,both,2025-04-21,0.30000000000000004,2.0,breakfast,0.5,1,0,0,0,0,1
U00538,Delhi,budget,Fast Food|Chinese|Beverages|Continental,257.99,7,9.3,non-veg,2024-09-07,0.3333333333333333,1.0,breakfast,0.0,1,0,0,0,1,0
U00539,Chennai,premium,South Indian|Continental|Fast Food|Desserts,726.47,2,1.9,non-veg,2024-07-20,0.5,1.0,lunch,1.0,0,1,0,0,1,0
U00540,Kolkata,occasional,Street Food|North Indian|Beverages,539.54,2,1.6,both,2024-07-17,0.16666666666666666,1.0,lunch,0.0,0,0,1,0,0,1
U00541,Delhi,premium,South Indian|Italian|Fast Food,794.25,5,14.3,non-veg,2025-12-25,0.5714285714285714,1.0,breakfast,0.0,0,1,0,0,1,0
U00542,Hyderabad,occasional,Biryani|South Indian|Beverages,465.31,0,12.1,veg,2025-09-29,0.2916666666666667,4.0,dinner,0.5,0,0,1,1,0,0
U00543,Kolkata,occasional,Italian|Biryani,335.94,2,2.2,both,2024-05-13,0.2976190476190476,2.0,dinner,0.0,0,0,1,0,0,1
U00544,Pune,premium,Chinese|Continental|Italian,501.92,4,16.1,non-veg,2025-06-30,0.3,0.0,,0.3,0,1,0,0,1,0
U00545,Kolkata,occasional,Continental|Biryani,339.07,2,4.9,non-veg,2024-07-31,0.3682539682539682,3.0,dinner,0.3333333333333333,0,0,1,0,1,0
U00546,Mumbai,premium,Street Food|Chinese|Biryani|Beverages,321.09,4,15.0,both,2025-04-03,0.6571428571428571,5.0,late_night,0.4,0,1,0,0,0,1
U00547,Mumbai,budget,Fast Food|Street Food|South Indian|Beverages,246.06,6,0.8,non-veg,2024-12-02,0.42857142857142855,1.0,late_night,1.0,1,0,0,0,1,0
U00548,Bangalore,occasional,Chinese|Continental|Italian,458.69,1,14.4,veg,2025-08-31,0.3,0.0,,0.3,0,0,1,1,0,0
U00549,Pune,budget,Italian|Desserts|Beverages,210.98,9,12.5,both,2025-09-04,0.0,1.0,lunch,0.0,1,0,0,0,0,1
U00550,Chennai,budget,Fast Food|Desserts|Street Food|Italian,335.95,13,2.6,both,2025-11-11,0.4,1.0,late_night,1.0,1,0,0,0,0,1
U00551,Pune,occasional,Desserts|Street Food,444.43,1,4.4,both,2025-04-18,0.3333333333333333,1.0,late_night,0.0,0,0,1,0,0,1
U00552,Pune,premium,Beverages|Continental|Biryani,687.65,3,6.6,non-veg,2024-06-11,0.25,1.0,snack,0.0,0,1,0,0,1,0
U00553,Bangalore,budget,South Indian|Beverages|Biryani|Desserts,206.99,4,33.6,veg,2025-11-24,0.16666666666666666,1.0,late_night,0.0,1,0,0,1,0,0
U00554,Kolkata,occasional,Desserts|Italian|Continental|Beverages,478.65,2,15.2,both,2025-06-25,0.3,0.0,,0.3,0,0,1,0,0,1
U00555,Hyderabad,occasional,Biryani|Fast Food|Continental,574.25,1,46.7,veg,2024-07-16,0.3,0.0,,0.3,0,0,1,1,0,0
U00556,Chennai,budget,Continental|Beverages,251.13,5,55.8,non-veg,2025-02-10,0.75,1.0,breakfast,0.0,1,0,0,0,1,0
U00557,Pune,budget,North Indian|South Indian,204.69,3,37.0,non-veg,2024-04-26,0.19583333333333333,4.0,lunch,0.5,1,0,0,0,1,0
U00558,Kolkata,occasional,North Indian|South Indian|Chinese,499.79,3,6.3,non-veg,2024-11-02,0.8,1.0,dinner,1.0,0,0,1,0,1,0
U00559,Hyderabad,budget,Desserts|Italian,293.66,12,0.1,both,2025-09-14,0.26190476190476186,4.0,breakfast,0.75,1,0,0,0,0,1
U00560,Pune,budget,Chinese|Fast Food|South Indian,100.0,10,0.1,veg,2024-03-28,0.18333333333333335,2.0,breakfast,0.0,1,0,0,1,0,0
U00561,Mumbai,premium,South Indian|Biryani|Chinese,771.9,0,7.7,both,2025-12-05,0.5,1.0,breakfast,1.0,0,1,0,0,0,1
U00562,Hyderabad,budget,Fast Food|Italian|Desserts|Biryani,100.0,9,14.1,non-veg,2025-10-26,0.13988095238095238,4.0,dinner,0.25,1,0,0,0,1,0
U00563,Pune,budget,North Indian|Italian,134.25,13,2.0,both,2024-09-26,0.16666666666666666,1.0,dinner,0.0,1,0,0,0,0,1
U00564,Bangalore,budget,Continental|Italian,245.26,8,10.5,veg,2024-08-14,0.3,0.0,,0.3,1,0,0,1,0,0
U00565,Pune,budget,North Indian|Continental|Biryani,307.47,8,23.6,veg,2025-09-26,0.16666666666666666,2.0,dinner,0.0,1,0,0,1,0,0
U00566,Kolkata,premium,Chinese|Beverages|South Indian,576.34,6,2.8,veg,2025-06-07,0.48214285714285715,4.0,lunch,0.25,0,1,0,1,0,0
U00567,Hyderabad,occasional,South Indian|Continental,576.52,2,4.6,non-veg,2025-03-13,0.75,1.0,dinner,0.0,0,0,1,0,1,0
U00568,Mumbai,budget,Chinese|Desserts|Continental,194.04,5,16.0,both,2024-04-11,0.12222222222222223,3.0,breakfast,0.0,1,0,0,0,0,1
U00569,Pune,budget,South Indian|Street Food,284.68,9,10.3,non-veg,2024-06-30,0.3666666666666667,3.0,snack,0.3333333333333333,1,0,0,0,1,0
U00570,Bangalore,occasional,Chinese|Beverages|Biryani|Street Food,338.97,1,38.6,both,2025-06-23,0.3333333333333333,2.0,breakfast,0.5,0,0,1,0,0,1
U00571,Pune,occasional,Chinese|Desserts|Beverages|Street Food,467.96,3,2.3,non-veg,2025-06-19,0.39285714285714285,2.0,dinner,0.5,0,0,1,0,1,0
U00572,Bangalore,premium,Chinese|South Indian,516.73,1,45.2,veg,2024-06-03,0.9166666666666667,2.0,breakfast,0.5,0,1,0,1,0,0
U00573,Pune,budget,Biryani|Desserts|Continental,253.01,7,8.1,non-veg,2025-09-06,0.3,0.0,,0.3,1,0,0,0,1,0
U00574,Delhi,occasional,South Indian|Italian|Fast Food,367.18,1,14.6,veg,2025-12-31,0.45,2.0,dinner,0.0,0,0,1,1,0,0
U00575,Kolkata,occasional,Fast Food|Italian|Street Food|Biryani,269.91,2,13.8,veg,2024-12-22,0.43333333333333335,3.0,dinner,0.0,0,0,1,1,0,0
U00576,Mumbai,occasional,North Indian|Italian|Beverages|Street Food,442.93,5,11.1,non-veg,2025-10-04,0.3666666666666667,2.0,dinner,1.0,0,0,1,0,1,0
U00577,Delhi,budget,Continental|South Indian|North Indian,338.31,5,17.8,veg,2025-01-23,0.25,1.0,breakfast,1.0,1,0,0,1,0,0
U00578,Mumbai,premium,Desserts|Continental,561.56,4,17.5,both,2025-01-18,0.3,0.0,,0.3,0,1,0,0,0,1
U00579,Chennai,budget,Chinese|Beverages|South Indian|North Indian,270.89,6,11.8,both,2024-06-05,0.16666666666666666,1.0,breakfast,0.0,1,0,0,0,0,1
U00580,Bangalore,premium,Fast Food|Italian,753.48,7,12.5,non-veg,2025-12-18,0.7083333333333334,4.0,dinner,0.5,0,1,0,0,1,0
U00581,Bangalore,budget,Street Food|Fast Food|Desserts,470.42,7,1.3,non-veg,2024-11-20,0.2375,4.0,breakfast,0.25,1,0,0,0,1,0
U00582,Pune,budget,South Indian|Street Food|Chinese,225.55,7,2.1,veg,2025-04-18,0.1111111111111111,3.0,breakfast,0.0,1,0,0,1,0,0
U00583,Bangalore,budget,South Indian|Street Food|Italian,190.88,6,9.5,veg,2025-08-21,0.3,0.0,,0.3,1,0,0,1,0,0
U00584,Chennai,occasional,Desserts|South Indian|Fast Food,478.28,2,18.0,non-veg,2024-11-06,0.3,0.0,,0.3,0,0,1,0,1,0
U00585,Pune,occasional,North Indian|Italian,381.0,1,3.1,both,2025-10-31,0.7142857142857143,1.0,late_night,0.0,0,0,1,0,0,1
U00586,Hyderabad,occasional,Beverages|North Indian,377.94,3,17.0,non-veg,2025-03-17,0.6,1.0,dinner,0.0,0,0,1,0,1,0
U00587,Pune,occasional,Chinese|South Indian|North Indian|Biryani,504.25,0,1.7,veg,2025-09-09,0.21428571428571427,3.0,breakfast,0.6666666666666666,0,0,1,1,0,0
U00588,Pune,occasional,Chinese|Beverages,257.64,3,2.3,veg,2025-02-06,0.4,1.0,breakfast,0.0,0,0,1,1,0,0
U00589,Chennai,budget,Fast Food|Chinese|Biryani|South Indian,269.82,2,7.4,both,2025-04-27,0.3,0.0,,0.3,1,0,0,0,0,1
U00590,Pune,premium,North Indian|Biryani,840.19,3,29.2,both,2024-11-14,0.4682539682539682,3.0,dinner,0.3333333333333333,0,1,0,0,0,1
U00591,Mumbai,budget,South Indian|Fast Food|Continental|Italian,100.0,6,0.2,both,2024-10-18,0.5,1.0,lunch,0.0,1,0,0,0,0,1
U00592,Chennai,occasional,North Indian|Beverages|Chinese,705.88,1,2.4,non-veg,2025-01-16,0.4,1.0,dinner,0.0,0,0,1,0,1,0
U00593,Delhi,budget,South Indian|Continental|Italian,140.79,5,13.8,veg,2024-08-24,0.43333333333333335,2.0,dinner,1.0,1,0,0,1,0,0
U00594,Bangalore,occasional,North Indian|Italian,314.74,3,3.1,non-veg,2025-12-11,0.6190476190476191,2.0,breakfast,0.5,0,0,1,0,1,0
U00595,Hyderabad,premium,Desserts|Chinese|Street Food,552.72,2,21.7,veg,2025-12-22,0.6547619047619048,3.0,breakfast,0.0,0,1,0,1,0,0
U00596,Chennai,budget,Desserts|Italian|Biryani|South Indian,230.95,9,0.5,both,2024-11-27,0.16666666666666666,1.0,dinner,0.0,1,0,0,0,0,1
U00597,Pune,budget,Fast Food|South Indian|Biryani,268.2,5,9.6,veg,2025-09-27,0.3,0.0,,0.3,1,0,0,1,0,0
U00598,Chennai,budget,North Indian|Chinese|Italian|Desserts,300.88,9,3.2,veg,2024-08-17,0.3333333333333333,3.0,dinner,0.6666666666666666,1,0,0,1,0,0
U00599,Bangalore,premium,South Indian|Beverages|Fast Food,522.26,5,14.5,non-veg,2025-03-15,0.625,2.0,breakfast,0.0,0,1,0,0,1,0
U00600,Mumbai,occasional,Street Food|Beverages,559.03,2,11.0,both,2026-01-19,0.3845238095238095,4.0,dinner,0.0,0,0,1,0,0,1
U00601,Mumbai,occasional,Fast Food|Continental,263.43,2,8.7,veg,2024-04-30,0.6,1.0,breakfast,1.0,0,0,1,1,0,0
U00602,Delhi,budget,Biryani|Beverages|Italian,279.16,6,0.9,both,2024-07-17,0.25,2.0,dinner,0.5,1,0,0,0,0,1
U00603,Kolkata,budget,Chinese|North Indian,281.13,6,6.3,non-veg,2024-12-04,0.38888888888888884,3.0,breakfast,0.3333333333333333,1,0,0,0,1,0
U00604,Bangalore,budget,Street Food|Biryani,250.06,12,1.1,non-veg,2024-04-16,0.3,0.0,,0.3,1,0,0,0,1,0
U00605,Kolkata,occasional,North Indian|Biryani|Continental|Desserts,496.09,2,18.1,non-veg,2024-03-25,0.0,1.0,dinner,0.0,0,0,1,0,1,0
U00606,Hyderabad,occasional,Fast Food|South Indian|Italian|Continental,352.94,3,8.2,non-veg,2025-05-29,0.1619047619047619,3.0,breakfast,0.0,0,0,1,0,1,0
U00607,Hyderabad,budget,North Indian|Chinese|Fast Food,360.28,9,6.7,non-veg,2025-10-24,0.2,1.0,dinner,0.0,1,0,0,0,1,0
U00608,Bangalore,premium,Street Food|Desserts,617.37,2,42.2,non-veg,2025-01-11,0.5,1.0,lunch,0.0,0,1,0,0,1,0
U00609,Hyderabad,budget,South Indian|Continental|Chinese|Biryani,275.01,7,7.3,non-veg,2024-12-20,0.4047619047619047,3.0,dinner,0.0,1,0,0,0,1,0
U00610,Bangalore,occasional,Continental|North Indian|Desserts|Biryani,613.89,1,4.5,both,2025-09-16,0.5,4.0,breakfast,0.25,0,0,1,0,0,1
U00611,Delhi,premium,Fast Food|Biryani|Desserts,516.68,7,4.4,veg,2025-02-27,0.3,0.0,,0.3,0,1,0,1,0,0
U00612,Mumbai,budget,Fast Food|Italian|South Indian,251.75,10,0.3,both,2025-07-04,0.1630952380952381,4.0,breakfast,0.25,1,0,0,0,0,1
U00613,Delhi,occasional,South Indian|Chinese|Continental|Beverages,485.89,0,4.0,non-veg,2024-10-24,0.6666666666666666,1.0,lunch,1.0,0,0,1,0,1,0
U00614,Hyderabad,premium,Desserts|South Indian|Biryani,959.15,4,7.5,both,2025-06-29,0.5777777777777778,3.0,lunch,0.0,0,1,0,0,0,1
U00615,Hyderabad,premium,Beverages|Fast Food|South Indian,288.83,6,15.4,non-veg,2025-10-27,0.3333333333333333,2.0,dinner,0.0,0,1,0,0,1,0
U00616,Delhi,budget,Fast Food|North Indian|Italian|Desserts,248.24,7,3.4,both,2025-02-26,0.41666666666666663,2.0,dinner,0.5,1,0,0,0,0,1
U00617,Delhi,occasional,Italian|Biryani,436.77,1,4.3,non-veg,2024-12-18,0.3,0.0,,0.3,0,0,1,0,1,0
U00618,Chennai,budget,Fast Food|Continental,250.26,12,5.3,veg,2025-08-02,0.13333333333333333,3.0,breakfast,0.6666666666666666,1,0,0,1,0,0
U00619,Bangalore,budget,Beverages|Street Food|Italian,326.5,9,6.7,non-veg,2025-10-23,0.125,2.0,dinner,0.0,1,0,0,0,1,0
U00620,Hyderabad,budget,Chinese|South Indian,435.97,8,19.0,both,2026-01-15,0.2702380952380952,4.0,dinner,0.25,1,0,0,0,0,1
U00621,Bangalore,premium,Chinese|Italian,672.5,6,6.3,non-veg,2024-12-13,0.7166666666666667,2.0,dinner,0.0,0,1,0,0,1,0
U00622,Mumbai,premium,South Indian|Fast Food|Continental|North Indian,759.18,0,3.0,non-veg,2025-11-22,0.4666666666666666,3.0,lunch,0.3333333333333333,0,1,0,0,1,0
U00623,Delhi,occasional,Beverages|Chinese|South Indian|Desserts,251.97,2,7.4,veg,2025-02-22,0.20833333333333331,4.0,late_night,0.5,0,0,1,1,0,0
U00624,Bangalore,occasional,Beverages|North Indian,172.18,0,6.5,veg,2025-08-08,0.5833333333333333,4.0,dinner,0.5,0,0,1,1,0,0
U00625,Chennai,budget,Desserts|Beverages|North Indian,197.97,3,23.1,both,2025-01-01,0.16666666666666666,4.0,dinner,0.0,1,0,0,0,0,1
U00626,Pune,occasional,Chinese|Biryani|Italian,473.24,2,21.4,both,2025-07-20,0.27619047619047615,3.0,late_night,0.6666666666666666,0,0,1,0,0,1
U00627,Mumbai,occasional,Beverages|Chinese|North Indian,210.13,3,3.6,veg,2024-05-09,0.3392857142857143,2.0,breakfast,0.0,0,0,1,1,0,0
U00628,Chennai,occasional,Italian|Fast Food|Beverages|Continental,406.03,1,91.6,veg,2024-07-13,0.3611111111111111,3.0,lunch,0.3333333333333333,0,0,1,1,0,0
U00629,Hyderabad,occasional,South Indian|Fast Food,524.07,3,1.1,veg,2024-12-31,0.3535714285714286,3.0,breakfast,0.3333333333333333,0,0,1,1,0,0
U00630,Delhi,premium,Italian|Street Food|Continental,538.88,6,4.8,veg,2024-04-22,0.6626984126984127,3.0,lunch,0.6666666666666666,0,1,0,1,0,0
U00631,Kolkata,premium,North Indian|Desserts|Biryani|Italian,424.85,4,20.0,both,2024-07-19,0.665079365079365,6.0,dinner,0.16666666666666666,0,1,0,0,0,1
U00632,Kolkata,budget,Biryani|Street Food|Continental,250.73,6,1.2,non-veg,2024-12-26,0.16666666666666666,1.0,dinner,0.0,1,0,0,0,1,0
U00633,Mumbai,premium,North Indian|Biryani,290.93,2,1.1,both,2024-05-26,0.5,2.0,breakfast,0.0,0,1,0,0,0,1
U00634,Delhi,budget,Fast Food|North Indian,337.28,11,0.4,veg,2024-10-01,0.3,0.0,,0.3,1,0,0,1,0,0
U00635,Chennai,occasional,Continental|Italian|Chinese,178.41,3,1.7,veg,2025-10-17,0.525,4.0,breakfast,0.0,0,0,1,1,0,0
U00636,Delhi,occasional,Italian|Fast Food|North Indian|Desserts,348.56,3,23.0,non-veg,2025-06-17,0.45,2.0,breakfast,0.0,0,0,1,0,1,0
U00637,Chennai,budget,Biryani|Chinese|Street Food,258.57,6,9.1,veg,2025-05-30,0.25,3.0,breakfast,0.6666666666666666,1,0,0,1,0,0
U00638,Chennai,budget,Biryani|North Indian|Continental,163.72,10,8.4,non-veg,2024-06-25,0.13999999999999999,5.0,breakfast,0.4,1,0,0,0,1,0
U00639,Chennai,budget,Continental|Italian,274.63,10,3.7,both,2024-09-10,0.3666666666666667,2.0,breakfast,0.5,1,0,0,0,0,1
U00640,Chennai,occasional,Chinese|Beverages|North Indian,648.19,2,28.0,non-veg,2025-10-27,0.4,1.0,late_night,0.0,0,0,1,0,1,0
U00641,Bangalore,budget,Continental|Italian,212.66,6,9.6,both,2026-01-07,0.5,1.0,snack,0.0,1,0,0,0,0,1
U00642,Chennai,occasional,North Indian|Biryani|Italian,222.04,2,2.0,non-veg,2025-09-16,0.6,1.0,breakfast,0.0,0,0,1,0,1,0
U00643,Mumbai,occasional,Chinese|Biryani|North Indian|Beverages,239.7,3,28.0,non-veg,2025-08-29,0.625,2.0,dinner,0.0,0,0,1,0,1,0
U00644,Chennai,premium,Chinese|South Indian|Biryani|North Indian,708.62,0,6.5,non-veg,2025-01-10,0.3,0.0,,0.3,0,1,0,0,1,0
U00645,Pune,premium,Desserts|South Indian|Biryani|Chinese,701.58,7,9.6,non-veg,2025-03-03,0.7833333333333333,3.0,dinner,0.3333333333333333,0,1,0,0,1,0
U00646,Delhi,budget,Desserts|Beverages,163.64,12,4.0,veg,2024-04-03,0.16666666666666666,4.0,dinner,0.0,1,0,0,1,0,0
U00647,Mumbai,budget,Street Food|Biryani,228.21,7,19.0,non-veg,2025-06-13,0.16666666666666666,1.0,snack,1.0,1,0,0,0,1,0
U00648,Pune,budget,Chinese|Desserts|Fast Food|Biryani,348.7,5,1.7,non-veg,2025-04-01,0.14285714285714285,2.0,breakfast,0.5,1,0,0,0,1,0
U00649,Delhi,occasional,North Indian|Desserts,423.81,1,69.1,non-veg,2024-06-25,0.3333333333333333,1.0,late_night,0.0,0,0,1,0,1,0
U00650,Bangalore,budget,Continental|Biryani,249.27,3,8.4,both,2024-05-11,0.6,1.0,dinner,0.0,1,0,0,0,0,1
U00651,Delhi,premium,Continental|South Indian|Beverages|Street Food,484.24,5,29.8,non-veg,2025-02-22,0.3,0.0,,0.3,0,1,0,0,1,0
U00652,Pune,budget,Italian|Biryani,210.16,8,3.1,non-veg,2025-03-06,0.33174603174603173,3.0,dinner,0.3333333333333333,1,0,0,0,1,0
U00653,Delhi,premium,South Indian|Biryani|Beverages|North Indian,770.47,8,4.4,veg,2025-05-01,0.8,2.0,breakfast,0.5,0,1,0,1,0,0
U00654,Delhi,occasional,South Indian|Biryani,290.5,1,10.5,veg,2025-05-10,0.2857142857142857,1.0,lunch,0.0,0,0,1,1,0,0
U00655,Kolkata,budget,North Indian|Continental,234.78,8,11.1,non-veg,2024-12-28,0.2,1.0,lunch,1.0,1,0,0,0,1,0
U00656,Hyderabad,budget,Desserts|Chinese|Continental|Italian,130.2,11,7.9,non-veg,2025-01-05,0.3666666666666667,2.0,breakfast,0.0,1,0,0,0,1,0
U00657,Mumbai,occasional,Desserts|South Indian|Beverages|Continental,402.98,2,6.4,non-veg,2024-06-15,0.425,2.0,breakfast,0.0,0,0,1,0,1,0
U00658,Pune,budget,Italian|Chinese|Beverages|North Indian,179.26,6,3.8,non-veg,2025-12-24,0.20833333333333331,2.0,breakfast,0.5,1,0,0,0,1,0
U00659,Mumbai,premium,Biryani|Fast Food,763.82,3,33.6,both,2025-10-12,0.5555555555555555,3.0,lunch,0.3333333333333333,0,1,0,0,0,1
U00660,Bangalore,budget,Chinese|Desserts|Continental,131.88,7,6.8,non-veg,2025-11-12,0.10317460317460318,3.0,breakfast,0.0,1,0,0,0,1,0
U00661,Chennai,occasional,Biryani|Beverages,239.9,2,20.4,veg,2025-12-27,0.3,0.0,,0.3,0,0,1,1,0,0
U00662,Hyderabad,budget,Chinese|Desserts|Continental|North Indian,227.3,11,15.9,both,2025-10-16,0.3333333333333333,2.0,breakfast,0.0,1,0,0,0,0,1
U00663,Mumbai,budget,Italian|Desserts,188.3,4,0.8,veg,2024-07-09,0.5,1.0,breakfast,1.0,1,0,0,1,0,0
U00664,Pune,occasional,Street Food|Fast Food|Continental|Chinese,187.12,4,3.4,veg,2025-05-29,0.22857142857142856,3.0,dinner,0.3333333333333333,0,0,1,1,0,0
U00665,Bangalore,budget,Desserts|Street Food,310.45,7,3.6,non-veg,2024-09-12,0.25,2.0,dinner,0.0,1,0,0,0,1,0
U00666,Delhi,premium,Biryani|North Indian,566.72,3,1.9,both,2024-11-16,0.5119047619047619,2.0,dinner,1.0,0,1,0,0,0,1
U00667,Bangalore,budget,Continental|Beverages|Italian,337.21,8,1.8,both,2025-10-20,0.26785714285714285,2.0,dinner,1.0,1,0,0,0,0,1
U00668,Bangalore,budget,Chinese|Fast Food,190.15,5,10.9,non-veg,2025-11-05,0.25,1.0,lunch,1.0,1,0,0,0,1,0
U00669,Hyderabad,occasional,Fast Food|Desserts,404.93,3,1.9,both,2024-10-02,0.38809523809523805,4.0,breakfast,0.0,0,0,1,0,0,1
U00670,Hyderabad,budget,Fast Food|South Indian|Desserts|Street Food,297.83,7,9.7,both,2025-01-13,0.21666666666666667,4.0,breakfast,0.0,1,0,0,0,0,1
U00671,Hyderabad,occasional,Chinese|Beverages|North Indian,488.24,3,8.9,veg,2025-05-03,0.4857142857142857,2.0,dinner,0.5,0,0,1,1,0,0
U00672,Hyderabad,budget,Fast Food|Italian|Continental,254.95,9,0.3,veg,2024-06-29,0.3,0.0,,0.3,1,0,0,1,0,0
U00673,Bangalore,occasional,South Indian|Continental,317.77,2,3.9,veg,2024-03-14,0.4023809523809524,5.0,dinner,0.2,0,0,1,1,0,0
U00674,Mumbai,budget,Desserts|Italian|North Indian|Continental,347.91,7,9.6,non-veg,2024-12-27,0.22619047619047616,2.0,dinner,0.5,1,0,0,0,1,0
U00675,Kolkata,occasional,Desserts|Street Food|Beverages|Fast Food,380.75,0,58.2,non-veg,2025-05-31,0.43452380952380953,4.0,breakfast,0.25,0,0,1,0,1,0
U00676,Hyderabad,budget,South Indian|Desserts|North Indian,450.07,11,7.3,veg,2024-08-31,0.0,2.0,dinner,0.0,1,0,0,1,0,0
U00677,Chennai,occasional,Continental|Chinese|South Indian|Desserts,574.15,0,3.2,non-veg,2024-10-25,0.44285714285714284,2.0,lunch,0.5,0,0,1,0,1,0
U00678,Delhi,occasional,Italian|Continental,311.27,3,1.8,both,2025-09-20,0.2791666666666667,4.0,dinner,0.0,0,0,1,0,0,1
U00679,Bangalore,budget,South Indian|Desserts|Italian,252.52,6,1.4,non-veg,2024-04-25,0.21428571428571427,2.0,breakfast,0.5,1,0,0,0,1,0
U00680,Delhi,budget,Fast Food|Biryani|South Indian|North Indian,305.21,8,10.1,non-veg,2024-12-26,0.25,1.0,breakfast,1.0,1,0,0,0,1,0
U00681,Chennai,budget,Street Food|Biryani|Fast Food,344.89,5,6.2,non-veg,2024-08-13,0.3208333333333333,4.0,dinner,0.0,1,0,0,0,1,0
U00682,Hyderabad,occasional,Continental|Street Food,584.84,0,3.8,both,2024-11-24,0.14285714285714285,2.0,dinner,0.5,0,0,1,0,0,1
U00683,Bangalore,budget,Chinese|Continental|South Indian,134.52,4,17.8,both,2025-10-11,0.3,0.0,,0.3,1,0,0,0,0,1
U00684,Chennai,budget,Fast Food|Street Food,304.95,8,5.3,both,2025-02-09,0.16666666666666666,1.0,dinner,0.0,1,0,0,0,0,1
U00685,Hyderabad,budget,Desserts|Beverages|Street Food,187.88,10,7.7,veg,2025-12-20,0.4,1.0,dinner,0.0,1,0,0,1,0,0
U00686,Delhi,occasional,Desserts|Chinese|Continental,396.09,0,20.9,veg,2025-12-19,0.3,0.0,,0.3,0,0,1,1,0,0
U00687,Hyderabad,occasional,Italian|North Indian|Beverages,514.41,1,13.5,both,2025-04-27,0.375,2.0,breakfast,0.5,0,0,1,0,0,1
U00688,Mumbai,budget,Biryani|Fast Food,316.1,13,13.8,non-veg,2025-03-15,0.22857142857142856,5.0,dinner,0.2,1,0,0,0,1,0
U00689,Mumbai,budget,South Indian|Italian|Chinese,241.48,9,3.7,both,2025-03-26,0.8333333333333333,2.0,dinner,0.5,1,0,0,0,0,1
U00690,Pune,occasional,Biryani|Fast Food|Desserts,205.65,2,6.7,non-veg,2024-05-18,0.3,0.0,,0.3,0,0,1,0,1,0
U00691,Pune,premium,Italian|Beverages,503.83,4,20.3,both,2025-06-25,0.75,1.0,breakfast,0.0,0,1,0,0,0,1
U00692,Kolkata,occasional,Beverages|Street Food|Biryani,738.92,1,10.2,veg,2025-12-01,0.3,0.0,,0.3,0,0,1,1,0,0
U00693,Chennai,occasional,South Indian|Fast Food,330.81,2,8.5,veg,2024-08-27,0.30952380952380953,2.0,late_night,0.5,0,0,1,1,0,0
U00694,Hyderabad,budget,Street Food|North Indian,190.96,10,15.8,both,2025-08-03,0.4392857142857143,4.0,dinner,0.25,1,0,0,0,0,1
U00695,Delhi,occasional,North Indian|Italian,380.53,1,11.0,non-veg,2025-12-25,0.3833333333333333,3.0,breakfast,0.0,0,0,1,0,1,0
U00696,Hyderabad,budget,Biryani|Italian,247.97,9,7.7,both,2025-04-22,0.16666666666666666,2.0,breakfast,0.5,1,0,0,0,0,1
U00697,Mumbai,budget,Street Food|Desserts|South Indian,278.94,6,8.9,non-veg,2024-03-01,0.3,0.0,,0.3,1,0,0,0,1,0
U00698,Bangalore,budget,Biryani|Beverages,275.58,2,23.0,veg,2024-05-29,0.16666666666666666,2.0,breakfast,0.5,1,0,0,1,0,0
U00699,Hyderabad,budget,Beverages|Street Food,224.39,7,0.7,both,2025-02-03,0.14285714285714285,2.0,dinner,0.5,1,0,0,0,0,1
U00700,Mumbai,premium,Fast Food|South Indian,239.24,2,13.6,veg,2025-04-11,0.75,2.0,dinner,0.0,0,1,0,1,0,0
U00701,Bangalore,premium,North Indian|Chinese|Italian,334.64,4,9.5,veg,2025-06-15,0.6523809523809524,5.0,breakfast,0.4,0,1,0,1,0,0
U00702,Pune,occasional,Italian|Fast Food,444.01,1,6.3,non-veg,2024-03-31,0.5238095238095238,2.0,breakfast,0.0,0,0,1,0,1,0
U00703,Hyderabad,budget,North Indian|Continental|Beverages|South Indian,117.49,6,23.9,non-veg,2024-04-05,0.3611111111111111,3.0,breakfast,0.3333333333333333,1,0,0,0,1,0
U00704,Delhi,budget,North Indian|Italian|Fast Food|Beverages,209.01,5,41.6,veg,2025-03-21,0.08333333333333333,2.0,lunch,0.0,1,0,0,1,0,0
U00705,Pune,premium,Fast Food|Desserts|Street Food|Beverages,883.27,1,3.4,both,2025-02-04,0.44047619047619047,3.0,breakfast,0.3333333333333333,0,1,0,0,0,1
U00706,Hyderabad,budget,Italian|Beverages|Fast Food,236.86,7,2.2,non-veg,2024-03-05,0.3,0.0,,0.3,1,0,0,0,1,0
U00707,Chennai,premium,Desserts|South Indian|North Indian|Fast Food,579.29,5,17.2,both,2024-03-20,0.7142857142857143,2.0,dinner,0.5,0,1,0,0,0,1
U00708,Kolkata,budget,Street Food|Fast Food|Continental,297.29,7,14.6,both,2024-02-27,0.2611111111111111,3.0,dinner,0.0,1,0,0,0,0,1
U00709,Bangalore,budget,South Indian|Biryani|Fast Food,344.17,9,0.9,veg,2024-04-12,0.3,0.0,,0.3,1,0,0,1,0,0
U00710,Mumbai,premium,Fast Food|Continental|Italian,620.51,3,2.7,both,2025-08-27,0.6126984126984126,3.0,lunch,1.0,0,1,0,0,0,1
U00711,Chennai,premium,North Indian|Desserts,432.78,3,14.7,veg,2024-03-22,0.75,1.0,lunch,0.0,0,1,0,1,0,0
U00712,Mumbai,occasional,Chinese|North Indian|Beverages|Continental,543.63,2,2.5,both,2025-05-07,0.325,2.0,dinner,0.5,0,0,1,0,0,1
U00713,Hyderabad,premium,Desserts|North Indian|Italian,700.89,5,12.7,non-veg,2025-02-10,0.5,1.0,dinner,0.0,0,1,0,0,1,0
U00714,Pune,budget,Italian|Street Food|Beverages|Biryani,391.66,6,8.8,veg,2025-01-25,0.15476190476190477,2.0,dinner,0.5,1,0,0,1,0,0
U00715,Chennai,premium,Chinese|Street Food|Continental,392.76,2,5.2,non-veg,2025-04-02,0.5746031746031747,6.0,breakfast,0.3333333333333333,0,1,0,0,1,0
U00716,Bangalore,premium,Chinese|Fast Food|Continental,330.27,3,0.3,both,2024-03-02,0.4,1.0,dinner,1.0,0,1,0,0,0,1
U00717,Mumbai,budget,South Indian|Italian|Biryani|Continental,190.01,5,17.2,non-veg,2025-03-19,0.30952380952380953,3.0,dinner,0.6666666666666666,1,0,0,0,1,0
U00718,Hyderabad,budget,Biryani|Fast Food|Street Food,175.84,10,2.1,non-veg,2024-10-10,0.6071428571428572,2.0,lunch,0.5,1,0,0,0,1,0
U00719,Kolkata,budget,Beverages|North Indian,231.78,9,3.6,non-veg,2024-04-18,0.5,1.0,late_night,0.0,1,0,0,0,1,0
U00720,Chennai,premium,Continental|South Indian|Beverages|Street Food,707.32,0,28.7,non-veg,2024-09-02,0.7000000000000001,3.0,breakfast,0.0,0,1,0,0,1,0
U00721,Bangalore,budget,Desserts|Street Food|Fast Food|Italian,235.3,10,13.8,veg,2025-12-03,0.35357142857142854,4.0,dinner,0.25,1,0,0,1,0,0
U00722,Kolkata,budget,Chinese|Italian,162.16,9,2.8,non-veg,2025-02-11,0.3,0.0,,0.3,1,0,0,0,1,0
U00723,Hyderabad,occasional,Beverages|Chinese|Biryani|Desserts,541.72,1,21.6,veg,2025-07-27,0.3333333333333333,3.0,dinner,0.6666666666666666,0,0,1,1,0,0
U00724,Kolkata,budget,Beverages|Biryani,282.26,9,0.9,veg,2024-04-21,0.1,2.0,dinner,0.0,1,0,0,1,0,0
U00725,Delhi,premium,North Indian|Continental|Beverages,673.93,4,0.9,non-veg,2025-04-22,0.42857142857142855,1.0,dinner,0.0,0,1,0,0,1,0
U00726,Delhi,occasional,Continental|Chinese,500.03,1,21.2,veg,2024-09-13,0.4222222222222222,3.0,breakfast,0.3333333333333333,0,0,1,1,0,0
U00727,Kolkata,occasional,Chinese|Desserts,430.83,2,13.9,non-veg,2024-04-19,0.25,2.0,breakfast,0.5,0,0,1,0,1,0
U00728,Hyderabad,budget,Desserts|Beverages|Continental,259.41,10,12.0,veg,2026-01-23,0.25,2.0,dinner,0.0,1,0,0,1,0,0
U00729,Bangalore,budget,Italian|Biryani|North Indian|Chinese,156.82,6,7.8,non-veg,2024-08-02,0.0,1.0,breakfast,0.0,1,0,0,0,1,0
U00730,Delhi,budget,North Indian|Italian,261.2,7,12.8,both,2025-06-10,0.3666666666666667,2.0,dinner,0.0,1,0,0,0,0,1
U00731,Pune,occasional,Fast Food|Chinese|South Indian,280.2,3,2.9,non-veg,2024-12-31,0.30952380952380953,2.0,lunch,0.0,0,0,1,0,1,0
U00732,Chennai,budget,Fast Food|Chinese|South Indian|Desserts,291.5,7,9.5,both,2025-12-12,0.3,0.0,,0.3,1,0,0,0,0,1
U00733,Mumbai,budget,Beverages|Street Food|Biryani,265.97,13,2.8,non-veg,2024-11-09,0.3,0.0,,0.3,1,0,0,0,1,0
U00734,Pune,budget,Biryani|Beverages,337.53,5,16.4,non-veg,2025-01-25,0.22857142857142856,5.0,breakfast,0.2,1,0,0,0,1,0
U00735,Kolkata,budget,Chinese|Desserts,319.0,6,7.7,non-veg,2026-01-08,0.3333333333333333,1.0,snack,0.0,1,0,0,0,1,0
U00736,Delhi,premium,Chinese|Italian,345.75,3,6.2,veg,2026-01-05,0.3,0.0,,0.3,0,1,0,1,0,0
U00737,Chennai,premium,Chinese|South Indian|Biryani|Beverages,712.6,7,23.4,veg,2024-04-01,0.3,0.0,,0.3,0,1,0,1,0,0
U00738,Kolkata,budget,Desserts|Fast Food,281.21,10,14.9,veg,2024-07-29,0.29166666666666663,2.0,breakfast,0.0,1,0,0,1,0,0
U00739,Chennai,premium,Continental|North Indian,627.75,6,3.1,veg,2024-03-21,0.3,0.0,,0.3,0,1,0,1,0,0
U00740,Bangalore,budget,North Indian|Continental|South Indian|Italian,286.22,7,0.5,both,2024-10-30,0.3055555555555555,3.0,breakfast,0.3333333333333333,1,0,0,0,0,1
U00741,Hyderabad,budget,Street Food|Fast Food,239.16,6,0.7,non-veg,2024-09-29,0.24444444444444446,3.0,breakfast,0.0,1,0,0,0,1,0
U00742,Pune,occasional,Italian|North Indian,492.68,2,0.0,both,2025-03-25,0.14285714285714285,1.0,lunch,0.0,0,0,1,0,0,1
U00743,Hyderabad,budget,South Indian|Street Food|Fast Food|Beverages,306.5,6,4.4,non-veg,2024-05-17,0.42857142857142855,3.0,breakfast,0.3333333333333333,1,0,0,0,1,0
U00744,Pune,budget,Desserts|South Indian,268.24,7,9.7,veg,2024-08-22,0.16666666666666666,2.0,lunch,1.0,1,0,0,1,0,0
U00745,Pune,occasional,South Indian|Fast Food|Continental|Desserts,386.26,1,7.0,both,2025-10-11,0.3,0.0,,0.3,0,0,1,0,0,1
U00746,Hyderabad,premium,Continental|Italian,622.16,3,17.8,non-veg,2025-05-03,0.75,1.0,dinner,0.0,0,1,0,0,1,0
U00747,Kolkata,occasional,Italian|Biryani|Desserts|Chinese,303.74,1,5.8,both,2025-08-16,0.6666666666666666,1.0,breakfast,0.0,0,0,1,0,0,1
U00748,Bangalore,occasional,Beverages|Italian|Continental|Chinese,262.34,2,29.6,veg,2025-06-01,0.35416666666666663,4.0,breakfast,0.25,0,0,1,1,0,0
U00749,Bangalore,occasional,South Indian|Continental,143.31,1,12.2,non-veg,2024-06-19,0.3333333333333333,2.0,dinner,0.0,0,0,1,0,1,0
U00750,Pune,budget,Chinese|South Indian|Street Food,238.33,3,38.7,veg,2025-10-16,0.08333333333333333,3.0,breakfast,0.0,1,0,0,1,0,0
U00751,Mumbai,budget,Italian|Beverages|Fast Food|Chinese,192.61,5,0.8,veg,2024-10-09,0.15476190476190477,2.0,lunch,1.0,1,0,0,1,0,0
U00752,Bangalore,budget,Chinese|North Indian,222.43,10,13.6,both,2025-04-05,0.1,2.0,dinner,0.0,1,0,0,0,0,1
U00753,Mumbai,budget,Biryani|Desserts|South Indian|North Indian,179.28,8,14.2,non-veg,2025-12-12,0.6,1.0,lunch,0.0,1,0,0,0,1,0
U00754,Bangalore,budget,Chinese|Biryani,260.6,7,2.5,non-veg,2025-01-26,0.8,1.0,dinner,1.0,1,0,0,0,1,0
U00755,Hyderabad,occasional,Fast Food|South Indian|Biryani|Desserts,395.17,2,2.1,veg,2025-02-11,0.25,2.0,late_night,0.0,0,0,1,1,0,0
U00756,Delhi,budget,Desserts|Continental,100.0,5,5.9,non-veg,2024-10-17,0.48412698412698413,3.0,lunch,0.3333333333333333,1,0,0,0,1,0
U00757,Mumbai,budget,Beverages|Desserts|Chinese,433.35,5,11.2,both,2025-10-04,0.16666666666666666,1.0,breakfast,0.0,1,0,0,0,0,1
U00758,Delhi,budget,North Indian|Chinese|South Indian|Italian,399.4,8,4.7,both,2024-06-02,0.3,0.0,,0.3,1,0,0,0,0,1
U00759,Hyderabad,occasional,Beverages|Chinese|Desserts|Continental,196.0,2,4.4,both,2025-01-25,0.32666666666666666,5.0,breakfast,0.2,0,0,1,0,0,1
U00760,Chennai,budget,Chinese|Beverages,244.64,8,0.0,veg,2024-09-15,0.25,1.0,breakfast,0.0,1,0,0,1,0,0
U00761,Bangalore,premium,Beverages|North Indian|South Indian,865.05,2,39.5,veg,2025-05-05,0.3,0.0,,0.3,0,1,0,1,0,0
U00762,Pune,occasional,North Indian|Street Food|Italian,272.29,2,24.1,both,2024-03-13,0.3,0.0,,0.3,0,0,1,0,0,1
U00763,Kolkata,premium,Street Food|Continental|South Indian,416.18,3,9.0,non-veg,2024-11-10,0.5,1.0,lunch,1.0,0,1,0,0,1,0
U00764,Pune,premium,Italian|Beverages|Biryani|Street Food,473.99,3,13.7,both,2024-03-06,0.3,0.0,,0.3,0,1,0,0,0,1
U00765,Pune,occasional,Chinese|Street Food|North Indian,418.12,0,31.4,non-veg,2026-01-16,0.3333333333333333,3.0,lunch,0.6666666666666666,0,0,1,0,1,0
U00766,Pune,premium,Street Food|Beverages,503.95,2,29.6,non-veg,2024-09-07,0.5,1.0,dinner,1.0,0,1,0,0,1,0
U00767,Kolkata,budget,South Indian|Beverages,441.35,2,7.6,both,2025-03-05,0.3,0.0,,0.3,1,0,0,0,0,1
U00768,Delhi,occasional,Fast Food|North Indian|Italian,307.91,1,33.1,non-veg,2024-07-13,0.3833333333333333,2.0,dinner,0.5,0,0,1,0,1,0
U00769,Pune,budget,Desserts|Italian|South Indian,259.08,10,12.8,non-veg,2024-10-14,0.3333333333333333,1.0,late_night,0.0,1,0,0,0,1,0
U00770,Hyderabad,budget,Beverages|South Indian|Continental|Italian,264.87,5,33.5,veg,2025-03-10,0.26666666666666666,2.0,dinner,0.0,1,0,0,1,0,0
U00771,Bangalore,occasional,North Indian|South Indian|Desserts,326.04,4,16.6,veg,2024-12-01,0.25,3.0,lunch,0.0,0,0,1,1,0,0
U00772,Bangalore,occasional,Street Food|North Indian|South Indian|Desserts,434.27,2,15.8,both,2024-05-19,0.3,0.0,,0.3,0,0,1,0,0,1
U00773,Chennai,budget,Fast Food|Street Food|Italian|Biryani,184.58,11,7.2,veg,2024-03-11,0.28571428571428575,6.0,dinner,0.6666666666666666,1,0,0,1,0,0
U00774,Hyderabad,budget,Biryani|North Indian|Italian,426.33,8,8.5,non-veg,2024-10-19,0.26666666666666666,2.0,breakfast,0.5,1,0,0,0,1,0
U00775,Mumbai,budget,Continental|Beverages|Biryani|Street Food,238.51,11,23.6,veg,2024-10-21,0.28174603174603174,3.0,dinner,0.3333333333333333,1,0,0,1,0,0
U00776,Bangalore,budget,Italian|North Indian,236.79,11,4.7,non-veg,2025-02-12,0.0,1.0,lunch,1.0,1,0,0,0,1,0
U00777,Mumbai,budget,Fast Food|Street Food|Biryani|Beverages,229.28,12,1.5,non-veg,2025-10-11,0.25,1.0,lunch,0.0,1,0,0,0,1,0
U00778,Bangalore,premium,Beverages|Chinese,571.82,3,22.6,non-veg,2024-12-04,0.3333333333333333,1.0,dinner,0.0,0,1,0,0,1,0
U00779,Bangalore,budget,Continental|Italian|Street Food,386.13,9,5.3,veg,2025-09-26,0.2916666666666667,6.0,late_night,0.3333333333333333,1,0,0,1,0,0
U00780,Kolkata,premium,Italian|Beverages|Continental,594.55,3,1.9,both,2025-02-15,0.6428571428571428,2.0,dinner,0.0,0,1,0,0,0,1
U00781,Bangalore,occasional,North Indian|South Indian|Beverages,488.52,4,7.1,both,2024-10-16,0.5714285714285714,2.0,dinner,0.0,0,0,1,0,0,1
U00782,Pune,premium,Street Food|Chinese|Beverages|North Indian,494.12,3,6.6,both,2024-08-02,0.3333333333333333,1.0,late_night,0.0,0,1,0,0,0,1
U00783,Pune,budget,Street Food|Desserts,289.32,9,3.6,both,2024-06-07,0.3,0.0,,0.3,1,0,0,0,0,1
U00784,Hyderabad,occasional,Chinese|Continental|Street Food|North Indian,372.51,0,7.6,non-veg,2024-12-27,0.5,1.0,dinner,0.0,0,0,1,0,1,0
U00785,Pune,budget,Continental|Biryani|Desserts|Italian,210.75,9,9.2,veg,2024-05-14,0.225,4.0,breakfast,0.25,1,0,0,1,0,0
U00786,Pune,budget,Fast Food|Desserts,238.01,2,76.6,veg,2025-02-10,0.3,2.0,dinner,0.0,1,0,0,1,0,0
U00787,Mumbai,budget,Chinese|Continental|Desserts,100.0,8,0.5,veg,2024-05-21,0.25,2.0,breakfast,0.0,1,0,0,1,0,0
U00788,Pune,budget,Street Food|Fast Food|Biryani|Beverages,276.88,6,1.2,veg,2024-07-10,0.20634920634920637,3.0,breakfast,0.0,1,0,0,1,0,0
U00789,Pune,occasional,Italian|Continental,404.51,2,5.3,veg,2024-04-28,0.4633333333333334,5.0,dinner,0.6,0,0,1,1,0,0
U00790,Pune,occasional,Biryani|Chinese|Street Food,362.24,2,31.9,non-veg,2024-08-30,0.7857142857142857,2.0,breakfast,0.0,0,0,1,0,1,0
U00791,Chennai,premium,Biryani|South Indian|Continental|Fast Food,467.09,5,1.4,non-veg,2024-09-23,0.7083333333333334,4.0,breakfast,0.0,0,1,0,0,1,0
U00792,Chennai,occasional,Desserts|Street Food|Fast Food|Continental,360.09,2,17.3,non-veg,2024-11-21,0.2857142857142857,1.0,dinner,0.0,0,0,1,0,1,0
U00793,Kolkata,budget,Street Food|South Indian,110.43,9,13.8,veg,2026-01-02,0.3333333333333333,1.0,dinner,0.0,1,0,0,1,0,0
U00794,Hyderabad,occasional,North Indian|Continental,289.4,2,2.8,both,2025-07-07,0.2857142857142857,1.0,breakfast,1.0,0,0,1,0,0,1
U00795,Mumbai,budget,Fast Food|Continental,152.14,7,5.0,non-veg,2025-08-31,0.3333333333333333,1.0,breakfast,1.0,1,0,0,0,1,0
U00796,Kolkata,budget,Fast Food|Italian,363.97,8,0.5,non-veg,2024-07-22,0.3,0.0,,0.3,1,0,0,0,1,0
U00797,Bangalore,occasional,Beverages|South Indian|Italian,346.11,2,13.5,non-veg,2024-04-05,0.5,1.0,late_night,0.0,0,0,1,0,1,0
U00798,Chennai,budget,Italian|Street Food|Fast Food,266.18,6,1.4,non-veg,2024-03-18,0.2876984126984127,3.0,breakfast,0.3333333333333333,1,0,0,0,1,0
U00799,Bangalore,budget,Desserts|Continental|Biryani,100.0,7,4.8,veg,2024-07-11,0.4583333333333333,2.0,dinner,0.5,1,0,0,1,0,0
U00800,Bangalore,premium,Fast Food|Italian,779.32,2,24.4,veg,2024-05-02,0.6666666666666666,1.0,breakfast,0.0,0,1,0,1,0,0
U00801,Kolkata,occasional,Italian|Biryani|Continental,387.02,4,8.7,both,2025-07-13,0.5416666666666666,4.0,breakfast,0.25,0,0,1,0,0,1
U00802,Mumbai,budget,Chinese|South Indian|Continental,338.97,9,4.4,non-veg,2025-08-03,0.3,0.0,,0.3,1,0,0,0,1,0
U00803,Pune,occasional,South Indian|Desserts|North Indian|Italian,234.23,1,10.6,veg,2025-04-17,0.5888888888888889,3.0,lunch,0.0,0,0,1,1,0,0
U00804,Chennai,budget,Chinese|Continental|Fast Food,267.67,9,1.2,non-veg,2026-01-22,0.5,1.0,late_night,0.0,1,0,0,0,1,0
U00805,Mumbai,budget,Chinese|North Indian|Continental,291.12,6,7.6,both,2025-03-03,0.25,2.0,late_night,0.0,1,0,0,0,0,1
U00806,Chennai,budget,Continental|Fast Food,374.05,8,10.9,both,2024-09-12,0.30000000000000004,2.0,dinner,0.5,1,0,0,0,0,1
U00807,Kolkata,premium,Street Food|Biryani|South Indian|Desserts,768.95,6,0.0,veg,2025-03-08,0.3,0.0,,0.3,0,1,0,1,0,0
U00808,Chennai,premium,Chinese|Street Food,576.39,5,0.7,both,2025-11-19,0.2,1.0,lunch,0.0,0,1,0,0,0,1
U00809,Kolkata,premium,Chinese|Desserts|Street Food|North Indian,511.35,3,2.0,non-veg,2025-02-04,0.3,0.0,,0.3,0,1,0,0,1,0
U00810,Delhi,budget,Biryani|Continental,285.2,5,27.8,both,2025-01-23,0.5,1.0,lunch,0.0,1,0,0,0,0,1
U00811,Mumbai,budget,Continental|Street Food,218.23,8,13.7,veg,2024-09-28,0.2222222222222222,3.0,breakfast,0.3333333333333333,1,0,0,1,0,0
U00812,Chennai,occasional,North Indian|South Indian|Biryani|Italian,395.02,1,16.6,non-veg,2025-05-26,0.3666666666666667,3.0,breakfast,0.0,0,0,1,0,1,0
U00813,Pune,occasional,Continental|Italian|North Indian|Biryani,445.24,2,45.9,both,2025-03-05,0.5,1.0,breakfast,0.0,0,0,1,0,0,1
U00814,Hyderabad,budget,Desserts|Fast Food,174.32,6,1.7,veg,2024-07-23,0.27777777777777773,3.0,breakfast,0.0,1,0,0,1,0,0
U00815,Pune,budget,North Indian|Street Food|Biryani,258.52,5,4.0,both,2024-08-19,0.2648809523809524,4.0,breakfast,1.0,1,0,0,0,0,1
U00816,Kolkata,occasional,Beverages|Continental|North Indian|Chinese,388.74,2,10.1,veg,2024-03-31,0.3833333333333333,2.0,dinner,0.0,0,0,1,1,0,0
U00817,Delhi,budget,Street Food|South Indian|Continental,224.78,9,2.3,both,2025-08-09,0.2,1.0,lunch,0.0,1,0,0,0,0,1
U00818,Kolkata,budget,Street Food|North Indian|South Indian|Beverages,271.44,1,12.7,both,2024-03-12,0.4,2.0,dinner,0.0,1,0,0,0,0,1
U00819,Pune,budget,Desserts|South Indian,291.66,11,5.4,veg,2025-07-01,0.3333333333333333,2.0,lunch,0.5,1,0,0,1,0,0
U00820,Chennai,budget,Desserts|South Indian|Chinese|North Indian,163.64,9,15.3,non-veg,2024-10-14,0.4642857142857143,2.0,dinner,0.5,1,0,0,0,1,0
U00821,Pune,occasional,North Indian|South Indian|Street Food,609.35,3,22.7,non-veg,2025-12-03,0.2619047619047619,3.0,dinner,0.3333333333333333,0,0,1,0,1,0
U00822,Delhi,budget,Street Food|South Indian|Italian,318.79,7,6.3,both,2025-05-08,0.3571428571428571,2.0,breakfast,0.0,1,0,0,0,0,1
U00823,Hyderabad,occasional,Beverages|Desserts|Street Food,497.4,4,4.5,non-veg,2025-03-10,0.41666666666666663,2.0,breakfast,0.0,0,0,1,0,1,0
U00824,Bangalore,budget,South Indian|Street Food|North Indian,276.55,6,0.4,veg,2024-04-11,0.45,2.0,breakfast,0.5,1,0,0,1,0,0
U00825,Pune,occasional,South Indian|North Indian|Continental|Chinese,368.25,4,15.6,both,2024-08-31,0.375,2.0,lunch,0.5,0,0,1,0,0,1
U00826,Bangalore,budget,Fast Food|South Indian|Continental,279.26,12,3.7,non-veg,2024-11-05,0.0,1.0,breakfast,0.0,1,0,0,0,1,0
U00827,Hyderabad,budget,North Indian|Beverages|Chinese,319.77,8,1.2,both,2024-07-30,0.3,0.0,,0.3,1,0,0,0,0,1
U00828,Delhi,budget,Desserts|Street Food,275.92,7,7.9,veg,2025-03-31,0.3,0.0,,0.3,1,0,0,1,0,0
U00829,Pune,budget,Fast Food|Biryani,120.32,11,0.7,both,2026-01-16,0.3214285714285714,2.0,late_night,0.5,1,0,0,0,0,1
U00830,Chennai,budget,Chinese|South Indian|North Indian|Beverages,194.17,7,1.2,both,2024-06-20,0.0,1.0,lunch,1.0,1,0,0,0,0,1
U00831,Chennai,budget,Street Food|Continental|South Indian,212.7,9,1.7,veg,2025-03-21,0.42857142857142855,1.0,breakfast,0.0,1,0,0,1,0,0
U00832,Delhi,budget,Biryani|Italian|Desserts|Continental,242.94,4,23.1,veg,2024-08-21,0.2976190476190476,2.0,dinner,0.0,1,0,0,1,0,0
U00833,Delhi,premium,Chinese|Italian,739.21,2,2.9,non-veg,2024-05-06,0.6666666666666666,2.0,lunch,1.0,0,1,0,0,1,0
U00834,Kolkata,premium,Italian|South Indian|Chinese,334.43,1,10.2,non-veg,2024-03-11,0.42857142857142855,1.0,late_night,0.0,0,1,0,0,1,0
U00835,Kolkata,occasional,North Indian|Street Food|Beverages|Biryani,304.85,4,4.3,non-veg,2024-07-14,0.2738095238095238,4.0,lunch,0.25,0,0,1,0,1,0
U00836,Bangalore,occasional,South Indian|Fast Food|Continental,695.32,1,18.0,both,2025-07-09,0.3,0.0,,0.3,0,0,1,0,0,1
U00837,Pune,budget,Beverages|Biryani|Street Food|South Indian,183.93,13,3.1,veg,2024-03-11,0.3880952380952381,3.0,breakfast,0.6666666666666666,1,0,0,1,0,0
U00838,Pune,budget,South Indian|Fast Food,397.71,7,6.3,non-veg,2024-05-03,0.3333333333333333,4.0,dinner,0.0,1,0,0,0,1,0
U00839,Bangalore,budget,Biryani|Beverages,199.34,5,13.2,veg,2024-10-23,0.369047619047619,2.0,lunch,0.5,1,0,0,1,0,0
U00840,Mumbai,budget,Fast Food|Chinese|Biryani|Desserts,242.26,7,7.8,non-veg,2025-03-10,0.30000000000000004,2.0,breakfast,1.0,1,0,0,0,1,0
U00841,Hyderabad,occasional,North Indian|Biryani,450.69,1,7.1,veg,2025-05-20,0.5499999999999999,3.0,breakfast,0.3333333333333333,0,0,1,1,0,0
U00842,Kolkata,budget,Desserts|Fast Food,212.7,9,13.7,non-veg,2025-01-24,0.27767857142857144,4.0,dinner,0.5,1,0,0,0,1,0
U00843,Delhi,premium,Biryani|Beverages|Street Food|Italian,436.74,5,2.1,both,2025-01-25,0.7825396825396825,3.0,late_night,0.3333333333333333,0,1,0,0,0,1
U00844,Kolkata,budget,Beverages|Street Food|South Indian,454.84,6,4.6,both,2025-08-01,0.3,0.0,,0.3,1,0,0,0,0,1
U00845,Pune,premium,South Indian|Fast Food|Chinese|Street Food,556.95,2,3.2,non-veg,2025-07-10,0.3,0.0,,0.3,0,1,0,0,1,0
U00846,Mumbai,occasional,South Indian|Continental|North Indian|Desserts,538.06,3,6.2,non-veg,2024-08-26,0.6666666666666667,2.0,lunch,0.0,0,0,1,0,1,0
U00847,Pune,budget,Continental|Desserts,220.58,9,4.9,non-veg,2024-06-02,0.5505952380952381,4.0,lunch,0.5,1,0,0,0,1,0
U00848,Delhi,occasional,Street Food|Fast Food,484.3,0,11.9,both,2024-07-20,0.2,1.0,snack,0.0,0,0,1,0,0,1
U00849,Chennai,budget,Chinese|Biryani|Desserts,268.4,5,16.4,non-veg,2025-06-13,0.25,1.0,lunch,1.0,1,0,0,0,1,0
U00850,Kolkata,budget,Fast Food|Chinese|Beverages|Continental,259.88,8,8.3,non-veg,2024-08-23,0.25555555555555554,6.0,dinner,0.5,1,0,0,0,1,0
U00851,Bangalore,premium,Biryani|Street Food|North Indian,402.68,3,36.2,veg,2024-03-20,0.6666666666666667,2.0,breakfast,1.0,0,1,0,1,0,0
U00852,Delhi,budget,Chinese|Street Food|Continental|Italian,354.76,5,5.4,both,2025-08-17,0.2857142857142857,1.0,lunch,0.0,1,0,0,0,0,1
U00853,Delhi,premium,Continental|Chinese|Beverages|Street Food,741.88,2,25.0,both,2025-12-17,0.5952380952380952,2.0,late_night,0.5,0,1,0,0,0,1
U00854,Delhi,budget,Italian|South Indian|Fast Food,335.89,3,1.1,both,2025-01-14,0.25,2.0,breakfast,0.0,1,0,0,0,0,1
U00855,Delhi,budget,Italian|Street Food,254.19,12,5.1,both,2025-01-23,0.7083333333333333,2.0,dinner,0.0,1,0,0,0,0,1
U00856,Hyderabad,budget,Beverages|North Indian|Street Food,256.16,7,1.3,veg,2024-04-03,0.4583333333333333,2.0,lunch,1.0,1,0,0,1,0,0
U00857,Mumbai,occasional,Street Food|Fast Food,236.31,1,13.2,non-veg,2025-05-03,0.42857142857142855,1.0,dinner,0.0,0,0,1,0,1,0
U00858,Chennai,budget,Continental|Chinese|Desserts|Biryani,207.45,13,12.2,veg,2025-01-05,0.31547619047619047,4.0,snack,0.25,1,0,0,1,0,0
U00859,Mumbai,premium,South Indian|Street Food|Fast Food|Italian,409.27,6,0.1,non-veg,2025-06-13,0.3,0.0,,0.3,0,1,0,0,1,0
U00860,Chennai,premium,Biryani|Continental|Beverages,427.04,3,1.7,non-veg,2024-09-21,0.6458333333333333,4.0,breakfast,0.25,0,1,0,0,1,0
U00861,Chennai,budget,Street Food|Chinese,239.44,9,8.3,non-veg,2024-11-03,0.3333333333333333,2.0,lunch,0.0,1,0,0,0,1,0
U00862,Delhi,occasional,South Indian|Street Food,305.41,2,3.2,non-veg,2024-04-09,0.3,3.0,breakfast,0.0,0,0,1,0,1,0
U00863,Mumbai,budget,Chinese|Continental,261.05,10,6.0,non-veg,2025-08-19,0.38095238095238093,4.0,dinner,0.5,1,0,0,0,1,0
U00864,Mumbai,premium,South Indian|Italian|Desserts|Beverages,317.08,2,0.8,veg,2025-02-23,0.7166666666666667,4.0,breakfast,0.25,0,1,0,1,0,0
U00865,Pune,budget,Beverages|Continental,258.21,9,3.0,both,2024-09-24,0.21726190476190477,4.0,breakfast,0.5,1,0,0,0,0,1
U00866,Delhi,budget,Chinese|Desserts|North Indian|South Indian,226.18,8,26.1,veg,2025-12-14,0.2888888888888889,6.0,dinner,0.3333333333333333,1,0,0,1,0,0
U00867,Delhi,budget,Continental|Chinese|Street Food|Biryani,243.29,10,1.7,veg,2024-08-21,0.3,0.0,,0.3,1,0,0,1,0,0
U00868,Bangalore,occasional,Chinese|North Indian|Continental|Beverages,353.96,3,8.7,veg,2025-07-27,1.0,1.0,breakfast,1.0,0,0,1,1,0,0
U00869,Chennai,premium,Continental|North Indian|Fast Food,646.46,7,2.9,non-veg,2025-11-01,0.3,0.0,,0.3,0,1,0,0,1,0
U00870,Delhi,budget,Continental|Beverages|Street Food,288.06,8,4.7,both,2025-08-06,0.4,1.0,breakfast,1.0,1,0,0,0,0,1
U00871,Delhi,premium,Continental|Chinese|Street Food,541.55,3,22.0,non-veg,2024-04-29,0.5972222222222222,3.0,late_night,0.0,0,1,0,0,1,0
U00872,Pune,occasional,Fast Food|Chinese|Biryani|Italian,482.44,1,2.2,both,2024-05-27,0.36507936507936506,3.0,lunch,0.0,0,0,1,0,0,1
U00873,Chennai,budget,Italian|Desserts,266.13,16,8.7,both,2024-12-29,0.3333333333333333,1.0,lunch,0.0,1,0,0,0,0,1
U00874,Delhi,budget,North Indian|Italian,257.91,10,22.8,non-veg,2024-08-10,0.16666666666666666,2.0,breakfast,1.0,1,0,0,0,1,0
U00875,Kolkata,occasional,Desserts|Chinese|South Indian|Beverages,187.57,2,11.0,non-veg,2024-09-27,0.47023809523809523,8.0,snack,0.5,0,0,1,0,1,0
U00876,Chennai,budget,North Indian|Street Food|South Indian|Continental,163.04,10,22.5,both,2024-09-21,0.3464285714285714,4.0,lunch,0.0,1,0,0,0,0,1
U00877,Pune,occasional,Continental|Street Food,335.03,1,27.1,veg,2026-01-26,0.3333333333333333,1.0,breakfast,1.0,0,0,1,1,0,0
U00878,Kolkata,budget,Desserts|Street Food|Continental|Chinese,188.01,5,7.9,non-veg,2025-12-14,0.4642857142857143,2.0,dinner,0.5,1,0,0,0,1,0
U00879,Pune,budget,Desserts|Italian|Beverages|Continental,345.23,2,43.1,both,2025-01-02,0.2857142857142857,1.0,dinner,0.0,1,0,0,0,0,1
U00880,Mumbai,occasional,Continental|South Indian|Desserts|Street Food,524.5,0,38.0,both,2025-05-12,0.4,1.0,lunch,1.0,0,0,1,0,0,1
U00881,Hyderabad,occasional,South Indian|Fast Food,429.37,5,9.1,both,2024-05-25,0.8,1.0,lunch,1.0,0,0,1,0,0,1
U00882,Chennai,budget,Fast Food|Italian|North Indian,216.65,8,2.8,non-veg,2026-01-20,0.16666666666666666,1.0,breakfast,0.0,1,0,0,0,1,0
U00883,Chennai,occasional,South Indian|Street Food|North Indian|Italian,421.96,2,36.7,non-veg,2024-03-28,0.25,1.0,lunch,0.0,0,0,1,0,1,0
U00884,Delhi,occasional,Biryani|Desserts|Continental|North Indian,299.89,2,1.8,both,2025-08-22,0.3333333333333333,1.0,snack,0.0,0,0,1,0,0,1
U00885,Hyderabad,budget,Continental|Fast Food|Street Food|Desserts,188.0,4,16.6,non-veg,2024-07-28,0.3,0.0,,0.3,1,0,0,0,1,0
U00886,Hyderabad,occasional,Biryani|Fast Food|Desserts|Beverages,564.17,3,3.1,non-veg,2025-07-03,0.5327380952380952,4.0,late_night,0.25,0,0,1,0,1,0
U00887,Hyderabad,budget,Street Food|Beverages|Chinese|Continental,143.96,6,4.2,non-veg,2024-07-04,0.25,2.0,dinner,0.5,1,0,0,0,1,0
U00888,Chennai,premium,Fast Food|Continental|Biryani,705.58,3,4.6,veg,2024-12-16,0.4,2.0,dinner,0.5,0,1,0,1,0,0
U00889,Pune,budget,South Indian|Italian,267.91,6,0.6,non-veg,2024-10-27,0.3,0.0,,0.3,1,0,0,0,1,0
U00890,Kolkata,occasional,Chinese|South Indian|Italian|Fast Food,166.42,1,26.2,both,2024-12-13,0.3,0.0,,0.3,0,0,1,0,0,1
U00891,Kolkata,premium,Street Food|North Indian|Chinese,545.42,5,32.6,both,2024-12-25,0.3,0.0,,0.3,0,1,0,0,0,1
U00892,Pune,occasional,South Indian|Chinese,545.86,1,4.3,non-veg,2024-10-02,0.0,1.0,lunch,1.0,0,0,1,0,1,0
U00893,Chennai,occasional,South Indian|Continental|Fast Food,600.87,1,18.4,veg,2025-06-14,0.29523809523809524,3.0,breakfast,0.0,0,0,1,1,0,0
U00894,Mumbai,budget,Continental|North Indian,252.79,8,9.0,veg,2024-12-30,0.35555555555555557,3.0,lunch,0.6666666666666666,1,0,0,1,0,0
U00895,Hyderabad,occasional,Street Food|Fast Food|North Indian|Desserts,256.98,2,3.3,non-veg,2025-08-01,0.39285714285714285,3.0,lunch,0.3333333333333333,0,0,1,0,1,0
U00896,Pune,occasional,Beverages|North Indian|Italian,633.22,4,3.3,non-veg,2024-03-26,0.3,0.0,,0.3,0,0,1,0,1,0
U00897,Kolkata,occasional,Fast Food|Italian|North Indian|Desserts,352.79,4,90.3,both,2024-05-24,0.6071428571428572,2.0,dinner,0.0,0,0,1,0,0,1
U00898,Chennai,occasional,Italian|Chinese|North Indian|Street Food,170.9,2,6.0,both,2025-05-28,0.45,2.0,breakfast,0.5,0,0,1,0,0,1
U00899,Pune,budget,Chinese|South Indian,224.71,13,0.4,both,2025-04-20,0.4,1.0,late_night,0.0,1,0,0,0,0,1
U00900,Kolkata,budget,Biryani|Desserts|Street Food,275.15,5,5.0,non-veg,2024-06-06,0.306547619047619,4.0,breakfast,1.0,1,0,0,0,1,0
U00901,Delhi,budget,North Indian|South Indian|Street Food|Fast Food,334.18,9,0.1,non-veg,2025-04-11,0.38035714285714284,4.0,dinner,0.25,1,0,0,0,1,0
U00902,Pune,budget,Continental|Biryani|Street Food|Desserts,257.79,5,7.3,veg,2025-04-19,0.16666666666666666,2.0,dinner,0.5,1,0,0,1,0,0
U00903,Delhi,premium,Italian|Beverages|Desserts|Fast Food,605.96,3,8.8,veg,2026-01-23,0.3,0.0,,0.3,0,1,0,1,0,0
U00904,Mumbai,premium,Desserts|Street Food,386.57,6,20.8,both,2025-10-10,0.4583333333333333,2.0,breakfast,0.0,0,1,0,0,0,1
U00905,Chennai,budget,Street Food|Fast Food,231.64,9,8.8,veg,2025-02-13,0.3,0.0,,0.3,1,0,0,1,0,0
U00906,Bangalore,budget,Fast Food|Street Food|Continental|Biryani,343.47,7,4.2,non-veg,2024-10-31,0.16666666666666666,1.0,breakfast,1.0,1,0,0,0,1,0
U00907,Hyderabad,budget,Beverages|Italian|Biryani|Desserts,277.2,6,9.3,non-veg,2024-10-15,0.3,0.0,,0.3,1,0,0,0,1,0
U00908,Pune,occasional,Continental|North Indian|Beverages,364.69,5,16.4,both,2025-09-30,0.41428571428571426,2.0,dinner,0.5,0,0,1,0,0,1
U00909,Mumbai,budget,Desserts|Italian,205.3,6,1.4,veg,2024-03-05,0.25,1.0,lunch,0.0,1,0,0,1,0,0
U00910,Pune,budget,Biryani|Desserts,225.03,6,3.9,both,2025-01-31,0.15476190476190477,2.0,breakfast,0.5,1,0,0,0,0,1
U00911,Chennai,budget,North Indian|Fast Food|Italian|Chinese,388.06,7,5.5,non-veg,2025-10-24,0.25,2.0,breakfast,0.0,1,0,0,0,1,0
U00912,Hyderabad,budget,Biryani|South Indian|Chinese|Italian,259.75,11,4.3,both,2025-03-12,0.3,0.0,,0.3,1,0,0,0,0,1
U00913,Mumbai,budget,Continental|Fast Food,331.27,7,3.0,non-veg,2025-07-24,0.3,0.0,,0.3,1,0,0,0,1,0
U00914,Pune,budget,Italian|Beverages|Continental|South Indian,217.73,3,43.2,veg,2025-05-25,0.0,1.0,dinner,1.0,1,0,0,1,0,0
U00915,Kolkata,occasional,Italian|Continental|Street Food,495.39,2,9.8,non-veg,2025-05-17,0.31547619047619047,4.0,lunch,0.0,0,0,1,0,1,0
U00916,Kolkata,premium,Biryani|Chinese|South Indian|North Indian,802.37,4,5.8,non-veg,2025-11-08,0.3,0.0,,0.3,0,1,0,0,1,0
U00917,Pune,occasional,Beverages|North Indian|Street Food|Desserts,557.65,1,0.9,veg,2024-09-21,0.3,0.0,,0.3,0,0,1,1,0,0
U00918,Mumbai,budget,Biryani|Beverages|Fast Food|Italian,248.76,6,1.1,veg,2025-07-24,0.3,0.0,,0.3,1,0,0,1,0,0
U00919,Kolkata,occasional,Fast Food|Desserts|Italian|Street Food,338.45,2,10.0,veg,2024-06-16,0.5666666666666667,4.0,dinner,0.5,0,0,1,1,0,0
U00920,Delhi,occasional,Street Food|Desserts,458.63,1,6.6,non-veg,2024-09-25,0.3333333333333333,1.0,late_night,1.0,0,0,1,0,1,0
U00921,Chennai,budget,Street Food|Biryani,205.05,3,14.8,both,2024-12-20,0.3,3.0,breakfast,0.0,1,0,0,0,0,1
U00922,Kolkata,occasional,Chinese|Beverages|South Indian|Biryani,228.53,1,18.7,non-veg,2024-08-15,0.625,2.0,breakfast,0.5,0,0,1,0,1,0
U00923,Hyderabad,budget,North Indian|Continental|Italian,281.71,7,6.3,both,2025-01-04,0.6666666666666666,1.0,breakfast,0.0,1,0,0,0,0,1
U00924,Chennai,budget,Biryani|Continental,263.58,6,19.3,veg,2024-05-10,0.3277777777777778,3.0,dinner,0.0,1,0,0,1,0,0
U00925,Kolkata,budget,Chinese|Street Food|Fast Food,248.85,8,2.4,veg,2025-05-30,0.3333333333333333,2.0,lunch,0.0,1,0,0,1,0,0
U00926,Mumbai,budget,Continental|Biryani|Street Food,216.6,9,0.3,non-veg,2025-07-23,0.45,2.0,breakfast,0.5,1,0,0,0,1,0
U00927,Hyderabad,occasional,Italian|Desserts|Biryani,515.84,2,2.4,non-veg,2025-01-19,0.3,0.0,,0.3,0,0,1,0,1,0
U00928,Kolkata,premium,Fast Food|Beverages|Chinese,705.65,3,9.9,veg,2024-06-21,0.8,1.0,lunch,0.0,0,1,0,1,0,0
U00929,Delhi,budget,Italian|South Indian|Fast Food|Desserts,267.5,11,9.5,non-veg,2025-05-31,0.3333333333333333,1.0,lunch,1.0,1,0,0,0,1,0
U00930,Chennai,occasional,Desserts|Italian|Chinese,555.67,2,22.5,non-veg,2025-08-27,0.26785714285714285,4.0,late_night,0.75,0,0,1,0,1,0
U00931,Hyderabad,budget,Chinese|Desserts,249.67,8,2.2,veg,2024-09-03,0.3119047619047619,3.0,lunch,0.3333333333333333,1,0,0,1,0,0
U00932,Delhi,occasional,Street Food|Continental|Biryani|Desserts,395.05,4,47.4,both,2024-09-16,0.5166666666666666,5.0,late_night,0.8,0,0,1,0,0,1
U00933,Mumbai,budget,Street Food|North Indian|Desserts,231.29,7,2.6,non-veg,2025-10-18,0.28174603174603174,3.0,late_night,0.3333333333333333,1,0,0,0,1,0
U00934,Pune,budget,North Indian|Italian,234.31,7,18.9,non-veg,2025-05-12,0.3,0.0,,0.3,1,0,0,0,1,0
U00935,Hyderabad,budget,South Indian|Beverages|Biryani|Chinese,376.07,7,24.7,both,2025-01-23,0.5222222222222223,3.0,dinner,0.0,1,0,0,0,0,1
U00936,Mumbai,occasional,Street Food|Fast Food|Biryani|North Indian,394.26,2,59.8,veg,2024-12-02,0.6152380952380953,5.0,dinner,0.6,0,0,1,1,0,0
U00937,Bangalore,occasional,Continental|Italian|Chinese,277.97,3,74.6,non-veg,2025-04-11,0.5,1.0,breakfast,0.0,0,0,1,0,1,0
U00938,Mumbai,premium,Street Food|Beverages|Continental,524.2,6,1.7,non-veg,2025-11-08,0.3,0.0,,0.3,0,1,0,0,1,0
U00939,Hyderabad,budget,Fast Food|Beverages|Chinese|Desserts,259.42,6,18.7,both,2025-08-09,0.2833333333333333,2.0,dinner,0.0,1,0,0,0,0,1
U00940,Pune,budget,Desserts|Continental|South Indian,116.26,10,10.5,both,2025-11-07,0.2,1.0,dinner,0.0,1,0,0,0,0,1
U00941,Delhi,premium,Italian|Biryani|Street Food,456.59,5,9.5,both,2024-03-30,0.75,2.0,breakfast,0.0,0,1,0,0,0,1
U00942,Mumbai,budget,Fast Food|Desserts|Continental|Italian,435.41,8,15.5,veg,2025-01-21,0.4,1.0,breakfast,0.0,1,0,0,1,0,0
U00943,Pune,occasional,Street Food|Beverages|Desserts|South Indian,441.1,3,7.3,both,2025-07-23,0.25,3.0,lunch,0.0,0,0,1,0,0,1
U00944,Kolkata,budget,Chinese|Italian,273.74,8,5.8,non-veg,2024-03-21,0.18253968253968253,6.0,breakfast,0.5,1,0,0,0,1,0
U00945,Mumbai,budget,South Indian|Italian|Chinese|Street Food,255.91,5,33.8,veg,2025-10-14,0.21428571428571427,3.0,breakfast,0.3333333333333333,1,0,0,1,0,0
U00946,Bangalore,budget,Beverages|Street Food,345.49,5,6.5,both,2025-12-03,0.3,0.0,,0.3,1,0,0,0,0,1
U00947,Bangalore,premium,Street Food|South Indian|Continental,845.89,3,31.1,both,2025-05-04,0.7857142857142857,2.0,late_night,0.5,0,1,0,0,0,1
U00948,Chennai,budget,South Indian|Desserts,100.0,9,0.3,veg,2025-03-17,0.25476190476190474,4.0,dinner,0.25,1,0,0,1,0,0
U00949,Delhi,budget,Fast Food|Beverages,265.29,3,2.6,veg,2024-04-26,0.45238095238095233,2.0,breakfast,0.0,1,0,0,1,0,0
U00950,Delhi,budget,Street Food|Chinese,158.02,7,4.0,veg,2025-12-29,0.2611111111111111,3.0,breakfast,0.0,1,0,0,1,0,0
U00951,Bangalore,occasional,Biryani|Continental|Beverages|Italian,591.16,1,8.2,both,2024-07-23,0.5416666666666666,2.0,breakfast,1.0,0,0,1,0,0,1
U00952,Mumbai,occasional,Beverages|Chinese|Street Food|Fast Food,575.83,2,3.6,veg,2024-05-26,0.3,0.0,,0.3,0,0,1,1,0,0
U00953,Hyderabad,budget,Continental|Desserts|Fast Food|Chinese,244.54,5,15.2,veg,2024-09-21,0.2222222222222222,3.0,dinner,0.6666666666666666,1,0,0,1,0,0
U00954,Chennai,budget,South Indian|Beverages,171.4,8,3.0,both,2025-03-18,0.3333333333333333,1.0,lunch,1.0,1,0,0,0,0,1
U00955,Mumbai,occasional,Fast Food|Chinese|Continental,261.35,3,9.5,non-veg,2026-01-17,0.5,2.0,late_night,1.0,0,0,1,0,1,0
U00956,Bangalore,occasional,Chinese|Biryani|Fast Food|Italian,487.01,0,19.4,veg,2024-07-29,0.375,2.0,lunch,0.5,0,0,1,1,0,0
U00957,Bangalore,budget,Beverages|Continental|Fast Food|North Indian,242.89,12,0.2,both,2024-11-13,0.17777777777777778,3.0,dinner,0.3333333333333333,1,0,0,0,0,1
U00958,Kolkata,budget,Continental|Italian|North Indian,194.9,10,1.4,non-veg,2024-07-15,0.5428571428571428,4.0,dinner,0.25,1,0,0,0,1,0
U00959,Mumbai,budget,Desserts|Street Food,350.41,7,1.9,veg,2024-11-06,0.17857142857142858,3.0,breakfast,0.0,1,0,0,1,0,0
U00960,Hyderabad,budget,Chinese|Desserts,304.94,3,18.6,veg,2025-01-05,0.5,1.0,lunch,0.0,1,0,0,1,0,0
U00961,Delhi,occasional,South Indian|Desserts|Italian,436.09,1,58.7,both,2024-08-16,0.1875,2.0,breakfast,0.0,0,0,1,0,0,1
U00962,Kolkata,occasional,Fast Food|Continental|Street Food|Italian,492.11,3,11.6,veg,2025-07-19,0.21428571428571427,5.0,dinner,0.8,0,0,1,1,0,0
U00963,Kolkata,occasional,Chinese|Continental,353.88,3,0.0,both,2025-04-06,0.39999999999999997,3.0,dinner,0.3333333333333333,0,0,1,0,0,1
U00964,Bangalore,occasional,Beverages|Continental|Fast Food|Biryani,339.78,4,9.1,non-veg,2024-04-30,0.5428571428571428,4.0,breakfast,0.25,0,0,1,0,1,0
U00965,Hyderabad,occasional,Biryani|North Indian,163.35,1,12.3,veg,2025-08-25,0.5333333333333333,2.0,breakfast,0.0,0,0,1,1,0,0
U00966,Bangalore,budget,North Indian|Chinese|South Indian|Street Food,273.04,13,26.9,non-veg,2025-04-27,0.5428571428571429,2.0,late_night,0.0,1,0,0,0,1,0
U00967,Delhi,premium,Beverages|North Indian|Italian|Street Food,593.81,2,7.5,both,2025-08-26,0.5041666666666667,4.0,lunch,0.25,0,1,0,0,0,1
U00968,Bangalore,budget,Italian|Biryani|Desserts,422.73,9,25.1,non-veg,2025-03-14,0.3,0.0,,0.3,1,0,0,0,1,0
U00969,Kolkata,occasional,Biryani|Beverages|North Indian,551.66,1,10.0,non-veg,2025-02-23,0.5714285714285714,1.0,lunch,1.0,0,0,1,0,1,0
U00970,Bangalore,budget,North Indian|Fast Food,169.2,4,2.6,veg,2024-12-22,0.29166666666666663,2.0,dinner,0.5,1,0,0,1,0,0
U00971,Bangalore,premium,Beverages|Chinese|Italian|Desserts,633.09,1,31.0,both,2025-05-16,0.6166666666666667,2.0,dinner,0.0,0,1,0,0,0,1
U00972,Kolkata,budget,North Indian|South Indian|Italian,221.83,10,0.9,non-veg,2024-12-29,0.26666666666666666,2.0,dinner,0.0,1,0,0,0,1,0
U00973,Kolkata,premium,Italian|North Indian|Continental,527.38,8,15.4,veg,2024-10-13,0.65,2.0,breakfast,0.5,0,1,0,1,0,0
U00974,Pune,budget,Street Food|Italian,254.42,8,4.5,non-veg,2024-09-30,0.6333333333333333,2.0,breakfast,0.5,1,0,0,0,1,0
U00975,Hyderabad,occasional,Fast Food|Biryani|Chinese|Street Food,373.65,2,10.2,veg,2025-12-15,0.20634920634920637,3.0,dinner,0.0,0,0,1,1,0,0
U00976,Pune,premium,Street Food|South Indian|Fast Food|Italian,448.78,2,20.1,non-veg,2024-04-14,0.29166666666666663,2.0,breakfast,0.0,0,1,0,0,1,0
U00977,Mumbai,premium,Biryani|North Indian,737.14,6,1.3,veg,2024-03-16,0.5,2.0,breakfast,0.5,0,1,0,1,0,0
U00978,Delhi,premium,Italian|Desserts,774.06,1,30.7,veg,2025-03-01,0.42857142857142855,1.0,late_night,0.0,0,1,0,1,0,0
U00979,Bangalore,occasional,Fast Food|South Indian,514.38,1,10.3,veg,2024-12-18,0.3,0.0,,0.3,0,0,1,1,0,0
U00980,Kolkata,budget,North Indian|Continental,313.13,5,13.9,both,2024-06-11,0.3,0.0,,0.3,1,0,0,0,0,1
U00981,Kolkata,budget,Beverages|Chinese|Biryani|Desserts,264.64,10,5.5,both,2025-10-28,0.3,2.0,dinner,0.0,1,0,0,0,0,1
U00982,Delhi,occasional,Beverages|South Indian,281.02,1,10.1,non-veg,2024-05-04,0.4166666666666667,4.0,breakfast,0.5,0,0,1,0,1,0
U00983,Mumbai,occasional,North Indian|Continental|Biryani|Beverages,570.47,3,4.5,non-veg,2025-08-23,0.45238095238095233,2.0,breakfast,0.5,0,0,1,0,1,0
U00984,Pune,budget,South Indian|Chinese|Beverages|Continental,240.05,7,8.4,veg,2025-03-09,0.3190476190476191,7.0,lunch,0.2857142857142857,1,0,0,1,0,0
U00985,Chennai,budget,Biryani|Beverages|Italian|North Indian,302.83,4,16.0,non-veg,2025-01-06,0.5,1.0,snack,0.0,1,0,0,0,1,0
U00986,Mumbai,premium,Chinese|Fast Food|North Indian|Italian,577.9,3,7.1,non-veg,2024-11-05,0.3333333333333333,2.0,late_night,0.5,0,1,0,0,1,0
U00987,Chennai,budget,Street Food|Beverages|Italian,157.41,12,0.8,non-veg,2024-06-26,0.27777777777777773,3.0,breakfast,0.0,1,0,0,0,1,0
U00988,Delhi,budget,Biryani|Continental|Beverages|Chinese,100.0,4,15.8,non-veg,2024-05-24,0.3,0.0,,0.3,1,0,0,0,1,0
U00989,Kolkata,occasional,Chinese|South Indian|Continental|Italian,359.98,0,26.2,both,2025-03-31,0.8,1.0,lunch,1.0,0,0,1,0,0,1
U00990,Kolkata,occasional,Street Food|Biryani|Beverages,506.23,0,86.4,veg,2026-01-27,0.5714285714285714,1.0,breakfast,0.0,0,0,1,1,0,0
U00991,Kolkata,occasional,Street Food|Desserts|Chinese|North Indian,378.14,3,42.9,veg,2024-05-03,0.5714285714285714,1.0,breakfast,1.0,0,0,1,1,0,0
U00992,Kolkata,occasional,Continental|Italian|Biryani,433.75,2,17.1,veg,2025-11-24,0.8333333333333334,1.0,late_night,1.0,0,0,1,1,0,0
U00993,Pune,premium,Desserts|Italian|Beverages|Continental,525.87,5,16.6,veg,2024-07-12,0.5,1.0,breakfast,0.0,0,1,0,1,0,0
U00994,Delhi,occasional,Fast Food|Biryani|Desserts|Street Food,222.16,1,6.0,both,2025-03-04,0.5333333333333333,2.0,breakfast,0.5,0,0,1,0,0,1
U00995,Bangalore,budget,Street Food|South Indian,161.29,12,10.8,non-veg,2025-12-14,0.35555555555555557,3.0,breakfast,0.6666666666666666,1,0,0,0,1,0
U00996,Kolkata,budget,Chinese|North Indian,266.27,6,11.9,non-veg,2025-07-05,0.25,1.0,dinner,0.0,1,0,0,0,1,0
U00997,Bangalore,premium,Italian|South Indian|North Indian,356.43,6,11.8,both,2024-06-22,0.5777777777777778,3.0,late_night,0.6666666666666666,0,1,0,0,0,1
U00998,Pune,occasional,Beverages|Street Food|Fast Food,553.48,4,2.0,both,2025-12-08,0.5,1.0,snack,1.0,0,0,1,0,0,1
U00999,Mumbai,occasional,Continental|South Indian,651.72,1,19.2,non-veg,2026-01-14,0.3,0.0,,0.3,0,0,1,0,1,0
U01000,Delhi,premium,Beverages|South Indian|Continental|Desserts,689.6,3,2.4,veg,2024-04-13,0.5793650793650794,3.0,breakfast,0.0,0,1,0,1,0,0
U01001,Bangalore,occasional,Street Food|Desserts|Biryani,343.23,2,22.1,both,2025-11-29,0.3333333333333333,1.0,dinner,1.0,0,0,1,0,0,1
U01002,Kolkata,budget,Fast Food|Street Food|North Indian|Biryani,193.1,8,6.4,non-veg,2025-11-16,0.5,2.0,breakfast,0.5,1,0,0,0,1,0
U01003,Kolkata,occasional,South Indian|Italian|Continental,343.12,1,25.5,veg,2025-10-16,0.25,1.0,dinner,0.0,0,0,1,1,0,0
U01004,Pune,budget,Street Food|Desserts,323.19,12,8.8,non-veg,2025-07-17,0.4,1.0,dinner,0.0,1,0,0,0,1,0
U01005,Delhi,premium,Italian|Chinese|Desserts|Biryani,631.92,7,0.1,non-veg,2025-10-11,0.5,2.0,lunch,0.5,0,1,0,0,1,0
U01006,Kolkata,premium,Continental|Biryani|Beverages|Street Food,598.45,5,6.3,both,2024-03-17,0.5035714285714286,4.0,breakfast,0.25,0,1,0,0,0,1
U01007,Hyderabad,premium,Chinese|Continental,768.25,4,0.7,non-veg,2024-07-13,0.4444444444444444,3.0,lunch,0.0,0,1,0,0,1,0
U01008,Hyderabad,budget,Biryani|Chinese|Beverages|Street Food,268.33,6,19.4,non-veg,2025-03-11,0.0,2.0,dinner,0.5,1,0,0,0,1,0
U01009,Chennai,budget,Biryani|Desserts|Street Food,207.43,5,0.5,veg,2025-03-02,0.3333333333333333,2.0,dinner,0.0,1,0,0,1,0,0
U01010,Chennai,occasional,Continental|Street Food,353.37,2,8.4,non-veg,2025-06-22,0.3333333333333333,1.0,snack,1.0,0,0,1,0,1,0
U01011,Hyderabad,occasional,Fast Food|Biryani|Beverages|Italian,327.04,2,14.6,non-veg,2024-12-17,0.75,2.0,breakfast,0.0,0,0,1,0,1,0
U01012,Bangalore,premium,North Indian|Fast Food|Continental|Street Food,545.41,7,10.1,non-veg,2025-09-11,0.8333333333333333,2.0,breakfast,0.0,0,1,0,0,1,0
U01013,Mumbai,budget,Fast Food|Italian,316.52,6,4.6,veg,2025-06-22,0.2,1.0,late_night,0.0,1,0,0,1,0,0
U01014,Kolkata,premium,North Indian|Fast Food|Chinese,719.71,7,4.0,non-veg,2025-10-23,0.6857142857142857,2.0,breakfast,0.0,0,1,0,0,1,0
U01015,Bangalore,premium,Biryani|Chinese|Street Food,827.75,3,49.7,veg,2025-05-01,0.8333333333333334,1.0,breakfast,0.0,0,1,0,1,0,0
U01016,Mumbai,occasional,Italian|Continental|Fast Food|Desserts,460.77,0,3.7,veg,2025-03-26,0.3,0.0,,0.3,0,0,1,1,0,0
U01017,Bangalore,occasional,Desserts|Italian|South Indian|Biryani,374.18,4,6.1,both,2025-03-01,0.3,0.0,,0.3,0,0,1,0,0,1
U01018,Kolkata,occasional,Chinese|Beverages|South Indian,537.21,2,24.3,non-veg,2024-05-28,0.27777777777777773,3.0,breakfast,0.6666666666666666,0,0,1,0,1,0
U01019,Pune,occasional,North Indian|Desserts|South Indian,710.03,2,31.6,both,2025-12-01,0.375,2.0,breakfast,0.0,0,0,1,0,0,1
U01020,Kolkata,budget,Biryani|Desserts|Street Food,143.58,10,1.6,non-veg,2025-09-26,0.225,2.0,breakfast,0.5,1,0,0,0,1,0
U01021,Kolkata,occasional,Continental|North Indian,241.16,6,3.0,non-veg,2024-04-18,0.5,1.0,dinner,0.0,0,0,1,0,1,0
U01022,Kolkata,premium,Desserts|North Indian|Fast Food|Beverages,534.61,4,4.8,non-veg,2025-12-16,0.3,0.0,,0.3,0,1,0,0,1,0
U01023,Mumbai,occasional,Continental|Chinese|Biryani|Fast Food,412.21,2,10.4,non-veg,2025-06-15,0.30000000000000004,2.0,breakfast,0.5,0,0,1,0,1,0
U01024,Delhi,occasional,Desserts|Beverages,436.76,1,6.3,both,2024-05-28,0.3,0.0,,0.3,0,0,1,0,0,1
U01025,Chennai,budget,South Indian|Italian|Desserts|Chinese,314.91,13,5.9,non-veg,2024-12-20,0.1,2.0,breakfast,0.5,1,0,0,0,1,0
U01026,Delhi,occasional,Biryani|South Indian,499.02,2,11.6,non-veg,2024-09-27,0.3416666666666667,4.0,lunch,0.0,0,0,1,0,1,0
U01027,Chennai,budget,North Indian|Street Food|Desserts|Chinese,238.28,2,3.9,both,2025-11-01,0.16666666666666666,1.0,lunch,1.0,1,0,0,0,0,1
U01028,Hyderabad,budget,Desserts|Chinese|Street Food|Italian,330.51,4,20.7,both,2024-07-04,0.4,1.0,breakfast,0.0,1,0,0,0,0,1
U01029,Delhi,premium,Desserts|Italian|Street Food,510.26,5,8.5,veg,2025-05-24,0.5416666666666666,2.0,breakfast,0.5,0,1,0,1,0,0
U01030,Bangalore,occasional,Desserts|Biryani|South Indian,295.75,2,43.4,veg,2025-10-04,0.24444444444444446,3.0,breakfast,0.3333333333333333,0,0,1,1,0,0
U01031,Pune,occasional,Desserts|Biryani|Street Food,611.4,1,8.2,veg,2025-07-16,0.42857142857142855,1.0,lunch,1.0,0,0,1,1,0,0
U01032,Mumbai,occasional,Continental|North Indian|Fast Food,379.45,0,12.5,non-veg,2025-08-07,0.3,0.0,,0.3,0,0,1,0,1,0
U01033,Mumbai,premium,Beverages|Chinese|Continental|North Indian,482.01,5,4.7,veg,2025-06-02,0.3,0.0,,0.3,0,1,0,1,0,0
U01034,Delhi,budget,Biryani|Chinese|South Indian|North Indian,276.59,9,7.0,non-veg,2025-12-03,0.4571428571428572,2.0,dinner,0.0,1,0,0,0,1,0
U01035,Delhi,occasional,Chinese|Fast Food|North Indian|Continental,472.45,1,21.0,non-veg,2025-10-06,0.5,1.0,dinner,1.0,0,0,1,0,1,0
U01036,Mumbai,budget,Beverages|North Indian|Biryani,362.12,9,0.1,non-veg,2025-06-27,0.25,1.0,breakfast,1.0,1,0,0,0,1,0
U01037,Pune,premium,Italian|Continental|Fast Food|Beverages,897.56,2,19.4,non-veg,2024-09-20,0.5214285714285715,3.0,breakfast,0.3333333333333333,0,1,0,0,1,0
U01038,Chennai,occasional,Chinese|North Indian|Desserts|Fast Food,490.86,0,7.3,both,2024-03-19,0.5,3.0,breakfast,0.0,0,0,1,0,0,1
U01039,Chennai,budget,Fast Food|Chinese,292.84,9,2.5,both,2025-11-27,0.0,1.0,dinner,0.0,1,0,0,0,0,1
U01040,Mumbai,occasional,Continental|Fast Food,545.08,2,34.8,both,2025-12-04,0.29166666666666663,2.0,dinner,0.5,0,0,1,0,0,1
U01041,Hyderabad,occasional,North Indian|South Indian|Desserts|Biryani,537.88,2,2.7,non-veg,2025-04-25,0.3,0.0,,0.3,0,0,1,0,1,0
U01042,Pune,budget,Biryani|South Indian|North Indian|Chinese,200.12,8,2.4,non-veg,2024-04-03,0.16666666666666666,1.0,breakfast,0.0,1,0,0,0,1,0
U01043,Hyderabad,occasional,Desserts|Street Food,605.75,1,25.1,both,2025-10-18,0.5125,4.0,breakfast,0.5,0,0,1,0,0,1
U01044,Mumbai,premium,Continental|Street Food|South Indian,770.89,5,43.3,veg,2025-07-21,0.3,0.0,,0.3,0,1,0,1,0,0
U01045,Delhi,premium,Beverages|Street Food|North Indian|Continental,531.24,4,6.3,veg,2025-05-19,0.16666666666666666,2.0,breakfast,0.5,0,1,0,1,0,0
U01046,Chennai,premium,Biryani|Beverages|Desserts,600.9,8,1.0,both,2025-08-20,0.7000000000000001,3.0,snack,0.3333333333333333,0,1,0,0,0,1
U01047,Bangalore,premium,Biryani|Continental|Fast Food,600.22,6,11.8,non-veg,2025-05-31,0.5,1.0,dinner,0.0,0,1,0,0,1,0
U01048,Chennai,occasional,North Indian|Fast Food|Desserts,319.16,1,9.9,veg,2025-12-28,0.3333333333333333,5.0,late_night,0.6,0,0,1,1,0,0
U01049,Chennai,occasional,Italian|Chinese|Biryani,129.31,0,13.6,non-veg,2024-12-21,0.4642857142857143,2.0,breakfast,0.0,0,0,1,0,1,0
U01050,Pune,budget,South Indian|Desserts,284.48,7,3.4,non-veg,2024-08-12,0.3,0.0,,0.3,1,0,0,0,1,0
U01051,Pune,premium,Italian|Desserts|Continental|Fast Food,552.4,3,1.3,both,2025-08-24,0.8,1.0,breakfast,0.0,0,1,0,0,0,1
U01052,Hyderabad,budget,Continental|Biryani|Beverages,261.11,4,5.2,non-veg,2024-07-21,0.3,0.0,,0.3,1,0,0,0,1,0
U01053,Delhi,premium,Chinese|Street Food,691.99,5,0.1,non-veg,2024-02-27,0.8333333333333334,1.0,dinner,0.0,0,1,0,0,1,0
U01054,Kolkata,budget,Chinese|Fast Food,341.02,8,2.7,veg,2024-08-09,0.2876190476190476,5.0,breakfast,0.2,1,0,0,1,0,0
U01055,Delhi,occasional,Chinese|Continental|Biryani,465.53,4,3.3,both,2025-11-19,0.5166666666666667,2.0,breakfast,0.5,0,0,1,0,0,1
U01056,Chennai,budget,South Indian|Chinese|Biryani|Desserts,212.74,4,13.6,non-veg,2025-08-31,0.0,1.0,dinner,0.0,1,0,0,0,1,0
U01057,Pune,budget,Biryani|Desserts,159.07,7,0.6,both,2024-12-02,0.2,1.0,dinner,1.0,1,0,0,0,0,1
U01058,Mumbai,occasional,Fast Food|Chinese|Italian,247.05,3,5.3,non-veg,2025-10-10,0.3611111111111111,3.0,breakfast,0.0,0,0,1,0,1,0
U01059,Delhi,budget,North Indian|Fast Food,313.52,7,7.7,both,2024-05-17,0.3611111111111111,3.0,lunch,0.3333333333333333,1,0,0,0,0,1
U01060,Chennai,budget,Italian|Continental|Street Food|Biryani,226.3,10,0.3,both,2026-01-01,0.3849206349206349,3.0,breakfast,0.3333333333333333,1,0,0,0,0,1
U01061,Mumbai,premium,Beverages|Chinese,768.14,7,5.3,veg,2024-08-31,0.3,0.0,,0.3,0,1,0,1,0,0
U01062,Kolkata,premium,Beverages|Biryani|Chinese|Desserts,835.44,1,41.6,non-veg,2024-12-27,0.675,4.0,breakfast,0.5,0,1,0,0,1,0
U01063,Hyderabad,occasional,Chinese|Continental|Italian,265.46,3,29.1,both,2025-06-10,0.21666666666666667,3.0,late_night,0.3333333333333333,0,0,1,0,0,1
U01064,Bangalore,premium,North Indian|Fast Food|Desserts,807.02,4,33.2,non-veg,2025-06-14,0.5,2.0,breakfast,0.0,0,1,0,0,1,0
U01065,Pune,budget,Italian|Continental|South Indian|Beverages,158.71,4,7.5,both,2024-11-04,0.3,5.0,late_night,0.4,1,0,0,0,0,1
U01066,Kolkata,occasional,Beverages|Biryani|Continental|South Indian,425.96,4,12.0,non-veg,2024-11-16,0.41666666666666663,2.0,dinner,0.0,0,0,1,0,1,0
U01067,Hyderabad,occasional,Continental|Desserts,294.71,1,6.8,non-veg,2025-03-13,0.2708333333333333,4.0,lunch,0.0,0,0,1,0,1,0
U01068,Hyderabad,budget,Continental|Street Food|North Indian|Fast Food,363.27,6,19.4,veg,2025-10-08,0.16666666666666666,1.0,dinner,0.0,1,0,0,1,0,0
U01069,Hyderabad,occasional,North Indian|Italian|Desserts,362.86,2,1.3,veg,2025-12-18,0.3333333333333333,1.0,lunch,0.0,0,0,1,1,0,0
U01070,Chennai,budget,Street Food|North Indian|Italian,265.36,6,5.3,non-veg,2025-04-04,0.3304761904761905,5.0,dinner,0.4,1,0,0,0,1,0
U01071,Hyderabad,budget,Fast Food|Continental|Beverages,266.57,12,2.8,non-veg,2025-08-10,0.3,0.0,,0.3,1,0,0,0,1,0
U01072,Hyderabad,budget,Continental|North Indian|Chinese,230.86,12,7.5,non-veg,2024-10-10,0.19444444444444442,3.0,breakfast,1.0,1,0,0,0,1,0
U01073,Kolkata,budget,Beverages|South Indian|Street Food|Continental,244.85,10,9.0,both,2024-06-07,0.16666666666666666,1.0,dinner,0.0,1,0,0,0,0,1
U01074,Pune,budget,Chinese|Desserts|Street Food|Continental,213.59,10,29.9,both,2024-10-23,0.3611111111111111,3.0,snack,0.0,1,0,0,0,0,1
U01075,Bangalore,occasional,Beverages|Italian,481.52,0,15.6,non-veg,2024-10-19,0.3214285714285714,2.0,dinner,1.0,0,0,1,0,1,0
U01076,Bangalore,budget,Biryani|Chinese|South Indian,193.19,9,7.6,non-veg,2025-10-26,0.2857142857142857,1.0,snack,0.0,1,0,0,0,1,0
U01077,Bangalore,budget,Beverages|Biryani|South Indian|Fast Food,325.01,6,13.0,both,2024-12-30,0.26666666666666666,2.0,breakfast,0.0,1,0,0,0,0,1
U01078,Pune,occasional,Continental|Chinese|Desserts|Fast Food,341.1,6,9.0,both,2025-01-03,0.3,0.0,,0.3,0,0,1,0,0,1
U01079,Bangalore,occasional,Biryani|Chinese,611.63,1,15.4,veg,2025-08-14,0.44285714285714284,4.0,breakfast,0.0,0,0,1,1,0,0
U01080,Kolkata,premium,Chinese|North Indian,729.46,3,1.9,veg,2024-11-24,0.7777777777777778,3.0,dinner,0.6666666666666666,0,1,0,1,0,0
U01081,Mumbai,occasional,Beverages|Fast Food|Chinese,382.98,2,13.1,both,2025-09-29,0.3333333333333333,1.0,breakfast,1.0,0,0,1,0,0,1
U01082,Delhi,occasional,North Indian|Fast Food,153.55,3,6.8,veg,2026-01-15,0.5277777777777778,3.0,late_night,0.3333333333333333,0,0,1,1,0,0
U01083,Hyderabad,occasional,Beverages|Street Food|North Indian,358.75,2,15.4,non-veg,2024-05-15,0.3666666666666667,3.0,dinner,0.6666666666666666,0,0,1,0,1,0
U01084,Hyderabad,budget,Italian|Beverages,259.72,9,11.1,non-veg,2024-10-20,0.25,1.0,lunch,0.0,1,0,0,0,1,0
U01085,Hyderabad,budget,South Indian|North Indian|Italian,157.39,9,10.4,non-veg,2024-07-16,0.19791666666666666,4.0,lunch,0.25,1,0,0,0,1,0
U01086,Mumbai,budget,Street Food|Italian|North Indian|South Indian,287.76,9,15.8,veg,2025-08-29,0.26666666666666666,2.0,breakfast,0.5,1,0,0,1,0,0
U01087,Bangalore,budget,Biryani|North Indian|Chinese|Desserts,320.3,8,5.8,veg,2025-12-25,0.14285714285714285,1.0,lunch,1.0,1,0,0,1,0,0
U01088,Pune,budget,Continental|Fast Food|Biryani|North Indian,126.46,8,14.8,veg,2025-12-08,0.34761904761904766,3.0,dinner,0.0,1,0,0,1,0,0
U01089,Bangalore,occasional,Chinese|Continental|Fast Food,311.47,2,11.3,both,2024-05-12,0.3,0.0,,0.3,0,0,1,0,0,1
U01090,Pune,budget,Continental|Street Food|Chinese|Italian,100.0,4,7.9,veg,2024-06-14,0.5,3.0,breakfast,0.6666666666666666,1,0,0,1,0,0
U01091,Mumbai,premium,South Indian|Fast Food,665.61,1,10.0,non-veg,2025-03-03,0.3,0.0,,0.3,0,1,0,0,1,0
U01092,Mumbai,occasional,South Indian|Desserts|Continental,309.93,4,41.1,non-veg,2025-04-03,0.5,2.0,breakfast,0.0,0,0,1,0,1,0
U01093,Hyderabad,premium,South Indian|Fast Food,578.2,3,25.1,veg,2025-02-24,0.75,2.0,breakfast,0.0,0,1,0,1,0,0
U01094,Chennai,occasional,Street Food|Italian|Continental,441.69,1,11.7,non-veg,2024-05-11,0.375,2.0,breakfast,0.0,0,0,1,0,1,0
U01095,Bangalore,budget,Continental|Street Food,227.42,8,13.9,non-veg,2025-10-30,0.25,2.0,breakfast,0.5,1,0,0,0,1,0
U01096,Hyderabad,budget,Continental|Fast Food|Desserts|Street Food,334.06,9,9.9,non-veg,2025-03-09,0.18,5.0,dinner,0.0,1,0,0,0,1,0
U01097,Mumbai,budget,Continental|Biryani|Chinese|Fast Food,204.98,12,3.9,both,2024-06-30,0.0,1.0,breakfast,0.0,1,0,0,0,0,1
U01098,Hyderabad,premium,Beverages|Continental|Chinese|Fast Food,840.68,3,23.8,both,2025-06-03,0.6666666666666666,2.0,dinner,0.0,0,1,0,0,0,1
U01099,Pune,budget,Italian|North Indian|South Indian,343.38,11,1.5,non-veg,2026-01-03,0.16666666666666666,1.0,dinner,0.0,1,0,0,0,1,0
U01100,Hyderabad,premium,South Indian|Italian|Desserts|Street Food,838.27,3,1.5,non-veg,2025-12-12,0.3333333333333333,1.0,breakfast,0.0,0,1,0,0,1,0
U01101,Mumbai,budget,Street Food|Italian|North Indian,234.44,10,4.5,veg,2024-04-12,0.3645833333333333,4.0,dinner,0.25,1,0,0,1,0,0
U01102,Delhi,premium,Fast Food|Continental|South Indian|Chinese,699.88,8,5.5,veg,2025-03-26,0.75,2.0,dinner,0.0,0,1,0,1,0,0
U01103,Chennai,budget,Biryani|North Indian|South Indian|Continental,352.26,6,3.6,both,2025-02-20,0.0,1.0,dinner,0.0,1,0,0,0,0,1
U01104,Mumbai,budget,Continental|North Indian|Chinese,245.13,8,0.2,veg,2025-07-13,0.2,1.0,lunch,1.0,1,0,0,1,0,0
U01105,Mumbai,premium,Beverages|Continental|North Indian,668.45,1,91.6,non-veg,2024-04-06,0.75,2.0,late_night,1.0,0,1,0,0,1,0
U01106,Delhi,occasional,Chinese|Beverages|Biryani,355.95,1,18.1,non-veg,2024-10-11,0.5,3.0,lunch,0.3333333333333333,0,0,1,0,1,0
U01107,Kolkata,occasional,North Indian|Street Food|Fast Food,208.29,2,7.2,non-veg,2024-06-28,0.4583333333333333,4.0,lunch,0.5,0,0,1,0,1,0
U01108,Pune,budget,Biryani|Street Food|North Indian|South Indian,369.21,9,2.2,both,2024-06-15,0.16666666666666666,1.0,dinner,1.0,1,0,0,0,0,1
U01109,Pune,budget,Biryani|South Indian|Chinese,277.27,7,6.4,both,2025-04-15,0.2866666666666667,5.0,dinner,0.2,1,0,0,0,0,1
U01110,Kolkata,budget,Biryani|Desserts,309.5,7,1.7,veg,2024-04-26,0.3,0.0,,0.3,1,0,0,1,0,0
U01111,Chennai,premium,Continental|Desserts,533.81,6,3.5,both,2025-07-20,0.6333333333333333,2.0,breakfast,0.0,0,1,0,0,0,1
U01112,Chennai,occasional,Fast Food|Biryani,434.87,4,23.3,non-veg,2025-12-26,0.6666666666666666,1.0,breakfast,1.0,0,0,1,0,1,0
U01113,Mumbai,budget,South Indian|Beverages|Italian,276.33,14,14.3,non-veg,2025-01-12,0.45555555555555555,3.0,lunch,0.3333333333333333,1,0,0,0,1,0
U01114,Hyderabad,occasional,Italian|Street Food|Fast Food,100.0,1,9.6,veg,2025-08-01,0.45238095238095233,2.0,breakfast,0.0,0,0,1,1,0,0
U01115,Bangalore,occasional,North Indian|Italian|South Indian,348.52,0,4.7,both,2024-10-30,0.3333333333333333,2.0,breakfast,0.5,0,0,1,0,0,1
U01116,Chennai,budget,Beverages|Street Food,113.62,11,10.7,non-veg,2025-08-23,0.3,0.0,,0.3,1,0,0,0,1,0
U01117,Delhi,budget,Beverages|Street Food|Fast Food,226.81,11,10.9,non-veg,2025-02-26,0.3,0.0,,0.3,1,0,0,0,1,0
U01118,Delhi,budget,Street Food|Chinese,306.59,6,10.8,non-veg,2025-07-01,0.3,0.0,,0.3,1,0,0,0,1,0
U01119,Pune,budget,Beverages|Desserts,113.26,3,20.0,non-veg,2024-08-11,0.1865079365079365,3.0,snack,0.0,1,0,0,0,1,0
U01120,Bangalore,budget,Fast Food|North Indian,281.34,15,0.7,non-veg,2024-05-29,0.3,0.0,,0.3,1,0,0,0,1,0
U01121,Kolkata,budget,Biryani|Beverages,334.2,11,10.7,non-veg,2025-12-11,0.2896825396825397,3.0,breakfast,0.3333333333333333,1,0,0,0,1,0
U01122,Bangalore,premium,Fast Food|North Indian|Continental|Biryani,323.56,2,5.7,veg,2025-06-27,0.3,0.0,,0.3,0,1,0,1,0,0
U01123,Mumbai,budget,Italian|Fast Food,193.89,8,0.4,both,2025-04-19,0.2,2.0,dinner,0.0,1,0,0,0,0,1
U01124,Chennai,budget,Beverages|South Indian|Fast Food,167.44,10,1.0,non-veg,2025-08-28,0.3833333333333333,2.0,breakfast,0.5,1,0,0,0,1,0
U01125,Delhi,budget,South Indian|North Indian|Continental,174.75,10,0.6,non-veg,2025-06-30,0.25,2.0,breakfast,0.0,1,0,0,0,1,0
U01126,Chennai,budget,Street Food|Biryani|Fast Food,216.95,8,1.0,veg,2025-09-05,0.3,0.0,,0.3,1,0,0,1,0,0
U01127,Pune,occasional,Continental|Italian|Chinese,320.57,3,14.5,both,2025-11-16,0.34523809523809523,4.0,dinner,0.5,0,0,1,0,0,1
U01128,Mumbai,budget,Biryani|Street Food|Beverages|North Indian,170.21,6,0.3,veg,2025-09-16,0.3,0.0,,0.3,1,0,0,1,0,0
U01129,Bangalore,budget,North Indian|South Indian|Desserts,341.49,11,4.0,non-veg,2025-12-03,0.42857142857142855,1.0,late_night,0.0,1,0,0,0,1,0
U01130,Bangalore,budget,Desserts|Chinese|Beverages,258.52,2,0.1,veg,2024-05-06,0.16666666666666666,1.0,dinner,0.0,1,0,0,1,0,0
U01131,Mumbai,budget,Biryani|Italian|South Indian,190.77,14,33.8,veg,2024-10-08,0.5,3.0,late_night,0.3333333333333333,1,0,0,1,0,0
U01132,Chennai,budget,South Indian|Beverages,219.16,6,3.3,both,2025-10-20,0.4,1.0,late_night,0.0,1,0,0,0,0,1
U01133,Hyderabad,occasional,Beverages|Continental|Italian,440.81,0,0.4,veg,2025-06-12,0.4047619047619047,3.0,breakfast,0.6666666666666666,0,0,1,1,0,0
U01134,Delhi,occasional,Fast Food|Biryani|Desserts|South Indian,330.43,2,3.9,non-veg,2024-03-17,0.6,1.0,dinner,0.0,0,0,1,0,1,0
U01135,Mumbai,premium,Beverages|Continental|North Indian,707.21,6,2.9,both,2025-11-22,0.8333333333333334,1.0,breakfast,1.0,0,1,0,0,0,1
U01136,Hyderabad,budget,Biryani|Beverages,187.97,8,0.7,veg,2024-10-12,0.24444444444444446,3.0,breakfast,0.0,1,0,0,1,0,0
U01137,Kolkata,budget,Fast Food|Biryani,324.31,12,5.3,non-veg,2024-05-19,0.22619047619047616,2.0,snack,0.0,1,0,0,0,1,0
U01138,Chennai,occasional,Street Food|South Indian,426.99,2,23.2,both,2024-12-08,0.36666666666666664,3.0,dinner,0.3333333333333333,0,0,1,0,0,1
U01139,Kolkata,occasional,South Indian|Biryani|Continental|Desserts,405.48,3,13.7,both,2025-03-24,0.8333333333333334,1.0,dinner,1.0,0,0,1,0,0,1
U01140,Chennai,occasional,Desserts|Continental|Italian,379.62,4,3.4,veg,2024-05-02,0.16666666666666666,3.0,dinner,0.0,0,0,1,1,0,0
U01141,Delhi,budget,Chinese|Beverages|Desserts|North Indian,202.81,6,4.8,non-veg,2025-02-13,0.2,2.0,breakfast,0.5,1,0,0,0,1,0
U01142,Delhi,budget,Continental|Desserts|Street Food|Fast Food,276.48,4,51.6,non-veg,2025-02-11,0.1111111111111111,3.0,dinner,0.3333333333333333,1,0,0,0,1,0
U01143,Chennai,budget,Italian|Chinese|South Indian|Biryani,332.17,6,17.6,both,2024-06-19,0.3,0.0,,0.3,1,0,0,0,0,1
U01144,Kolkata,occasional,South Indian|Beverages|Biryani,497.0,5,1.5,both,2024-07-08,0.5416666666666666,2.0,lunch,0.0,0,0,1,0,0,1
U01145,Bangalore,budget,Chinese|Fast Food|Desserts,247.71,6,11.0,non-veg,2025-11-17,0.26785714285714285,4.0,late_night,0.25,1,0,0,0,1,0
U01146,Chennai,budget,Continental|Desserts,217.91,7,2.2,non-veg,2025-02-26,0.3,0.0,,0.3,1,0,0,0,1,0
U01147,Hyderabad,occasional,North Indian|South Indian|Italian|Desserts,412.93,8,1.5,non-veg,2025-09-07,0.24642857142857144,4.0,dinner,0.25,0,0,1,0,1,0
U01148,Chennai,budget,North Indian|Chinese|Street Food|Italian,230.01,6,6.8,veg,2024-08-01,0.14583333333333331,4.0,dinner,0.25,1,0,0,1,0,0
U01149,Mumbai,occasional,Continental|Beverages|Italian,499.22,1,2.1,veg,2025-07-01,0.3,0.0,,0.3,0,0,1,1,0,0
U01150,Pune,premium,Fast Food|Continental|Desserts,584.4,3,2.7,both,2025-02-09,0.5,3.0,late_night,0.3333333333333333,0,1,0,0,0,1
U01151,Bangalore,occasional,North Indian|Street Food|Desserts|Beverages,354.2,3,3.9,both,2025-09-19,0.4523809523809524,3.0,breakfast,0.3333333333333333,0,0,1,0,0,1
U01152,Kolkata,premium,North Indian|Biryani|Continental,711.02,9,6.9,veg,2026-01-27,0.675,2.0,breakfast,0.0,0,1,0,1,0,0
U01153,Pune,occasional,Biryani|South Indian|Fast Food|Desserts,572.04,3,19.4,non-veg,2025-12-27,0.34523809523809523,4.0,breakfast,0.25,0,0,1,0,1,0
U01154,Delhi,budget,Continental|Desserts|Biryani,101.23,10,6.8,non-veg,2025-01-01,0.16666666666666666,4.0,lunch,0.25,1,0,0,0,1,0
U01155,Hyderabad,occasional,Desserts|Street Food|Italian,606.43,0,7.1,both,2024-03-20,0.41111111111111115,3.0,dinner,0.0,0,0,1,0,0,1
U01156,Delhi,occasional,Chinese|Italian|Desserts,357.43,1,5.6,non-veg,2025-01-24,0.16666666666666666,1.0,late_night,0.0,0,0,1,0,1,0
U01157,Kolkata,occasional,Chinese|Fast Food|Continental,407.91,2,11.6,both,2025-09-12,0.375,4.0,breakfast,0.25,0,0,1,0,0,1
U01158,Bangalore,occasional,North Indian|Chinese,599.82,4,53.0,both,2024-09-16,0.2857142857142857,4.0,snack,0.25,0,0,1,0,0,1
U01159,Pune,budget,Chinese|South Indian|Continental,100.0,6,10.1,non-veg,2024-04-10,0.19999999999999998,3.0,breakfast,0.0,1,0,0,0,1,0
U01160,Kolkata,premium,Beverages|Desserts|Chinese,447.03,1,1.1,veg,2024-10-19,0.3,0.0,,0.3,0,1,0,1,0,0
U01161,Chennai,premium,Street Food|Beverages|Desserts,899.67,3,26.5,non-veg,2025-01-29,0.6,3.0,breakfast,0.3333333333333333,0,1,0,0,1,0
U01162,Delhi,budget,Desserts|North Indian,344.32,12,1.4,veg,2024-06-15,0.2488095238095238,4.0,dinner,0.25,1,0,0,1,0,0
U01163,Hyderabad,occasional,Italian|Street Food|Fast Food|Continental,493.98,1,9.0,both,2024-07-17,0.3,0.0,,0.3,0,0,1,0,0,1
U01164,Chennai,occasional,North Indian|Continental|Beverages,331.73,2,12.7,both,2025-01-15,0.16666666666666666,1.0,breakfast,0.0,0,0,1,0,0,1
U01165,Bangalore,budget,Beverages|South Indian|Chinese|Biryani,235.3,7,3.0,both,2024-08-06,0.5,1.0,snack,0.0,1,0,0,0,0,1
U01166,Kolkata,premium,Beverages|Street Food|South Indian,650.55,5,9.0,non-veg,2024-08-10,0.6666666666666666,1.0,late_night,0.0,0,1,0,0,1,0
U01167,Chennai,budget,Italian|Beverages,214.49,5,1.1,non-veg,2024-04-22,0.44166666666666665,4.0,breakfast,0.25,1,0,0,0,1,0
U01168,Pune,budget,South Indian|Street Food|Fast Food|Beverages,124.84,10,14.8,veg,2025-12-04,0.16666666666666666,1.0,lunch,0.0,1,0,0,1,0,0
U01169,Mumbai,occasional,North Indian|Beverages|Street Food|Fast Food,550.28,0,13.0,non-veg,2024-10-04,0.6000000000000001,2.0,late_night,0.0,0,0,1,0,1,0
U01170,Chennai,budget,Biryani|Desserts|Continental|Street Food,340.92,9,6.3,veg,2025-04-01,0.3333333333333333,1.0,lunch,0.0,1,0,0,1,0,0
U01171,Mumbai,occasional,North Indian|Fast Food,196.96,2,4.9,non-veg,2024-06-29,0.5666666666666667,2.0,dinner,0.0,0,0,1,0,1,0
U01172,Mumbai,budget,Beverages|Chinese,313.66,4,32.0,non-veg,2024-06-20,0.41666666666666663,2.0,late_night,0.0,1,0,0,0,1,0
U01173,Bangalore,budget,Fast Food|North Indian|Continental|Italian,297.02,9,0.5,veg,2025-11-04,0.0,1.0,lunch,0.0,1,0,0,1,0,0
U01174,Delhi,budget,South Indian|Fast Food|Street Food|Continental,142.42,8,1.7,non-veg,2024-05-07,0.2833333333333333,2.0,breakfast,0.5,1,0,0,0,1,0
U01175,Mumbai,occasional,Fast Food|North Indian|South Indian,437.8,2,0.8,both,2024-05-19,0.42857142857142855,2.0,breakfast,0.0,0,0,1,0,0,1
U01176,Delhi,occasional,Chinese|Beverages|Biryani|Desserts,425.8,0,1.7,veg,2025-08-01,0.319047619047619,4.0,dinner,0.75,0,0,1,1,0,0
U01177,Mumbai,budget,Italian|Beverages|Chinese|Desserts,339.87,13,0.3,non-veg,2024-08-05,0.39285714285714285,2.0,late_night,0.5,1,0,0,0,1,0
U01178,Kolkata,premium,Biryani|South Indian,701.55,2,37.2,both,2025-09-01,0.6071428571428571,4.0,late_night,0.5,0,1,0,0,0,1
U01179,Chennai,budget,Beverages|Desserts,366.29,11,0.1,non-veg,2024-12-31,0.3,5.0,lunch,0.2,1,0,0,0,1,0
U01180,Delhi,budget,Beverages|Chinese|Italian|Fast Food,197.24,10,6.9,both,2025-02-08,0.7321428571428572,2.0,dinner,0.5,1,0,0,0,0,1
U01181,Bangalore,budget,Fast Food|South Indian|North Indian|Street Food,296.96,9,0.1,both,2024-10-09,0.19642857142857142,2.0,breakfast,0.5,1,0,0,0,0,1
U01182,Hyderabad,budget,Fast Food|Beverages|Italian,250.52,8,6.6,both,2025-01-04,0.22000000000000003,5.0,breakfast,0.4,1,0,0,0,0,1
U01183,Pune,occasional,Desserts|Beverages|Fast Food|South Indian,385.42,0,2.9,non-veg,2024-08-02,0.42857142857142855,1.0,dinner,0.0,0,0,1,0,1,0
U01184,Kolkata,occasional,North Indian|Fast Food|Beverages,442.28,1,5.5,non-veg,2025-01-01,0.41190476190476194,3.0,snack,0.0,0,0,1,0,1,0
U01185,Pune,premium,Street Food|North Indian|South Indian,803.64,2,3.0,non-veg,2024-08-01,0.575,2.0,dinner,0.5,0,1,0,0,1,0
U01186,Pune,occasional,Desserts|Fast Food|Biryani,382.77,1,10.8,veg,2025-04-26,0.0,1.0,dinner,0.0,0,0,1,1,0,0
U01187,Mumbai,occasional,Fast Food|Desserts,337.02,2,14.0,veg,2024-10-12,0.40476190476190477,2.0,dinner,0.5,0,0,1,1,0,0
U01188,Kolkata,premium,Italian|Continental|Biryani|Beverages,660.73,3,25.7,veg,2025-07-27,0.625,4.0,dinner,0.5,0,1,0,1,0,0
U01189,Mumbai,budget,North Indian|Continental|South Indian|Street Food,136.45,10,1.6,both,2024-12-02,0.42095238095238097,5.0,dinner,0.2,1,0,0,0,0,1
U01190,Bangalore,budget,South Indian|Beverages|Biryani|Continental,181.4,11,9.5,non-veg,2025-04-12,0.18154761904761904,4.0,breakfast,0.25,1,0,0,0,1,0
U01191,Mumbai,budget,North Indian|Continental,228.53,6,26.7,non-veg,2024-05-03,0.3,0.0,,0.3,1,0,0,0,1,0
U01192,Bangalore,budget,Continental|Italian,278.53,10,2.0,both,2024-05-24,0.3333333333333333,2.0,breakfast,0.5,1,0,0,0,0,1
U01193,Pune,budget,South Indian|Continental,169.0,6,5.0,both,2024-05-18,0.1111111111111111,3.0,late_night,0.3333333333333333,1,0,0,0,0,1
U01194,Delhi,premium,Continental|Chinese|South Indian,519.75,3,23.8,non-veg,2025-07-23,0.16666666666666666,1.0,lunch,1.0,0,1,0,0,1,0
U01195,Mumbai,budget,Beverages|South Indian|Continental,235.91,8,1.0,non-veg,2025-04-19,0.26785714285714285,2.0,dinner,0.0,1,0,0,0,1,0
U01196,Kolkata,premium,Biryani|Fast Food|Chinese,369.88,5,3.3,non-veg,2025-11-13,0.5,1.0,breakfast,1.0,0,1,0,0,1,0
U01197,Mumbai,budget,Desserts|Continental,217.99,4,3.6,both,2025-02-21,0.1111111111111111,3.0,breakfast,0.3333333333333333,1,0,0,0,0,1
U01198,Bangalore,occasional,Fast Food|Chinese|Beverages,460.5,1,2.0,veg,2025-11-17,0.875,2.0,breakfast,0.5,0,0,1,1,0,0
U01199,Hyderabad,occasional,Continental|Desserts,466.69,3,2.9,non-veg,2025-07-29,0.5,3.0,dinner,0.3333333333333333,0,0,1,0,1,0
U01200,Pune,budget,South Indian|Chinese|Desserts,414.33,13,6.5,veg,2025-06-18,0.09166666666666667,4.0,late_night,0.25,1,0,0,1,0,0
U01201,Chennai,occasional,South Indian|Beverages|Fast Food|North Indian,266.87,0,12.5,veg,2025-12-23,0.5952380952380952,3.0,dinner,0.0,0,0,1,1,0,0
U01202,Bangalore,budget,Continental|Fast Food,387.02,5,2.3,non-veg,2024-10-28,0.5416666666666666,2.0,late_night,0.0,1,0,0,0,1,0
U01203,Bangalore,premium,Chinese|North Indian|Street Food,456.44,1,7.8,both,2024-03-18,0.3,0.0,,0.3,0,1,0,0,0,1
U01204,Hyderabad,budget,Chinese|Biryani|Desserts,319.17,8,7.6,non-veg,2024-06-18,0.75,1.0,dinner,0.0,1,0,0,0,1,0
U01205,Bangalore,premium,Beverages|Continental|Desserts|Italian,759.27,8,0.4,non-veg,2025-11-17,0.3,0.0,,0.3,0,1,0,0,1,0
U01206,Chennai,budget,North Indian|Desserts,363.12,6,5.5,non-veg,2024-09-21,0.39464285714285713,4.0,late_night,0.25,1,0,0,0,1,0
U01207,Bangalore,budget,Street Food|Biryani|Continental|Beverages,305.06,10,0.2,non-veg,2025-03-23,0.3333333333333333,2.0,breakfast,0.0,1,0,0,0,1,0
U01208,Hyderabad,budget,South Indian|Biryani,293.82,12,0.2,veg,2024-07-29,0.5833333333333334,3.0,dinner,0.0,1,0,0,1,0,0
U01209,Kolkata,budget,South Indian|Beverages|Fast Food,270.33,7,2.6,veg,2024-04-04,0.3,0.0,,0.3,1,0,0,1,0,0
U01210,Delhi,budget,Street Food|North Indian,305.76,6,8.9,veg,2024-12-30,0.3,0.0,,0.3,1,0,0,1,0,0
U01211,Pune,occasional,Fast Food|Desserts,356.7,5,7.4,veg,2025-10-10,0.26666666666666666,3.0,breakfast,0.6666666666666666,0,0,1,1,0,0
U01212,Pune,budget,Biryani|Beverages|South Indian|Continental,351.78,8,0.1,non-veg,2024-11-05,0.5,1.0,breakfast,0.0,1,0,0,0,1,0
U01213,Pune,occasional,Chinese|North Indian,479.46,3,25.3,both,2025-07-14,0.5625,4.0,breakfast,0.0,0,0,1,0,0,1
U01214,Bangalore,budget,Continental|Italian|Beverages|Street Food,130.11,4,5.8,both,2025-11-24,0.3,0.0,,0.3,1,0,0,0,0,1
U01215,Kolkata,budget,Fast Food|Beverages|Street Food|North Indian,312.54,10,6.3,both,2025-12-21,0.4666666666666666,3.0,breakfast,0.0,1,0,0,0,0,1
U01216,Mumbai,premium,Biryani|North Indian,725.78,6,4.7,veg,2024-12-08,0.5833333333333333,2.0,breakfast,0.5,0,1,0,1,0,0
U01217,Bangalore,occasional,Street Food|Beverages,315.89,2,8.5,non-veg,2024-03-04,0.14285714285714285,1.0,dinner,0.0,0,0,1,0,1,0
U01218,Kolkata,budget,Chinese|Italian|South Indian|North Indian,284.61,5,19.1,both,2025-09-05,0.3333333333333333,1.0,snack,0.0,1,0,0,0,0,1
U01219,Hyderabad,budget,North Indian|Beverages|Continental|South Indian,183.74,12,4.4,veg,2024-04-03,0.125,2.0,breakfast,0.0,1,0,0,1,0,0
U01220,Delhi,premium,Chinese|North Indian,618.03,7,0.7,both,2025-03-19,0.5166666666666667,2.0,breakfast,0.0,0,1,0,0,0,1
U01221,Kolkata,budget,Beverages|Chinese,226.76,5,29.1,veg,2024-06-01,0.3,0.0,,0.3,1,0,0,1,0,0
U01222,Bangalore,budget,South Indian|Beverages,243.69,11,1.4,non-veg,2024-05-28,0.25,1.0,late_night,1.0,1,0,0,0,1,0
U01223,Kolkata,budget,Italian|South Indian|Continental|Beverages,150.57,9,29.0,non-veg,2025-02-16,0.4857142857142857,2.0,dinner,0.5,1,0,0,0,1,0
U01224,Kolkata,budget,Desserts|Biryani|South Indian|Street Food,225.09,11,8.3,veg,2024-06-17,0.19583333333333333,4.0,snack,0.0,1,0,0,1,0,0
U01225,Chennai,occasional,Biryani|Italian,336.1,2,4.7,non-veg,2025-12-12,0.25,3.0,breakfast,0.3333333333333333,0,0,1,0,1,0
U01226,Chennai,budget,Biryani|South Indian,302.65,1,1.5,both,2025-09-26,0.29166666666666663,2.0,lunch,0.0,1,0,0,0,0,1
U01227,Mumbai,occasional,Desserts|Chinese,456.74,1,2.2,non-veg,2025-01-14,0.38095238095238093,3.0,breakfast,0.0,0,0,1,0,1,0
U01228,Chennai,occasional,Beverages|Italian,100.0,2,6.6,veg,2024-06-11,0.3,0.0,,0.3,0,0,1,1,0,0
U01229,Bangalore,budget,South Indian|Desserts,215.45,10,4.2,veg,2025-08-19,0.45,2.0,breakfast,0.0,1,0,0,1,0,0
U01230,Bangalore,occasional,South Indian|North Indian|Street Food,266.48,1,10.2,veg,2025-07-28,0.30952380952380953,2.0,dinner,0.5,0,0,1,1,0,0
U01231,Bangalore,budget,Continental|Fast Food|Desserts|Biryani,256.17,9,5.2,both,2024-09-27,0.25,4.0,breakfast,0.25,1,0,0,0,0,1
U01232,Pune,budget,Italian|Chinese,334.46,9,7.7,non-veg,2024-04-12,0.14285714285714285,2.0,dinner,0.5,1,0,0,0,1,0
U01233,Mumbai,budget,Beverages|Desserts|Italian|South Indian,308.94,5,43.0,both,2024-05-12,0.2857142857142857,2.0,dinner,0.5,1,0,0,0,0,1
U01234,Pune,premium,Continental|Chinese,692.83,4,9.5,both,2024-09-03,0.3,0.0,,0.3,0,1,0,0,0,1
U01235,Chennai,occasional,Fast Food|Biryani,574.57,6,13.3,non-veg,2024-11-25,0.3333333333333333,1.0,snack,0.0,0,0,1,0,1,0
U01236,Bangalore,budget,Italian|Continental|South Indian|Fast Food,400.46,8,4.1,non-veg,2025-10-22,0.25,1.0,late_night,1.0,1,0,0,0,1,0
U01237,Chennai,premium,Street Food|Continental|Italian,566.76,6,1.3,veg,2024-10-09,0.3,0.0,,0.3,0,1,0,1,0,0
U01238,Kolkata,budget,Italian|Fast Food|North Indian|South Indian,361.28,6,15.1,veg,2025-10-04,0.425,4.0,late_night,0.5,1,0,0,1,0,0
U01239,Kolkata,budget,Beverages|Continental,277.86,7,0.2,both,2025-07-31,0.5,2.0,breakfast,0.5,1,0,0,0,0,1
U01240,Delhi,budget,North Indian|Continental|Biryani|Chinese,334.04,6,18.2,both,2025-06-27,0.5833333333333334,3.0,breakfast,0.0,1,0,0,0,0,1
U01241,Hyderabad,budget,Biryani|Beverages|North Indian,292.24,7,4.4,veg,2025-10-13,0.3333333333333333,2.0,dinner,0.0,1,0,0,1,0,0
U01242,Pune,occasional,Street Food|Chinese,307.79,1,1.6,non-veg,2025-08-19,0.3333333333333333,1.0,breakfast,0.0,0,0,1,0,1,0
U01243,Kolkata,occasional,Beverages|Street Food,491.64,1,51.3,veg,2025-10-01,0.16666666666666666,1.0,lunch,1.0,0,0,1,1,0,0
U01244,Bangalore,occasional,Beverages|Biryani,448.09,1,16.4,both,2024-11-24,0.25,1.0,dinner,1.0,0,0,1,0,0,1
U01245,Delhi,occasional,Biryani|Italian|South Indian|Chinese,355.96,3,44.7,non-veg,2025-06-08,0.29166666666666663,2.0,breakfast,0.5,0,0,1,0,1,0
U01246,Bangalore,occasional,Desserts|Italian,353.15,3,28.2,both,2025-01-08,0.3,0.0,,0.3,0,0,1,0,0,1
U01247,Delhi,premium,Beverages|Continental,585.96,1,2.9,veg,2025-12-03,0.5555555555555555,3.0,breakfast,0.3333333333333333,0,1,0,1,0,0
U01248,Hyderabad,budget,Italian|Beverages,250.74,5,8.2,non-veg,2025-07-29,0.20833333333333331,2.0,lunch,0.5,1,0,0,0,1,0
U01249,Hyderabad,occasional,Chinese|Beverages|Italian,628.9,4,11.5,both,2024-04-20,0.47222222222222215,3.0,dinner,0.6666666666666666,0,0,1,0,0,1
U01250,Mumbai,premium,Italian|Biryani|Chinese,453.4,4,12.4,veg,2025-12-26,0.75,2.0,breakfast,0.5,0,1,0,1,0,0
U01251,Pune,budget,North Indian|Fast Food|Chinese|Continental,204.65,12,5.5,both,2024-10-08,0.3482142857142857,2.0,breakfast,0.0,1,0,0,0,0,1
U01252,Hyderabad,premium,Chinese|Biryani|Italian,721.64,6,8.5,veg,2025-03-31,0.5952380952380952,2.0,breakfast,0.5,0,1,0,1,0,0
U01253,Chennai,budget,Continental|Chinese,266.0,6,42.4,veg,2024-06-15,0.4444444444444444,3.0,dinner,0.6666666666666666,1,0,0,1,0,0
U01254,Chennai,budget,South Indian|Desserts,244.64,8,16.8,both,2024-08-11,0.1,2.0,late_night,0.0,1,0,0,0,0,1
U01255,Hyderabad,budget,Continental|Beverages,261.29,8,0.3,veg,2024-10-11,0.27777777777777773,3.0,late_night,0.3333333333333333,1,0,0,1,0,0
U01256,Mumbai,premium,Desserts|Italian,371.25,1,2.6,non-veg,2025-05-19,0.6633333333333333,5.0,late_night,0.6,0,1,0,0,1,0
U01257,Mumbai,occasional,Continental|Italian|Chinese,472.86,1,7.4,non-veg,2024-06-19,0.26666666666666666,4.0,dinner,0.0,0,0,1,0,1,0
U01258,Bangalore,occasional,North Indian|Continental|Beverages,271.16,1,30.3,veg,2024-08-29,0.3,0.0,,0.3,0,0,1,1,0,0
U01259,Bangalore,occasional,Street Food|Desserts|Beverages,304.42,0,1.7,both,2025-10-19,0.41111111111111115,3.0,lunch,0.3333333333333333,0,0,1,0,0,1
U01260,Hyderabad,occasional,Italian|South Indian|North Indian,223.23,3,0.6,veg,2024-12-07,0.5,3.0,dinner,0.0,0,0,1,1,0,0
U01261,Delhi,budget,Biryani|Fast Food,236.26,7,3.5,veg,2025-05-28,0.3333333333333333,1.0,breakfast,1.0,1,0,0,1,0,0
U01262,Pune,premium,North Indian|Beverages,578.01,5,18.6,both,2024-03-13,0.3,0.0,,0.3,0,1,0,0,0,1
U01263,Mumbai,budget,Beverages|North Indian,228.26,3,9.8,both,2024-10-19,0.36190476190476195,3.0,breakfast,0.3333333333333333,1,0,0,0,0,1
U01264,Hyderabad,budget,Desserts|Chinese,100.42,12,0.0,non-veg,2025-01-13,0.3119047619047619,3.0,breakfast,0.3333333333333333,1,0,0,0,1,0
U01265,Pune,premium,North Indian|South Indian|Desserts,602.77,6,1.5,both,2025-02-21,0.5793650793650794,3.0,breakfast,0.0,0,1,0,0,0,1
U01266,Chennai,budget,Fast Food|Desserts,355.02,12,0.8,veg,2025-04-26,0.16666666666666666,1.0,breakfast,0.0,1,0,0,1,0,0
U01267,Pune,budget,Street Food|Italian|South Indian|Fast Food,349.39,8,1.1,both,2025-02-18,0.5,1.0,lunch,0.0,1,0,0,0,0,1
U01268,Pune,occasional,Street Food|Biryani,369.2,2,12.2,non-veg,2025-12-06,0.379047619047619,5.0,breakfast,0.2,0,0,1,0,1,0
U01269,Bangalore,occasional,Biryani|Beverages|North Indian,166.79,1,4.3,veg,2025-01-18,0.5,2.0,breakfast,0.5,0,0,1,1,0,0
U01270,Mumbai,budget,Street Food|South Indian,193.5,8,9.4,both,2024-07-02,0.25,1.0,lunch,0.0,1,0,0,0,0,1
U01271,Pune,occasional,Chinese|Biryani,340.36,1,17.4,non-veg,2025-05-28,0.625,2.0,breakfast,0.0,0,0,1,0,1,0
U01272,Chennai,premium,Beverages|Italian,457.03,4,13.6,veg,2025-06-11,0.3,0.0,,0.3,0,1,0,1,0,0
U01273,Mumbai,premium,Fast Food|Street Food|Desserts,359.18,2,11.2,veg,2025-04-19,0.5833333333333333,2.0,breakfast,0.0,0,1,0,1,0,0
U01274,Bangalore,budget,Biryani|Continental,191.18,7,12.6,non-veg,2024-10-21,0.3125,4.0,dinner,0.0,1,0,0,0,1,0
U01275,Hyderabad,premium,Street Food|South Indian|Beverages|Biryani,716.66,4,14.2,non-veg,2024-08-01,0.3333333333333333,2.0,breakfast,0.5,0,1,0,0,1,0
U01276,Pune,budget,Fast Food|Beverages|Biryani|Desserts,255.97,9,4.8,veg,2024-03-09,0.3,0.0,,0.3,1,0,0,1,0,0
U01277,Pune,budget,Italian|Beverages,258.26,9,8.0,non-veg,2025-10-30,0.24444444444444446,3.0,breakfast,0.0,1,0,0,0,1,0
U01278,Bangalore,budget,Chinese|Fast Food|South Indian,100.0,8,9.0,veg,2025-10-08,0.29166666666666663,2.0,dinner,0.5,1,0,0,1,0,0
U01279,Delhi,occasional,South Indian|Chinese|Beverages,353.5,1,6.2,non-veg,2025-08-26,0.5,1.0,breakfast,1.0,0,0,1,0,1,0
U01280,Kolkata,budget,Street Food|North Indian,307.0,7,6.8,non-veg,2025-04-02,0.2222222222222222,3.0,late_night,0.3333333333333333,1,0,0,0,1,0
U01281,Hyderabad,premium,Street Food|Chinese|Beverages|Continental,793.37,1,18.5,non-veg,2024-11-23,0.75,2.0,dinner,0.5,0,1,0,0,1,0
U01282,Hyderabad,budget,North Indian|Fast Food|Italian|Continental,302.51,5,5.6,veg,2026-01-05,0.3571428571428571,4.0,breakfast,0.5,1,0,0,1,0,0
U01283,Kolkata,occasional,Street Food|Biryani,269.36,0,0.1,both,2024-12-02,0.3333333333333333,2.0,breakfast,0.5,0,0,1,0,0,1
U01284,Chennai,premium,Biryani|Beverages|Street Food,1020.21,3,14.7,both,2024-10-16,0.6000000000000001,2.0,dinner,0.5,0,1,0,0,0,1
U01285,Mumbai,budget,Chinese|Fast Food|Continental|Desserts,185.46,13,19.1,veg,2025-05-06,0.37333333333333335,5.0,breakfast,0.0,1,0,0,1,0,0
U01286,Delhi,premium,Biryani|Fast Food|North Indian,588.38,6,9.6,both,2025-08-29,0.3,0.0,,0.3,0,1,0,0,0,1
U01287,Mumbai,occasional,Beverages|Chinese|Street Food,444.84,3,21.5,non-veg,2024-07-28,0.8,1.0,late_night,0.0,0,0,1,0,1,0
U01288,Mumbai,occasional,Chinese|Continental,368.49,1,25.0,veg,2025-08-15,0.3333333333333333,1.0,snack,0.0,0,0,1,1,0,0
U01289,Delhi,budget,North Indian|Biryani,353.99,9,4.5,veg,2024-06-18,0.3,0.0,,0.3,1,0,0,1,0,0
U01290,Delhi,budget,Fast Food|Biryani|Chinese,192.88,6,10.6,both,2025-07-01,0.4583333333333333,2.0,breakfast,0.0,1,0,0,0,0,1
U01291,Chennai,premium,North Indian|Biryani|Street Food|South Indian,435.5,3,8.3,both,2025-01-11,0.580952380952381,3.0,breakfast,0.3333333333333333,0,1,0,0,0,1
U01292,Hyderabad,budget,Chinese|Street Food|Fast Food|North Indian,311.04,7,0.9,both,2026-01-02,0.3333333333333333,1.0,snack,0.0,1,0,0,0,0,1
U01293,Hyderabad,premium,Chinese|Beverages|Biryani,508.51,5,11.2,non-veg,2025-08-21,0.6916666666666667,4.0,snack,0.25,0,1,0,0,1,0
U01294,Bangalore,occasional,Street Food|Continental|Biryani|Beverages,529.62,1,7.4,veg,2025-03-31,0.3333333333333333,3.0,dinner,0.0,0,0,1,1,0,0
U01295,Hyderabad,budget,Continental|Chinese|Beverages,264.62,9,2.0,non-veg,2025-02-15,0.3,0.0,,0.3,1,0,0,0,1,0
U01296,Pune,occasional,Beverages|North Indian,534.54,2,29.0,veg,2025-09-07,0.3571428571428571,2.0,dinner,0.0,0,0,1,1,0,0
U01297,Pune,occasional,South Indian|Fast Food|North Indian|Italian,482.17,3,6.0,non-veg,2024-05-05,0.3412698412698412,3.0,dinner,0.6666666666666666,0,0,1,0,1,0
U01298,Kolkata,occasional,Beverages|Biryani,270.77,2,2.9,both,2025-10-25,0.38333333333333336,6.0,dinner,0.3333333333333333,0,0,1,0,0,1
U01299,Mumbai,budget,Continental|Italian,191.01,9,0.2,both,2024-06-09,0.3682539682539683,3.0,breakfast,0.0,1,0,0,0,0,1
U01300,Chennai,premium,Fast Food|Italian,603.75,6,1.0,veg,2026-01-04,0.75,2.0,late_night,1.0,0,1,0,1,0,0
U01301,Bangalore,occasional,Beverages|South Indian|Desserts|Street Food,347.79,4,3.9,veg,2024-09-12,0.625,1.0,dinner,0.0,0,0,1,1,0,0
U01302,Mumbai,occasional,Continental|Street Food|North Indian|Biryani,222.64,1,9.0,non-veg,2025-01-23,0.3,0.0,,0.3,0,0,1,0,1,0
U01303,Hyderabad,budget,Desserts|Biryani,221.61,9,3.9,veg,2024-12-28,0.14285714285714285,1.0,breakfast,0.0,1,0,0,1,0,0
U01304,Mumbai,budget,Fast Food|Biryani,167.98,7,15.6,both,2025-02-02,0.4,1.0,lunch,0.0,1,0,0,0,0,1
U01305,Mumbai,budget,Street Food|South Indian|Italian,350.38,15,1.9,veg,2024-10-30,0.35,2.0,dinner,1.0,1,0,0,1,0,0
U01306,Pune,premium,Beverages|Fast Food|Chinese,787.73,4,1.0,both,2024-11-19,0.3,0.0,,0.3,0,1,0,0,0,1
U01307,Pune,budget,Chinese|South Indian|Continental,376.43,7,0.7,veg,2025-06-29,0.15416666666666667,4.0,breakfast,0.0,1,0,0,1,0,0
U01308,Mumbai,occasional,Street Food|Biryani|South Indian,509.99,3,5.3,both,2024-06-02,0.5,1.0,dinner,0.0,0,0,1,0,0,1
U01309,Kolkata,occasional,South Indian|North Indian|Desserts,405.25,2,57.8,veg,2024-04-13,0.25,1.0,dinner,1.0,0,0,1,1,0,0
U01310,Mumbai,occasional,Chinese|Street Food|Beverages,546.74,1,20.2,veg,2024-06-25,0.5571428571428572,4.0,snack,0.5,0,0,1,1,0,0
U01311,Kolkata,premium,Italian|Chinese,453.93,5,1.6,non-veg,2025-01-02,0.8333333333333333,2.0,breakfast,0.0,0,1,0,0,1,0
U01312,Mumbai,budget,Beverages|North Indian|Fast Food|Desserts,190.68,7,5.7,both,2024-06-07,0.5666666666666667,5.0,breakfast,0.4,1,0,0,0,0,1
U01313,Mumbai,budget,Street Food|Beverages|Italian,244.19,10,21.9,both,2025-12-31,0.3055555555555555,3.0,dinner,0.3333333333333333,1,0,0,0,0,1
U01314,Kolkata,occasional,Chinese|Fast Food,298.01,3,28.7,veg,2025-03-26,0.38690476190476186,4.0,snack,0.5,0,0,1,1,0,0
U01315,Pune,budget,Beverages|South Indian|Fast Food|Italian,351.61,6,2.3,veg,2025-07-28,0.3,0.0,,0.3,1,0,0,1,0,0
U01316,Hyderabad,budget,Italian|North Indian|South Indian|Desserts,353.6,6,4.6,veg,2025-04-19,0.7,2.0,late_night,0.5,1,0,0,1,0,0
U01317,Hyderabad,occasional,Continental|Biryani,393.99,0,12.6,both,2024-06-11,0.31746031746031744,3.0,lunch,0.3333333333333333,0,0,1,0,0,1
U01318,Hyderabad,budget,Desserts|Fast Food|Beverages|Biryani,367.74,12,2.3,veg,2025-09-27,0.3,0.0,,0.3,1,0,0,1,0,0
U01319,Mumbai,budget,Continental|North Indian|Fast Food|South Indian,211.46,13,23.6,non-veg,2024-06-11,0.39666666666666667,5.0,dinner,0.2,1,0,0,0,1,0
U01320,Bangalore,occasional,Biryani|Beverages,429.11,0,7.1,veg,2025-09-11,0.36666666666666664,3.0,breakfast,0.3333333333333333,0,0,1,1,0,0
U01321,Mumbai,budget,North Indian|Fast Food,267.47,3,4.1,veg,2025-01-23,1.0,1.0,dinner,0.0,1,0,0,1,0,0
U01322,Hyderabad,budget,Biryani|North Indian|Fast Food|Chinese,228.47,7,4.7,veg,2024-08-03,0.3,0.0,,0.3,1,0,0,1,0,0
U01323,Pune,budget,Street Food|Italian,100.0,11,1.2,non-veg,2024-04-24,0.575,2.0,dinner,0.5,1,0,0,0,1,0
U01324,Delhi,budget,Continental|Chinese,191.26,7,2.4,both,2024-07-20,0.26785714285714285,4.0,late_night,0.25,1,0,0,0,0,1
U01325,Mumbai,budget,Fast Food|Continental|Biryani,255.49,10,10.7,non-veg,2025-10-21,0.42857142857142855,2.0,breakfast,0.5,1,0,0,0,1,0
U01326,Chennai,premium,Biryani|Chinese|North Indian|South Indian,759.33,3,5.9,non-veg,2024-08-15,0.625,2.0,breakfast,0.5,0,1,0,0,1,0
U01327,Mumbai,occasional,Beverages|Desserts|Biryani,100.0,1,4.1,both,2025-08-14,0.3,0.0,,0.3,0,0,1,0,0,1
U01328,Bangalore,premium,Chinese|Street Food,410.15,0,3.2,non-veg,2025-06-15,0.8333333333333333,2.0,breakfast,0.0,0,1,0,0,1,0
U01329,Kolkata,occasional,Street Food|Continental,340.32,4,46.2,veg,2024-08-01,0.41666666666666663,2.0,dinner,0.5,0,0,1,1,0,0
U01330,Pune,budget,South Indian|Desserts|Beverages|North Indian,315.07,10,6.1,both,2025-09-30,0.21428571428571427,2.0,late_night,0.0,1,0,0,0,0,1
U01331,Kolkata,budget,North Indian|Beverages,311.37,6,5.7,veg,2025-02-05,0.5,2.0,breakfast,0.5,1,0,0,1,0,0
U01332,Mumbai,budget,Biryani|Chinese|Beverages|Fast Food,299.67,7,1.4,non-veg,2024-08-10,0.3333333333333333,1.0,lunch,0.0,1,0,0,0,1,0
U01333,Kolkata,occasional,Chinese|Fast Food|North Indian,530.14,1,1.4,veg,2025-09-28,0.3,0.0,,0.3,0,0,1,1,0,0
U01334,Delhi,budget,Chinese|Italian,233.05,12,7.3,non-veg,2025-03-19,0.4,1.0,lunch,0.0,1,0,0,0,1,0
U01335,Delhi,budget,Chinese|South Indian,306.14,12,6.4,non-veg,2024-11-18,0.14285714285714285,1.0,dinner,0.0,1,0,0,0,1,0
U01336,Pune,budget,South Indian|North Indian,260.02,7,2.3,veg,2024-09-19,0.5,2.0,dinner,0.0,1,0,0,1,0,0
U01337,Kolkata,budget,North Indian|Italian|South Indian,263.11,8,0.7,non-veg,2025-12-25,0.2253968253968254,3.0,dinner,0.0,1,0,0,0,1,0
U01338,Kolkata,budget,Street Food|North Indian|Beverages|Continental,190.59,13,23.5,veg,2025-05-13,0.5,2.0,dinner,0.0,1,0,0,1,0,0
U01339,Bangalore,occasional,Fast Food|North Indian,295.31,1,6.0,non-veg,2025-10-21,0.40317460317460313,3.0,dinner,0.3333333333333333,0,0,1,0,1,0
U01340,Kolkata,budget,Continental|Italian,145.25,6,10.2,veg,2024-06-05,0.38095238095238093,2.0,dinner,0.0,1,0,0,1,0,0
U01341,Delhi,budget,Biryani|North Indian,160.79,3,2.9,non-veg,2025-10-27,0.3666666666666667,2.0,breakfast,0.0,1,0,0,0,1,0
U01342,Delhi,budget,Fast Food|Biryani|Street Food|South Indian,255.86,6,1.8,both,2024-09-02,0.16666666666666666,1.0,breakfast,0.0,1,0,0,0,0,1
U01343,Kolkata,budget,Continental|Italian|South Indian|North Indian,221.77,13,18.8,veg,2024-06-14,0.16666666666666666,1.0,snack,1.0,1,0,0,1,0,0
U01344,Kolkata,premium,Street Food|Italian,781.62,3,2.9,both,2025-07-15,0.42857142857142855,2.0,dinner,1.0,0,1,0,0,0,1
U01345,Mumbai,occasional,Street Food|North Indian,327.73,2,0.3,non-veg,2025-10-18,0.5,2.0,breakfast,0.5,0,0,1,0,1,0
U01346,Delhi,occasional,Beverages|Biryani|Chinese|Italian,334.15,3,17.8,non-veg,2024-03-09,0.46964285714285714,4.0,dinner,0.0,0,0,1,0,1,0
U01347,Bangalore,occasional,Biryani|Desserts,478.88,3,21.4,veg,2024-11-19,0.16666666666666666,1.0,late_night,0.0,0,0,1,1,0,0
U01348,Delhi,premium,Italian|Desserts|South Indian|Street Food,647.14,4,2.9,non-veg,2025-03-12,0.625,2.0,dinner,0.0,0,1,0,0,1,0
U01349,Bangalore,budget,South Indian|Street Food|Chinese,159.42,5,6.2,non-veg,2024-09-07,0.0,1.0,late_night,1.0,1,0,0,0,1,0
U01350,Kolkata,occasional,Fast Food|Street Food|North Indian,238.45,1,15.0,veg,2025-11-04,0.42857142857142855,1.0,late_night,0.0,0,0,1,1,0,0
U01351,Mumbai,budget,South Indian|Desserts|Fast Food,128.16,7,8.5,non-veg,2024-10-17,0.26666666666666666,3.0,lunch,0.0,1,0,0,0,1,0
U01352,Chennai,budget,Fast Food|Beverages|Italian|Continental,100.0,8,1.3,both,2024-12-06,0.3333333333333333,1.0,dinner,0.0,1,0,0,0,0,1
U01353,Mumbai,occasional,Italian|South Indian|Beverages,431.44,1,1.6,veg,2024-03-03,0.5714285714285714,1.0,lunch,0.0,0,0,1,1,0,0
U01354,Mumbai,occasional,North Indian|Beverages,512.01,0,9.6,non-veg,2024-03-10,0.375,2.0,dinner,0.0,0,0,1,0,1,0
U01355,Bangalore,budget,Beverages|Street Food|South Indian,240.23,9,2.1,veg,2025-09-27,0.39285714285714285,4.0,dinner,0.0,1,0,0,1,0,0
U01356,Delhi,budget,Desserts|South Indian|Chinese,260.98,9,4.7,both,2025-11-22,0.3,0.0,,0.3,1,0,0,0,0,1
U01357,Mumbai,budget,Biryani|Italian,312.62,11,22.3,veg,2024-05-28,0.3,0.0,,0.3,1,0,0,1,0,0
U01358,Kolkata,occasional,South Indian|Italian|Desserts,510.88,1,1.2,veg,2024-09-03,0.3,0.0,,0.3,0,0,1,1,0,0
U01359,Mumbai,budget,Continental|Fast Food|Desserts|Chinese,402.15,6,0.0,veg,2024-09-27,0.3630952380952381,4.0,breakfast,0.5,1,0,0,1,0,0
U01360,Pune,budget,Desserts|Beverages|Fast Food|South Indian,241.33,14,0.3,both,2024-10-19,0.3055555555555555,3.0,dinner,0.6666666666666666,1,0,0,0,0,1
U01361,Bangalore,budget,Fast Food|Beverages,244.76,10,9.2,veg,2024-09-05,0.21666666666666667,4.0,lunch,0.0,1,0,0,1,0,0
U01362,Delhi,occasional,Chinese|North Indian|South Indian|Biryani,539.55,0,32.0,non-veg,2025-12-04,0.3333333333333333,1.0,breakfast,0.0,0,0,1,0,1,0
U01363,Kolkata,premium,Beverages|North Indian,416.79,2,2.9,non-veg,2025-07-28,0.43333333333333335,4.0,lunch,0.0,0,1,0,0,1,0
U01364,Hyderabad,occasional,Biryani|Chinese|Fast Food|Beverages,365.32,5,16.4,veg,2024-04-29,0.3333333333333333,1.0,breakfast,0.0,0,0,1,1,0,0
U01365,Bangalore,occasional,Street Food|Beverages,313.78,1,3.4,veg,2024-10-07,0.42777777777777776,3.0,breakfast,0.3333333333333333,0,0,1,1,0,0
U01366,Delhi,occasional,Beverages|Continental|Fast Food,494.02,2,9.7,both,2024-07-21,0.3,3.0,dinner,0.6666666666666666,0,0,1,0,0,1
U01367,Mumbai,budget,Street Food|North Indian|Continental|Italian,197.16,5,3.8,veg,2025-09-28,0.08333333333333333,2.0,breakfast,0.5,1,0,0,1,0,0
U01368,Hyderabad,budget,Biryani|Desserts|Beverages,269.03,7,1.1,veg,2024-10-14,0.3,0.0,,0.3,1,0,0,1,0,0
U01369,Bangalore,premium,Chinese|Street Food,632.98,4,2.1,veg,2024-03-23,0.7166666666666667,2.0,dinner,0.0,0,1,0,1,0,0
U01370,Kolkata,budget,Chinese|Beverages|Desserts,252.98,9,20.3,both,2025-09-12,0.21428571428571427,2.0,dinner,0.0,1,0,0,0,0,1
U01371,Mumbai,budget,Desserts|Beverages|South Indian|Fast Food,230.23,6,3.9,both,2024-03-07,0.3,0.0,,0.3,1,0,0,0,0,1
U01372,Hyderabad,budget,Street Food|Continental|Beverages|Italian,159.63,20,0.3,both,2024-07-01,0.3,0.0,,0.3,1,0,0,0,0,1
U01373,Kolkata,premium,Street Food|North Indian,480.48,6,12.6,veg,2024-12-23,0.6444444444444445,3.0,late_night,0.0,0,1,0,1,0,0
U01374,Mumbai,premium,Continental|Desserts|Biryani,531.24,3,20.8,veg,2025-04-11,0.6333333333333333,2.0,dinner,0.0,0,1,0,1,0,0
U01375,Mumbai,budget,North Indian|Continental,194.8,4,23.0,non-veg,2025-09-18,0.2888888888888889,3.0,breakfast,0.3333333333333333,1,0,0,0,1,0
U01376,Kolkata,premium,Biryani|North Indian|Continental,583.37,8,21.1,non-veg,2025-01-03,0.8333333333333333,2.0,breakfast,0.0,0,1,0,0,1,0
U01377,Bangalore,premium,Biryani|Continental|Desserts,563.71,3,1.3,both,2025-02-02,0.5416666666666667,2.0,breakfast,0.0,0,1,0,0,0,1
U01378,Bangalore,occasional,Italian|Continental|Street Food|Biryani,302.63,0,27.4,both,2025-03-14,0.38095238095238093,2.0,dinner,0.0,0,0,1,0,0,1
U01379,Chennai,budget,South Indian|Fast Food,213.74,9,5.5,both,2025-10-02,0.3,0.0,,0.3,1,0,0,0,0,1
U01380,Mumbai,occasional,North Indian|Street Food,606.21,1,49.7,non-veg,2025-02-28,0.5589285714285714,4.0,dinner,0.25,0,0,1,0,1,0
U01381,Bangalore,budget,Desserts|Street Food|Continental,233.75,10,1.7,both,2025-04-29,0.43333333333333335,2.0,dinner,0.5,1,0,0,0,0,1
U01382,Bangalore,occasional,Beverages|North Indian|Biryani|Italian,380.72,0,27.8,non-veg,2024-06-22,0.375,2.0,breakfast,0.0,0,0,1,0,1,0
U01383,Hyderabad,premium,Continental|South Indian|Beverages,474.85,2,7.4,veg,2025-10-17,0.5888888888888889,3.0,breakfast,0.3333333333333333,0,1,0,1,0,0
U01384,Pune,budget,Italian|Biryani|Beverages|Fast Food,194.72,6,0.5,both,2024-03-15,0.4761904761904762,3.0,snack,0.3333333333333333,1,0,0,0,0,1
U01385,Mumbai,budget,Continental|Fast Food,224.83,6,4.4,both,2025-01-20,0.3,0.0,,0.3,1,0,0,0,0,1
U01386,Hyderabad,budget,Beverages|South Indian,372.41,8,4.5,both,2024-07-28,0.19444444444444442,3.0,breakfast,0.3333333333333333,1,0,0,0,0,1
U01387,Delhi,budget,Fast Food|North Indian|Continental,228.51,8,4.7,both,2024-06-19,0.24380952380952378,5.0,breakfast,0.4,1,0,0,0,0,1
U01388,Hyderabad,budget,Continental|South Indian,277.81,8,3.1,non-veg,2024-06-14,0.3253968253968254,3.0,dinner,0.6666666666666666,1,0,0,0,1,0
U01389,Bangalore,premium,Biryani|Fast Food|South Indian|Street Food,887.59,4,7.3,non-veg,2024-08-02,0.3,0.0,,0.3,0,1,0,0,1,0
U01390,Hyderabad,premium,Italian|Biryani|South Indian,724.36,3,8.8,both,2024-03-31,0.9,2.0,lunch,0.5,0,1,0,0,0,1
U01391,Kolkata,budget,Street Food|Fast Food|Desserts,270.93,9,1.7,non-veg,2024-03-19,0.0,2.0,lunch,0.0,1,0,0,0,1,0
U01392,Chennai,budget,Italian|Desserts|Street Food,280.03,10,5.7,non-veg,2025-05-15,0.45,2.0,breakfast,0.0,1,0,0,0,1,0
U01393,Chennai,occasional,Beverages|Street Food|Chinese|North Indian,342.94,0,4.4,both,2024-04-25,0.0,1.0,dinner,1.0,0,0,1,0,0,1
U01394,Pune,occasional,Chinese|Beverages|Italian|Biryani,320.34,4,25.8,non-veg,2024-10-06,0.3206349206349206,3.0,dinner,0.0,0,0,1,0,1,0
U01395,Mumbai,premium,Street Food|Desserts|North Indian|Fast Food,751.26,5,6.5,both,2025-07-06,0.425,2.0,lunch,0.0,0,1,0,0,0,1
U01396,Mumbai,budget,Chinese|Italian|Continental,257.53,9,1.4,veg,2025-03-26,0.41666666666666663,2.0,lunch,0.5,1,0,0,1,0,0
U01397,Kolkata,budget,Desserts|Biryani|South Indian,327.71,14,12.7,non-veg,2024-04-18,0.5,1.0,lunch,1.0,1,0,0,0,1,0
U01398,Delhi,premium,Fast Food|Continental|Chinese,809.27,6,5.4,veg,2025-05-10,0.75,2.0,breakfast,0.0,0,1,0,1,0,0
U01399,Pune,premium,Italian|Desserts|Continental|North Indian,422.26,4,0.5,veg,2025-08-27,0.8,2.0,late_night,0.5,0,1,0,1,0,0
U01400,Delhi,occasional,Italian|Fast Food,592.59,3,17.7,veg,2024-10-09,0.38888888888888884,3.0,snack,1.0,0,0,1,1,0,0
U01401,Hyderabad,occasional,Desserts|Continental|North Indian|South Indian,343.44,4,23.0,non-veg,2025-08-17,0.14285714285714285,1.0,lunch,0.0,0,0,1,0,1,0
U01402,Mumbai,budget,North Indian|Fast Food,169.03,6,5.4,non-veg,2025-04-18,0.41666666666666663,2.0,breakfast,0.5,1,0,0,0,1,0
U01403,Pune,occasional,Chinese|North Indian|Beverages|Desserts,770.48,1,0.8,non-veg,2026-01-07,0.375,2.0,dinner,0.5,0,0,1,0,1,0
U01404,Bangalore,budget,Biryani|Fast Food,283.94,9,3.1,veg,2025-11-23,0.15,3.0,lunch,0.0,1,0,0,1,0,0
U01405,Hyderabad,occasional,South Indian|Desserts|Chinese,430.2,4,2.5,non-veg,2025-05-31,0.375,1.0,snack,0.0,0,0,1,0,1,0
U01406,Bangalore,premium,Street Food|South Indian|Fast Food|Italian,766.68,1,30.7,both,2025-10-27,0.3,0.0,,0.3,0,1,0,0,0,1
U01407,Delhi,budget,South Indian|Biryani|Street Food|Desserts,267.4,8,1.5,non-veg,2024-06-08,0.0,1.0,breakfast,0.0,1,0,0,0,1,0
U01408,Pune,premium,Italian|Desserts|Continental,736.18,5,11.8,both,2025-09-02,0.5476190476190476,2.0,breakfast,0.5,0,1,0,0,0,1
U01409,Bangalore,budget,Italian|Fast Food,307.49,9,9.4,veg,2024-11-03,0.2,1.0,breakfast,1.0,1,0,0,1,0,0
U01410,Hyderabad,budget,Continental|North Indian|Beverages,237.21,13,7.0,non-veg,2024-07-30,0.06666666666666667,3.0,snack,0.3333333333333333,1,0,0,0,1,0
U01411,Mumbai,budget,South Indian|Biryani|Desserts|Italian,209.36,8,2.4,both,2024-02-28,0.39285714285714285,4.0,breakfast,0.5,1,0,0,0,0,1
U01412,Delhi,premium,Chinese|Biryani|Beverages,722.23,4,12.5,non-veg,2025-01-16,0.75,1.0,dinner,1.0,0,1,0,0,1,0
U01413,Kolkata,budget,North Indian|Continental|Street Food,100.0,2,7.0,veg,2024-03-11,0.35,2.0,dinner,0.0,1,0,0,1,0,0
U01414,Delhi,premium,Street Food|Desserts|Fast Food,641.85,8,3.8,both,2024-04-13,0.8333333333333334,1.0,breakfast,0.0,0,1,0,0,0,1
U01415,Pune,budget,South Indian|Street Food|Italian,157.61,12,4.4,both,2024-10-31,0.24523809523809526,3.0,late_night,0.6666666666666666,1,0,0,0,0,1
U01416,Hyderabad,premium,Desserts|Fast Food,498.63,5,16.4,both,2025-03-25,0.5857142857142856,2.0,lunch,0.5,0,1,0,0,0,1
U01417,Bangalore,budget,Fast Food|Italian,182.29,8,18.7,non-veg,2025-08-16,0.38541666666666663,4.0,dinner,0.25,1,0,0,0,1,0
U01418,Hyderabad,budget,Biryani|Desserts|North Indian|Chinese,389.53,10,4.4,veg,2025-11-06,0.3666666666666667,4.0,dinner,0.0,1,0,0,1,0,0
U01419,Kolkata,occasional,Beverages|Desserts|Biryani,252.94,0,7.7,veg,2024-11-21,0.5,2.0,breakfast,0.0,0,0,1,1,0,0
U01420,Kolkata,budget,Chinese|Fast Food,260.78,6,0.5,veg,2024-08-27,0.16666666666666666,1.0,lunch,0.0,1,0,0,1,0,0
U01421,Bangalore,premium,Desserts|Street Food|Biryani,696.95,3,18.6,non-veg,2024-10-20,0.5833333333333333,2.0,dinner,0.5,0,1,0,0,1,0
U01422,Pune,occasional,North Indian|Chinese,576.94,4,38.4,non-veg,2024-04-22,0.6,1.0,dinner,0.0,0,0,1,0,1,0
U01423,Hyderabad,budget,Chinese|North Indian|Desserts|South Indian,167.11,10,0.9,non-veg,2024-04-24,0.2857142857142857,1.0,lunch,0.0,1,0,0,0,1,0
U01424,Mumbai,budget,Continental|South Indian|Street Food,235.04,6,10.7,non-veg,2025-08-19,0.3,0.0,,0.3,1,0,0,0,1,0
U01425,Delhi,premium,Chinese|Desserts|Biryani|Italian,689.74,6,3.4,both,2024-09-25,0.8,1.0,dinner,0.0,0,1,0,0,0,1
U01426,Kolkata,budget,Chinese|Fast Food|Continental|Biryani,276.53,7,5.7,non-veg,2024-05-30,0.13541666666666666,4.0,dinner,0.5,1,0,0,0,1,0
U01427,Kolkata,budget,Fast Food|Italian|South Indian,335.87,13,9.9,non-veg,2024-11-29,0.26666666666666666,4.0,breakfast,0.25,1,0,0,0,1,0
U01428,Mumbai,budget,Desserts|Continental,319.57,6,1.4,veg,2024-06-22,0.33392857142857146,4.0,breakfast,0.5,1,0,0,1,0,0
U01429,Delhi,budget,North Indian|Street Food,263.8,8,1.5,non-veg,2024-04-05,0.20833333333333331,2.0,lunch,0.0,1,0,0,0,1,0
U01430,Chennai,budget,Italian|South Indian|Beverages|Street Food,477.67,8,7.3,both,2025-05-04,0.19642857142857142,2.0,late_night,0.0,1,0,0,0,0,1
U01431,Pune,budget,North Indian|Desserts,265.32,7,7.2,both,2024-05-05,0.2857142857142857,1.0,lunch,0.0,1,0,0,0,0,1
U01432,Hyderabad,premium,Fast Food|Chinese|South Indian|Street Food,710.27,3,28.6,both,2025-08-06,0.3,0.0,,0.3,0,1,0,0,0,1
U01433,Chennai,budget,North Indian|Street Food,244.29,5,2.3,veg,2024-11-08,0.47222222222222215,3.0,dinner,0.3333333333333333,1,0,0,1,0,0
U01434,Kolkata,budget,Beverages|South Indian|Italian,329.0,4,40.6,both,2025-07-03,0.3,0.0,,0.3,1,0,0,0,0,1
U01435,Delhi,budget,Fast Food|Beverages|Desserts,223.48,5,15.5,non-veg,2025-09-16,0.3,0.0,,0.3,1,0,0,0,1,0
U01436,Hyderabad,budget,Continental|Italian,256.43,4,12.7,non-veg,2025-04-13,0.041666666666666664,4.0,breakfast,0.0,1,0,0,0,1,0
U01437,Pune,budget,Italian|Desserts|Chinese|Continental,197.69,7,0.4,veg,2025-08-31,0.3611111111111111,3.0,lunch,0.0,1,0,0,1,0,0
U01438,Bangalore,premium,Fast Food|Italian|Beverages,918.13,4,2.2,both,2025-05-18,0.75,2.0,dinner,0.5,0,1,0,0,0,1
U01439,Mumbai,occasional,Beverages|South Indian|North Indian|Italian,468.93,2,12.7,non-veg,2025-09-13,0.18333333333333335,2.0,breakfast,0.0,0,0,1,0,1,0
U01440,Kolkata,budget,Desserts|Italian|Continental,210.21,11,10.3,veg,2024-11-20,0.19285714285714284,4.0,lunch,0.5,1,0,0,1,0,0
U01441,Pune,budget,Fast Food|South Indian|Street Food|Continental,174.54,16,2.0,non-veg,2025-11-28,0.0,1.0,lunch,0.0,1,0,0,0,1,0
U01442,Bangalore,budget,Italian|Beverages|Biryani,175.96,7,1.5,non-veg,2024-05-17,0.16666666666666666,2.0,lunch,0.5,1,0,0,0,1,0
U01443,Pune,occasional,North Indian|Continental|Fast Food|Beverages,300.02,3,10.4,veg,2024-05-03,0.4,1.0,breakfast,0.0,0,0,1,1,0,0
U01444,Hyderabad,budget,Desserts|Biryani|Chinese,335.28,5,10.0,veg,2024-07-04,0.3,0.0,,0.3,1,0,0,1,0,0
U01445,Bangalore,premium,Chinese|Fast Food|Continental|Street Food,455.1,4,11.0,non-veg,2024-09-10,0.7000000000000001,3.0,lunch,0.3333333333333333,0,1,0,0,1,0
U01446,Mumbai,premium,Chinese|South Indian|Biryani,478.17,3,22.2,both,2024-08-02,0.5238095238095238,2.0,breakfast,0.0,0,1,0,0,0,1
U01447,Hyderabad,budget,Fast Food|South Indian,341.43,5,7.3,both,2025-03-13,0.29166666666666663,2.0,dinner,0.0,1,0,0,0,0,1
U01448,Bangalore,occasional,Beverages|Fast Food,413.61,2,0.7,veg,2025-01-23,0.30952380952380953,2.0,dinner,0.5,0,0,1,1,0,0
U01449,Hyderabad,budget,Fast Food|Continental|Biryani,286.11,7,35.8,non-veg,2024-11-07,0.3666666666666667,2.0,dinner,1.0,1,0,0,0,1,0
U01450,Delhi,budget,Beverages|Chinese|Continental,155.5,7,5.1,veg,2025-12-04,0.27380952380952384,5.0,dinner,0.4,1,0,0,1,0,0
U01451,Delhi,occasional,North Indian|Italian,476.58,2,14.4,non-veg,2025-07-24,0.3,0.0,,0.3,0,0,1,0,1,0
U01452,Bangalore,occasional,Fast Food|Chinese|Beverages,425.53,3,2.8,non-veg,2024-11-07,0.75,2.0,dinner,0.5,0,0,1,0,1,0
U01453,Bangalore,budget,North Indian|Beverages|Biryani,121.21,17,12.5,non-veg,2024-07-02,0.2642857142857143,3.0,dinner,0.3333333333333333,1,0,0,0,1,0
U01454,Hyderabad,premium,Beverages|South Indian|Chinese,789.75,5,63.9,non-veg,2025-09-23,0.25,2.0,lunch,0.0,0,1,0,0,1,0
U01455,Mumbai,budget,Italian|Fast Food,373.48,7,0.1,veg,2025-07-27,0.3,0.0,,0.3,1,0,0,1,0,0
U01456,Kolkata,occasional,Street Food|Fast Food,257.75,0,3.7,both,2024-06-30,0.30000000000000004,2.0,dinner,0.0,0,0,1,0,0,1
U01457,Pune,premium,Italian|North Indian|Chinese|Continental,705.72,2,11.3,non-veg,2025-11-10,0.6,1.0,lunch,0.0,0,1,0,0,1,0
U01458,Delhi,budget,South Indian|Biryani|North Indian,314.76,8,2.2,non-veg,2025-04-11,0.2,1.0,snack,1.0,1,0,0,0,1,0
U01459,Pune,budget,South Indian|Desserts|Biryani|Fast Food,185.62,4,11.6,veg,2025-10-11,0.08333333333333333,2.0,lunch,0.5,1,0,0,1,0,0
U01460,Kolkata,premium,Chinese|North Indian|South Indian,833.74,0,9.4,non-veg,2024-10-13,0.7333333333333334,3.0,snack,0.6666666666666666,0,1,0,0,1,0
U01461,Kolkata,occasional,Beverages|Continental|Fast Food|Street Food,561.41,3,30.5,veg,2024-03-25,0.3642857142857143,6.0,dinner,0.3333333333333333,0,0,1,1,0,0
U01462,Bangalore,budget,North Indian|Beverages|Biryani,201.85,4,0.1,non-veg,2024-06-24,0.425,2.0,breakfast,0.0,1,0,0,0,1,0
U01463,Delhi,budget,North Indian|Fast Food,369.69,9,13.0,both,2025-03-03,0.0,1.0,breakfast,0.0,1,0,0,0,0,1
U01464,Kolkata,premium,South Indian|Street Food,755.66,4,24.5,veg,2024-05-21,0.425,4.0,dinner,0.75,0,1,0,1,0,0
U01465,Hyderabad,occasional,Desserts|Fast Food,383.73,3,13.7,veg,2025-07-29,0.33888888888888885,3.0,breakfast,0.0,0,0,1,1,0,0
U01466,Delhi,occasional,South Indian|North Indian|Italian,494.32,2,18.5,veg,2025-08-14,0.4984126984126984,3.0,breakfast,0.6666666666666666,0,0,1,1,0,0
U01467,Hyderabad,budget,Fast Food|Chinese|South Indian,337.11,9,8.1,veg,2025-03-28,0.5,1.0,late_night,1.0,1,0,0,1,0,0
U01468,Hyderabad,occasional,Fast Food|Chinese|Biryani,299.85,3,28.0,veg,2024-03-17,0.5,1.0,breakfast,1.0,0,0,1,1,0,0
U01469,Bangalore,premium,Street Food|Italian|Beverages,608.93,3,0.5,both,2024-10-28,0.45555555555555555,3.0,lunch,0.3333333333333333,0,1,0,0,0,1
U01470,Hyderabad,budget,Fast Food|Desserts|South Indian,273.9,9,5.8,veg,2024-11-21,0.20555555555555557,3.0,dinner,0.6666666666666666,1,0,0,1,0,0
U01471,Kolkata,occasional,Continental|Chinese|Desserts,231.74,2,15.9,non-veg,2024-04-22,0.24444444444444446,3.0,breakfast,0.6666666666666666,0,0,1,0,1,0
U01472,Hyderabad,budget,North Indian|Street Food,250.32,12,5.0,veg,2025-02-12,0.3333333333333333,1.0,breakfast,1.0,1,0,0,1,0,0
U01473,Hyderabad,occasional,Italian|Chinese|Beverages|Fast Food,472.5,1,3.3,non-veg,2024-04-23,0.25,2.0,late_night,0.0,0,0,1,0,1,0
U01474,Pune,occasional,South Indian|Fast Food|Beverages|Italian,407.43,3,5.9,non-veg,2025-11-07,0.3,0.0,,0.3,0,0,1,0,1,0
U01475,Kolkata,budget,Fast Food|Chinese|Street Food,268.35,5,27.2,both,2024-02-27,0.35,2.0,breakfast,0.0,1,0,0,0,0,1
U01476,Mumbai,premium,Street Food|Desserts,398.14,7,2.4,both,2025-03-31,0.7083333333333333,2.0,breakfast,0.0,0,1,0,0,0,1
U01477,Chennai,occasional,Street Food|South Indian,367.31,0,0.8,non-veg,2025-12-12,0.25,2.0,breakfast,0.5,0,0,1,0,1,0
U01478,Chennai,budget,Street Food|Desserts,390.44,6,11.2,both,2024-12-01,0.3,0.0,,0.3,1,0,0,0,0,1
U01479,Bangalore,premium,Continental|Fast Food|Biryani,468.73,3,32.6,veg,2025-05-12,0.4625,4.0,dinner,0.0,0,1,0,1,0,0
U01480,Chennai,premium,Street Food|North Indian,604.63,4,19.1,both,2025-10-03,0.4777777777777778,3.0,breakfast,0.3333333333333333,0,1,0,0,0,1
U01481,Pune,premium,Beverages|Chinese|Street Food|Desserts,409.16,1,9.5,non-veg,2024-12-21,0.8015873015873015,3.0,late_night,0.0,0,1,0,0,1,0
U01482,Bangalore,budget,Desserts|Fast Food,307.04,10,2.2,veg,2025-03-12,0.1,2.0,breakfast,0.5,1,0,0,1,0,0
U01483,Chennai,premium,Beverages|Continental|Fast Food|Chinese,466.41,5,12.0,non-veg,2025-07-20,0.4222222222222222,3.0,dinner,1.0,0,1,0,0,1,0
U01484,Delhi,premium,South Indian|Fast Food,531.18,6,2.4,veg,2024-03-09,0.5571428571428572,4.0,snack,0.5,0,1,0,1,0,0
U01485,Bangalore,budget,Street Food|North Indian|Continental,340.11,7,2.9,both,2024-12-19,0.23809523809523808,2.0,dinner,0.0,1,0,0,0,0,1
U01486,Bangalore,premium,Chinese|Beverages,840.3,5,11.3,non-veg,2024-10-13,0.7333333333333334,3.0,lunch,0.0,0,1,0,0,1,0
U01487,Pune,occasional,Continental|Beverages|Fast Food,299.37,3,132.9,non-veg,2024-05-04,0.5,3.0,dinner,0.6666666666666666,0,0,1,0,1,0
U01488,Kolkata,budget,Biryani|Desserts|Fast Food|North Indian,145.2,13,0.2,non-veg,2025-09-21,0.14285714285714285,2.0,late_night,0.0,1,0,0,0,1,0
U01489,Delhi,budget,Italian|South Indian,290.51,9,0.2,veg,2026-01-11,0.3,0.0,,0.3,1,0,0,1,0,0
U01490,Pune,occasional,North Indian|Italian,480.48,2,7.0,both,2024-09-22,0.4666666666666667,2.0,breakfast,0.0,0,0,1,0,0,1
U01491,Pune,budget,Italian|Desserts,131.66,6,6.8,veg,2024-04-26,0.6666666666666666,1.0,breakfast,0.0,1,0,0,1,0,0
U01492,Kolkata,premium,Italian|South Indian|Fast Food|Desserts,462.09,6,17.2,non-veg,2024-10-10,0.3,0.0,,0.3,0,1,0,0,1,0
U01493,Delhi,occasional,Desserts|North Indian|South Indian,494.05,2,3.7,both,2025-08-10,0.5416666666666666,2.0,breakfast,0.5,0,0,1,0,0,1
U01494,Delhi,budget,Beverages|Continental|Street Food|North Indian,312.29,9,0.9,non-veg,2024-10-24,0.34920634920634913,3.0,late_night,1.0,1,0,0,0,1,0
U01495,Chennai,budget,Italian|Fast Food,223.7,6,13.5,veg,2024-06-23,0.25,1.0,lunch,1.0,1,0,0,1,0,0
U01496,Kolkata,occasional,North Indian|Biryani|Continental,231.18,0,19.9,non-veg,2025-10-14,0.3333333333333333,2.0,dinner,0.5,0,0,1,0,1,0
U01497,Pune,occasional,Desserts|Continental|Beverages|Biryani,316.5,1,35.7,veg,2024-06-14,0.3,0.0,,0.3,0,0,1,1,0,0
U01498,Chennai,budget,Street Food|Fast Food|North Indian|Italian,237.25,11,3.9,non-veg,2024-12-14,0.31746031746031744,3.0,breakfast,0.3333333333333333,1,0,0,0,1,0
U01499,Hyderabad,occasional,Continental|Beverages|Italian|Biryani,428.93,3,1.4,veg,2025-11-26,0.23809523809523808,4.0,late_night,0.75,0,0,1,1,0,0
U01500,Chennai,budget,Desserts|Biryani,298.31,8,0.8,veg,2024-07-10,0.3526190476190476,5.0,breakfast,0.2,1,0,0,1,0,0
U01501,Bangalore,premium,Desserts|Beverages|South Indian,669.84,4,3.6,both,2024-09-08,0.5857142857142856,2.0,late_night,0.5,0,1,0,0,0,1
U01502,Chennai,occasional,Biryani|Beverages|Desserts|North Indian,264.99,3,80.3,veg,2025-08-15,0.4388888888888889,3.0,breakfast,0.3333333333333333,0,0,1,1,0,0
U01503,Mumbai,premium,Italian|Beverages|Biryani|Continental,505.62,4,44.8,both,2025-06-04,0.5714285714285714,1.0,snack,0.0,0,1,0,0,0,1
U01504,Chennai,budget,Continental|Biryani,134.82,6,0.9,non-veg,2024-05-21,0.2523809523809524,4.0,lunch,0.25,1,0,0,0,1,0
U01505,Kolkata,budget,Beverages|Chinese|Fast Food|Biryani,127.04,6,0.4,non-veg,2024-12-24,0.42857142857142855,2.0,dinner,0.0,1,0,0,0,1,0
U01506,Hyderabad,occasional,Biryani|Beverages|Chinese|Fast Food,662.11,4,3.0,veg,2025-06-29,0.38095238095238093,3.0,breakfast,0.0,0,0,1,1,0,0
U01507,Mumbai,occasional,South Indian|Beverages|Chinese|Continental,442.13,0,4.5,veg,2025-07-07,0.2261904761904762,3.0,late_night,0.0,0,0,1,1,0,0
U01508,Delhi,premium,Beverages|South Indian|Desserts|Italian,806.43,2,5.0,non-veg,2025-03-23,0.425,2.0,dinner,0.5,0,1,0,0,1,0
U01509,Delhi,budget,Street Food|North Indian,273.45,12,4.1,veg,2026-01-09,0.26666666666666666,2.0,dinner,0.0,1,0,0,1,0,0
U01510,Mumbai,premium,Biryani|Chinese|Street Food,803.02,3,26.6,non-veg,2024-08-30,0.8,1.0,lunch,0.0,0,1,0,0,1,0
U01511,Bangalore,budget,Biryani|Desserts,181.16,10,7.4,non-veg,2025-10-03,0.6,1.0,lunch,0.0,1,0,0,0,1,0
U01512,Chennai,budget,South Indian|Street Food,249.1,3,3.5,veg,2025-06-12,0.25,2.0,dinner,0.5,1,0,0,1,0,0
U01513,Hyderabad,premium,Biryani|Continental|North Indian,457.5,5,0.5,non-veg,2024-07-06,0.8055555555555555,3.0,lunch,0.0,0,1,0,0,1,0
U01514,Mumbai,occasional,Street Food|South Indian,333.67,2,16.0,both,2025-12-07,0.8571428571428571,1.0,lunch,0.0,0,0,1,0,0,1
U01515,Hyderabad,budget,South Indian|Continental|Street Food,233.18,5,2.2,veg,2024-07-01,0.24523809523809526,3.0,lunch,0.6666666666666666,1,0,0,1,0,0
U01516,Bangalore,budget,South Indian|Chinese|Continental|Desserts,208.81,13,0.1,both,2025-07-01,0.13333333333333333,4.0,breakfast,0.25,1,0,0,0,0,1
U01517,Mumbai,budget,Fast Food|Beverages,217.69,4,7.3,veg,2024-08-27,0.375,2.0,breakfast,0.5,1,0,0,1,0,0
U01518,Hyderabad,budget,South Indian|Chinese|Biryani|Street Food,318.46,7,5.5,veg,2025-09-08,0.37777777777777777,3.0,late_night,0.0,1,0,0,1,0,0
U01519,Bangalore,premium,Beverages|Desserts,833.88,3,2.3,both,2026-01-21,0.3571428571428571,2.0,lunch,0.5,0,1,0,0,0,1
U01520,Delhi,occasional,Biryani|Fast Food|Chinese,394.15,2,11.4,both,2025-11-01,0.5,2.0,breakfast,0.0,0,0,1,0,0,1
U01521,Mumbai,premium,Desserts|Biryani|Italian,729.32,6,19.0,non-veg,2025-08-25,0.3,0.0,,0.3,0,1,0,0,1,0
U01522,Kolkata,occasional,Desserts|Italian|Chinese|Continental,255.09,3,2.4,non-veg,2024-11-14,0.25,1.0,breakfast,0.0,0,0,1,0,1,0
U01523,Hyderabad,occasional,Beverages|Street Food|Biryani,434.95,3,19.1,non-veg,2025-12-28,0.75,1.0,breakfast,0.0,0,0,1,0,1,0
U01524,Hyderabad,premium,North Indian|Street Food,719.29,4,11.9,both,2025-11-17,0.4766666666666667,5.0,dinner,0.2,0,1,0,0,0,1
U01525,Bangalore,occasional,Biryani|Desserts|Chinese,382.07,0,10.3,non-veg,2024-11-09,0.34523809523809523,4.0,dinner,0.5,0,0,1,0,1,0
U01526,Bangalore,budget,North Indian|Chinese|Continental,128.48,12,11.6,non-veg,2024-04-21,0.22916666666666666,4.0,dinner,0.25,1,0,0,0,1,0
U01527,Pune,occasional,Street Food|Fast Food|Desserts|Italian,297.71,2,28.1,non-veg,2024-03-01,0.4666666666666667,2.0,breakfast,1.0,0,0,1,0,1,0
U01528,Pune,occasional,Fast Food|Biryani|Street Food|North Indian,501.96,3,6.9,veg,2025-04-16,0.55,2.0,dinner,0.5,0,0,1,1,0,0
U01529,Chennai,occasional,Chinese|Desserts|Beverages|Biryani,563.13,2,20.2,both,2025-07-01,0.16666666666666666,1.0,breakfast,0.0,0,0,1,0,0,1
U01530,Chennai,premium,Continental|Beverages|Biryani|Desserts,395.07,7,3.2,veg,2024-04-03,0.5,1.0,late_night,0.0,0,1,0,1,0,0
U01531,Hyderabad,budget,Fast Food|South Indian,239.21,4,4.4,non-veg,2025-12-21,0.3142857142857143,2.0,breakfast,0.5,1,0,0,0,1,0
U01532,Chennai,occasional,Desserts|Chinese|Fast Food,392.09,2,4.3,veg,2025-06-23,0.3,0.0,,0.3,0,0,1,1,0,0
U01533,Bangalore,occasional,Street Food|Fast Food|Biryani|Desserts,411.81,1,65.5,both,2024-04-17,0.41111111111111115,3.0,breakfast,0.6666666666666666,0,0,1,0,0,1
U01534,Delhi,occasional,North Indian|Street Food,310.4,4,12.7,non-veg,2024-05-31,0.39285714285714285,2.0,dinner,0.0,0,0,1,0,1,0
U01535,Mumbai,budget,Fast Food|Desserts,100.0,5,21.1,non-veg,2024-08-28,0.21428571428571427,2.0,dinner,0.5,1,0,0,0,1,0
U01536,Bangalore,budget,North Indian|Biryani|Fast Food|Street Food,238.79,5,88.3,both,2024-08-26,0.2638888888888889,3.0,dinner,0.0,1,0,0,0,0,1
U01537,Mumbai,occasional,North Indian|South Indian,377.92,1,24.8,non-veg,2024-10-25,0.3,0.0,,0.3,0,0,1,0,1,0
U01538,Mumbai,budget,North Indian|Beverages|Biryani|South Indian,290.44,11,4.5,non-veg,2024-06-11,0.3,0.0,,0.3,1,0,0,0,1,0
U01539,Chennai,premium,Street Food|Italian|Biryani|Chinese,396.0,6,15.3,both,2025-04-11,0.2,1.0,breakfast,0.0,0,1,0,0,0,1
U01540,Pune,premium,Continental|Chinese|Desserts|Fast Food,568.07,4,1.0,veg,2025-05-19,0.3,0.0,,0.3,0,1,0,1,0,0
U01541,Bangalore,budget,Street Food|Italian|Biryani,431.93,10,20.0,both,2024-10-19,0.5,4.0,breakfast,0.25,1,0,0,0,0,1
U01542,Bangalore,budget,Desserts|Continental,325.23,8,8.1,non-veg,2025-11-05,0.3,0.0,,0.3,1,0,0,0,1,0
U01543,Bangalore,occasional,Desserts|Chinese,539.21,1,37.6,non-veg,2024-09-27,0.375,2.0,dinner,0.0,0,0,1,0,1,0
U01544,Delhi,occasional,South Indian|Biryani|Desserts,563.41,2,14.0,both,2024-06-04,0.5,1.0,lunch,0.0,0,0,1,0,0,1
U01545,Chennai,occasional,Desserts|Fast Food|Beverages|Biryani,312.47,2,38.6,veg,2024-11-20,0.5277777777777778,3.0,dinner,0.3333333333333333,0,0,1,1,0,0
U01546,Hyderabad,premium,Beverages|Desserts|Chinese|South Indian,707.97,3,7.8,non-veg,2024-08-28,0.25,1.0,dinner,0.0,0,1,0,0,1,0
U01547,Delhi,premium,Beverages|Chinese|South Indian,659.97,6,20.3,veg,2025-06-24,0.5,2.0,breakfast,0.5,0,1,0,1,0,0
U01548,Hyderabad,occasional,North Indian|Chinese|Biryani,318.31,0,24.2,veg,2025-09-28,0.3,0.0,,0.3,0,0,1,1,0,0
U01549,Chennai,budget,South Indian|Continental|Biryani,171.89,9,5.5,non-veg,2024-06-21,0.5,2.0,breakfast,0.5,1,0,0,0,1,0
U01550,Mumbai,budget,Street Food|Chinese,328.03,5,3.8,veg,2025-09-29,0.13333333333333333,3.0,dinner,0.0,1,0,0,1,0,0
U01551,Mumbai,occasional,Biryani|Fast Food|Street Food,353.39,0,17.8,non-veg,2024-09-17,0.6309523809523809,2.0,late_night,0.0,0,0,1,0,1,0
U01552,Bangalore,occasional,Chinese|Desserts,426.73,2,21.3,both,2025-12-09,0.5,1.0,late_night,0.0,0,0,1,0,0,1
U01553,Mumbai,premium,Italian|Chinese|Beverages,430.75,6,5.3,veg,2026-01-25,0.4708333333333333,4.0,dinner,0.5,0,1,0,1,0,0
U01554,Bangalore,premium,Biryani|South Indian|North Indian|Italian,789.53,4,14.6,both,2024-09-22,0.3,0.0,,0.3,0,1,0,0,0,1
U01555,Chennai,premium,Continental|Beverages|Biryani,447.76,4,33.5,non-veg,2025-01-06,0.5,1.0,lunch,0.0,0,1,0,0,1,0
U01556,Hyderabad,premium,Continental|Chinese|Street Food|Fast Food,510.1,5,4.9,veg,2024-04-16,0.5833333333333333,2.0,dinner,0.5,0,1,0,1,0,0
U01557,Hyderabad,budget,Beverages|Chinese|Biryani,394.94,6,1.9,non-veg,2025-10-28,0.30952380952380953,4.0,dinner,0.25,1,0,0,0,1,0
U01558,Kolkata,occasional,Continental|Desserts|Street Food|South Indian,256.73,5,0.1,both,2024-12-19,0.3,0.0,,0.3,0,0,1,0,0,1
U01559,Mumbai,occasional,North Indian|Beverages|Fast Food|Biryani,459.34,5,11.0,non-veg,2025-10-29,0.3,0.0,,0.3,0,0,1,0,1,0
U01560,Kolkata,budget,North Indian|Fast Food,159.56,7,0.9,veg,2024-07-02,0.3568452380952381,4.0,lunch,0.5,1,0,0,1,0,0
U01561,Pune,occasional,Street Food|South Indian,444.27,0,12.3,non-veg,2025-07-14,0.5,1.0,lunch,0.0,0,0,1,0,1,0
U01562,Chennai,occasional,Continental|North Indian|Italian|Desserts,401.4,1,27.3,non-veg,2024-09-27,0.75,1.0,dinner,0.0,0,0,1,0,1,0
U01563,Chennai,budget,South Indian|Street Food,378.5,7,1.6,veg,2025-07-27,0.2,1.0,dinner,1.0,1,0,0,1,0,0
U01564,Bangalore,budget,Italian|Continental|Beverages,158.76,8,7.8,non-veg,2025-11-02,0.2857142857142857,3.0,lunch,0.6666666666666666,1,0,0,0,1,0
U01565,Kolkata,budget,Continental|Biryani|Desserts|Fast Food,183.43,8,11.1,non-veg,2025-12-12,0.3,0.0,,0.3,1,0,0,0,1,0
U01566,Hyderabad,budget,Biryani|Desserts,163.2,13,9.1,non-veg,2025-07-27,0.3,0.0,,0.3,1,0,0,0,1,0
U01567,Hyderabad,premium,Street Food|Biryani,470.96,5,12.7,veg,2025-01-01,0.5238095238095237,3.0,breakfast,0.3333333333333333,0,1,0,1,0,0
U01568,Mumbai,occasional,South Indian|Continental,301.91,2,15.2,non-veg,2024-07-22,0.375,2.0,breakfast,0.5,0,0,1,0,1,0
U01569,Delhi,occasional,Chinese|Continental|Fast Food,287.45,1,2.4,non-veg,2025-10-28,0.3,0.0,,0.3,0,0,1,0,1,0
U01570,Delhi,budget,Desserts|Chinese|North Indian,377.89,9,31.3,non-veg,2024-05-08,0.31071428571428567,5.0,breakfast,0.4,1,0,0,0,1,0
U01571,Mumbai,occasional,North Indian|Continental,494.32,0,25.5,veg,2025-03-28,0.3,0.0,,0.3,0,0,1,1,0,0
U01572,Hyderabad,premium,Biryani|Chinese,427.62,1,9.2,veg,2024-12-01,0.6984126984126983,3.0,breakfast,0.3333333333333333,0,1,0,1,0,0
U01573,Mumbai,occasional,Desserts|South Indian|North Indian,313.47,2,23.7,veg,2025-07-04,0.2857142857142857,2.0,dinner,0.0,0,0,1,1,0,0
U01574,Delhi,budget,Continental|Italian|Beverages|Fast Food,153.9,7,7.3,both,2024-08-29,0.5,1.0,dinner,0.0,1,0,0,0,0,1
U01575,Hyderabad,premium,Fast Food|North Indian,358.35,2,1.8,veg,2025-03-08,0.6053571428571428,4.0,breakfast,0.25,0,1,0,1,0,0
U01576,Hyderabad,occasional,Desserts|South Indian|Beverages|North Indian,289.61,2,7.8,veg,2024-12-06,0.31746031746031744,6.0,late_night,0.16666666666666666,0,0,1,1,0,0
U01577,Pune,budget,North Indian|Fast Food,110.64,11,1.4,both,2024-07-09,0.30666666666666664,5.0,dinner,0.6,1,0,0,0,0,1
U01578,Chennai,occasional,South Indian|Italian|Chinese|Beverages,529.01,3,16.0,veg,2024-06-25,0.3333333333333333,1.0,lunch,0.0,0,0,1,1,0,0
U01579,Hyderabad,occasional,South Indian|Street Food|Italian,484.23,1,7.4,non-veg,2025-09-04,0.6,1.0,lunch,0.0,0,0,1,0,1,0
U01580,Mumbai,premium,Chinese|Italian|Desserts|Fast Food,800.78,3,8.4,both,2024-10-22,1.0,1.0,dinner,0.0,0,1,0,0,0,1
U01581,Bangalore,premium,Beverages|Fast Food,635.78,3,2.4,non-veg,2024-03-30,0.9,2.0,late_night,0.0,0,1,0,0,1,0
U01582,Delhi,budget,North Indian|Beverages,423.36,7,10.1,both,2025-04-23,0.20833333333333331,2.0,dinner,0.0,1,0,0,0,0,1
U01583,Chennai,premium,Desserts|Biryani|Italian,959.77,3,31.7,both,2024-06-07,0.4226190476190476,4.0,late_night,0.25,0,1,0,0,0,1
U01584,Kolkata,budget,Fast Food|North Indian|Chinese|Biryani,292.49,11,2.2,veg,2024-07-30,0.19238095238095237,5.0,lunch,0.2,1,0,0,1,0,0
U01585,Chennai,budget,Fast Food|South Indian,346.66,8,9.0,non-veg,2024-12-19,0.25,1.0,late_night,0.0,1,0,0,0,1,0
U01586,Pune,occasional,Chinese|Street Food,342.96,1,12.9,both,2025-04-16,0.48333333333333334,2.0,breakfast,0.0,0,0,1,0,0,1
U01587,Hyderabad,budget,Continental|Street Food,100.0,5,5.5,veg,2025-03-08,0.25396825396825395,3.0,lunch,0.3333333333333333,1,0,0,1,0,0
U01588,Pune,occasional,Fast Food|Beverages|Continental,438.71,4,11.9,non-veg,2025-05-21,0.5375,4.0,breakfast,0.0,0,0,1,0,1,0
U01589,Pune,occasional,Biryani|Italian|Beverages,201.46,1,9.4,veg,2024-05-24,0.0,2.0,dinner,0.0,0,0,1,1,0,0
U01590,Mumbai,budget,Chinese|North Indian,288.63,12,1.1,non-veg,2024-05-14,0.35,2.0,late_night,0.5,1,0,0,0,1,0
U01591,Hyderabad,budget,North Indian|Chinese,245.28,5,0.4,both,2024-11-30,0.42857142857142855,1.0,late_night,1.0,1,0,0,0,0,1
U01592,Chennai,budget,Beverages|Desserts|South Indian|Street Food,228.34,12,3.9,non-veg,2024-04-03,0.2722222222222222,3.0,dinner,0.3333333333333333,1,0,0,0,1,0
U01593,Pune,budget,Street Food|North Indian,243.47,8,4.7,both,2024-03-11,0.7166666666666667,2.0,breakfast,0.5,1,0,0,0,0,1
U01594,Hyderabad,budget,South Indian|Biryani|Desserts|Beverages,220.67,9,1.1,non-veg,2024-05-22,0.3333333333333333,2.0,dinner,0.0,1,0,0,0,1,0
U01595,Mumbai,occasional,Chinese|North Indian|South Indian,409.05,2,9.5,both,2024-10-11,0.35857142857142854,5.0,dinner,0.2,0,0,1,0,0,1
U01596,Mumbai,occasional,Beverages|North Indian,440.44,2,4.9,non-veg,2025-06-15,0.5555555555555555,3.0,dinner,0.6666666666666666,0,0,1,0,1,0
U01597,Pune,budget,Fast Food|Biryani,363.69,6,6.0,veg,2025-07-15,0.2857142857142857,1.0,breakfast,1.0,1,0,0,1,0,0
U01598,Bangalore,budget,Fast Food|Italian|Street Food|Beverages,131.45,14,11.1,veg,2025-01-21,0.4,1.0,lunch,0.0,1,0,0,1,0,0
U01599,Bangalore,occasional,Beverages|Italian|North Indian,252.86,3,32.1,non-veg,2025-07-11,0.5499999999999999,3.0,dinner,0.6666666666666666,0,0,1,0,1,0
U01600,Kolkata,premium,Desserts|South Indian|Fast Food|Beverages,667.15,2,10.5,both,2024-09-02,0.5654761904761905,4.0,breakfast,0.25,0,1,0,0,0,1
U01601,Hyderabad,budget,Street Food|Italian,121.62,14,4.8,non-veg,2024-03-23,0.5,1.0,lunch,0.0,1,0,0,0,1,0
U01602,Pune,premium,Continental|Chinese|South Indian|Fast Food,625.41,5,48.7,both,2025-09-18,0.7285714285714285,2.0,late_night,0.0,0,1,0,0,0,1
U01603,Pune,budget,Chinese|Fast Food,257.44,14,2.8,veg,2024-06-23,0.0,1.0,snack,0.0,1,0,0,1,0,0
U01604,Kolkata,premium,Street Food|Fast Food,737.64,3,1.8,non-veg,2025-07-15,0.42857142857142855,1.0,dinner,0.0,0,1,0,0,1,0
U01605,Kolkata,budget,North Indian|Street Food|Fast Food|Biryani,215.67,7,6.3,non-veg,2024-07-03,0.45714285714285713,4.0,breakfast,0.25,1,0,0,0,1,0
U01606,Hyderabad,budget,Desserts|North Indian,256.4,12,8.4,both,2025-03-03,0.22619047619047616,2.0,lunch,0.0,1,0,0,0,0,1
U01607,Hyderabad,occasional,Fast Food|South Indian|Beverages,347.46,1,7.9,non-veg,2024-09-07,0.25,1.0,breakfast,0.0,0,0,1,0,1,0
U01608,Mumbai,premium,North Indian|Italian|Continental|Chinese,337.79,6,13.4,non-veg,2024-11-23,0.5238095238095238,3.0,dinner,0.3333333333333333,0,1,0,0,1,0
U01609,Chennai,premium,Biryani|North Indian|Desserts,578.81,4,12.5,non-veg,2025-07-12,0.5714285714285714,1.0,lunch,1.0,0,1,0,0,1,0
U01610,Mumbai,budget,Continental|North Indian,181.48,6,12.4,both,2025-06-10,0.25,2.0,lunch,0.0,1,0,0,0,0,1
U01611,Pune,premium,South Indian|Italian|Street Food,571.2,4,6.2,non-veg,2025-08-12,0.6755952380952381,4.0,breakfast,0.25,0,1,0,0,1,0
U01612,Mumbai,occasional,South Indian|Continental|North Indian,327.98,1,31.9,veg,2024-09-23,0.5,1.0,breakfast,1.0,0,0,1,1,0,0
U01613,Hyderabad,occasional,Continental|Biryani,454.62,1,9.4,non-veg,2025-05-16,0.25,2.0,dinner,0.0,0,0,1,0,1,0
U01614,Delhi,budget,Beverages|Italian,263.57,10,11.1,non-veg,2025-02-13,0.41666666666666663,2.0,breakfast,0.5,1,0,0,0,1,0
U01615,Kolkata,budget,Biryani|Street Food,236.02,6,4.6,veg,2025-05-30,0.3,0.0,,0.3,1,0,0,1,0,0
U01616,Bangalore,budget,Continental|Beverages|South Indian|Biryani,150.29,10,1.6,both,2024-10-27,0.5,1.0,lunch,0.0,1,0,0,0,0,1
U01617,Chennai,occasional,South Indian|North Indian,565.61,5,19.1,non-veg,2025-12-24,0.5055555555555555,6.0,lunch,0.16666666666666666,0,0,1,0,1,0
U01618,Hyderabad,budget,South Indian|Chinese|North Indian,294.75,10,21.6,both,2024-11-01,0.3,0.0,,0.3,1,0,0,0,0,1
U01619,Bangalore,budget,Continental|Desserts|South Indian,296.67,6,5.4,non-veg,2025-10-15,0.38888888888888884,3.0,late_night,0.0,1,0,0,0,1,0
U01620,Pune,occasional,Street Food|North Indian,360.74,1,15.9,both,2025-04-01,0.3,0.0,,0.3,0,0,1,0,0,1
U01621,Kolkata,budget,Desserts|South Indian|Continental,100.0,9,8.6,both,2025-06-03,0.4133333333333333,5.0,breakfast,0.4,1,0,0,0,0,1
U01622,Kolkata,budget,Continental|North Indian|Beverages|Italian,165.5,8,5.1,non-veg,2024-10-09,0.2976190476190476,2.0,breakfast,0.5,1,0,0,0,1,0
U01623,Kolkata,budget,Continental|South Indian|Biryani,245.45,8,0.6,non-veg,2024-04-01,0.25,3.0,breakfast,0.3333333333333333,1,0,0,0,1,0
U01624,Pune,premium,Beverages|Street Food,780.02,4,3.2,veg,2025-02-25,0.5,1.0,dinner,0.0,0,1,0,1,0,0
U01625,Chennai,premium,South Indian|Continental,590.58,3,15.7,both,2026-01-15,0.75,1.0,dinner,1.0,0,1,0,0,0,1
U01626,Chennai,budget,South Indian|Italian|Chinese|Biryani,181.83,12,3.3,both,2024-08-24,0.3,0.0,,0.3,1,0,0,0,0,1
U01627,Mumbai,occasional,Desserts|Beverages|Street Food,653.24,0,32.9,non-veg,2025-07-21,0.4333333333333333,5.0,dinner,0.4,0,0,1,0,1,0
U01628,Delhi,occasional,North Indian|Continental,325.02,2,45.2,veg,2025-09-19,0.3261904761904762,4.0,dinner,0.25,0,0,1,1,0,0
U01629,Mumbai,premium,Desserts|Street Food|Biryani|Chinese,476.13,1,24.9,both,2024-06-09,0.0,1.0,lunch,0.0,0,1,0,0,0,1
U01630,Chennai,premium,Chinese|Beverages,713.92,3,34.1,both,2025-03-17,0.6666666666666666,2.0,lunch,1.0,0,1,0,0,0,1
U01631,Chennai,occasional,Fast Food|Biryani|North Indian,486.14,3,1.2,veg,2024-08-15,0.2857142857142857,1.0,lunch,0.0,0,0,1,1,0,0
U01632,Chennai,premium,Chinese|North Indian|Italian|Fast Food,802.65,3,22.6,non-veg,2024-07-04,0.41666666666666663,2.0,breakfast,0.5,0,1,0,0,1,0
U01633,Kolkata,premium,Desserts|Biryani,534.72,5,62.2,both,2025-07-11,0.6785714285714286,2.0,snack,0.5,0,1,0,0,0,1
U01634,Delhi,premium,Italian|South Indian|Biryani|Street Food,468.78,10,3.2,veg,2024-03-15,0.4583333333333333,2.0,breakfast,0.0,0,1,0,1,0,0
U01635,Hyderabad,premium,Beverages|Biryani|Street Food|Fast Food,612.47,6,5.6,non-veg,2025-03-27,0.6666666666666666,3.0,lunch,0.3333333333333333,0,1,0,0,1,0
U01636,Hyderabad,premium,Chinese|South Indian|Beverages,598.89,8,0.0,veg,2025-12-15,0.2833333333333333,2.0,breakfast,0.5,0,1,0,1,0,0
U01637,Hyderabad,budget,North Indian|Italian,205.03,11,1.5,veg,2025-06-06,0.25,2.0,late_night,0.5,1,0,0,1,0,0
U01638,Hyderabad,occasional,Italian|Continental|Beverages|Biryani,599.13,2,7.3,veg,2025-02-22,0.18333333333333335,2.0,dinner,0.5,0,0,1,1,0,0
U01639,Kolkata,premium,Desserts|Italian|Continental|South Indian,615.68,4,10.4,non-veg,2026-01-21,0.6052910052910053,9.0,dinner,0.1111111111111111,0,1,0,0,1,0
U01640,Mumbai,budget,South Indian|Biryani,238.43,8,13.9,non-veg,2025-12-28,0.2222222222222222,3.0,lunch,0.0,1,0,0,0,1,0
U01641,Chennai,budget,Chinese|Fast Food,253.11,11,10.3,non-veg,2024-11-03,0.3333333333333333,1.0,lunch,1.0,1,0,0,0,1,0
U01642,Delhi,budget,Continental|Biryani|North Indian|Beverages,210.84,8,0.1,both,2025-07-08,0.3,0.0,,0.3,1,0,0,0,0,1
U01643,Delhi,occasional,Chinese|Italian|Fast Food,224.06,3,48.8,both,2025-08-02,0.3833333333333333,2.0,breakfast,0.5,0,0,1,0,0,1
U01644,Mumbai,occasional,Italian|Chinese|Continental|North Indian,626.72,3,32.1,veg,2025-07-31,0.29166666666666663,2.0,lunch,1.0,0,0,1,1,0,0
U01645,Kolkata,budget,South Indian|North Indian|Chinese,100.0,9,1.8,non-veg,2025-01-04,0.24444444444444446,3.0,lunch,0.6666666666666666,1,0,0,0,1,0
U01646,Pune,budget,Biryani|Italian,293.23,10,15.0,non-veg,2025-03-21,0.4,1.0,lunch,1.0,1,0,0,0,1,0
U01647,Hyderabad,premium,Biryani|Continental,625.45,4,1.3,both,2024-03-22,0.6904761904761904,3.0,late_night,0.3333333333333333,0,1,0,0,0,1
U01648,Delhi,budget,Continental|Desserts|South Indian|North Indian,266.03,2,4.6,non-veg,2025-09-02,0.4,1.0,breakfast,0.0,1,0,0,0,1,0
U01649,Delhi,premium,Italian|Street Food,604.93,6,0.0,non-veg,2025-01-05,0.675,2.0,breakfast,1.0,0,1,0,0,1,0
U01650,Pune,budget,Biryani|Desserts|Italian,372.85,10,32.0,veg,2025-12-11,0.4,1.0,breakfast,1.0,1,0,0,1,0,0
U01651,Kolkata,budget,Continental|Italian|Fast Food|Desserts,322.6,11,2.2,non-veg,2025-08-28,0.3,0.0,,0.3,1,0,0,0,1,0
U01652,Mumbai,budget,North Indian|Fast Food,337.22,12,1.6,non-veg,2025-09-20,0.5,1.0,dinner,0.0,1,0,0,0,1,0
U01653,Kolkata,budget,Continental|Beverages|Italian|Biryani,158.35,11,4.5,both,2025-11-05,0.22619047619047616,4.0,breakfast,0.75,1,0,0,0,0,1
U01654,Kolkata,budget,Continental|South Indian|Chinese,321.98,12,10.1,both,2024-08-25,0.3333333333333333,1.0,lunch,0.0,1,0,0,0,0,1
U01655,Hyderabad,premium,Street Food|Biryani|Beverages|Fast Food,586.11,2,6.0,veg,2024-10-09,0.42857142857142855,1.0,lunch,0.0,0,1,0,1,0,0
U01656,Delhi,budget,Biryani|Street Food|Beverages,100.48,8,26.0,non-veg,2024-09-08,0.15,3.0,lunch,0.0,1,0,0,0,1,0
U01657,Hyderabad,budget,Continental|Desserts|North Indian,216.32,9,1.8,veg,2025-06-29,0.5,2.0,breakfast,0.0,1,0,0,1,0,0
U01658,Delhi,budget,Beverages|Italian,257.2,7,5.2,both,2024-12-18,0.18333333333333335,2.0,breakfast,0.0,1,0,0,0,0,1
U01659,Delhi,budget,Desserts|Continental|Chinese,236.97,6,0.1,both,2025-01-09,0.14285714285714285,1.0,lunch,0.0,1,0,0,0,0,1
U01660,Mumbai,budget,South Indian|Chinese|Continental|Street Food,199.3,6,15.4,non-veg,2024-10-29,0.15476190476190477,2.0,dinner,0.0,1,0,0,0,1,0
U01661,Chennai,budget,Italian|North Indian|Beverages,322.51,9,17.8,veg,2024-08-21,0.3333333333333333,2.0,breakfast,0.5,1,0,0,1,0,0
U01662,Chennai,budget,Desserts|Beverages|Street Food,266.85,8,6.6,non-veg,2024-11-11,0.2857142857142857,2.0,breakfast,0.5,1,0,0,0,1,0
U01663,Hyderabad,premium,Beverages|Biryani|Fast Food,465.21,3,11.0,non-veg,2025-01-01,0.3,0.0,,0.3,0,1,0,0,1,0
U01664,Bangalore,occasional,Beverages|Italian,464.0,4,12.7,non-veg,2025-05-01,0.21428571428571427,2.0,dinner,0.0,0,0,1,0,1,0
U01665,Pune,occasional,Biryani|South Indian,427.56,5,8.8,both,2025-04-01,0.26249999999999996,4.0,breakfast,0.5,0,0,1,0,0,1
U01666,Kolkata,occasional,Street Food|Continental|South Indian|Desserts,241.81,1,26.6,both,2025-04-19,0.3333333333333333,1.0,dinner,0.0,0,0,1,0,0,1
U01667,Delhi,budget,South Indian|Continental,371.67,13,3.1,veg,2025-01-24,0.25,1.0,lunch,0.0,1,0,0,1,0,0
U01668,Bangalore,premium,Italian|Biryani|Continental|Street Food,615.24,5,12.9,non-veg,2025-02-24,0.3,0.0,,0.3,0,1,0,0,1,0
U01669,Mumbai,occasional,Fast Food|Italian|Chinese,479.99,3,8.6,both,2024-07-20,0.39285714285714285,2.0,breakfast,0.0,0,0,1,0,0,1
U01670,Mumbai,budget,Fast Food|Continental,303.9,5,18.4,non-veg,2025-02-07,0.3,0.0,,0.3,1,0,0,0,1,0
U01671,Kolkata,budget,Desserts|North Indian|Beverages,311.14,8,0.9,both,2024-03-29,0.125,2.0,breakfast,0.5,1,0,0,0,0,1
U01672,Chennai,occasional,Desserts|Italian,636.7,2,9.9,veg,2025-06-09,0.375,4.0,dinner,0.25,0,0,1,1,0,0
U01673,Pune,budget,Italian|Beverages|Continental|Fast Food,246.26,7,3.9,non-veg,2024-06-05,0.16984126984126982,3.0,dinner,0.0,1,0,0,0,1,0
U01674,Kolkata,occasional,Beverages|Continental|Biryani|Desserts,304.03,0,0.5,non-veg,2025-11-01,0.3,0.0,,0.3,0,0,1,0,1,0
U01675,Mumbai,occasional,Desserts|Continental,398.9,3,29.0,both,2025-06-27,0.4857142857142857,2.0,late_night,0.0,0,0,1,0,0,1
U01676,Hyderabad,budget,Street Food|North Indian|Biryani,272.75,5,9.4,both,2025-09-07,0.25,2.0,breakfast,0.0,1,0,0,0,0,1
U01677,Chennai,budget,Fast Food|North Indian,100.0,8,5.9,both,2024-09-03,0.25,1.0,snack,0.0,1,0,0,0,0,1
U01678,Kolkata,budget,Biryani|Continental|Italian|Beverages,274.91,10,4.9,non-veg,2024-11-18,0.3333333333333333,3.0,dinner,0.3333333333333333,1,0,0,0,1,0
U01679,Pune,premium,Street Food|Fast Food|Biryani,550.45,5,1.2,non-veg,2024-06-05,0.6666666666666666,2.0,breakfast,0.0,0,1,0,0,1,0
U01680,Bangalore,budget,North Indian|Chinese|Street Food|Beverages,253.82,11,16.6,non-veg,2024-06-25,0.5,1.0,late_night,1.0,1,0,0,0,1,0
U01681,Pune,budget,Continental|Desserts|Street Food|South Indian,172.35,10,14.8,veg,2024-12-23,0.5833333333333333,2.0,breakfast,0.0,1,0,0,1,0,0
U01682,Bangalore,budget,Desserts|Italian|Beverages|North Indian,270.82,10,1.4,both,2025-02-25,0.419047619047619,4.0,breakfast,0.5,1,0,0,0,0,1
U01683,Chennai,occasional,Fast Food|South Indian|Chinese,416.04,3,9.1,non-veg,2025-10-13,0.375,5.0,lunch,0.4,0,0,1,0,1,0
U01684,Pune,budget,Chinese|North Indian|Beverages|Street Food,158.2,5,15.5,both,2025-07-20,0.65,2.0,dinner,0.5,1,0,0,0,0,1
U01685,Delhi,budget,Desserts|Fast Food,202.47,8,0.9,veg,2025-07-01,0.4642857142857143,2.0,breakfast,1.0,1,0,0,1,0,0
U01686,Delhi,premium,Street Food|South Indian|Beverages,543.6,4,0.3,both,2025-11-30,0.7023809523809523,2.0,lunch,0.5,0,1,0,0,0,1
U01687,Mumbai,budget,North Indian|Chinese|Biryani|Desserts,296.43,6,3.1,both,2024-12-03,0.15476190476190477,2.0,late_night,0.0,1,0,0,0,0,1
U01688,Hyderabad,budget,South Indian|Chinese,320.45,4,1.7,non-veg,2024-07-27,0.3,0.0,,0.3,1,0,0,0,1,0
U01689,Hyderabad,budget,South Indian|Desserts|Italian,292.34,7,10.4,both,2025-09-16,0.41666666666666663,2.0,lunch,0.0,1,0,0,0,0,1
U01690,Kolkata,occasional,Fast Food|Desserts,364.54,1,44.2,non-veg,2024-03-18,0.8,1.0,lunch,0.0,0,0,1,0,1,0
U01691,Hyderabad,budget,Continental|Fast Food,167.21,6,4.5,non-veg,2024-06-05,0.2611111111111111,3.0,breakfast,0.3333333333333333,1,0,0,0,1,0
U01692,Delhi,occasional,Beverages|Fast Food|Italian|North Indian,519.24,2,15.8,non-veg,2025-09-03,0.625,2.0,dinner,0.5,0,0,1,0,1,0
U01693,Hyderabad,budget,Desserts|Italian,175.22,5,8.9,non-veg,2024-08-07,0.44047619047619047,2.0,breakfast,0.0,1,0,0,0,1,0
U01694,Mumbai,budget,Beverages|Continental|Street Food|Fast Food,306.77,5,47.5,non-veg,2025-12-18,0.3333333333333333,1.0,dinner,1.0,1,0,0,0,1,0
U01695,Pune,occasional,Fast Food|Beverages,377.1,1,25.9,both,2025-02-06,0.5,3.0,snack,0.3333333333333333,0,0,1,0,0,1
U01696,Pune,occasional,Fast Food|Desserts|Chinese|Italian,200.93,2,79.4,non-veg,2025-05-17,0.39285714285714285,4.0,lunch,0.25,0,0,1,0,1,0
U01697,Delhi,occasional,Desserts|Beverages|Continental|Biryani,536.67,2,2.3,both,2025-07-24,0.41111111111111115,3.0,dinner,0.0,0,0,1,0,0,1
U01698,Pune,budget,South Indian|Desserts|North Indian|Continental,100.0,4,44.2,both,2025-08-19,0.2,1.0,lunch,0.0,1,0,0,0,0,1
U01699,Mumbai,budget,Street Food|Fast Food|South Indian|Biryani,293.49,8,5.3,non-veg,2025-06-19,0.3,0.0,,0.3,1,0,0,0,1,0
U01700,Hyderabad,premium,Street Food|South Indian|Biryani,840.28,6,8.0,veg,2025-11-10,0.5,1.0,lunch,1.0,0,1,0,1,0,0
U01701,Kolkata,occasional,Street Food|Biryani,112.96,0,6.7,both,2024-12-04,0.25,1.0,breakfast,0.0,0,0,1,0,0,1
U01702,Hyderabad,budget,Fast Food|Italian,277.76,7,6.6,both,2024-08-27,0.3333333333333333,2.0,breakfast,0.0,1,0,0,0,0,1
U01703,Bangalore,budget,North Indian|South Indian|Beverages,205.74,9,0.4,non-veg,2025-01-02,0.3,0.0,,0.3,1,0,0,0,1,0
U01704,Mumbai,occasional,Desserts|Italian|Continental|North Indian,252.12,3,25.7,both,2026-01-17,0.3857142857142857,2.0,dinner,0.0,0,0,1,0,0,1
U01705,Mumbai,premium,Chinese|Biryani,679.78,6,3.7,non-veg,2024-03-12,0.3,0.0,,0.3,0,1,0,0,1,0
U01706,Pune,budget,Beverages|Continental|South Indian,246.9,9,22.8,veg,2025-11-04,0.42857142857142855,1.0,lunch,0.0,1,0,0,1,0,0
U01707,Chennai,budget,Italian|Beverages|Chinese|Continental,100.0,7,0.5,both,2025-04-17,0.16666666666666666,1.0,lunch,0.0,1,0,0,0,0,1
U01708,Kolkata,premium,Chinese|North Indian,462.36,3,22.5,non-veg,2024-05-16,0.3,0.0,,0.3,0,1,0,0,1,0
U01709,Bangalore,budget,Fast Food|South Indian,183.44,8,5.5,both,2024-07-29,0.0,1.0,breakfast,0.0,1,0,0,0,0,1
U01710,Pune,premium,Chinese|South Indian|North Indian,689.18,9,2.9,both,2024-03-05,0.5333333333333333,2.0,dinner,0.0,0,1,0,0,0,1
U01711,Mumbai,premium,Beverages|Biryani,677.99,7,0.4,non-veg,2025-07-29,0.75,1.0,lunch,0.0,0,1,0,0,1,0
U01712,Delhi,budget,North Indian|Street Food|Italian|Beverages,168.43,18,14.9,non-veg,2025-12-10,0.125,2.0,breakfast,0.0,1,0,0,0,1,0
U01713,Kolkata,budget,Street Food|South Indian|Desserts|Biryani,286.69,6,8.6,veg,2025-03-18,0.325,2.0,dinner,0.0,1,0,0,1,0,0
U01714,Hyderabad,premium,Continental|North Indian,736.23,4,31.2,both,2025-12-09,0.41666666666666663,2.0,breakfast,0.0,0,1,0,0,0,1
U01715,Kolkata,occasional,Italian|Continental|Biryani,580.97,1,14.7,both,2025-05-28,0.38888888888888884,3.0,breakfast,0.3333333333333333,0,0,1,0,0,1
U01716,Delhi,occasional,North Indian|Desserts,461.37,3,26.2,non-veg,2025-12-30,0.2833333333333333,2.0,breakfast,0.5,0,0,1,0,1,0
U01717,Bangalore,budget,Italian|South Indian|Continental,262.69,9,24.8,non-veg,2025-10-21,0.3333333333333333,1.0,lunch,0.0,1,0,0,0,1,0
U01718,Kolkata,budget,Chinese|Continental|North Indian|Italian,218.31,6,0.6,non-veg,2024-08-21,0.37142857142857144,4.0,breakfast,0.5,1,0,0,0,1,0
U01719,Bangalore,budget,Biryani|Street Food|Italian,240.57,6,0.3,non-veg,2024-04-28,0.25,3.0,snack,0.0,1,0,0,0,1,0
U01720,Delhi,budget,Desserts|Continental|South Indian|Beverages,214.11,13,9.0,non-veg,2025-06-23,0.3444444444444444,3.0,dinner,0.0,1,0,0,0,1,0
U01721,Bangalore,budget,Biryani|Chinese|North Indian,260.8,10,3.3,both,2024-12-12,0.08333333333333333,2.0,dinner,0.0,1,0,0,0,0,1
U01722,Pune,budget,North Indian|Desserts|Italian,100.0,9,2.7,both,2024-10-15,0.14285714285714285,1.0,late_night,0.0,1,0,0,0,0,1
U01723,Delhi,premium,Fast Food|Biryani,720.95,6,8.3,both,2025-12-14,0.3333333333333333,1.0,dinner,0.0,0,1,0,0,0,1
U01724,Bangalore,budget,Desserts|Fast Food,297.94,8,0.3,veg,2024-05-24,0.6,1.0,dinner,0.0,1,0,0,1,0,0
U01725,Hyderabad,budget,Street Food|Chinese,197.56,14,0.3,non-veg,2025-05-15,0.3,0.0,,0.3,1,0,0,0,1,0
U01726,Bangalore,premium,Biryani|Desserts|Chinese|Beverages,674.87,4,0.8,non-veg,2025-08-01,0.3,0.0,,0.3,0,1,0,0,1,0
U01727,Pune,premium,Biryani|Beverages|South Indian|Chinese,753.81,1,16.9,non-veg,2026-01-09,0.3,0.0,,0.3,0,1,0,0,1,0
U01728,Chennai,premium,Beverages|Desserts|Italian|Fast Food,364.58,7,1.5,non-veg,2024-06-05,0.7125,4.0,late_night,0.25,0,1,0,0,1,0
U01729,Pune,occasional,Italian|North Indian,318.36,2,2.2,non-veg,2024-05-06,0.5833333333333334,2.0,breakfast,0.0,0,0,1,0,1,0
U01730,Kolkata,premium,Fast Food|Italian,553.31,1,1.4,veg,2024-11-15,0.3,0.0,,0.3,0,1,0,1,0,0
U01731,Kolkata,premium,Continental|South Indian,620.45,2,1.0,non-veg,2025-11-27,0.3,0.0,,0.3,0,1,0,0,1,0
U01732,Delhi,budget,Beverages|Fast Food|Italian,177.82,7,0.6,both,2025-08-25,0.4,1.0,snack,0.0,1,0,0,0,0,1
U01733,Hyderabad,premium,North Indian|Italian,693.72,3,7.5,non-veg,2024-05-25,0.6666666666666666,1.0,breakfast,1.0,0,1,0,0,1,0
U01734,Hyderabad,occasional,Biryani|Chinese|Fast Food|Street Food,536.28,2,5.9,veg,2024-04-08,0.5,1.0,breakfast,0.0,0,0,1,1,0,0
U01735,Kolkata,occasional,Street Food|Desserts,393.79,2,51.2,both,2024-04-04,0.3,0.0,,0.3,0,0,1,0,0,1
U01736,Kolkata,budget,North Indian|Italian|Biryani,180.18,8,9.6,non-veg,2025-02-11,0.1111111111111111,3.0,dinner,0.3333333333333333,1,0,0,0,1,0
U01737,Delhi,budget,Street Food|North Indian,261.32,11,0.4,both,2024-03-18,0.3,0.0,,0.3,1,0,0,0,0,1
U01738,Delhi,premium,Italian|Desserts|Biryani|South Indian,581.13,4,4.2,non-veg,2024-11-01,0.5666666666666667,2.0,dinner,0.0,0,1,0,0,1,0
U01739,Pune,premium,South Indian|Beverages,761.93,6,3.4,non-veg,2025-11-17,0.4507936507936508,3.0,breakfast,0.6666666666666666,0,1,0,0,1,0
U01740,Delhi,premium,Chinese|Italian,703.77,9,15.4,both,2025-09-21,0.5,1.0,dinner,0.0,0,1,0,0,0,1
U01741,Bangalore,occasional,Continental|Street Food,420.65,1,2.4,veg,2025-07-02,0.5,2.0,dinner,0.5,0,0,1,1,0,0
U01742,Delhi,budget,South Indian|Desserts|Beverages|Chinese,202.93,7,12.8,non-veg,2025-08-12,0.25,1.0,dinner,0.0,1,0,0,0,1,0
U01743,Pune,occasional,Italian|Desserts,460.49,3,15.2,non-veg,2025-07-31,0.3,0.0,,0.3,0,0,1,0,1,0
U01744,Chennai,budget,Fast Food|Continental,262.29,6,9.3,both,2024-06-16,0.3958333333333333,4.0,dinner,0.75,1,0,0,0,0,1
U01745,Hyderabad,budget,Italian|Fast Food|Beverages|North Indian,169.73,6,29.9,non-veg,2025-01-24,0.3,0.0,,0.3,1,0,0,0,1,0
U01746,Hyderabad,budget,Chinese|Beverages|Street Food,241.2,15,0.6,non-veg,2024-11-21,0.05555555555555555,3.0,lunch,0.3333333333333333,1,0,0,0,1,0
U01747,Chennai,premium,Desserts|Chinese|Beverages|North Indian,523.85,3,39.6,both,2025-01-02,0.6726190476190476,4.0,late_night,0.25,0,1,0,0,0,1
U01748,Hyderabad,budget,Fast Food|Street Food,142.72,7,1.2,both,2025-08-24,0.21428571428571427,2.0,breakfast,0.0,1,0,0,0,0,1
U01749,Chennai,budget,Chinese|Fast Food|Desserts|Italian,192.19,7,14.3,veg,2025-03-20,0.3333333333333333,1.0,breakfast,1.0,1,0,0,1,0,0
U01750,Hyderabad,budget,Desserts|Street Food|Beverages,285.27,9,0.8,non-veg,2025-11-15,0.3333333333333333,1.0,breakfast,0.0,1,0,0,0,1,0
U01751,Mumbai,budget,Beverages|Italian,347.79,13,1.4,non-veg,2025-08-22,0.5,1.0,dinner,0.0,1,0,0,0,1,0
U01752,Delhi,occasional,North Indian|Street Food,407.46,2,9.9,non-veg,2025-01-09,0.16666666666666666,1.0,lunch,0.0,0,0,1,0,1,0
U01753,Hyderabad,premium,Desserts|Continental|Biryani,658.2,6,0.6,non-veg,2024-12-30,0.55,2.0,breakfast,1.0,0,1,0,0,1,0
U01754,Hyderabad,premium,Continental|South Indian|Desserts,481.24,7,2.9,veg,2025-12-19,0.6323809523809525,5.0,dinner,0.0,0,1,0,1,0,0
U01755,Bangalore,budget,Continental|Chinese|Italian,297.7,6,1.7,non-veg,2024-11-07,0.25,1.0,lunch,0.0,1,0,0,0,1,0
U01756,Mumbai,budget,Biryani|Street Food|Beverages|Continental,245.89,12,4.0,both,2025-01-15,0.0,2.0,breakfast,0.5,1,0,0,0,0,1
U01757,Pune,budget,Desserts|Continental,100.0,9,1.0,both,2025-05-20,0.3,0.0,,0.3,1,0,0,0,0,1
U01758,Delhi,occasional,North Indian|Biryani|Continental,653.45,3,5.6,veg,2024-03-17,0.24603174603174602,3.0,lunch,0.6666666666666666,0,0,1,1,0,0
U01759,Pune,occasional,Fast Food|Beverages,459.46,2,5.3,non-veg,2024-03-01,0.55,2.0,breakfast,0.0,0,0,1,0,1,0
U01760,Delhi,occasional,Italian|Chinese|North Indian,300.04,0,24.7,both,2025-09-30,0.5333333333333333,2.0,late_night,0.0,0,0,1,0,0,1
U01761,Kolkata,budget,Desserts|Continental,325.07,8,0.1,non-veg,2024-06-06,0.0,2.0,late_night,0.5,1,0,0,0,1,0
U01762,Bangalore,budget,Italian|Desserts|Chinese|Street Food,347.64,8,5.3,both,2024-11-16,0.35416666666666663,2.0,lunch,0.5,1,0,0,0,0,1
U01763,Mumbai,budget,Fast Food|Street Food|Desserts|Continental,128.53,12,1.7,both,2025-03-18,0.2,1.0,late_night,1.0,1,0,0,0,0,1
U01764,Pune,occasional,South Indian|Continental|Biryani,598.23,4,11.2,non-veg,2025-09-03,0.2589285714285714,4.0,lunch,0.5,0,0,1,0,1,0
U01765,Mumbai,budget,Italian|Desserts|Fast Food|North Indian,279.94,10,2.1,both,2025-08-08,0.1812925170068027,7.0,late_night,0.42857142857142855,1,0,0,0,0,1
U01766,Kolkata,occasional,North Indian|South Indian|Street Food,444.14,6,20.1,non-veg,2024-11-26,0.41428571428571426,2.0,breakfast,0.0,0,0,1,0,1,0
U01767,Chennai,premium,Fast Food|Desserts|Chinese,616.66,8,4.9,both,2025-07-31,0.4222222222222222,3.0,dinner,1.0,0,1,0,0,0,1
U01768,Mumbai,occasional,Chinese|Italian,274.61,2,17.9,non-veg,2024-09-16,0.3333333333333333,2.0,lunch,0.0,0,0,1,0,1,0
U01769,Delhi,budget,South Indian|Beverages|Italian|Continental,194.44,10,9.5,non-veg,2025-07-06,0.1875,4.0,late_night,0.0,1,0,0,0,1,0
U01770,Bangalore,occasional,Chinese|Italian|Fast Food|Desserts,452.19,2,6.8,non-veg,2024-12-05,0.2833333333333333,2.0,dinner,0.0,0,0,1,0,1,0
U01771,Hyderabad,occasional,Continental|South Indian|Chinese|North Indian,394.91,4,17.5,non-veg,2025-04-02,0.3333333333333333,2.0,dinner,0.5,0,0,1,0,1,0
U01772,Bangalore,budget,South Indian|Fast Food|Continental,290.54,8,0.7,veg,2025-02-11,0.4666666666666666,3.0,dinner,0.3333333333333333,1,0,0,1,0,0
U01773,Bangalore,premium,Italian|Beverages|Street Food|Biryani,700.1,6,2.8,non-veg,2025-10-16,0.5444444444444444,3.0,late_night,0.0,0,1,0,0,1,0
U01774,Bangalore,occasional,Fast Food|North Indian,421.73,0,32.2,veg,2024-03-17,0.5,1.0,dinner,0.0,0,0,1,1,0,0
U01775,Chennai,budget,South Indian|Italian,291.09,5,3.5,veg,2024-08-11,0.3333333333333333,2.0,breakfast,0.0,1,0,0,1,0,0
U01776,Kolkata,premium,Desserts|Street Food,500.78,1,3.9,non-veg,2025-04-30,0.4666666666666667,2.0,dinner,0.5,0,1,0,0,1,0
U01777,Hyderabad,budget,Biryani|Desserts|Continental,269.4,14,1.5,veg,2025-01-13,0.25,2.0,breakfast,0.5,1,0,0,1,0,0
U01778,Pune,occasional,Biryani|Italian|Continental,438.85,2,38.2,both,2024-03-17,0.45,2.0,breakfast,0.5,0,0,1,0,0,1
U01779,Hyderabad,budget,Continental|North Indian|Biryani,360.67,15,0.4,both,2025-02-23,0.3333333333333333,1.0,lunch,0.0,1,0,0,0,0,1
U01780,Kolkata,premium,North Indian|Beverages,670.98,2,9.5,veg,2024-12-12,0.3,0.0,,0.3,0,1,0,1,0,0
U01781,Pune,budget,North Indian|South Indian,224.32,13,14.8,non-veg,2024-08-02,0.3,0.0,,0.3,1,0,0,0,1,0
U01782,Mumbai,occasional,Italian|Biryani|Beverages|Fast Food,347.78,0,7.1,both,2024-03-24,0.3,0.0,,0.3,0,0,1,0,0,1
U01783,Kolkata,budget,Street Food|Desserts|Italian,263.28,10,10.7,veg,2026-01-24,0.3571428571428571,2.0,breakfast,1.0,1,0,0,1,0,0
U01784,Pune,occasional,North Indian|Biryani|Continental,519.58,1,4.5,non-veg,2025-02-28,0.3142857142857143,2.0,breakfast,0.0,0,0,1,0,1,0
U01785,Pune,budget,Italian|Beverages|Desserts,286.25,5,6.0,non-veg,2024-05-10,0.3,0.0,,0.3,1,0,0,0,1,0
U01786,Kolkata,budget,Biryani|Desserts,198.34,6,3.7,non-veg,2024-09-27,0.30952380952380953,2.0,lunch,0.5,1,0,0,0,1,0
U01787,Pune,budget,South Indian|Desserts|Fast Food|Beverages,290.81,8,7.7,non-veg,2025-07-12,0.24285714285714285,2.0,dinner,1.0,1,0,0,0,1,0
U01788,Pune,premium,Street Food|Continental,718.94,3,35.7,non-veg,2025-12-26,0.71,5.0,dinner,0.2,0,1,0,0,1,0
U01789,Delhi,budget,South Indian|Fast Food|Beverages,352.63,14,8.0,veg,2025-08-08,0.3,0.0,,0.3,1,0,0,1,0,0
U01790,Hyderabad,budget,Beverages|Street Food,230.42,8,1.7,both,2025-05-26,0.3,0.0,,0.3,1,0,0,0,0,1
U01791,Delhi,occasional,Chinese|South Indian,628.6,0,7.4,both,2025-10-11,0.8,1.0,snack,0.0,0,0,1,0,0,1
U01792,Hyderabad,budget,North Indian|Chinese|Biryani|Italian,205.34,9,16.2,non-veg,2025-04-15,0.20416666666666666,4.0,dinner,0.75,1,0,0,0,1,0
U01793,Delhi,occasional,Fast Food|Beverages|South Indian|Biryani,526.61,1,14.7,veg,2025-09-10,0.4642857142857143,2.0,breakfast,0.5,0,0,1,1,0,0
U01794,Chennai,budget,Beverages|South Indian|Biryani|Desserts,223.26,4,9.7,veg,2025-06-12,0.1,2.0,breakfast,0.0,1,0,0,1,0,0
U01795,Chennai,premium,South Indian|Biryani|Desserts|Street Food,456.91,4,28.1,both,2025-01-02,0.775,4.0,dinner,0.25,0,1,0,0,0,1
U01796,Pune,budget,Street Food|Desserts|Italian|South Indian,359.75,7,0.1,both,2025-05-07,0.45,2.0,dinner,1.0,1,0,0,0,0,1
U01797,Bangalore,premium,South Indian|Continental|Street Food,487.92,4,1.2,both,2025-02-13,0.4857142857142857,2.0,dinner,0.0,0,1,0,0,0,1
U01798,Pune,budget,Italian|South Indian|Biryani|Street Food,182.29,7,0.1,veg,2025-03-13,0.14285714285714285,1.0,late_night,1.0,1,0,0,1,0,0
U01799,Hyderabad,budget,North Indian|Fast Food|Continental|Street Food,215.36,7,6.7,veg,2024-07-28,0.3,0.0,,0.3,1,0,0,1,0,0
U01800,Delhi,budget,Desserts|Biryani|Street Food,133.85,9,8.6,non-veg,2024-03-03,0.29,5.0,lunch,0.2,1,0,0,0,1,0
U01801,Kolkata,budget,Street Food|Italian,385.99,5,0.1,both,2025-10-10,0.17777777777777778,3.0,lunch,0.0,1,0,0,0,0,1
U01802,Hyderabad,occasional,Street Food|Beverages,818.76,3,1.8,both,2025-03-10,0.39285714285714285,2.0,late_night,0.0,0,0,1,0,0,1
U01803,Delhi,premium,Italian|Beverages|Street Food,507.91,1,2.9,non-veg,2025-08-30,0.5375,4.0,dinner,0.0,0,1,0,0,1,0
U01804,Chennai,budget,Chinese|North Indian|Biryani,244.34,7,0.7,both,2025-03-17,0.2708333333333333,4.0,breakfast,0.25,1,0,0,0,0,1
U01805,Chennai,premium,South Indian|Fast Food|Beverages|Biryani,490.73,7,11.2,veg,2025-06-21,0.75,1.0,breakfast,0.0,0,1,0,1,0,0
U01806,Hyderabad,budget,Desserts|North Indian|Biryani,304.56,9,4.3,veg,2025-08-24,0.5,1.0,lunch,0.0,1,0,0,1,0,0
U01807,Kolkata,budget,Italian|Continental|North Indian|Desserts,251.07,8,1.2,veg,2025-07-28,0.3333333333333333,1.0,breakfast,0.0,1,0,0,1,0,0
U01808,Kolkata,budget,Desserts|Fast Food|Chinese,438.49,13,0.4,both,2026-01-05,0.18888888888888888,3.0,late_night,0.0,1,0,0,0,0,1
U01809,Chennai,occasional,Biryani|Desserts|Beverages,472.15,0,2.9,veg,2025-02-05,0.4809523809523809,5.0,breakfast,0.2,0,0,1,1,0,0
U01810,Kolkata,occasional,Desserts|South Indian|Fast Food,623.43,2,17.6,veg,2025-04-13,0.4666666666666666,3.0,lunch,0.0,0,0,1,1,0,0
U01811,Pune,budget,Street Food|Desserts,175.36,8,3.4,veg,2025-10-20,0.3214285714285714,4.0,dinner,0.25,1,0,0,1,0,0
U01812,Delhi,occasional,Continental|North Indian|Fast Food,324.67,3,2.9,non-veg,2024-10-16,0.7142857142857143,1.0,lunch,0.0,0,0,1,0,1,0
U01813,Pune,premium,Continental|Chinese,612.14,9,7.9,both,2024-11-01,1.0,1.0,snack,0.0,0,1,0,0,0,1
U01814,Pune,occasional,Fast Food|Chinese|Italian,379.82,2,54.3,veg,2025-06-18,0.5297619047619048,4.0,snack,0.0,0,0,1,1,0,0
U01815,Kolkata,budget,Italian|North Indian|Biryani|Beverages,148.59,3,7.8,both,2024-06-17,0.16666666666666666,2.0,late_night,1.0,1,0,0,0,0,1
U01816,Bangalore,occasional,Chinese|Desserts|Street Food|Biryani,419.32,3,19.2,non-veg,2025-08-08,0.5,1.0,dinner,0.0,0,0,1,0,1,0
U01817,Bangalore,budget,Biryani|Beverages,162.42,9,4.9,non-veg,2025-07-28,0.30000000000000004,2.0,dinner,0.5,1,0,0,0,1,0
U01818,Bangalore,budget,Street Food|Biryani,251.73,8,17.2,both,2024-05-30,0.16666666666666666,1.0,breakfast,1.0,1,0,0,0,0,1
U01819,Hyderabad,premium,Desserts|Italian,604.17,7,3.7,non-veg,2025-12-24,0.16666666666666666,1.0,late_night,0.0,0,1,0,0,1,0
U01820,Bangalore,budget,Desserts|Beverages,221.04,4,1.9,non-veg,2025-03-24,0.5206349206349207,3.0,dinner,0.0,1,0,0,0,1,0
U01821,Pune,occasional,Chinese|Desserts|South Indian|Street Food,366.26,2,19.5,non-veg,2024-10-10,0.26666666666666666,2.0,breakfast,1.0,0,0,1,0,1,0
U01822,Kolkata,occasional,Desserts|Fast Food|Beverages|Chinese,368.91,2,3.7,non-veg,2026-01-16,0.25,2.0,lunch,0.5,0,0,1,0,1,0
U01823,Bangalore,budget,South Indian|Continental,259.05,9,14.5,both,2024-09-14,0.5238095238095238,3.0,late_night,0.0,1,0,0,0,0,1
U01824,Pune,occasional,Street Food|Italian|North Indian|Fast Food,495.36,4,9.6,non-veg,2024-06-20,0.25,1.0,snack,0.0,0,0,1,0,1,0
U01825,Chennai,budget,Fast Food|South Indian|Chinese,288.29,11,2.9,non-veg,2024-12-30,0.14285714285714285,2.0,breakfast,0.0,1,0,0,0,1,0
U01826,Hyderabad,occasional,Desserts|Fast Food|Chinese|North Indian,474.29,0,59.4,both,2025-02-28,0.75,1.0,lunch,1.0,0,0,1,0,0,1
U01827,Bangalore,occasional,Street Food|Chinese|Desserts|Beverages,465.14,1,3.6,both,2026-01-07,0.30833333333333335,4.0,dinner,0.5,0,0,1,0,0,1
U01828,Hyderabad,budget,Street Food|Continental|Beverages|North Indian,247.81,7,24.8,non-veg,2024-08-14,0.30357142857142855,6.0,lunch,0.0,1,0,0,0,1,0
U01829,Kolkata,premium,Street Food|South Indian|Italian|Biryani,517.37,6,6.1,non-veg,2025-09-29,0.3,0.0,,0.3,0,1,0,0,1,0
U01830,Delhi,occasional,Chinese|North Indian|Beverages|Desserts,720.48,0,1.3,veg,2025-03-12,0.3571428571428571,2.0,breakfast,0.5,0,0,1,1,0,0
U01831,Bangalore,budget,Chinese|Italian,278.6,8,3.3,both,2024-03-30,0.3,0.0,,0.3,1,0,0,0,0,1
U01832,Delhi,budget,Street Food|Fast Food,276.73,9,2.4,both,2025-12-23,0.3333333333333333,1.0,late_night,0.0,1,0,0,0,0,1
U01833,Bangalore,premium,Street Food|Fast Food,762.31,7,6.6,both,2025-01-20,0.625,2.0,breakfast,0.0,0,1,0,0,0,1
U01834,Chennai,premium,Desserts|North Indian,620.1,6,8.7,both,2025-05-18,0.6166666666666667,2.0,lunch,0.0,0,1,0,0,0,1
U01835,Mumbai,budget,Street Food|Fast Food,213.81,7,2.3,both,2024-03-24,0.2,1.0,dinner,0.0,1,0,0,0,0,1
U01836,Chennai,budget,Chinese|Beverages|Biryani,188.6,7,4.1,non-veg,2024-08-10,0.20833333333333331,2.0,late_night,0.0,1,0,0,0,1,0
U01837,Mumbai,premium,Street Food|Continental|Italian|Biryani,506.83,3,17.3,both,2025-10-18,0.4761904761904762,3.0,breakfast,0.0,0,1,0,0,0,1
U01838,Pune,premium,Italian|North Indian,312.62,3,7.9,both,2025-07-19,0.5666666666666668,3.0,dinner,0.0,0,1,0,0,0,1
U01839,Delhi,premium,Italian|Chinese|Continental,508.0,5,1.2,veg,2024-06-01,0.4666666666666667,2.0,late_night,0.5,0,1,0,1,0,0
U01840,Mumbai,budget,Chinese|Desserts|South Indian,185.41,10,0.7,both,2024-07-13,0.5285714285714286,2.0,breakfast,0.0,1,0,0,0,0,1
U01841,Mumbai,budget,Desserts|Chinese|Continental,147.35,3,28.2,non-veg,2024-10-17,0.4,1.0,dinner,1.0,1,0,0,0,1,0
U01842,Bangalore,budget,Desserts|Chinese|Italian,159.61,11,3.6,veg,2025-11-16,0.4583333333333333,4.0,dinner,0.0,1,0,0,1,0,0
U01843,Pune,occasional,Fast Food|Italian|Biryani|Continental,381.07,1,8.0,non-veg,2024-03-25,0.3,0.0,,0.3,0,0,1,0,1,0
U01844,Pune,budget,Continental|Chinese|Desserts|Beverages,314.47,2,30.8,both,2025-08-23,0.2857142857142857,1.0,breakfast,1.0,1,0,0,0,0,1
U01845,Mumbai,occasional,Desserts|North Indian|Italian,196.44,5,3.5,non-veg,2025-11-09,0.5,1.0,dinner,0.0,0,0,1,0,1,0
U01846,Mumbai,occasional,Street Food|South Indian,443.05,2,18.7,both,2024-02-27,0.3,0.0,,0.3,0,0,1,0,0,1
U01847,Chennai,premium,South Indian|Biryani|Continental,662.8,5,10.1,non-veg,2025-01-21,0.5238095238095238,2.0,late_night,0.0,0,1,0,0,1,0
U01848,Mumbai,occasional,Chinese|Italian|Fast Food,375.36,1,36.5,non-veg,2026-01-17,0.35714285714285715,3.0,dinner,0.3333333333333333,0,0,1,0,1,0
U01849,Bangalore,budget,Italian|Desserts|South Indian,285.98,8,8.3,veg,2025-09-23,0.4444444444444444,3.0,dinner,0.6666666666666666,1,0,0,1,0,0
U01850,Delhi,occasional,Fast Food|Beverages|South Indian|Continental,251.3,1,1.8,veg,2025-02-04,0.16666666666666666,3.0,dinner,0.0,0,0,1,1,0,0
U01851,Pune,budget,Fast Food|Street Food|Continental|Beverages,307.8,10,0.5,non-veg,2025-10-18,0.3611111111111111,3.0,snack,0.0,1,0,0,0,1,0
U01852,Bangalore,budget,Biryani|Desserts,224.67,11,1.3,veg,2025-07-26,0.25,1.0,lunch,0.0,1,0,0,1,0,0
U01853,Mumbai,budget,Street Food|Continental|Desserts|Italian,258.45,9,3.4,non-veg,2024-05-31,0.75,1.0,lunch,1.0,1,0,0,0,1,0
U01854,Delhi,premium,North Indian|Street Food|Chinese,599.16,1,0.3,non-veg,2024-03-25,0.7559523809523809,4.0,breakfast,0.5,0,1,0,0,1,0
U01855,Delhi,occasional,Desserts|Fast Food,445.18,4,4.7,both,2025-12-04,0.6666666666666666,1.0,late_night,0.0,0,0,1,0,0,1
U01856,Pune,budget,Biryani|Italian|Desserts|Continental,156.88,8,3.7,non-veg,2024-10-16,0.2222222222222222,3.0,dinner,0.3333333333333333,1,0,0,0,1,0
U01857,Delhi,budget,Biryani|Beverages|Fast Food,229.07,10,2.5,non-veg,2025-04-20,0.19642857142857142,2.0,breakfast,0.0,1,0,0,0,1,0
U01858,Hyderabad,premium,Italian|Fast Food|South Indian|Chinese,447.35,6,25.3,veg,2024-12-07,0.8571428571428571,1.0,lunch,0.0,0,1,0,1,0,0
U01859,Kolkata,budget,South Indian|Continental|Street Food,361.5,9,3.9,non-veg,2025-05-27,0.12222222222222223,3.0,breakfast,0.3333333333333333,1,0,0,0,1,0
U01860,Bangalore,premium,Continental|North Indian,353.24,1,26.1,veg,2025-11-02,1.0,1.0,dinner,0.0,0,1,0,1,0,0
U01861,Pune,premium,Street Food|Beverages|North Indian,133.12,3,1.0,veg,2024-11-19,0.740952380952381,5.0,breakfast,0.2,0,1,0,1,0,0
U01862,Pune,budget,Chinese|Beverages|Street Food|Fast Food,267.24,11,3.5,non-veg,2024-03-05,0.25,3.0,breakfast,0.6666666666666666,1,0,0,0,1,0
U01863,Chennai,budget,South Indian|Desserts|North Indian|Fast Food,100.0,2,7.2,veg,2025-07-17,0.5277777777777778,3.0,breakfast,0.3333333333333333,1,0,0,1,0,0
U01864,Kolkata,budget,North Indian|Desserts|Biryani|South Indian,298.02,9,0.4,both,2024-03-21,0.3,0.0,,0.3,1,0,0,0,0,1
U01865,Kolkata,premium,Continental|North Indian|Beverages|South Indian,103.82,5,17.4,non-veg,2024-03-08,0.3333333333333333,1.0,breakfast,0.0,0,1,0,0,1,0
U01866,Kolkata,budget,Italian|Chinese|South Indian|Street Food,237.89,11,6.1,both,2025-09-13,0.14285714285714285,1.0,lunch,0.0,1,0,0,0,0,1
U01867,Chennai,budget,North Indian|Desserts|Beverages,258.84,9,10.0,non-veg,2025-01-04,0.3,0.0,,0.3,1,0,0,0,1,0
U01868,Delhi,occasional,South Indian|Biryani|Italian,222.67,1,62.5,both,2024-07-24,0.35555555555555557,3.0,breakfast,0.0,0,0,1,0,0,1
U01869,Kolkata,premium,Fast Food|Continental,660.66,3,4.5,veg,2024-09-20,0.3,0.0,,0.3,0,1,0,1,0,0
U01870,Mumbai,premium,Italian|North Indian|Desserts,238.12,2,31.3,non-veg,2025-06-19,0.875,2.0,dinner,0.5,0,1,0,0,1,0
U01871,Mumbai,budget,Street Food|North Indian|Beverages|Fast Food,174.09,8,4.7,non-veg,2024-09-15,0.5833333333333333,2.0,dinner,0.5,1,0,0,0,1,0
U01872,Bangalore,budget,North Indian|Beverages|Biryani,552.2,8,5.5,non-veg,2025-03-28,0.2,1.0,late_night,1.0,1,0,0,0,1,0
U01873,Mumbai,occasional,North Indian|Biryani,376.47,4,8.8,non-veg,2025-07-21,0.26785714285714285,2.0,dinner,0.0,0,0,1,0,1,0
U01874,Hyderabad,budget,North Indian|South Indian|Desserts,297.82,10,1.2,both,2024-09-11,0.41666666666666663,2.0,breakfast,0.5,1,0,0,0,0,1
U01875,Delhi,occasional,Street Food|Continental,575.61,2,2.4,veg,2025-08-23,0.2857142857142857,1.0,snack,0.0,0,0,1,1,0,0
U01876,Hyderabad,budget,Beverages|North Indian,279.23,5,22.3,veg,2025-08-21,0.225,2.0,dinner,0.0,1,0,0,1,0,0
U01877,Kolkata,occasional,Fast Food|Italian|Beverages|Street Food,425.96,3,6.3,non-veg,2025-01-09,0.35595238095238096,4.0,breakfast,0.0,0,0,1,0,1,0
U01878,Mumbai,premium,Desserts|Chinese|Fast Food,617.48,3,8.0,veg,2025-10-08,0.5857142857142856,2.0,dinner,0.0,0,1,0,1,0,0
U01879,Hyderabad,budget,Beverages|Chinese|Street Food|Continental,221.61,11,1.2,veg,2024-11-09,0.3,0.0,,0.3,1,0,0,1,0,0
U01880,Bangalore,premium,Italian|South Indian|Continental,456.16,1,19.1,veg,2025-04-11,0.5,1.0,dinner,0.0,0,1,0,1,0,0
U01881,Bangalore,premium,Desserts|Continental,563.34,2,0.9,veg,2025-02-22,0.4857142857142857,2.0,dinner,0.0,0,1,0,1,0,0
U01882,Bangalore,budget,Italian|Beverages,294.47,8,12.9,non-veg,2024-03-17,0.3,4.0,late_night,0.25,1,0,0,0,1,0
U01883,Mumbai,budget,Desserts|Beverages,152.06,10,9.4,both,2024-07-13,0.44047619047619047,4.0,breakfast,0.25,1,0,0,0,0,1
U01884,Hyderabad,budget,Chinese|Biryani|Desserts|Fast Food,141.38,10,1.2,non-veg,2024-12-25,0.3,0.0,,0.3,1,0,0,0,1,0
U01885,Delhi,budget,South Indian|North Indian,300.02,12,0.6,both,2025-09-20,0.3,0.0,,0.3,1,0,0,0,0,1
U01886,Delhi,budget,Street Food|North Indian|Italian,252.42,9,0.7,non-veg,2025-12-05,0.31333333333333335,5.0,lunch,0.0,1,0,0,0,1,0
U01887,Pune,occasional,Desserts|North Indian|Continental,542.02,1,31.6,non-veg,2024-09-23,0.41428571428571426,2.0,lunch,0.5,0,0,1,0,1,0
U01888,Mumbai,occasional,Beverages|South Indian|Desserts,386.82,2,19.9,veg,2025-05-19,0.5,2.0,late_night,0.0,0,0,1,1,0,0
U01889,Chennai,budget,Street Food|Chinese,242.94,9,8.7,veg,2025-05-17,0.4,1.0,dinner,0.0,1,0,0,1,0,0
U01890,Mumbai,budget,Fast Food|Italian,233.7,5,50.1,non-veg,2024-03-16,0.3404761904761905,5.0,breakfast,0.2,1,0,0,0,1,0
U01891,Kolkata,budget,Italian|Beverages|South Indian,153.55,5,3.5,veg,2024-08-31,0.22142857142857142,4.0,snack,0.25,1,0,0,1,0,0
U01892,Chennai,occasional,Italian|Chinese,261.61,0,18.0,non-veg,2025-06-07,0.25,2.0,late_night,0.0,0,0,1,0,1,0
U01893,Bangalore,budget,Desserts|North Indian,276.12,6,0.4,both,2025-04-22,0.33035714285714285,4.0,dinner,0.25,1,0,0,0,0,1
U01894,Delhi,budget,Desserts|North Indian,352.6,9,1.1,both,2024-05-06,0.3,5.0,late_night,0.4,1,0,0,0,0,1
U01895,Delhi,premium,North Indian|Desserts,894.17,6,6.3,non-veg,2024-12-06,0.3,0.0,,0.3,0,1,0,0,1,0
U01896,Chennai,budget,Italian|Continental|Biryani,117.19,10,11.1,veg,2024-11-17,0.2,1.0,dinner,0.0,1,0,0,1,0,0
U01897,Hyderabad,premium,Street Food|Desserts,499.74,7,20.6,veg,2024-04-08,0.7083333333333334,4.0,breakfast,0.25,0,1,0,1,0,0
U01898,Bangalore,occasional,South Indian|Fast Food|Biryani,937.49,0,5.2,veg,2025-04-15,0.4583333333333333,2.0,breakfast,1.0,0,0,1,1,0,0
U01899,Mumbai,premium,Desserts|Italian|Biryani|North Indian,671.6,7,4.3,veg,2025-07-25,0.3,0.0,,0.3,0,1,0,1,0,0
U01900,Bangalore,budget,North Indian|Biryani,332.51,10,0.4,both,2025-06-24,0.3,0.0,,0.3,1,0,0,0,0,1
U01901,Mumbai,budget,Fast Food|South Indian|Desserts,192.37,12,0.4,veg,2025-07-22,0.3333333333333333,2.0,dinner,0.5,1,0,0,1,0,0
U01902,Mumbai,premium,Biryani|Continental|Fast Food,516.69,3,4.0,non-veg,2025-10-05,0.3,0.0,,0.3,0,1,0,0,1,0
U01903,Bangalore,premium,North Indian|Street Food|Chinese|Beverages,622.81,5,26.3,both,2025-01-23,0.7083333333333334,4.0,lunch,0.0,0,1,0,0,0,1
U01904,Pune,budget,Continental|Street Food|Biryani,281.03,4,0.3,non-veg,2025-05-29,0.3333333333333333,1.0,dinner,0.0,1,0,0,0,1,0
U01905,Pune,budget,Italian|Desserts|South Indian,266.07,7,0.4,non-veg,2025-10-11,0.25,2.0,late_night,0.5,1,0,0,0,1,0
U01906,Delhi,premium,Continental|South Indian|North Indian|Fast Food,676.74,4,22.3,both,2024-03-28,0.6666666666666666,3.0,breakfast,0.0,0,1,0,0,0,1
U01907,Kolkata,budget,Italian|Beverages,227.48,8,1.9,non-veg,2025-10-18,0.16666666666666666,1.0,lunch,1.0,1,0,0,0,1,0
U01908,Bangalore,occasional,Continental|Biryani|Fast Food|Street Food,106.05,2,21.5,both,2024-09-29,0.5833333333333333,2.0,lunch,0.0,0,0,1,0,0,1
U01909,Kolkata,budget,Street Food|Chinese,276.42,10,2.3,veg,2025-12-14,0.4642857142857143,2.0,dinner,0.5,1,0,0,1,0,0
U01910,Delhi,budget,Desserts|Street Food,328.58,12,12.6,non-veg,2025-05-14,0.16984126984126982,3.0,breakfast,0.3333333333333333,1,0,0,0,1,0
U01911,Kolkata,occasional,Biryani|Continental|Beverages|Street Food,317.35,1,41.4,non-veg,2025-09-29,0.5,2.0,dinner,0.0,0,0,1,0,1,0
U01912,Hyderabad,premium,Beverages|Desserts,312.37,5,12.7,non-veg,2024-08-09,0.6111111111111112,3.0,breakfast,0.3333333333333333,0,1,0,0,1,0
U01913,Chennai,budget,Chinese|Fast Food,175.06,8,1.8,both,2025-09-17,0.42857142857142855,1.0,dinner,0.0,1,0,0,0,0,1
U01914,Mumbai,premium,Continental|North Indian,346.45,4,7.6,both,2025-07-17,0.6571428571428571,2.0,dinner,0.5,0,1,0,0,0,1
U01915,Pune,occasional,Beverages|Street Food|South Indian,409.56,2,17.3,non-veg,2025-08-11,0.3,0.0,,0.3,0,0,1,0,1,0
U01916,Hyderabad,occasional,Desserts|Street Food|Continental|Italian,563.16,0,26.0,veg,2024-05-16,0.2857142857142857,1.0,lunch,0.0,0,0,1,1,0,0
U01917,Mumbai,premium,Chinese|North Indian,616.46,5,4.1,veg,2025-08-17,0.4,1.0,snack,0.0,0,1,0,1,0,0
U01918,Chennai,occasional,Continental|North Indian,344.73,1,21.3,non-veg,2024-08-20,0.3333333333333333,2.0,dinner,0.0,0,0,1,0,1,0
U01919,Hyderabad,budget,Street Food|Fast Food|Continental|Desserts,252.79,9,7.4,both,2025-06-16,0.45,2.0,dinner,0.0,1,0,0,0,0,1
U01920,Mumbai,budget,Fast Food|Street Food|South Indian|Beverages,262.51,9,14.5,non-veg,2025-06-12,0.5,1.0,breakfast,0.0,1,0,0,0,1,0
U01921,Bangalore,budget,Italian|Fast Food|North Indian|Biryani,106.08,11,32.0,veg,2025-08-29,0.3,0.0,,0.3,1,0,0,1,0,0
U01922,Mumbai,occasional,Fast Food|North Indian,430.05,2,6.6,veg,2024-04-10,0.32047619047619047,5.0,lunch,0.0,0,0,1,1,0,0
U01923,Delhi,budget,Street Food|South Indian,226.08,11,17.7,non-veg,2026-01-26,0.3,0.0,,0.3,1,0,0,0,1,0
U01924,Pune,occasional,Continental|Biryani|Street Food,569.78,0,5.9,veg,2025-11-03,0.5111111111111112,3.0,breakfast,0.3333333333333333,0,0,1,1,0,0
U01925,Pune,budget,Fast Food|Chinese|Desserts|Continental,170.42,13,9.0,non-veg,2025-04-01,0.3,0.0,,0.3,1,0,0,0,1,0
U01926,Mumbai,premium,North Indian|Biryani,575.09,6,11.6,non-veg,2025-06-17,0.25,1.0,late_night,0.0,0,1,0,0,1,0
U01927,Pune,premium,Chinese|Fast Food|North Indian,609.94,2,0.1,both,2024-07-26,0.42857142857142855,1.0,dinner,0.0,0,1,0,0,0,1
U01928,Pune,budget,South Indian|Desserts|Fast Food|Street Food,312.79,7,1.5,veg,2024-04-26,0.3,0.0,,0.3,1,0,0,1,0,0
U01929,Pune,budget,Street Food|Italian|Beverages|South Indian,161.63,11,5.5,non-veg,2025-03-01,0.16666666666666666,3.0,dinner,0.0,1,0,0,0,1,0
U01930,Mumbai,budget,Continental|Desserts,303.4,5,4.2,both,2025-08-21,0.3,0.0,,0.3,1,0,0,0,0,1
U01931,Hyderabad,budget,Desserts|Biryani,224.9,5,13.1,veg,2025-08-29,0.3,0.0,,0.3,1,0,0,1,0,0
U01932,Hyderabad,budget,Beverages|Chinese,171.0,11,0.5,non-veg,2024-10-14,0.34285714285714286,2.0,lunch,0.0,1,0,0,0,1,0
U01933,Delhi,occasional,Italian|Beverages,388.06,0,12.9,veg,2025-07-27,0.7142857142857143,1.0,dinner,1.0,0,0,1,1,0,0
U01934,Pune,budget,North Indian|Fast Food|Chinese,288.58,7,2.0,veg,2025-07-30,0.3,0.0,,0.3,1,0,0,1,0,0
U01935,Kolkata,premium,Continental|Italian|South Indian,381.41,6,10.2,both,2025-09-03,0.5357142857142857,4.0,lunch,0.0,0,1,0,0,0,1
U01936,Bangalore,budget,Italian|Beverages|Desserts,388.08,10,2.8,veg,2025-10-17,0.3,0.0,,0.3,1,0,0,1,0,0
U01937,Pune,occasional,Chinese|North Indian|South Indian|Italian,333.51,1,12.5,both,2024-12-30,0.3,0.0,,0.3,0,0,1,0,0,1
U01938,Bangalore,occasional,North Indian|Continental,421.39,0,33.2,both,2025-09-14,0.14285714285714285,2.0,breakfast,0.0,0,0,1,0,0,1
U01939,Delhi,premium,Fast Food|Chinese,508.46,5,2.0,veg,2024-04-25,0.75,2.0,breakfast,0.5,0,1,0,1,0,0
U01940,Chennai,budget,North Indian|South Indian,248.08,10,6.3,both,2024-07-21,0.4,1.0,late_night,1.0,1,0,0,0,0,1
U01941,Pune,premium,South Indian|Italian|Chinese,700.24,5,8.4,both,2024-09-23,0.8333333333333334,2.0,late_night,1.0,0,1,0,0,0,1
U01942,Kolkata,budget,Beverages|Chinese|Fast Food|Street Food,337.53,9,4.8,both,2024-09-24,0.34523809523809523,4.0,lunch,0.25,1,0,0,0,0,1
U01943,Delhi,occasional,North Indian|Street Food,346.32,4,2.2,both,2025-04-29,0.5833333333333333,2.0,dinner,0.0,0,0,1,0,0,1
U01944,Pune,premium,South Indian|North Indian|Street Food|Beverages,727.8,5,4.9,both,2024-07-19,0.5666666666666667,4.0,late_night,0.0,0,1,0,0,0,1
U01945,Mumbai,budget,Street Food|Desserts,236.51,13,3.5,both,2025-09-04,0.41666666666666663,2.0,dinner,1.0,1,0,0,0,0,1
U01946,Bangalore,budget,North Indian|Italian,100.0,5,3.0,both,2024-11-16,0.369047619047619,2.0,dinner,0.0,1,0,0,0,0,1
U01947,Hyderabad,budget,Biryani|Fast Food,323.93,8,9.3,non-veg,2025-06-10,0.3,0.0,,0.3,1,0,0,0,1,0
U01948,Pune,budget,South Indian|Beverages|Chinese,370.22,10,13.2,veg,2025-10-07,0.3,0.0,,0.3,1,0,0,1,0,0
U01949,Delhi,budget,Fast Food|Biryani,230.08,5,10.4,non-veg,2025-11-10,0.3,0.0,,0.3,1,0,0,0,1,0
U01950,Chennai,budget,South Indian|Biryani|Continental,171.5,16,27.9,both,2025-12-14,0.375,4.0,breakfast,0.25,1,0,0,0,0,1
U01951,Chennai,budget,Chinese|Desserts,324.63,6,3.6,both,2024-08-02,0.4,1.0,lunch,0.0,1,0,0,0,0,1
U01952,Mumbai,budget,Chinese|Desserts|Continental|Biryani,255.79,8,4.9,both,2025-03-25,0.4,1.0,breakfast,0.0,1,0,0,0,0,1
U01953,Chennai,premium,Biryani|South Indian|Fast Food,214.86,3,4.2,veg,2024-09-03,0.6166666666666667,3.0,lunch,0.6666666666666666,0,1,0,1,0,0
U01954,Pune,occasional,Fast Food|South Indian|North Indian,229.62,5,2.9,non-veg,2025-08-28,0.0,1.0,dinner,0.0,0,0,1,0,1,0
U01955,Kolkata,budget,Chinese|Biryani|Continental|Italian,261.34,9,4.4,both,2024-10-27,0.3,0.0,,0.3,1,0,0,0,0,1
U01956,Pune,budget,South Indian|Continental|Desserts,324.78,6,6.7,veg,2025-04-17,0.45396825396825397,3.0,lunch,0.3333333333333333,1,0,0,1,0,0
U01957,Delhi,occasional,Biryani|Chinese,614.39,2,2.6,both,2025-07-25,0.6607142857142857,2.0,breakfast,0.0,0,0,1,0,0,1
U01958,Kolkata,premium,Biryani|Continental|Beverages,541.34,3,28.7,veg,2024-11-19,0.6444444444444445,3.0,late_night,0.3333333333333333,0,1,0,1,0,0
U01959,Hyderabad,occasional,Desserts|Biryani|Chinese|Continental,214.76,4,12.9,non-veg,2024-03-29,0.4611111111111111,3.0,lunch,0.3333333333333333,0,0,1,0,1,0
U01960,Delhi,occasional,Desserts|Street Food|Beverages,516.09,0,4.6,non-veg,2024-07-25,0.41666666666666663,2.0,breakfast,1.0,0,0,1,0,1,0
U01961,Chennai,budget,Street Food|Continental|Italian,270.53,4,6.4,veg,2024-12-30,0.2392857142857143,6.0,lunch,0.5,1,0,0,1,0,0
U01962,Bangalore,premium,Desserts|Street Food|Italian|Biryani,706.35,3,36.3,veg,2025-10-30,0.3333333333333333,1.0,breakfast,1.0,0,1,0,1,0,0
U01963,Delhi,occasional,North Indian|Italian|Continental,685.84,2,12.4,both,2025-01-21,0.3,0.0,,0.3,0,0,1,0,0,1
U01964,Chennai,occasional,Chinese|South Indian|North Indian,427.3,3,7.3,non-veg,2025-02-04,0.5,1.0,snack,0.0,0,0,1,0,1,0
U01965,Mumbai,budget,Fast Food|Beverages,288.23,9,2.1,non-veg,2025-09-02,0.2571428571428572,7.0,dinner,0.5714285714285714,1,0,0,0,1,0
U01966,Kolkata,budget,Desserts|Italian|Street Food|Continental,368.15,12,14.9,both,2025-06-12,0.16666666666666666,1.0,breakfast,0.0,1,0,0,0,0,1
U01967,Bangalore,occasional,Chinese|South Indian|Continental|Italian,655.5,1,12.7,veg,2026-01-01,0.557142857142857,3.0,breakfast,0.3333333333333333,0,0,1,1,0,0
U01968,Pune,budget,Biryani|North Indian|South Indian,261.7,9,17.9,veg,2024-03-20,0.14285714285714285,2.0,dinner,0.5,1,0,0,1,0,0
U01969,Chennai,occasional,Beverages|Chinese,538.9,1,35.0,veg,2025-12-28,0.5396825396825397,3.0,breakfast,0.6666666666666666,0,0,1,1,0,0
U01970,Delhi,budget,Chinese|South Indian|Italian,222.41,10,7.4,non-veg,2025-11-10,0.3,2.0,dinner,0.0,1,0,0,0,1,0
U01971,Bangalore,budget,Desserts|Chinese|Street Food|Italian,444.03,11,0.3,veg,2025-09-06,0.2657142857142857,5.0,snack,0.0,1,0,0,1,0,0
U01972,Pune,premium,Fast Food|Beverages|Desserts|Biryani,588.13,3,1.6,non-veg,2025-02-16,0.6333333333333333,2.0,dinner,0.5,0,1,0,0,1,0
U01973,Hyderabad,budget,North Indian|Fast Food|South Indian|Beverages,266.79,14,24.7,non-veg,2025-11-27,0.3,0.0,,0.3,1,0,0,0,1,0
U01974,Pune,occasional,Continental|Chinese,324.11,1,27.0,veg,2024-08-30,0.3,0.0,,0.3,0,0,1,1,0,0
U01975,Delhi,occasional,Desserts|Continental,495.7,2,13.8,non-veg,2024-03-02,0.3,0.0,,0.3,0,0,1,0,1,0
U01976,Hyderabad,occasional,Fast Food|Street Food|Continental|Biryani,401.68,3,6.5,veg,2025-06-09,0.5,1.0,lunch,0.0,0,0,1,1,0,0
U01977,Hyderabad,occasional,Fast Food|South Indian,281.03,2,20.5,both,2024-08-11,0.2,1.0,lunch,1.0,0,0,1,0,0,1
U01978,Hyderabad,budget,Italian|Desserts,179.63,7,4.3,veg,2024-05-04,0.4,1.0,late_night,0.0,1,0,0,1,0,0
U01979,Bangalore,occasional,Desserts|Chinese,343.82,3,1.1,veg,2024-07-04,0.16666666666666666,1.0,lunch,0.0,0,0,1,1,0,0
U01980,Chennai,premium,Beverages|Continental,314.95,2,2.4,non-veg,2025-03-13,0.625,2.0,lunch,0.5,0,1,0,0,1,0
U01981,Pune,budget,Desserts|Continental|Chinese|North Indian,200.31,11,2.1,non-veg,2025-01-12,0.41666666666666663,2.0,late_night,0.5,1,0,0,0,1,0
U01982,Pune,budget,Italian|Fast Food|South Indian,174.56,4,9.9,veg,2025-10-13,0.3666666666666667,2.0,lunch,0.5,1,0,0,1,0,0
U01983,Bangalore,occasional,Continental|Biryani|North Indian,496.22,6,22.0,veg,2025-05-27,0.5228571428571429,5.0,breakfast,0.2,0,0,1,1,0,0
U01984,Mumbai,premium,Street Food|South Indian,449.7,4,45.1,non-veg,2025-11-22,0.6666666666666667,2.0,breakfast,1.0,0,1,0,0,1,0
U01985,Delhi,occasional,North Indian|Fast Food|Italian|Street Food,323.4,1,6.7,non-veg,2025-07-05,0.4166666666666667,2.0,dinner,0.5,0,0,1,0,1,0
U01986,Pune,premium,Italian|Fast Food,321.3,4,4.1,veg,2025-11-01,0.5833333333333333,2.0,breakfast,0.5,0,1,0,1,0,0
U01987,Chennai,budget,North Indian|Beverages|Continental|Street Food,309.84,7,35.9,both,2025-03-11,0.3,0.0,,0.3,1,0,0,0,0,1
U01988,Bangalore,budget,North Indian|Biryani|Fast Food,151.7,6,10.7,veg,2024-12-16,0.2571428571428571,5.0,breakfast,0.2,1,0,0,1,0,0
U01989,Chennai,budget,Biryani|Desserts,362.75,4,15.3,non-veg,2025-01-28,0.5,1.0,snack,1.0,1,0,0,0,1,0
U01990,Delhi,budget,South Indian|Biryani|Desserts|Street Food,333.24,5,2.3,non-veg,2024-08-30,0.27999999999999997,5.0,breakfast,0.0,1,0,0,0,1,0
U01991,Bangalore,occasional,Chinese|North Indian|Desserts|Italian,499.2,1,10.1,both,2024-06-06,0.5,1.0,breakfast,0.0,0,0,1,0,0,1
U01992,Kolkata,occasional,Fast Food|Chinese,227.76,3,18.8,both,2025-08-25,0.55,2.0,breakfast,0.5,0,0,1,0,0,1
U01993,Pune,budget,South Indian|Continental|Italian,408.66,5,21.4,veg,2025-06-21,0.21428571428571427,3.0,dinner,0.0,1,0,0,1,0,0
U01994,Kolkata,budget,Chinese|Continental|Biryani|Italian,185.97,14,40.3,veg,2025-09-15,0.3333333333333333,1.0,breakfast,0.0,1,0,0,1,0,0
U01995,Mumbai,budget,Biryani|Desserts|North Indian,262.96,9,1.3,both,2024-02-28,0.16666666666666666,1.0,lunch,0.0,1,0,0,0,0,1
U01996,Hyderabad,occasional,Italian|South Indian,366.24,0,17.0,non-veg,2025-08-24,0.16666666666666666,1.0,lunch,0.0,0,0,1,0,1,0
U01997,Chennai,budget,Beverages|South Indian|North Indian|Street Food,269.58,5,5.0,both,2025-03-17,0.0,1.0,late_night,1.0,1,0,0,0,0,1
U01998,Chennai,budget,Beverages|South Indian,230.07,9,6.3,both,2024-10-19,0.20000000000000004,3.0,breakfast,0.3333333333333333,1,0,0,0,0,1
U01999,Mumbai,premium,Fast Food|Chinese,596.67,3,7.3,non-veg,2025-11-19,0.8,2.0,breakfast,0.5,0,1,0,0,1,0
U02000,Mumbai,occasional,Biryani|Continental|South Indian|North Indian,398.13,2,16.1,both,2025-07-28,0.44666666666666666,5.0,breakfast,0.0,0,0,1,0,0,1
U02001,Pune,occasional,Fast Food|Beverages|Continental,353.25,3,43.1,non-veg,2024-11-01,0.16666666666666666,1.0,breakfast,0.0,0,0,1,0,1,0
U02002,Pune,budget,South Indian|Beverages,308.56,7,8.2,veg,2025-12-18,0.3,0.0,,0.3,1,0,0,1,0,0
U02003,Mumbai,budget,Desserts|Continental|Chinese,341.41,6,1.4,veg,2024-11-02,0.16666666666666666,1.0,breakfast,0.0,1,0,0,1,0,0
U02004,Mumbai,occasional,Continental|Biryani|Street Food|North Indian,358.62,0,1.9,non-veg,2024-02-29,0.3202380952380952,4.0,late_night,0.25,0,0,1,0,1,0
U02005,Hyderabad,budget,Beverages|Fast Food|North Indian|Street Food,229.97,9,8.7,both,2024-04-08,0.3,0.0,,0.3,1,0,0,0,0,1
U02006,Bangalore,premium,Italian|Street Food|North Indian|South Indian,490.72,5,11.1,non-veg,2025-10-12,0.41666666666666663,2.0,dinner,0.5,0,1,0,0,1,0
U02007,Mumbai,budget,Chinese|Desserts|South Indian,195.99,10,2.8,veg,2025-06-13,0.5666666666666667,2.0,breakfast,0.5,1,0,0,1,0,0
U02008,Hyderabad,occasional,South Indian|Biryani|Beverages,294.4,1,7.5,non-veg,2024-10-05,0.8,1.0,late_night,0.0,0,0,1,0,1,0
U02009,Pune,budget,Beverages|South Indian|Street Food|Continental,358.92,9,31.8,non-veg,2025-10-09,0.3333333333333333,1.0,dinner,1.0,1,0,0,0,1,0
U02010,Hyderabad,premium,Italian|Desserts|Biryani,602.43,4,2.0,non-veg,2025-11-22,0.5,1.0,late_night,1.0,0,1,0,0,1,0
U02011,Mumbai,budget,Continental|Beverages|Italian,289.79,10,0.4,non-veg,2024-09-27,0.5,1.0,late_night,1.0,1,0,0,0,1,0
U02012,Bangalore,budget,Beverages|North Indian|Chinese,252.62,13,1.1,both,2024-10-03,0.5,1.0,dinner,1.0,1,0,0,0,0,1
U02013,Delhi,budget,Italian|Biryani|North Indian|Fast Food,100.0,10,0.6,non-veg,2025-01-03,0.0,1.0,lunch,0.0,1,0,0,0,1,0
U02014,Bangalore,premium,Desserts|Beverages|Italian,698.39,4,19.5,veg,2025-12-03,0.2,1.0,late_night,0.0,0,1,0,1,0,0
U02015,Delhi,premium,Desserts|Fast Food,277.93,1,10.3,veg,2025-05-14,0.5555555555555555,3.0,dinner,0.3333333333333333,0,1,0,1,0,0
U02016,Pune,occasional,South Indian|Chinese,519.8,0,24.9,both,2025-11-18,0.25,1.0,breakfast,0.0,0,0,1,0,0,1
U02017,Mumbai,occasional,South Indian|Fast Food|Beverages,446.05,0,26.4,both,2024-11-24,0.0,1.0,late_night,0.0,0,0,1,0,0,1
U02018,Chennai,premium,Fast Food|Chinese,446.64,3,50.4,both,2025-12-03,0.7666666666666666,4.0,lunch,0.0,0,1,0,0,0,1
U02019,Bangalore,occasional,Biryani|Fast Food|Chinese,376.92,4,6.3,veg,2025-07-08,0.08333333333333333,2.0,dinner,0.0,0,0,1,1,0,0
U02020,Mumbai,occasional,Beverages|Continental|Chinese,465.35,0,11.0,both,2024-11-06,0.5,2.0,breakfast,0.0,0,0,1,0,0,1
U02021,Mumbai,budget,Continental|Desserts|North Indian|Fast Food,445.9,9,2.8,veg,2024-05-26,0.2,1.0,lunch,0.0,1,0,0,1,0,0
U02022,Delhi,premium,Continental|Chinese,548.89,4,16.9,non-veg,2025-03-02,0.7857142857142857,3.0,lunch,0.6666666666666666,0,1,0,0,1,0
U02023,Pune,budget,Biryani|North Indian|Chinese|Italian,295.99,8,1.0,non-veg,2025-08-29,0.26785714285714285,2.0,breakfast,1.0,1,0,0,0,1,0
U02024,Hyderabad,premium,South Indian|Desserts|Fast Food,557.48,7,3.2,both,2024-08-12,0.3,0.0,,0.3,0,1,0,0,0,1
U02025,Pune,budget,Beverages|Chinese,273.7,5,8.3,veg,2024-04-18,0.08333333333333333,2.0,snack,0.5,1,0,0,1,0,0
U02026,Hyderabad,budget,Continental|South Indian|North Indian|Street Food,257.58,12,2.1,both,2025-07-19,0.4166666666666667,3.0,breakfast,0.0,1,0,0,0,0,1
U02027,Hyderabad,budget,Street Food|Chinese|Desserts|South Indian,227.32,2,25.0,veg,2025-02-05,0.2222222222222222,3.0,dinner,0.6666666666666666,1,0,0,1,0,0
U02028,Delhi,occasional,Continental|North Indian,473.54,3,24.8,veg,2025-01-13,0.3,0.0,,0.3,0,0,1,1,0,0
U02029,Kolkata,budget,North Indian|Fast Food|Street Food,214.86,4,52.8,veg,2024-08-31,0.41111111111111115,3.0,dinner,0.0,1,0,0,1,0,0
U02030,Kolkata,budget,Beverages|Continental,448.7,7,1.4,both,2024-11-30,0.2698412698412698,3.0,breakfast,0.3333333333333333,1,0,0,0,0,1
U02031,Hyderabad,budget,Biryani|Street Food|Desserts,260.54,9,11.9,non-veg,2024-08-10,0.225,2.0,breakfast,0.5,1,0,0,0,1,0
U02032,Kolkata,premium,South Indian|Chinese|Beverages,763.84,4,4.6,veg,2024-11-15,1.0,1.0,late_night,0.0,0,1,0,1,0,0
U02033,Mumbai,budget,Street Food|Chinese,222.09,6,1.7,non-veg,2024-07-21,0.125,2.0,breakfast,0.0,1,0,0,0,1,0
U02034,Hyderabad,occasional,Fast Food|Desserts|Continental,523.91,1,14.8,veg,2024-05-02,0.0,1.0,snack,0.0,0,0,1,1,0,0
U02035,Kolkata,occasional,South Indian|Continental,323.82,2,37.2,non-veg,2025-10-28,0.3333333333333333,1.0,dinner,0.0,0,0,1,0,1,0
U02036,Pune,budget,Continental|Desserts,438.07,5,2.8,non-veg,2025-10-13,0.5,1.0,snack,0.0,1,0,0,0,1,0
U02037,Hyderabad,budget,Continental|Street Food|South Indian|Biryani,334.26,13,2.6,non-veg,2024-10-30,0.13333333333333333,4.0,breakfast,0.75,1,0,0,0,1,0
U02038,Chennai,occasional,North Indian|Fast Food|Desserts|South Indian,655.61,1,27.7,both,2025-06-13,0.5,1.0,breakfast,1.0,0,0,1,0,0,1
U02039,Kolkata,budget,Street Food|Desserts|South Indian,216.26,3,26.3,non-veg,2025-07-11,0.22619047619047616,2.0,breakfast,0.5,1,0,0,0,1,0
U02040,Kolkata,premium,South Indian|Biryani|Beverages,579.8,8,2.2,veg,2024-12-01,0.5,1.0,late_night,0.0,0,1,0,1,0,0
U02041,Kolkata,budget,Desserts|North Indian|Biryani|Continental,135.81,7,7.8,non-veg,2025-06-12,0.3333333333333333,3.0,breakfast,0.0,1,0,0,0,1,0
U02042,Chennai,budget,Fast Food|Continental|Street Food,292.28,3,48.5,both,2024-11-29,0.3,0.0,,0.3,1,0,0,0,0,1
U02043,Pune,budget,North Indian|Desserts,172.06,10,3.0,both,2025-12-25,0.16666666666666666,2.0,late_night,0.5,1,0,0,0,0,1
U02044,Bangalore,budget,Chinese|Biryani,213.65,6,1.4,non-veg,2024-08-14,0.20555555555555557,3.0,snack,0.3333333333333333,1,0,0,0,1,0
U02045,Kolkata,budget,Continental|Biryani|Street Food|South Indian,258.13,11,28.2,both,2024-06-21,0.3833333333333333,2.0,dinner,0.0,1,0,0,0,0,1
U02046,Hyderabad,budget,Street Food|Desserts,274.82,11,2.4,non-veg,2025-07-14,0.16666666666666666,1.0,breakfast,0.0,1,0,0,0,1,0
U02047,Chennai,budget,Desserts|North Indian|Continental|South Indian,471.32,8,12.8,both,2024-04-16,0.3,0.0,,0.3,1,0,0,0,0,1
U02048,Hyderabad,budget,Chinese|Desserts|Biryani|Fast Food,351.68,7,2.4,non-veg,2025-08-18,0.31746031746031744,3.0,lunch,0.0,1,0,0,0,1,0
U02049,Hyderabad,premium,South Indian|Chinese,525.15,2,11.5,both,2024-08-29,0.2857142857142857,1.0,dinner,0.0,0,1,0,0,0,1
U02050,Bangalore,budget,Continental|Desserts|Fast Food|Street Food,109.15,4,6.4,both,2024-07-10,0.19444444444444442,3.0,late_night,0.3333333333333333,1,0,0,0,0,1
U02051,Delhi,budget,Italian|South Indian|Street Food,100.0,10,5.1,both,2026-01-01,0.3968253968253968,3.0,lunch,0.6666666666666666,1,0,0,0,0,1
U02052,Hyderabad,premium,Continental|Chinese,659.12,1,6.1,both,2025-12-30,0.5,3.0,late_night,0.0,0,1,0,0,0,1
U02053,Chennai,occasional,Street Food|South Indian|Desserts|North Indian,650.32,3,1.8,veg,2025-09-16,0.3,0.0,,0.3,0,0,1,1,0,0
U02054,Hyderabad,occasional,Biryani|Chinese|Italian|Continental,560.49,2,36.6,both,2025-06-14,0.16666666666666666,2.0,dinner,0.5,0,0,1,0,0,1
U02055,Mumbai,budget,Street Food|Italian,139.23,4,5.3,veg,2025-01-05,0.22857142857142856,3.0,late_night,0.0,1,0,0,1,0,0
U02056,Kolkata,budget,North Indian|Fast Food|South Indian,405.18,3,13.1,non-veg,2025-09-02,0.369047619047619,2.0,lunch,0.5,1,0,0,0,1,0
U02057,Pune,budget,Continental|South Indian,204.14,7,2.6,non-veg,2025-10-06,0.26190476190476186,4.0,dinner,0.0,1,0,0,0,1,0
U02058,Hyderabad,occasional,South Indian|Continental|Chinese|Beverages,538.78,4,9.4,non-veg,2025-05-04,0.5238095238095238,2.0,breakfast,0.0,0,0,1,0,1,0
U02059,Delhi,occasional,South Indian|Beverages,178.07,4,10.6,veg,2025-01-22,0.2583333333333333,4.0,late_night,0.0,0,0,1,1,0,0
U02060,Kolkata,budget,Desserts|South Indian,224.67,9,5.1,both,2024-09-12,0.3,0.0,,0.3,1,0,0,0,0,1
U02061,Kolkata,premium,Desserts|South Indian,600.78,2,12.7,non-veg,2024-09-16,0.5476190476190476,3.0,dinner,0.3333333333333333,0,1,0,0,1,0
U02062,Pune,budget,Italian|Desserts,272.04,6,5.3,non-veg,2025-01-08,0.16666666666666666,2.0,lunch,0.0,1,0,0,0,1,0
U02063,Mumbai,occasional,Beverages|Chinese|Street Food|Continental,279.77,4,42.4,veg,2026-01-17,0.3,0.0,,0.3,0,0,1,1,0,0
U02064,Delhi,occasional,Continental|North Indian|South Indian|Chinese,443.17,3,0.6,veg,2025-02-06,0.5833333333333334,2.0,breakfast,0.5,0,0,1,1,0,0
U02065,Hyderabad,budget,Continental|Street Food|North Indian|South Indian,132.95,11,8.4,non-veg,2024-08-11,0.3,0.0,,0.3,1,0,0,0,1,0
U02066,Pune,occasional,South Indian|Italian|North Indian,429.23,3,23.0,non-veg,2024-07-28,0.4666666666666666,3.0,dinner,0.0,0,0,1,0,1,0
U02067,Bangalore,budget,Street Food|Chinese|Italian|Desserts,171.79,6,8.1,both,2025-01-19,0.3333333333333333,1.0,lunch,1.0,1,0,0,0,0,1
U02068,Bangalore,budget,North Indian|Biryani,332.31,9,18.8,non-veg,2025-09-08,0.41666666666666663,2.0,late_night,0.5,1,0,0,0,1,0
U02069,Delhi,premium,Chinese|Fast Food,707.14,9,3.9,veg,2025-04-22,0.5520833333333334,4.0,breakfast,0.5,0,1,0,1,0,0
U02070,Hyderabad,premium,South Indian|Biryani,887.46,10,15.3,veg,2024-07-12,0.5,3.0,lunch,0.0,0,1,0,1,0,0
U02071,Pune,budget,Beverages|Continental|Desserts,223.28,12,4.3,non-veg,2024-08-21,0.25,1.0,snack,0.0,1,0,0,0,1,0
U02072,Hyderabad,occasional,Fast Food|Chinese,244.15,3,9.1,both,2025-07-09,0.3392857142857143,4.0,breakfast,0.0,0,0,1,0,0,1
U02073,Pune,premium,Fast Food|Desserts|South Indian|Continental,926.76,6,3.3,non-veg,2024-06-05,0.6666666666666666,1.0,lunch,1.0,0,1,0,0,1,0
U02074,Mumbai,occasional,Italian|Beverages,353.12,2,19.1,non-veg,2024-11-10,0.373015873015873,3.0,lunch,0.0,0,0,1,0,1,0
U02075,Hyderabad,budget,Continental|Fast Food|Biryani,199.79,10,5.2,veg,2024-04-30,0.3,0.0,,0.3,1,0,0,1,0,0
U02076,Bangalore,budget,Desserts|Continental|Italian|Fast Food,324.53,8,15.5,veg,2025-01-31,0.3,0.0,,0.3,1,0,0,1,0,0
U02077,Mumbai,occasional,South Indian|Beverages|Chinese|North Indian,377.72,2,4.7,both,2024-08-22,0.5,2.0,dinner,0.5,0,0,1,0,0,1
U02078,Mumbai,budget,Desserts|Fast Food|Biryani|Italian,124.64,10,2.5,both,2025-12-28,0.5,1.0,dinner,1.0,1,0,0,0,0,1
U02079,Bangalore,budget,Biryani|Desserts,181.1,12,3.8,both,2025-07-21,0.30158730158730157,3.0,breakfast,0.3333333333333333,1,0,0,0,0,1
U02080,Mumbai,budget,South Indian|Italian,110.14,8,1.0,both,2024-03-26,0.30952380952380953,3.0,breakfast,0.6666666666666666,1,0,0,0,0,1
U02081,Mumbai,budget,Chinese|Biryani|South Indian,202.43,14,21.6,both,2026-01-18,0.5,1.0,lunch,0.0,1,0,0,0,0,1
U02082,Mumbai,occasional,North Indian|Biryani|Italian|Beverages,379.64,0,3.7,both,2024-06-25,0.4,1.0,snack,0.0,0,0,1,0,0,1
U02083,Kolkata,premium,Italian|Street Food|South Indian,768.17,2,6.0,non-veg,2024-12-29,0.8333333333333334,1.0,breakfast,1.0,0,1,0,0,1,0
U02084,Mumbai,budget,Italian|Street Food|Continental|North Indian,223.05,9,6.4,both,2024-07-02,0.3,0.0,,0.3,1,0,0,0,0,1
U02085,Mumbai,budget,Continental|South Indian|Desserts|Biryani,363.33,10,5.2,veg,2024-11-08,0.1733333333333333,5.0,dinner,0.2,1,0,0,1,0,0
U02086,Mumbai,occasional,Italian|Continental|North Indian,502.11,1,2.4,non-veg,2024-09-09,0.3333333333333333,1.0,lunch,0.0,0,0,1,0,1,0
U02087,Hyderabad,budget,Fast Food|Desserts,126.6,6,18.7,non-veg,2025-09-27,0.3482142857142857,4.0,dinner,0.25,1,0,0,0,1,0
U02088,Bangalore,budget,Chinese|Biryani|Desserts,245.19,9,2.1,veg,2025-05-30,0.16666666666666666,2.0,late_night,0.5,1,0,0,1,0,0
U02089,Chennai,premium,Fast Food|North Indian,560.17,2,1.2,veg,2024-04-08,0.5555555555555555,3.0,dinner,0.6666666666666666,0,1,0,1,0,0
U02090,Kolkata,occasional,North Indian|Beverages|Fast Food|South Indian,291.36,1,6.9,veg,2024-12-11,0.3557142857142857,5.0,lunch,0.2,0,0,1,1,0,0
U02091,Bangalore,premium,Street Food|North Indian|Biryani|Beverages,278.4,5,18.9,both,2026-01-11,0.75,1.0,dinner,1.0,0,1,0,0,0,1
U02092,Bangalore,occasional,South Indian|Desserts|Fast Food,710.84,2,14.0,non-veg,2025-04-21,0.5,2.0,late_night,0.0,0,0,1,0,1,0
U02093,Mumbai,occasional,Desserts|South Indian|Biryani,357.78,1,7.6,non-veg,2024-09-09,0.18333333333333335,2.0,breakfast,1.0,0,0,1,0,1,0
U02094,Chennai,budget,Desserts|Fast Food,325.66,12,6.1,both,2024-10-19,0.2,1.0,dinner,1.0,1,0,0,0,0,1
U02095,Hyderabad,occasional,South Indian|Biryani|Continental|North Indian,414.32,1,0.7,both,2025-06-12,0.13888888888888887,3.0,dinner,0.3333333333333333,0,0,1,0,0,1
U02096,Bangalore,budget,Chinese|South Indian,211.93,5,16.9,non-veg,2025-03-03,0.3214285714285714,4.0,lunch,0.0,1,0,0,0,1,0
U02097,Kolkata,premium,Desserts|Italian|Chinese|North Indian,558.81,7,40.9,non-veg,2025-07-16,0.7142857142857143,1.0,snack,0.0,0,1,0,0,1,0
U02098,Pune,budget,Street Food|North Indian|Continental,354.6,13,0.9,veg,2025-05-07,0.22142857142857142,6.0,snack,0.0,1,0,0,1,0,0
U02099,Kolkata,occasional,South Indian|North Indian,289.64,3,18.4,non-veg,2025-03-22,0.0,1.0,dinner,1.0,0,0,1,0,1,0
U02100,Bangalore,budget,Biryani|Desserts|Fast Food,302.38,7,29.4,veg,2025-08-06,0.36,5.0,lunch,0.4,1,0,0,1,0,0
U02101,Delhi,occasional,Beverages|South Indian|Chinese|Continental,631.97,1,54.8,veg,2025-08-29,0.45666666666666667,5.0,dinner,0.0,0,0,1,1,0,0
U02102,Kolkata,premium,Desserts|Beverages|South Indian|Fast Food,476.32,4,32.2,both,2024-08-05,0.5,2.0,lunch,0.0,0,1,0,0,0,1
U02103,Delhi,budget,Beverages|Continental|Fast Food|Chinese,364.55,11,1.1,non-veg,2024-09-20,0.3,0.0,,0.3,1,0,0,0,1,0
U02104,Delhi,budget,Fast Food|Continental,213.28,8,30.8,non-veg,2025-11-04,0.41111111111111115,3.0,lunch,0.3333333333333333,1,0,0,0,1,0
U02105,Mumbai,premium,Italian|Continental|South Indian|North Indian,717.19,4,0.6,both,2024-09-08,0.5833333333333334,4.0,lunch,0.5,0,1,0,0,0,1
U02106,Bangalore,budget,North Indian|Italian,341.53,9,24.2,veg,2024-10-05,0.16666666666666666,1.0,dinner,0.0,1,0,0,1,0,0
U02107,Kolkata,budget,Italian|Beverages|South Indian,154.06,2,9.8,non-veg,2025-02-13,0.41666666666666663,2.0,breakfast,0.5,1,0,0,0,1,0
U02108,Delhi,budget,Street Food|Continental|Biryani|Desserts,309.97,6,0.3,non-veg,2025-03-14,0.2888095238095238,5.0,dinner,0.4,1,0,0,0,1,0
U02109,Pune,budget,Chinese|Street Food|South Indian,166.69,9,35.3,non-veg,2025-09-16,0.2857142857142857,1.0,dinner,0.0,1,0,0,0,1,0
U02110,Delhi,premium,Desserts|Beverages|Italian,478.13,1,39.3,non-veg,2024-12-14,0.6071428571428572,4.0,breakfast,0.25,0,1,0,0,1,0
U02111,Delhi,budget,Fast Food|Desserts,373.91,5,0.8,both,2025-08-12,0.24444444444444446,3.0,breakfast,0.3333333333333333,1,0,0,0,0,1
U02112,Pune,occasional,Continental|South Indian|Chinese,578.34,4,3.5,both,2024-10-12,0.6190476190476191,2.0,dinner,0.0,0,0,1,0,0,1
U02113,Bangalore,occasional,South Indian|Italian|North Indian|Street Food,321.72,4,6.8,both,2025-07-20,0.32222222222222224,3.0,dinner,0.0,0,0,1,0,0,1
U02114,Mumbai,occasional,Beverages|Street Food,336.17,3,49.3,non-veg,2024-10-21,0.3333333333333333,2.0,breakfast,0.0,0,0,1,0,1,0
U02115,Mumbai,occasional,South Indian|Street Food|Continental,334.67,1,20.5,both,2025-01-30,0.35714285714285715,2.0,breakfast,0.5,0,0,1,0,0,1
U02116,Hyderabad,budget,Chinese|Desserts,333.83,11,3.5,both,2024-08-31,0.0,1.0,breakfast,0.0,1,0,0,0,0,1
U02117,Hyderabad,budget,Biryani|North Indian|Beverages|Chinese,345.14,15,2.0,both,2025-01-14,0.3,0.0,,0.3,1,0,0,0,0,1
U02118,Bangalore,budget,Desserts|Continental,356.68,12,1.8,both,2025-07-13,0.0,1.0,dinner,0.0,1,0,0,0,0,1
U02119,Mumbai,budget,Desserts|Chinese,224.93,10,6.6,both,2024-05-29,0.2976190476190476,2.0,dinner,0.0,1,0,0,0,0,1
U02120,Mumbai,budget,Continental|Beverages|Desserts|North Indian,206.61,10,7.5,non-veg,2024-03-01,0.24285714285714285,2.0,late_night,0.0,1,0,0,0,1,0
U02121,Bangalore,budget,Italian|South Indian|Continental|North Indian,377.3,9,8.7,non-veg,2025-12-04,0.3833333333333333,4.0,dinner,0.0,1,0,0,0,1,0
U02122,Bangalore,occasional,Fast Food|Italian|South Indian|Continental,346.27,0,0.4,veg,2025-10-16,0.3333333333333333,2.0,late_night,0.0,0,0,1,1,0,0
U02123,Mumbai,budget,Continental|Desserts,411.78,8,10.5,non-veg,2024-12-22,0.5666666666666667,2.0,breakfast,0.5,1,0,0,0,1,0
U02124,Hyderabad,premium,Italian|Fast Food,678.98,4,77.6,non-veg,2024-09-07,0.8571428571428572,2.0,breakfast,0.0,0,1,0,0,1,0
U02125,Delhi,budget,Italian|Biryani,204.09,17,4.9,veg,2024-04-15,0.3,0.0,,0.3,1,0,0,1,0,0
U02126,Mumbai,occasional,Continental|Fast Food|North Indian|Beverages,401.11,1,4.3,non-veg,2025-07-22,0.3,0.0,,0.3,0,0,1,0,1,0
U02127,Chennai,occasional,Continental|Beverages|Fast Food|Desserts,360.26,0,9.8,non-veg,2025-05-28,0.4222222222222222,3.0,breakfast,0.3333333333333333,0,0,1,0,1,0
U02128,Delhi,budget,South Indian|Chinese|Street Food,233.02,10,0.9,non-veg,2025-02-21,0.16666666666666666,2.0,breakfast,0.5,1,0,0,0,1,0
U02129,Hyderabad,premium,North Indian|Beverages,486.74,2,27.0,both,2024-11-15,0.6133333333333333,5.0,lunch,0.4,0,1,0,0,0,1
U02130,Mumbai,budget,Chinese|Fast Food,401.73,9,9.8,both,2025-11-10,0.3,0.0,,0.3,1,0,0,0,0,1
U02131,Delhi,budget,North Indian|Biryani|Beverages|Fast Food,266.1,10,12.1,veg,2026-01-26,0.0,1.0,snack,1.0,1,0,0,1,0,0
U02132,Hyderabad,budget,Beverages|South Indian,244.75,11,18.6,non-veg,2025-12-12,0.42063492063492064,3.0,dinner,0.3333333333333333,1,0,0,0,1,0
U02133,Kolkata,occasional,Continental|Fast Food,424.21,4,6.4,veg,2025-06-08,0.38809523809523805,4.0,lunch,0.25,0,0,1,1,0,0
U02134,Chennai,budget,Chinese|Continental|South Indian|North Indian,218.18,6,2.1,veg,2025-03-22,0.2833333333333333,2.0,dinner,0.0,1,0,0,1,0,0
U02135,Kolkata,budget,Biryani|Beverages|Street Food|Continental,378.09,7,4.4,veg,2025-02-02,0.24107142857142855,4.0,breakfast,0.25,1,0,0,1,0,0
U02136,Chennai,budget,Beverages|Fast Food|Biryani,393.76,5,28.5,non-veg,2024-10-15,0.3333333333333333,1.0,dinner,0.0,1,0,0,0,1,0
U02137,Bangalore,budget,Fast Food|Biryani|Beverages,336.53,14,7.0,both,2025-10-04,0.3208333333333333,4.0,dinner,0.0,1,0,0,0,0,1
U02138,Mumbai,occasional,Street Food|North Indian|Chinese|Italian,590.73,4,0.2,non-veg,2025-06-16,0.5,3.0,snack,0.0,0,0,1,0,1,0
U02139,Pune,budget,Biryani|Beverages,100.0,10,1.0,veg,2025-12-27,0.3,0.0,,0.3,1,0,0,1,0,0
U02140,Delhi,budget,Desserts|Biryani|Italian|Street Food,163.67,11,11.0,veg,2025-10-28,0.20000000000000004,3.0,breakfast,0.3333333333333333,1,0,0,1,0,0
U02141,Delhi,budget,South Indian|Fast Food|Beverages,256.4,9,4.5,non-veg,2024-08-06,0.17857142857142858,3.0,breakfast,0.3333333333333333,1,0,0,0,1,0
U02142,Delhi,premium,Biryani|Continental|Desserts,810.24,4,16.4,non-veg,2024-06-03,0.6666666666666666,2.0,late_night,0.0,0,1,0,0,1,0
U02143,Hyderabad,occasional,Fast Food|Italian|North Indian,525.72,3,6.8,non-veg,2024-06-13,0.3611111111111111,3.0,breakfast,0.0,0,0,1,0,1,0
U02144,Chennai,budget,Biryani|South Indian|Desserts|Beverages,279.21,6,6.9,both,2024-10-19,0.16666666666666666,1.0,breakfast,0.0,1,0,0,0,0,1
U02145,Chennai,occasional,Fast Food|South Indian|North Indian,480.16,1,11.4,both,2024-09-04,0.1111111111111111,3.0,dinner,0.3333333333333333,0,0,1,0,0,1
U02146,Pune,budget,Beverages|Chinese,213.21,8,1.3,non-veg,2024-08-10,0.4654761904761905,4.0,lunch,0.25,1,0,0,0,1,0
U02147,Mumbai,budget,Street Food|Chinese|Fast Food|Italian,259.25,10,8.3,both,2025-04-07,0.25,1.0,dinner,0.0,1,0,0,0,0,1
U02148,Bangalore,occasional,North Indian|Beverages|Continental,284.1,6,0.6,both,2025-06-19,0.375,2.0,breakfast,0.5,0,0,1,0,0,1
U02149,Mumbai,occasional,South Indian|North Indian|Beverages|Chinese,348.44,3,16.1,veg,2026-01-22,0.3125,4.0,dinner,0.5,0,0,1,1,0,0
U02150,Hyderabad,budget,North Indian|Continental|Fast Food,275.23,10,3.7,non-veg,2025-09-08,0.273015873015873,3.0,dinner,0.6666666666666666,1,0,0,0,1,0
U02151,Mumbai,occasional,Street Food|Continental|Chinese,603.69,6,0.5,non-veg,2025-10-31,0.047619047619047616,3.0,dinner,0.3333333333333333,0,0,1,0,1,0
U02152,Pune,budget,Chinese|Italian|Desserts,184.0,9,14.9,veg,2024-06-07,0.24857142857142858,5.0,dinner,0.4,1,0,0,1,0,0
U02153,Bangalore,occasional,Italian|North Indian|Beverages,372.17,2,14.2,non-veg,2025-01-29,0.3,0.0,,0.3,0,0,1,0,1,0
U02154,Delhi,occasional,Desserts|Continental|Street Food|North Indian,284.8,2,26.3,non-veg,2025-05-05,0.3,0.0,,0.3,0,0,1,0,1,0
U02155,Mumbai,premium,Fast Food|Chinese|Desserts|Biryani,401.91,3,0.9,non-veg,2025-03-03,0.6666666666666666,4.0,breakfast,0.5,0,1,0,0,1,0
U02156,Kolkata,budget,Chinese|Italian|Fast Food|South Indian,353.39,7,3.6,non-veg,2024-11-27,0.16666666666666666,2.0,dinner,0.0,1,0,0,0,1,0
U02157,Chennai,occasional,Fast Food|Continental,416.72,4,20.2,both,2025-11-01,0.5,1.0,lunch,0.0,0,0,1,0,0,1
U02158,Mumbai,occasional,Beverages|Street Food|Chinese|Italian,324.0,1,1.5,both,2024-11-06,0.5714285714285714,1.0,dinner,0.0,0,0,1,0,0,1
U02159,Bangalore,budget,Street Food|Beverages,238.95,3,1.6,non-veg,2025-03-13,0.3,0.0,,0.3,1,0,0,0,1,0
U02160,Chennai,budget,Biryani|Beverages|Continental|Italian,200.6,9,2.5,both,2024-10-07,0.0,1.0,late_night,1.0,1,0,0,0,0,1
U02161,Hyderabad,budget,Beverages|North Indian|Street Food,103.61,8,2.3,veg,2024-11-22,0.5,1.0,lunch,0.0,1,0,0,1,0,0
U02162,Bangalore,budget,Continental|Fast Food,268.41,4,3.5,veg,2025-05-24,0.2650793650793651,3.0,breakfast,0.0,1,0,0,1,0,0
U02163,Chennai,budget,Biryani|Chinese|Fast Food|North Indian,191.19,11,5.0,non-veg,2024-12-21,0.42142857142857143,4.0,dinner,0.0,1,0,0,0,1,0
U02164,Delhi,occasional,North Indian|Beverages|Street Food,381.38,2,16.3,veg,2025-12-03,0.375,2.0,late_night,0.0,0,0,1,1,0,0
U02165,Bangalore,budget,Fast Food|South Indian,261.57,6,1.1,non-veg,2025-02-20,0.25,1.0,breakfast,0.0,1,0,0,0,1,0
U02166,Chennai,budget,Fast Food|Beverages,319.85,12,10.9,both,2025-02-22,0.15476190476190477,2.0,breakfast,0.0,1,0,0,0,0,1
U02167,Kolkata,budget,South Indian|Street Food,184.71,8,0.2,non-veg,2025-12-04,0.3,0.0,,0.3,1,0,0,0,1,0
U02168,Pune,occasional,Street Food|Chinese,418.26,3,19.5,veg,2024-07-01,0.35,4.0,late_night,0.25,0,0,1,1,0,0
U02169,Pune,budget,Chinese|Italian|Continental,331.59,8,5.4,non-veg,2025-03-25,0.5,1.0,snack,0.0,1,0,0,0,1,0
U02170,Pune,occasional,North Indian|Beverages|Italian,458.14,3,3.2,veg,2025-10-02,0.40952380952380957,3.0,late_night,0.0,0,0,1,1,0,0
U02171,Bangalore,budget,Chinese|South Indian,228.24,8,12.9,non-veg,2024-08-13,0.45,2.0,dinner,0.0,1,0,0,0,1,0
U02172,Bangalore,occasional,Italian|South Indian,325.35,1,9.8,both,2024-09-29,0.39999999999999997,3.0,dinner,0.3333333333333333,0,0,1,0,0,1
U02173,Bangalore,occasional,Beverages|Desserts|North Indian|Continental,227.78,4,10.6,non-veg,2025-03-26,0.5,1.0,dinner,1.0,0,0,1,0,1,0
U02174,Hyderabad,occasional,Chinese|Italian|Fast Food,446.02,3,2.7,both,2024-05-10,0.3,0.0,,0.3,0,0,1,0,0,1
U02175,Pune,budget,Continental|South Indian|Desserts,301.15,13,9.4,non-veg,2025-08-31,0.3333333333333333,2.0,dinner,0.0,1,0,0,0,1,0
U02176,Pune,premium,Chinese|Continental,733.93,2,1.1,non-veg,2024-03-25,0.3333333333333333,1.0,lunch,0.0,0,1,0,0,1,0
U02177,Delhi,occasional,Street Food|Continental,601.54,1,3.7,non-veg,2025-07-06,0.5,1.0,lunch,0.0,0,0,1,0,1,0
U02178,Hyderabad,budget,Fast Food|Continental|South Indian,225.96,10,16.3,non-veg,2024-06-04,0.4666666666666666,3.0,dinner,0.6666666666666666,1,0,0,0,1,0
U02179,Hyderabad,premium,Fast Food|Desserts|Street Food,533.75,5,0.1,non-veg,2025-10-10,0.3333333333333333,2.0,dinner,0.5,0,1,0,0,1,0
U02180,Hyderabad,budget,Desserts|Chinese|North Indian,198.33,6,1.0,veg,2025-04-12,0.225,2.0,dinner,1.0,1,0,0,1,0,0
U02181,Hyderabad,premium,Continental|Desserts,599.06,5,22.1,non-veg,2026-01-16,0.8571428571428572,2.0,breakfast,0.0,0,1,0,0,1,0
U02182,Chennai,budget,North Indian|Beverages|Continental,140.64,11,0.5,both,2025-01-29,0.08333333333333333,2.0,dinner,0.5,1,0,0,0,0,1
U02183,Delhi,budget,Beverages|Fast Food|North Indian,242.24,7,0.4,non-veg,2025-08-18,0.16666666666666666,1.0,late_night,0.0,1,0,0,0,1,0
U02184,Mumbai,occasional,Street Food|Italian|Biryani|Beverages,281.18,0,1.1,veg,2024-08-08,0.3,0.0,,0.3,0,0,1,1,0,0
U02185,Hyderabad,occasional,South Indian|Chinese|Street Food|Beverages,523.17,1,47.3,veg,2024-03-27,0.5,3.0,dinner,0.6666666666666666,0,0,1,1,0,0
U02186,Pune,occasional,Biryani|Beverages|Chinese|Street Food,678.17,1,8.8,both,2024-03-24,0.3,0.0,,0.3,0,0,1,0,0,1
U02187,Mumbai,budget,South Indian|Beverages|Desserts,217.44,6,2.3,veg,2024-10-01,0.3,0.0,,0.3,1,0,0,1,0,0
U02188,Chennai,budget,Chinese|Street Food|Fast Food|South Indian,298.58,8,8.8,veg,2025-03-02,0.28571428571428575,3.0,breakfast,0.0,1,0,0,1,0,0
U02189,Chennai,budget,Biryani|Desserts|South Indian|North Indian,338.6,7,11.9,non-veg,2025-12-28,0.45,5.0,breakfast,0.2,1,0,0,0,1,0
U02190,Kolkata,premium,Chinese|Italian|South Indian|Biryani,795.85,7,12.0,non-veg,2025-10-11,0.5,1.0,breakfast,0.0,0,1,0,0,1,0
U02191,Hyderabad,premium,Beverages|Biryani|Italian|Desserts,615.77,5,5.3,non-veg,2025-05-30,0.4107142857142857,2.0,snack,0.5,0,1,0,0,1,0
U02192,Bangalore,budget,Desserts|Continental,199.39,5,0.0,both,2025-11-23,0.0,1.0,snack,1.0,1,0,0,0,0,1
U02193,Bangalore,occasional,Fast Food|South Indian|North Indian|Desserts,434.42,1,0.3,non-veg,2025-11-14,0.6666666666666667,2.0,breakfast,0.0,0,0,1,0,1,0
U02194,Hyderabad,budget,Continental|North Indian|Chinese,356.02,8,13.2,non-veg,2025-03-05,0.14285714285714285,1.0,dinner,0.0,1,0,0,0,1,0
U02195,Bangalore,occasional,Beverages|Desserts|Chinese|Biryani,399.04,2,18.2,both,2024-06-19,0.3,0.0,,0.3,0,0,1,0,0,1
U02196,Chennai,occasional,Italian|Fast Food,437.61,1,7.5,non-veg,2024-09-12,0.2857142857142857,1.0,late_night,0.0,0,0,1,0,1,0
U02197,Hyderabad,budget,Fast Food|Italian|Street Food|Biryani,304.01,9,16.8,both,2025-08-15,0.41369047619047616,4.0,dinner,0.25,1,0,0,0,0,1
U02198,Hyderabad,premium,Italian|South Indian|North Indian|Biryani,153.6,6,3.8,both,2024-03-14,0.4936507936507937,3.0,breakfast,0.3333333333333333,0,1,0,0,0,1
U02199,Bangalore,occasional,North Indian|Chinese,282.83,2,19.9,veg,2026-01-22,0.5333333333333333,3.0,late_night,0.0,0,0,1,1,0,0
U02200,Mumbai,budget,Continental|Street Food|South Indian,255.4,11,3.6,both,2025-02-13,0.4642857142857143,2.0,breakfast,0.0,1,0,0,0,0,1
U02201,Delhi,budget,Street Food|Beverages|Italian|Desserts,178.28,7,1.6,veg,2025-06-29,0.34285714285714286,2.0,breakfast,0.0,1,0,0,1,0,0
U02202,Chennai,occasional,Street Food|Biryani|Continental,543.55,2,8.5,non-veg,2024-05-04,0.5,2.0,dinner,0.5,0,0,1,0,1,0
U02203,Chennai,occasional,South Indian|Beverages,125.68,2,8.2,both,2024-11-16,0.3333333333333333,1.0,dinner,0.0,0,0,1,0,0,1
U02204,Pune,budget,South Indian|Continental|Chinese,285.6,14,8.8,non-veg,2024-08-16,0.42857142857142855,1.0,dinner,1.0,1,0,0,0,1,0
U02205,Mumbai,occasional,South Indian|Beverages,579.4,3,3.2,both,2025-06-05,0.3333333333333333,3.0,dinner,0.0,0,0,1,0,0,1
U02206,Bangalore,premium,Street Food|Biryani|North Indian|South Indian,581.65,2,6.4,non-veg,2025-04-06,0.7380952380952381,3.0,dinner,0.3333333333333333,0,1,0,0,1,0
U02207,Kolkata,budget,Desserts|Biryani|South Indian,252.68,8,4.5,non-veg,2025-08-19,0.5,1.0,late_night,0.0,1,0,0,0,1,0
U02208,Mumbai,budget,Street Food|Italian,145.76,4,34.9,veg,2024-08-15,0.2333333333333333,3.0,lunch,0.0,1,0,0,1,0,0
U02209,Chennai,budget,Fast Food|Desserts|North Indian|Continental,280.5,12,7.5,non-veg,2025-10-06,0.6666666666666666,1.0,dinner,0.0,1,0,0,0,1,0
U02210,Chennai,budget,Fast Food|North Indian|Street Food,315.45,12,6.0,both,2025-02-15,0.3,0.0,,0.3,1,0,0,0,0,1
U02211,Hyderabad,budget,Italian|Biryani|North Indian,202.8,8,18.7,both,2025-09-07,0.32857142857142857,3.0,snack,0.3333333333333333,1,0,0,0,0,1
U02212,Delhi,budget,Biryani|North Indian|Italian|Beverages,131.61,6,0.7,veg,2025-11-14,0.14285714285714285,1.0,lunch,1.0,1,0,0,1,0,0
U02213,Kolkata,budget,Continental|North Indian|Biryani|Street Food,103.93,8,7.3,non-veg,2024-11-27,0.16666666666666666,2.0,dinner,0.0,1,0,0,0,1,0
U02214,Chennai,budget,Continental|South Indian|Beverages|Street Food,279.09,9,3.0,non-veg,2025-04-25,0.325,2.0,dinner,0.5,1,0,0,0,1,0
U02215,Pune,occasional,South Indian|North Indian,393.81,2,8.7,non-veg,2024-09-06,0.6666666666666666,1.0,lunch,0.0,0,0,1,0,1,0
U02216,Chennai,occasional,Biryani|Desserts,462.1,3,3.0,veg,2024-09-25,0.3111111111111111,3.0,lunch,0.6666666666666666,0,0,1,1,0,0
U02217,Mumbai,budget,North Indian|Continental,246.43,10,12.4,veg,2026-01-01,0.3,0.0,,0.3,1,0,0,1,0,0
U02218,Kolkata,budget,Street Food|Desserts,218.9,9,0.1,non-veg,2024-02-29,0.17142857142857143,2.0,breakfast,1.0,1,0,0,0,1,0
U02219,Pune,budget,North Indian|Street Food|Beverages|Continental,305.84,10,1.8,veg,2024-12-27,0.34375,4.0,dinner,0.25,1,0,0,1,0,0
U02220,Kolkata,budget,Chinese|Desserts|Street Food,330.92,8,10.5,both,2024-07-14,0.42857142857142855,1.0,breakfast,0.0,1,0,0,0,0,1
U02221,Delhi,occasional,Beverages|South Indian,450.09,2,36.6,both,2024-05-07,0.2,1.0,dinner,0.0,0,0,1,0,0,1
U02222,Mumbai,budget,Italian|Biryani|Desserts,222.52,10,2.5,veg,2025-11-29,0.3,0.0,,0.3,1,0,0,1,0,0
U02223,Delhi,premium,South Indian|North Indian,514.73,4,6.3,non-veg,2025-06-09,0.5,1.0,lunch,0.0,0,1,0,0,1,0
U02224,Hyderabad,occasional,Street Food|North Indian|Continental|Desserts,310.22,1,21.4,both,2025-05-17,0.5833333333333334,2.0,breakfast,0.5,0,0,1,0,0,1
U02225,Kolkata,occasional,South Indian|North Indian,546.23,2,3.5,veg,2025-09-20,0.5317460317460317,3.0,lunch,0.3333333333333333,0,0,1,1,0,0
U02226,Hyderabad,budget,Fast Food|North Indian,221.98,8,1.1,non-veg,2025-03-12,0.375,2.0,dinner,0.0,1,0,0,0,1,0
U02227,Mumbai,budget,Italian|Fast Food|Chinese|Street Food,220.05,9,1.5,non-veg,2024-12-16,0.2375,4.0,lunch,0.5,1,0,0,0,1,0
U02228,Hyderabad,premium,South Indian|Continental|Street Food|Chinese,575.66,4,8.5,non-veg,2024-07-20,0.8333333333333334,1.0,dinner,1.0,0,1,0,0,1,0
U02229,Delhi,premium,Biryani|Italian|Beverages,695.05,5,10.7,veg,2025-03-24,0.6749999999999999,3.0,dinner,0.3333333333333333,0,1,0,1,0,0
U02230,Mumbai,budget,Fast Food|Italian|Continental|Chinese,210.57,10,6.3,non-veg,2024-07-22,0.3,0.0,,0.3,1,0,0,0,1,0
U02231,Chennai,occasional,North Indian|Biryani,267.6,1,6.9,non-veg,2024-12-03,0.2,1.0,lunch,0.0,0,0,1,0,1,0
U02232,Pune,premium,Beverages|Fast Food|South Indian|Continental,637.27,4,16.2,both,2025-09-09,0.6666666666666666,1.0,dinner,1.0,0,1,0,0,0,1
U02233,Kolkata,budget,Italian|Fast Food|Continental|North Indian,290.71,8,4.3,veg,2025-01-11,0.5158730158730159,3.0,breakfast,0.3333333333333333,1,0,0,1,0,0
U02234,Pune,budget,North Indian|Italian,276.19,10,2.5,both,2024-11-03,0.273015873015873,6.0,lunch,0.16666666666666666,1,0,0,0,0,1
U02235,Pune,occasional,South Indian|North Indian|Beverages,511.61,1,94.1,veg,2025-12-24,0.3,0.0,,0.3,0,0,1,1,0,0
U02236,Mumbai,occasional,Continental|Desserts|Fast Food,194.75,3,0.2,both,2025-11-02,0.4107142857142857,2.0,dinner,0.0,0,0,1,0,0,1
U02237,Bangalore,premium,Continental|Desserts|Beverages,675.67,2,1.3,veg,2026-01-08,0.373015873015873,3.0,breakfast,0.3333333333333333,0,1,0,1,0,0
U02238,Kolkata,budget,Desserts|Beverages|North Indian,205.37,13,15.1,non-veg,2025-06-12,0.17777777777777778,3.0,late_night,0.3333333333333333,1,0,0,0,1,0
U02239,Delhi,budget,Chinese|Desserts|North Indian,116.82,12,0.4,non-veg,2024-03-22,0.25,2.0,dinner,0.0,1,0,0,0,1,0
U02240,Mumbai,budget,Street Food|Biryani,357.42,9,5.5,non-veg,2026-01-01,0.375,2.0,breakfast,0.5,1,0,0,0,1,0
U02241,Chennai,budget,Fast Food|Italian|North Indian,330.48,6,0.7,both,2025-02-12,0.3,0.0,,0.3,1,0,0,0,0,1
U02242,Pune,budget,Desserts|Continental|North Indian|Street Food,323.22,4,11.9,non-veg,2025-10-08,0.3111111111111111,3.0,lunch,0.3333333333333333,1,0,0,0,1,0
U02243,Chennai,budget,Fast Food|Street Food|Beverages,319.09,5,21.4,non-veg,2024-11-19,0.5,1.0,dinner,0.0,1,0,0,0,1,0
U02244,Chennai,occasional,Continental|Street Food|Fast Food|South Indian,321.77,3,9.9,non-veg,2025-01-02,0.6666666666666666,1.0,late_night,0.0,0,0,1,0,1,0
U02245,Hyderabad,premium,Italian|Chinese|North Indian|Street Food,679.47,4,29.1,non-veg,2024-02-29,0.5873015873015873,3.0,dinner,0.0,0,1,0,0,1,0
U02246,Mumbai,budget,Italian|Street Food,164.51,7,12.0,non-veg,2025-03-31,0.4226190476190476,4.0,dinner,0.25,1,0,0,0,1,0
U02247,Mumbai,occasional,Desserts|North Indian|Fast Food|Chinese,531.5,0,6.0,both,2025-04-27,0.29464285714285715,4.0,breakfast,0.25,0,0,1,0,0,1
U02248,Pune,premium,Continental|North Indian|South Indian,650.18,2,13.3,non-veg,2025-03-19,0.6666666666666667,2.0,dinner,0.5,0,1,0,0,1,0
U02249,Chennai,budget,Biryani|Fast Food|Chinese|Italian,216.76,9,0.4,both,2024-10-11,0.3444444444444444,3.0,dinner,0.3333333333333333,1,0,0,0,0,1
U02250,Bangalore,occasional,North Indian|Beverages|Continental,239.64,2,5.4,veg,2025-01-25,0.3,0.0,,0.3,0,0,1,1,0,0
U02251,Hyderabad,budget,Street Food|Italian|Desserts|North Indian,328.15,6,14.5,non-veg,2024-06-13,0.18333333333333332,5.0,dinner,0.4,1,0,0,0,1,0
U02252,Bangalore,budget,Continental|Street Food|Biryani,266.85,7,3.8,veg,2025-11-23,0.2,2.0,dinner,0.0,1,0,0,1,0,0
U02253,Hyderabad,premium,Fast Food|Continental,688.79,5,3.0,non-veg,2025-05-07,0.6333333333333333,3.0,lunch,0.0,0,1,0,0,1,0
U02254,Kolkata,budget,Chinese|Italian|Continental,248.47,5,41.3,non-veg,2025-08-30,0.3,0.0,,0.3,1,0,0,0,1,0
U02255,Kolkata,budget,North Indian|Italian|South Indian|Biryani,219.56,11,4.5,veg,2025-12-19,0.4,1.0,dinner,1.0,1,0,0,1,0,0
U02256,Delhi,premium,Street Food|Beverages|Biryani|North Indian,625.15,1,4.2,both,2024-07-10,0.3666666666666667,3.0,dinner,0.3333333333333333,0,1,0,0,0,1
U02257,Pune,budget,North Indian|Fast Food,242.26,7,2.2,non-veg,2025-05-09,0.6722222222222222,3.0,late_night,0.3333333333333333,1,0,0,0,1,0
U02258,Bangalore,occasional,Biryani|Street Food|North Indian|Fast Food,348.59,3,3.8,non-veg,2025-06-01,0.2,1.0,late_night,0.0,0,0,1,0,1,0
U02259,Mumbai,premium,South Indian|Street Food,618.38,4,14.2,both,2024-10-30,0.3,0.0,,0.3,0,1,0,0,0,1
U02260,Bangalore,budget,South Indian|Italian|Street Food|Chinese,208.75,10,6.4,veg,2024-06-22,0.375,4.0,dinner,0.25,1,0,0,1,0,0
U02261,Mumbai,premium,Desserts|South Indian|Continental|Chinese,550.78,4,18.5,veg,2025-09-03,0.6291666666666667,4.0,dinner,0.25,0,1,0,1,0,0
U02262,Bangalore,budget,Continental|Biryani|Street Food,246.19,11,1.0,veg,2024-12-06,0.4172619047619048,4.0,breakfast,0.25,1,0,0,1,0,0
U02263,Pune,premium,Beverages|Fast Food|North Indian,501.66,4,38.3,non-veg,2025-08-16,0.6666666666666666,1.0,dinner,0.0,0,1,0,0,1,0
U02264,Mumbai,occasional,Fast Food|Chinese,339.39,2,11.0,veg,2024-06-01,0.3875,2.0,late_night,0.0,0,0,1,1,0,0
U02265,Bangalore,occasional,Continental|Italian,459.08,2,14.1,both,2025-03-13,0.46785714285714286,4.0,breakfast,0.0,0,0,1,0,0,1
U02266,Chennai,premium,Street Food|Biryani|Italian|Beverages,960.98,6,3.3,both,2024-06-10,0.6126984126984126,3.0,dinner,0.3333333333333333,0,1,0,0,0,1
U02267,Bangalore,budget,Chinese|Desserts|South Indian|North Indian,317.73,9,21.4,both,2025-06-12,0.3,0.0,,0.3,1,0,0,0,0,1
U02268,Chennai,budget,Continental|Street Food|Desserts|Fast Food,289.04,8,14.5,both,2025-09-25,0.41666666666666663,2.0,dinner,0.0,1,0,0,0,0,1
U02269,Kolkata,budget,North Indian|Beverages|Street Food|Chinese,264.37,12,0.2,veg,2025-04-27,0.26666666666666666,2.0,breakfast,0.5,1,0,0,1,0,0
U02270,Delhi,budget,Fast Food|Italian|Biryani|South Indian,326.23,10,1.9,non-veg,2025-01-22,0.5,1.0,breakfast,1.0,1,0,0,0,1,0
U02271,Delhi,premium,Biryani|South Indian|Italian,838.93,8,0.6,both,2024-10-29,0.6,1.0,lunch,0.0,0,1,0,0,0,1
U02272,Pune,budget,Biryani|South Indian|Continental,263.65,10,0.4,non-veg,2024-07-03,0.0,1.0,snack,1.0,1,0,0,0,1,0
U02273,Chennai,budget,Biryani|Beverages,375.48,5,13.1,veg,2024-05-18,0.12222222222222223,3.0,breakfast,0.0,1,0,0,1,0,0
U02274,Delhi,budget,Desserts|Italian|Chinese,216.47,9,9.1,non-veg,2024-07-26,0.1,2.0,dinner,0.5,1,0,0,0,1,0
U02275,Delhi,budget,Continental|Chinese|Fast Food,335.01,4,3.4,veg,2025-04-09,0.3,0.0,,0.3,1,0,0,1,0,0
U02276,Mumbai,premium,South Indian|Continental|Desserts,688.41,5,6.8,non-veg,2024-11-22,0.6388888888888888,3.0,breakfast,0.6666666666666666,0,1,0,0,1,0
U02277,Chennai,premium,Continental|Beverages,687.42,5,0.9,non-veg,2024-04-20,0.3,0.0,,0.3,0,1,0,0,1,0
U02278,Kolkata,budget,Chinese|Beverages,411.14,11,10.3,non-veg,2026-01-12,0.3333333333333333,1.0,lunch,1.0,1,0,0,0,1,0
U02279,Delhi,premium,Desserts|Fast Food,696.1,3,1.0,both,2024-07-09,0.8333333333333334,1.0,breakfast,0.0,0,1,0,0,0,1
U02280,Pune,budget,South Indian|Chinese|North Indian,244.94,11,0.5,both,2024-11-12,0.2857142857142857,1.0,late_night,0.0,1,0,0,0,0,1
U02281,Bangalore,budget,Chinese|South Indian|Continental|Fast Food,343.18,7,8.3,veg,2024-08-03,0.5,1.0,lunch,0.0,1,0,0,1,0,0
U02282,Hyderabad,occasional,Biryani|Chinese|Desserts,432.75,4,39.0,both,2024-07-06,0.2,1.0,breakfast,0.0,0,0,1,0,0,1
U02283,Delhi,occasional,Fast Food|South Indian|Biryani|Desserts,466.08,1,4.4,veg,2025-02-17,0.4238095238095238,6.0,snack,0.3333333333333333,0,0,1,1,0,0
U02284,Chennai,budget,Continental|South Indian|North Indian|Beverages,319.45,11,2.0,both,2025-01-29,0.3,0.0,,0.3,1,0,0,0,0,1
U02285,Hyderabad,budget,Beverages|Desserts|Fast Food,262.26,12,14.1,both,2024-09-26,0.16666666666666666,2.0,breakfast,1.0,1,0,0,0,0,1
U02286,Pune,budget,Chinese|Street Food,360.59,6,6.2,veg,2025-11-03,0.21726190476190477,4.0,lunch,0.0,1,0,0,1,0,0
U02287,Delhi,budget,Continental|Biryani,289.94,6,3.6,non-veg,2024-03-08,0.26785714285714285,2.0,dinner,0.0,1,0,0,0,1,0
U02288,Pune,budget,Desserts|Biryani|Beverages,208.25,6,5.3,non-veg,2025-07-31,0.3333333333333333,1.0,dinner,0.0,1,0,0,0,1,0
U02289,Chennai,occasional,Continental|Fast Food|South Indian|Beverages,306.14,4,2.7,both,2025-03-29,0.3333333333333333,1.0,lunch,1.0,0,0,1,0,0,1
U02290,Hyderabad,budget,North Indian|Street Food|Desserts,262.51,12,24.7,non-veg,2025-04-10,0.29166666666666663,4.0,lunch,0.5,1,0,0,0,1,0
U02291,Mumbai,budget,Biryani|Chinese|Street Food,295.98,10,11.4,both,2025-12-16,0.17777777777777778,3.0,dinner,0.3333333333333333,1,0,0,0,0,1
U02292,Kolkata,premium,Italian|Desserts|Fast Food|Beverages,499.36,3,9.4,veg,2024-05-07,0.7142857142857143,1.0,breakfast,0.0,0,1,0,1,0,0
U02293,Mumbai,budget,Biryani|Fast Food,338.64,7,13.5,non-veg,2025-08-11,0.5,1.0,dinner,0.0,1,0,0,0,1,0
U02294,Bangalore,premium,Fast Food|Beverages|Street Food,522.64,1,8.0,non-veg,2025-06-12,0.25,1.0,lunch,0.0,0,1,0,0,1,0
U02295,Delhi,budget,Fast Food|South Indian|Italian,197.38,8,0.1,both,2024-03-16,0.25,4.0,dinner,0.5,1,0,0,0,0,1
U02296,Mumbai,premium,South Indian|Italian,792.51,2,3.0,non-veg,2024-07-11,0.7857142857142857,2.0,breakfast,0.0,0,1,0,0,1,0
U02297,Kolkata,occasional,Chinese|North Indian|Street Food|Fast Food,707.19,4,6.2,both,2024-07-26,0.41111111111111115,6.0,breakfast,0.6666666666666666,0,0,1,0,0,1
U02298,Kolkata,occasional,North Indian|Beverages,327.68,1,4.4,non-veg,2026-01-01,0.3333333333333333,1.0,dinner,0.0,0,0,1,0,1,0
U02299,Mumbai,budget,Fast Food|Desserts,315.43,5,7.0,both,2024-10-29,0.30952380952380953,4.0,dinner,0.25,1,0,0,0,0,1
U02300,Chennai,budget,Beverages|Fast Food,269.46,9,9.3,non-veg,2025-10-07,0.3,0.0,,0.3,1,0,0,0,1,0
U02301,Pune,occasional,South Indian|Beverages|Desserts|Italian,269.55,3,31.5,non-veg,2025-05-03,0.4222222222222222,3.0,snack,0.6666666666666666,0,0,1,0,1,0
U02302,Bangalore,budget,Fast Food|South Indian,248.72,10,2.9,non-veg,2025-01-30,0.3095238095238095,3.0,dinner,0.0,1,0,0,0,1,0
U02303,Kolkata,budget,Italian|South Indian,207.85,6,3.7,both,2025-02-27,0.3333333333333333,2.0,dinner,0.5,1,0,0,0,0,1
U02304,Delhi,budget,Biryani|Fast Food|Beverages|Continental,335.14,7,1.2,veg,2024-08-20,0.6,1.0,lunch,0.0,1,0,0,1,0,0
U02305,Pune,premium,Biryani|North Indian,751.9,3,4.1,veg,2024-11-10,0.6666666666666666,1.0,lunch,0.0,0,1,0,1,0,0
U02306,Bangalore,budget,Street Food|Biryani|Italian|Desserts,217.27,6,6.1,both,2024-07-05,0.41666666666666663,2.0,lunch,0.0,1,0,0,0,0,1
U02307,Pune,premium,North Indian|Continental|Italian|South Indian,588.3,5,8.1,non-veg,2024-06-06,0.6,1.0,lunch,0.0,0,1,0,0,1,0
U02308,Hyderabad,premium,Italian|Fast Food,694.05,6,52.5,both,2024-10-03,0.3,0.0,,0.3,0,1,0,0,0,1
U02309,Delhi,budget,Chinese|Beverages|Fast Food,201.67,9,7.7,non-veg,2025-09-15,0.45625,4.0,breakfast,0.0,1,0,0,0,1,0
U02310,Delhi,occasional,South Indian|Street Food|Italian|North Indian,281.15,1,101.2,both,2024-11-09,0.4,1.0,breakfast,0.0,0,0,1,0,0,1
U02311,Bangalore,occasional,Street Food|Italian|Chinese,294.62,4,1.8,non-veg,2025-12-19,0.41666666666666663,2.0,breakfast,0.0,0,0,1,0,1,0
U02312,Hyderabad,budget,Fast Food|Desserts|Italian|Biryani,395.65,5,8.9,veg,2025-02-04,0.4166666666666667,3.0,dinner,0.3333333333333333,1,0,0,1,0,0
U02313,Hyderabad,budget,Chinese|Fast Food|Italian|Continental,304.68,6,4.8,veg,2024-03-14,0.3333333333333333,4.0,breakfast,0.25,1,0,0,1,0,0
U02314,Hyderabad,occasional,Desserts|Biryani|Beverages,381.9,0,10.1,non-veg,2025-03-31,0.4166666666666667,2.0,breakfast,0.5,0,0,1,0,1,0
U02315,Bangalore,occasional,South Indian|Fast Food,244.54,1,19.8,non-veg,2024-11-24,0.4,1.0,snack,1.0,0,0,1,0,1,0
U02316,Hyderabad,premium,Italian|Desserts|South Indian,741.95,4,5.1,non-veg,2025-07-31,0.5714285714285714,1.0,late_night,0.0,0,1,0,0,1,0
U02317,Hyderabad,budget,South Indian|Biryani|Desserts,326.77,5,4.6,non-veg,2025-09-18,0.3333333333333333,1.0,breakfast,0.0,1,0,0,0,1,0
U02318,Kolkata,occasional,Beverages|Desserts|Italian,523.57,2,6.1,both,2025-12-29,0.5,1.0,lunch,1.0,0,0,1,0,0,1
U02319,Mumbai,budget,Street Food|Italian|Desserts,250.6,8,7.7,veg,2025-11-26,0.0,1.0,breakfast,0.0,1,0,0,1,0,0
U02320,Chennai,budget,Fast Food|Biryani|Desserts,231.09,8,8.6,non-veg,2024-12-23,0.25,1.0,lunch,0.0,1,0,0,0,1,0
U02321,Kolkata,occasional,Desserts|Continental|Fast Food,402.95,6,3.1,both,2025-12-03,0.3,0.0,,0.3,0,0,1,0,0,1
U02322,Mumbai,budget,Italian|Biryani|North Indian,340.17,10,5.5,non-veg,2025-03-18,0.3666666666666667,3.0,lunch,0.0,1,0,0,0,1,0
U02323,Hyderabad,premium,Italian|Chinese|Continental,495.98,3,10.9,both,2024-04-27,0.8333333333333334,1.0,dinner,0.0,0,1,0,0,0,1
U02324,Bangalore,occasional,Continental|Biryani|Chinese|Fast Food,181.44,1,15.0,both,2024-07-24,0.7142857142857143,1.0,snack,1.0,0,0,1,0,0,1
U02325,Bangalore,premium,North Indian|Desserts|South Indian|Street Food,552.76,3,6.1,both,2025-02-20,1.0,1.0,snack,1.0,0,1,0,0,0,1
U02326,Mumbai,budget,South Indian|North Indian|Italian|Chinese,294.37,5,5.6,veg,2024-07-28,0.16666666666666666,1.0,breakfast,0.0,1,0,0,1,0,0
U02327,Delhi,occasional,Street Food|Desserts,396.24,1,10.3,non-veg,2025-06-07,0.5714285714285714,1.0,late_night,1.0,0,0,1,0,1,0
U02328,Mumbai,occasional,Biryani|Continental,282.86,1,11.8,both,2024-11-30,0.6066666666666667,5.0,breakfast,0.6,0,0,1,0,0,1
U02329,Delhi,budget,Italian|North Indian|Street Food|Desserts,224.73,4,17.5,veg,2026-01-07,0.3,0.0,,0.3,1,0,0,1,0,0
U02330,Kolkata,budget,South Indian|Street Food|Desserts|Beverages,238.6,4,48.4,non-veg,2024-09-18,0.24047619047619045,4.0,lunch,0.5,1,0,0,0,1,0
U02331,Bangalore,occasional,Fast Food|Continental,287.96,1,7.2,non-veg,2026-01-03,0.3333333333333333,1.0,dinner,0.0,0,0,1,0,1,0
U02332,Delhi,premium,Italian|North Indian|Fast Food|Biryani,659.62,1,22.4,both,2025-09-23,0.5492063492063491,3.0,breakfast,0.0,0,1,0,0,0,1
U02333,Kolkata,budget,Desserts|Chinese|Fast Food,243.33,4,16.6,non-veg,2025-11-02,0.21250000000000002,4.0,dinner,0.0,1,0,0,0,1,0
U02334,Bangalore,premium,Street Food|Desserts,347.88,5,68.8,veg,2026-01-07,0.6666666666666666,2.0,lunch,0.0,0,1,0,1,0,0
U02335,Bangalore,premium,Street Food|Chinese|South Indian|Biryani,605.48,4,6.8,veg,2024-06-04,0.3,0.0,,0.3,0,1,0,1,0,0
U02336,Kolkata,occasional,Italian|Fast Food|Biryani,164.56,2,1.1,veg,2024-11-18,0.3,0.0,,0.3,0,0,1,1,0,0
U02337,Chennai,budget,North Indian|Fast Food|Street Food|Italian,288.26,6,20.7,veg,2025-07-04,0.16666666666666666,1.0,breakfast,0.0,1,0,0,1,0,0
U02338,Bangalore,budget,Continental|Beverages|Desserts,252.69,11,1.8,veg,2025-04-04,0.26666666666666666,2.0,dinner,0.5,1,0,0,1,0,0
U02339,Hyderabad,budget,Italian|Desserts,164.79,4,0.9,non-veg,2024-07-02,0.3,0.0,,0.3,1,0,0,0,1,0
U02340,Mumbai,premium,Fast Food|Street Food|Italian,472.81,5,24.5,both,2025-01-01,0.75,2.0,late_night,0.5,0,1,0,0,0,1
U02341,Bangalore,budget,Desserts|Biryani|South Indian,131.93,8,0.4,non-veg,2024-10-21,0.2833333333333333,2.0,dinner,0.5,1,0,0,0,1,0
U02342,Delhi,occasional,North Indian|Desserts|Italian|Beverages,422.91,1,3.5,veg,2025-01-14,0.5833333333333333,2.0,breakfast,0.0,0,0,1,1,0,0
U02343,Hyderabad,budget,South Indian|Fast Food|Biryani|Continental,414.76,7,1.6,non-veg,2024-04-22,0.26666666666666666,2.0,dinner,0.5,1,0,0,0,1,0
U02344,Bangalore,budget,Street Food|Chinese,265.0,9,11.1,non-veg,2025-06-29,0.32380952380952377,4.0,dinner,0.5,1,0,0,0,1,0
U02345,Kolkata,budget,Continental|Italian|South Indian,398.63,5,2.4,veg,2025-09-05,0.33174603174603173,3.0,breakfast,0.0,1,0,0,1,0,0
U02346,Hyderabad,budget,Beverages|Street Food|Italian|North Indian,212.24,9,5.0,veg,2024-09-09,0.3,0.0,,0.3,1,0,0,1,0,0
U02347,Mumbai,budget,Fast Food|Biryani|Chinese,377.24,8,21.6,veg,2025-12-21,0.22857142857142856,5.0,dinner,0.4,1,0,0,1,0,0
U02348,Mumbai,occasional,Continental|Desserts|North Indian|Chinese,344.37,2,6.1,non-veg,2025-06-27,0.3333333333333333,1.0,lunch,0.0,0,0,1,0,1,0
U02349,Kolkata,occasional,Beverages|Street Food|Continental|Chinese,446.57,4,11.6,both,2024-03-31,0.2857142857142857,1.0,dinner,0.0,0,0,1,0,0,1
U02350,Delhi,budget,Beverages|Continental|South Indian,374.67,10,7.0,both,2025-10-12,0.2708333333333333,2.0,dinner,1.0,1,0,0,0,0,1
U02351,Hyderabad,budget,South Indian|Desserts|Chinese|Street Food,313.92,5,19.6,veg,2026-01-14,0.0,1.0,snack,0.0,1,0,0,1,0,0
U02352,Delhi,budget,South Indian|Chinese|Italian|Beverages,262.68,11,4.6,both,2025-10-03,0.21428571428571427,2.0,late_night,0.0,1,0,0,0,0,1
U02353,Bangalore,premium,Beverages|Chinese|Continental,486.48,5,13.4,non-veg,2025-09-06,0.3333333333333333,2.0,breakfast,0.5,0,1,0,0,1,0
U02354,Pune,occasional,Desserts|Continental|North Indian|Chinese,439.31,0,2.9,veg,2025-09-29,0.5666666666666667,2.0,dinner,0.0,0,0,1,1,0,0
U02355,Hyderabad,occasional,Fast Food|Street Food|Biryani,637.9,5,36.9,non-veg,2024-05-08,0.3333333333333333,1.0,dinner,0.0,0,0,1,0,1,0
U02356,Mumbai,budget,Chinese|Continental|Fast Food|Beverages,441.38,8,2.8,veg,2025-07-02,0.175,4.0,dinner,1.0,1,0,0,1,0,0
U02357,Kolkata,budget,Biryani|Street Food|Fast Food|Italian,387.46,17,1.5,non-veg,2024-10-11,0.41666666666666663,2.0,breakfast,0.5,1,0,0,0,1,0
U02358,Delhi,budget,Chinese|Continental|Beverages,144.75,7,5.2,veg,2026-01-17,0.5126984126984128,3.0,breakfast,0.6666666666666666,1,0,0,1,0,0
U02359,Mumbai,budget,Chinese|Continental|Beverages,350.08,4,1.1,veg,2025-11-20,0.25,2.0,breakfast,0.0,1,0,0,1,0,0
U02360,Bangalore,premium,Italian|Continental|South Indian,424.06,7,26.0,non-veg,2024-07-26,0.6666666666666666,1.0,late_night,1.0,0,1,0,0,1,0
U02361,Hyderabad,occasional,South Indian|North Indian|Beverages,398.19,2,7.8,both,2024-05-29,0.3,0.0,,0.3,0,0,1,0,0,1
U02362,Delhi,premium,Biryani|Street Food,836.79,4,50.1,veg,2025-06-10,0.41428571428571426,2.0,lunch,0.0,0,1,0,1,0,0
U02363,Mumbai,budget,North Indian|Italian|Fast Food|Chinese,232.61,10,11.4,veg,2024-11-17,0.3,0.0,,0.3,1,0,0,1,0,0
U02364,Chennai,premium,Fast Food|Biryani|Desserts|Chinese,548.75,4,0.5,non-veg,2024-07-02,0.5,2.0,breakfast,0.5,0,1,0,0,1,0
U02365,Chennai,budget,Italian|South Indian|Chinese|North Indian,277.13,10,2.8,non-veg,2025-06-20,0.5,1.0,lunch,1.0,1,0,0,0,1,0
U02366,Mumbai,budget,Fast Food|South Indian,170.75,4,7.3,veg,2025-09-20,0.5476190476190476,2.0,breakfast,0.0,1,0,0,1,0,0
U02367,Kolkata,budget,Continental|Desserts|Biryani|Fast Food,290.76,9,9.5,veg,2024-05-31,0.3333333333333333,2.0,lunch,0.0,1,0,0,1,0,0
U02368,Chennai,premium,Continental|Beverages|Italian,801.34,7,1.4,veg,2025-08-08,0.6666666666666666,1.0,lunch,0.0,0,1,0,1,0,0
U02369,Bangalore,budget,Italian|South Indian,252.6,6,0.6,veg,2024-05-08,0.3,0.0,,0.3,1,0,0,1,0,0
U02370,Delhi,budget,Chinese|Beverages,173.08,10,11.6,non-veg,2026-01-27,0.07142857142857142,2.0,dinner,0.5,1,0,0,0,1,0
U02371,Mumbai,occasional,North Indian|Chinese,294.26,2,5.1,non-veg,2024-08-22,0.3333333333333333,2.0,late_night,0.0,0,0,1,0,1,0
U02372,Kolkata,occasional,Desserts|Beverages|Biryani,279.31,3,1.5,non-veg,2025-03-24,0.26785714285714285,2.0,breakfast,0.0,0,0,1,0,1,0
U02373,Chennai,budget,Italian|Street Food,235.46,13,29.8,both,2024-12-21,0.4851190476190476,4.0,dinner,0.5,1,0,0,0,0,1
U02374,Hyderabad,occasional,Beverages|Biryani|Fast Food,219.38,1,0.4,both,2024-08-11,0.3333333333333333,1.0,snack,0.0,0,0,1,0,0,1
U02375,Mumbai,budget,South Indian|Italian|Chinese|Biryani,284.24,10,7.4,non-veg,2025-04-18,0.24444444444444446,3.0,dinner,0.3333333333333333,1,0,0,0,1,0
U02376,Pune,occasional,Desserts|Street Food,203.34,3,16.7,both,2024-11-01,0.25,2.0,dinner,0.0,0,0,1,0,0,1
U02377,Hyderabad,budget,Fast Food|South Indian|Desserts|Biryani,399.89,6,18.4,non-veg,2025-02-05,0.1875,4.0,late_night,0.25,1,0,0,0,1,0
U02378,Delhi,occasional,Biryani|Beverages,292.79,3,38.1,veg,2024-03-12,0.3,0.0,,0.3,0,0,1,1,0,0
U02379,Mumbai,budget,Desserts|Italian|Street Food|Beverages,237.1,6,1.7,veg,2025-01-09,0.3,0.0,,0.3,1,0,0,1,0,0
U02380,Delhi,budget,North Indian|Italian|Beverages|Chinese,212.05,9,34.9,both,2024-08-07,0.4583333333333333,2.0,lunch,0.5,1,0,0,0,0,1
U02381,Delhi,premium,Continental|Fast Food,786.17,1,25.3,both,2025-02-25,0.6,5.0,breakfast,0.4,0,1,0,0,0,1
U02382,Bangalore,budget,Fast Food|Street Food|North Indian,100.0,11,5.2,both,2024-05-16,0.375,1.0,breakfast,0.0,1,0,0,0,0,1
U02383,Mumbai,budget,Fast Food|Beverages,356.18,3,3.7,veg,2024-12-16,0.35,2.0,breakfast,0.5,1,0,0,1,0,0
U02384,Bangalore,budget,Fast Food|Continental|North Indian|Street Food,223.88,10,0.5,non-veg,2025-12-27,0.21666666666666667,3.0,breakfast,0.0,1,0,0,0,1,0
U02385,Kolkata,premium,Beverages|Continental|Street Food|South Indian,728.94,6,9.6,veg,2024-09-30,0.5,1.0,lunch,0.0,0,1,0,1,0,0
U02386,Pune,budget,Street Food|South Indian|North Indian|Chinese,198.61,11,1.9,veg,2025-12-29,0.19642857142857142,4.0,dinner,0.25,1,0,0,1,0,0
U02387,Chennai,budget,Chinese|Continental|Street Food|North Indian,273.81,6,8.0,non-veg,2024-11-24,0.16666666666666666,1.0,breakfast,1.0,1,0,0,0,1,0
U02388,Kolkata,premium,North Indian|Beverages,568.03,6,1.7,veg,2024-04-15,0.16666666666666666,1.0,dinner,1.0,0,1,0,1,0,0
U02389,Pune,occasional,Biryani|South Indian,438.22,1,32.1,both,2024-07-19,0.0,1.0,lunch,0.0,0,0,1,0,0,1
U02390,Mumbai,budget,Continental|North Indian,375.02,8,2.8,non-veg,2025-02-21,0.16666666666666666,1.0,dinner,0.0,1,0,0,0,1,0
U02391,Kolkata,budget,Biryani|Chinese|Continental|Fast Food,100.0,6,2.2,veg,2026-01-13,0.16666666666666666,1.0,breakfast,0.0,1,0,0,1,0,0
U02392,Pune,premium,Desserts|North Indian|South Indian,470.02,3,15.5,non-veg,2025-07-14,0.5,1.0,lunch,0.0,0,1,0,0,1,0
U02393,Kolkata,occasional,Chinese|Fast Food|South Indian|Beverages,359.15,0,7.3,both,2024-10-30,0.31666666666666665,5.0,lunch,0.6,0,0,1,0,0,1
U02394,Bangalore,occasional,Continental|Italian|Desserts,314.56,4,25.4,veg,2025-08-03,0.5714285714285714,1.0,lunch,0.0,0,0,1,1,0,0
U02395,Pune,budget,North Indian|Fast Food|Street Food|Beverages,272.38,11,2.5,non-veg,2025-02-02,0.23452380952380952,4.0,breakfast,0.25,1,0,0,0,1,0
U02396,Bangalore,budget,Beverages|South Indian|Continental,173.25,8,11.0,non-veg,2025-10-29,0.25,2.0,breakfast,0.5,1,0,0,0,1,0
U02397,Bangalore,occasional,Chinese|South Indian,289.39,2,10.9,both,2025-07-21,0.3333333333333333,2.0,breakfast,0.0,0,0,1,0,0,1
U02398,Mumbai,occasional,North Indian|Chinese|Continental|South Indian,473.74,1,2.1,veg,2024-04-14,0.273015873015873,3.0,lunch,0.0,0,0,1,1,0,0
U02399,Mumbai,budget,South Indian|Italian|Fast Food,410.94,13,0.7,veg,2024-03-01,0.3333333333333333,1.0,late_night,0.0,1,0,0,1,0,0
U02400,Pune,budget,Chinese|Fast Food,184.17,8,5.4,veg,2025-12-04,0.35,2.0,dinner,0.5,1,0,0,1,0,0
U02401,Hyderabad,premium,Fast Food|Chinese|Continental|South Indian,820.33,2,17.0,both,2024-06-28,0.29166666666666663,2.0,dinner,0.5,0,1,0,0,0,1
U02402,Mumbai,budget,Italian|Continental|Fast Food,244.83,6,0.4,non-veg,2025-07-07,0.3,0.0,,0.3,1,0,0,0,1,0
U02403,Delhi,occasional,Fast Food|Beverages|Continental,464.86,2,16.6,non-veg,2025-10-25,0.3,0.0,,0.3,0,0,1,0,1,0
U02404,Hyderabad,premium,Continental|Biryani|Street Food,599.71,4,7.0,non-veg,2024-04-10,0.3,0.0,,0.3,0,1,0,0,1,0
U02405,Chennai,premium,Chinese|North Indian|Desserts,560.58,2,2.4,veg,2025-08-21,0.55,2.0,breakfast,0.0,0,1,0,1,0,0
U02406,Chennai,budget,Italian|Desserts|Biryani|Beverages,160.77,6,1.7,both,2024-02-29,0.3333333333333333,1.0,lunch,1.0,1,0,0,0,0,1
U02407,Kolkata,premium,Italian|Biryani|Fast Food,536.36,2,9.6,non-veg,2025-10-27,0.6611111111111111,3.0,breakfast,0.0,0,1,0,0,1,0
U02408,Chennai,budget,Fast Food|Italian,196.2,7,15.9,veg,2024-10-06,0.5,1.0,breakfast,0.0,1,0,0,1,0,0
U02409,Mumbai,budget,South Indian|Street Food,339.09,9,15.0,non-veg,2024-03-24,0.2857142857142857,1.0,breakfast,0.0,1,0,0,0,1,0
U02410,Pune,budget,Beverages|Chinese,415.7,9,3.0,veg,2024-10-06,0.3,0.0,,0.3,1,0,0,1,0,0
U02411,Chennai,occasional,Biryani|Desserts|North Indian,471.34,1,24.7,non-veg,2025-03-03,0.3333333333333333,2.0,dinner,0.5,0,0,1,0,1,0
U02412,Pune,premium,Biryani|North Indian,415.69,3,41.3,veg,2025-08-18,0.75,4.0,breakfast,0.25,0,1,0,1,0,0
U02413,Hyderabad,occasional,Biryani|Continental|South Indian,355.24,3,6.4,non-veg,2025-07-20,0.29166666666666663,2.0,lunch,0.5,0,0,1,0,1,0
U02414,Mumbai,budget,Chinese|Beverages|Continental,158.41,12,6.3,both,2026-01-05,0.5,2.0,dinner,0.0,1,0,0,0,0,1
U02415,Hyderabad,premium,Beverages|Desserts|Street Food|Italian,548.75,4,19.7,non-veg,2025-05-23,0.7083333333333333,2.0,dinner,0.0,0,1,0,0,1,0
U02416,Mumbai,budget,Biryani|Continental|Beverages|Street Food,313.62,5,19.6,non-veg,2024-12-13,0.20833333333333331,2.0,late_night,0.0,1,0,0,0,1,0
U02417,Mumbai,budget,Italian|Street Food,410.26,7,13.0,non-veg,2025-10-09,0.35,2.0,dinner,1.0,1,0,0,0,1,0
U02418,Hyderabad,occasional,Fast Food|Desserts|North Indian,360.72,0,10.1,both,2025-08-13,0.35,2.0,dinner,0.0,0,0,1,0,0,1
U02419,Chennai,premium,Fast Food|Street Food,444.84,6,17.2,both,2025-07-08,0.5,2.0,breakfast,0.5,0,1,0,0,0,1
U02420,Chennai,budget,Chinese|Biryani,183.42,0,32.4,veg,2025-12-03,0.15476190476190477,2.0,late_night,0.5,1,0,0,1,0,0
U02421,Bangalore,budget,Chinese|Biryani|Beverages,224.28,13,9.1,non-veg,2024-12-18,0.25,1.0,lunch,0.0,1,0,0,0,1,0
U02422,Delhi,budget,North Indian|Chinese|Italian,222.07,8,9.5,veg,2025-08-04,0.08333333333333333,2.0,breakfast,0.5,1,0,0,1,0,0
U02423,Mumbai,occasional,South Indian|Chinese|Italian,516.61,0,2.2,non-veg,2025-07-03,0.8,1.0,lunch,1.0,0,0,1,0,1,0
U02424,Hyderabad,budget,Italian|Chinese,226.11,6,1.7,non-veg,2024-07-08,0.3,0.0,,0.3,1,0,0,0,1,0
U02425,Kolkata,budget,North Indian|Beverages|Chinese,288.33,11,3.3,non-veg,2025-02-09,0.16666666666666666,1.0,late_night,0.0,1,0,0,0,1,0
U02426,Bangalore,premium,Street Food|Desserts|Italian,424.17,3,13.1,both,2024-10-01,0.6291666666666667,4.0,breakfast,0.5,0,1,0,0,0,1
U02427,Pune,budget,Beverages|Italian|South Indian,302.1,10,4.3,both,2024-12-27,0.5,2.0,dinner,0.0,1,0,0,0,0,1
U02428,Delhi,premium,Chinese|Desserts|Biryani,394.63,3,5.9,non-veg,2025-04-13,0.3,0.0,,0.3,0,1,0,0,1,0
U02429,Kolkata,occasional,Desserts|Continental|South Indian|Chinese,484.81,2,0.8,both,2024-09-14,0.5833333333333333,2.0,late_night,0.0,0,0,1,0,0,1
U02430,Pune,budget,Continental|North Indian|Italian|Fast Food,290.82,14,1.5,both,2025-07-29,0.08333333333333333,2.0,breakfast,0.5,1,0,0,0,0,1
U02431,Kolkata,occasional,Biryani|Continental,298.08,2,26.0,non-veg,2025-02-13,0.0,1.0,breakfast,1.0,0,0,1,0,1,0
U02432,Chennai,budget,Continental|Desserts,332.39,8,4.7,non-veg,2025-11-09,0.3333333333333333,1.0,breakfast,1.0,1,0,0,0,1,0
U02433,Pune,budget,Chinese|Beverages,238.94,9,6.3,veg,2025-07-19,0.37083333333333335,4.0,breakfast,0.0,1,0,0,1,0,0
U02434,Bangalore,budget,Fast Food|Desserts,197.3,8,0.7,non-veg,2025-10-24,0.1619047619047619,3.0,dinner,0.3333333333333333,1,0,0,0,1,0
U02435,Mumbai,occasional,Chinese|Desserts|Continental,275.82,1,4.0,non-veg,2025-04-11,0.48809523809523814,3.0,breakfast,0.3333333333333333,0,0,1,0,1,0
U02436,Mumbai,budget,Beverages|North Indian|Fast Food,122.91,6,6.0,veg,2024-11-22,0.4,1.0,lunch,0.0,1,0,0,1,0,0
U02437,Delhi,budget,Desserts|Street Food,204.4,14,9.4,veg,2025-10-11,0.5,1.0,dinner,0.0,1,0,0,1,0,0
U02438,Hyderabad,premium,Biryani|South Indian,283.4,2,0.4,both,2024-03-27,0.6428571428571429,7.0,lunch,0.2857142857142857,0,1,0,0,0,1
U02439,Kolkata,occasional,North Indian|Chinese|Biryani,464.02,0,5.0,both,2025-09-18,0.5,1.0,lunch,1.0,0,0,1,0,0,1
U02440,Chennai,premium,Desserts|Beverages|North Indian|Italian,678.73,6,2.8,both,2024-03-29,0.6028571428571429,5.0,breakfast,0.2,0,1,0,0,0,1
U02441,Pune,budget,Desserts|North Indian|Fast Food,300.69,2,13.0,both,2024-11-18,0.3333333333333333,2.0,late_night,0.0,1,0,0,0,0,1
U02442,Mumbai,occasional,South Indian|Beverages|Biryani|Desserts,149.63,3,0.8,veg,2024-09-30,0.5,2.0,dinner,0.0,0,0,1,1,0,0
U02443,Pune,budget,Street Food|Biryani|South Indian,195.28,6,0.4,non-veg,2025-07-28,0.5,1.0,lunch,0.0,1,0,0,0,1,0
U02444,Hyderabad,occasional,Desserts|South Indian|Chinese|North Indian,288.77,1,23.7,veg,2025-02-16,0.38888888888888884,3.0,dinner,0.0,0,0,1,1,0,0
U02445,Pune,budget,Fast Food|Italian|Beverages|Street Food,427.42,8,2.0,veg,2025-12-09,0.0,1.0,dinner,0.0,1,0,0,1,0,0
U02446,Hyderabad,budget,North Indian|South Indian|Beverages,251.36,6,10.1,veg,2024-10-13,0.3333333333333333,1.0,lunch,1.0,1,0,0,1,0,0
U02447,Mumbai,occasional,Continental|Biryani,724.47,2,5.6,veg,2025-05-14,0.55,2.0,dinner,0.5,0,0,1,1,0,0
U02448,Hyderabad,occasional,Fast Food|North Indian|Continental,566.27,1,6.0,veg,2025-07-28,0.3,0.0,,0.3,0,0,1,1,0,0
U02449,Mumbai,budget,Desserts|North Indian|Beverages,297.31,9,9.2,veg,2025-03-01,0.23214285714285712,4.0,dinner,0.25,1,0,0,1,0,0
U02450,Mumbai,premium,North Indian|South Indian|Biryani|Beverages,457.78,7,13.5,non-veg,2025-12-21,0.4777777777777777,3.0,breakfast,0.0,0,1,0,0,1,0
U02451,Chennai,premium,Desserts|Italian|Chinese|North Indian,578.75,5,13.2,both,2024-07-29,0.6190476190476191,2.0,dinner,0.5,0,1,0,0,0,1
U02452,Bangalore,budget,Chinese|Beverages,269.01,6,3.1,non-veg,2024-11-12,0.3333333333333333,1.0,late_night,0.0,1,0,0,0,1,0
U02453,Mumbai,budget,Beverages|Italian|Continental,329.99,8,11.9,non-veg,2025-12-17,0.2857142857142857,1.0,breakfast,0.0,1,0,0,0,1,0
U02454,Bangalore,occasional,Biryani|North Indian|Chinese,489.37,3,30.4,veg,2024-05-14,0.3,0.0,,0.3,0,0,1,1,0,0
U02455,Pune,occasional,South Indian|Desserts|Continental|Chinese,490.54,0,20.6,veg,2024-04-15,0.4047619047619048,3.0,lunch,1.0,0,0,1,1,0,0
U02456,Pune,budget,Desserts|Continental|North Indian,129.46,4,15.7,both,2025-07-23,0.1111111111111111,3.0,breakfast,0.0,1,0,0,0,0,1
U02457,Pune,premium,South Indian|Desserts|Continental,503.99,6,7.6,non-veg,2025-07-15,0.3,0.0,,0.3,0,1,0,0,1,0
U02458,Chennai,budget,Fast Food|Street Food|Italian,152.5,5,5.9,veg,2025-12-08,0.3214285714285714,2.0,dinner,0.0,1,0,0,1,0,0
U02459,Mumbai,budget,Beverages|Italian|Desserts|Chinese,373.68,11,11.2,both,2025-07-21,0.2888888888888889,3.0,dinner,0.0,1,0,0,0,0,1
U02460,Mumbai,budget,North Indian|Desserts|Chinese|Biryani,194.06,10,2.0,veg,2025-04-11,0.34920634920634913,3.0,breakfast,0.3333333333333333,1,0,0,1,0,0
U02461,Mumbai,budget,Desserts|Italian,320.23,10,4.2,non-veg,2026-01-08,0.26785714285714285,4.0,lunch,0.25,1,0,0,0,1,0
U02462,Kolkata,budget,Chinese|Fast Food|Street Food,151.42,8,0.4,non-veg,2024-10-11,0.35952380952380947,5.0,late_night,0.2,1,0,0,0,1,0
U02463,Chennai,occasional,Biryani|South Indian|Italian|Street Food,348.31,5,4.2,veg,2026-01-09,0.31666666666666665,3.0,dinner,0.0,0,0,1,1,0,0
U02464,Pune,budget,Italian|South Indian|Fast Food,295.77,9,0.2,non-veg,2024-05-14,0.273015873015873,3.0,dinner,0.6666666666666666,1,0,0,0,1,0
U02465,Kolkata,budget,Continental|Desserts|Biryani,260.75,8,2.8,non-veg,2024-07-22,0.5,1.0,breakfast,0.0,1,0,0,0,1,0
U02466,Hyderabad,budget,Street Food|North Indian|Biryani,100.0,8,2.8,veg,2025-02-13,0.3,0.0,,0.3,1,0,0,1,0,0
U02467,Mumbai,budget,Beverages|Chinese|Continental,149.44,11,4.5,non-veg,2024-09-04,0.375,4.0,dinner,0.25,1,0,0,0,1,0
U02468,Delhi,budget,Chinese|Desserts|Fast Food|Italian,227.97,10,3.5,veg,2025-12-25,0.16666666666666666,1.0,dinner,1.0,1,0,0,1,0,0
U02469,Pune,budget,South Indian|Beverages|Biryani|North Indian,222.27,9,4.7,non-veg,2025-06-29,0.3,3.0,snack,0.6666666666666666,1,0,0,0,1,0
U02470,Pune,budget,Biryani|Fast Food|Street Food|Desserts,359.89,9,2.8,both,2025-03-11,0.3,0.0,,0.3,1,0,0,0,0,1
U02471,Hyderabad,occasional,Beverages|North Indian|Chinese|Fast Food,371.8,2,38.0,veg,2024-06-08,0.375,2.0,breakfast,0.0,0,0,1,1,0,0
U02472,Delhi,occasional,Biryani|Desserts|Street Food|Beverages,377.31,1,5.8,veg,2026-01-04,0.3,0.0,,0.3,0,0,1,1,0,0
U02473,Kolkata,premium,Street Food|Beverages|Italian,574.01,4,98.8,veg,2025-01-08,0.30000000000000004,2.0,breakfast,1.0,0,1,0,1,0,0
U02474,Chennai,budget,Desserts|South Indian,249.36,13,6.3,veg,2025-10-20,0.30892857142857144,4.0,breakfast,0.0,1,0,0,1,0,0
U02475,Hyderabad,occasional,Italian|South Indian,276.11,3,12.7,both,2024-06-22,0.8333333333333334,1.0,late_night,0.0,0,0,1,0,0,1
U02476,Mumbai,premium,Chinese|Desserts,257.28,4,18.3,non-veg,2024-07-13,0.6142857142857143,2.0,dinner,0.5,0,1,0,0,1,0
U02477,Hyderabad,premium,Italian|Desserts|Fast Food,377.72,2,12.6,veg,2025-03-06,0.6083333333333334,4.0,breakfast,0.0,0,1,0,1,0,0
U02478,Kolkata,premium,South Indian|Biryani|Desserts,623.63,5,0.4,non-veg,2025-06-11,0.6190476190476191,6.0,breakfast,0.0,0,1,0,0,1,0
U02479,Kolkata,premium,Beverages|Continental|Fast Food,722.32,3,8.9,both,2024-10-24,0.6071428571428572,2.0,late_night,0.0,0,1,0,0,0,1
U02480,Delhi,occasional,Desserts|Fast Food,420.13,1,6.7,both,2026-01-24,0.30952380952380953,2.0,breakfast,0.0,0,0,1,0,0,1
U02481,Chennai,budget,Beverages|Chinese|South Indian,340.65,11,0.4,non-veg,2024-12-31,0.4,1.0,breakfast,0.0,1,0,0,0,1,0
U02482,Chennai,budget,Desserts|Continental|Street Food|South Indian,183.8,8,11.6,both,2024-04-16,0.13333333333333333,3.0,lunch,0.6666666666666666,1,0,0,0,0,1
U02483,Bangalore,budget,Italian|Chinese|South Indian|Fast Food,402.95,7,10.1,non-veg,2024-06-22,0.24375,8.0,breakfast,0.125,1,0,0,0,1,0
U02484,Pune,occasional,North Indian|Biryani|Italian,401.12,1,1.5,both,2025-08-10,0.6666666666666666,1.0,snack,1.0,0,0,1,0,0,1
U02485,Chennai,budget,Beverages|South Indian|Biryani|North Indian,323.47,6,1.7,non-veg,2024-05-22,0.0,1.0,late_night,0.0,1,0,0,0,1,0
U02486,Kolkata,budget,Desserts|Street Food|Italian|Continental,294.62,10,6.8,both,2025-08-15,0.26666666666666666,5.0,dinner,0.0,1,0,0,0,0,1
U02487,Hyderabad,budget,Italian|Chinese|Beverages,451.09,7,12.5,veg,2025-07-07,0.3,0.0,,0.3,1,0,0,1,0,0
U02488,Mumbai,budget,Fast Food|South Indian,345.27,4,4.8,veg,2025-12-27,0.2976190476190476,3.0,breakfast,0.0,1,0,0,1,0,0
U02489,Delhi,premium,Beverages|Continental|Italian|Biryani,668.36,2,6.2,non-veg,2024-05-20,0.5833333333333333,2.0,breakfast,0.0,0,1,0,0,1,0
U02490,Hyderabad,budget,Chinese|Beverages,263.51,11,15.4,non-veg,2024-09-02,0.5476190476190476,2.0,dinner,0.0,1,0,0,0,1,0
U02491,Pune,budget,Continental|Biryani,332.48,11,0.1,veg,2025-08-17,0.16666666666666666,1.0,lunch,0.0,1,0,0,1,0,0
U02492,Delhi,occasional,South Indian|North Indian|Street Food,504.95,2,16.0,veg,2024-02-29,0.3,0.0,,0.3,0,0,1,1,0,0
U02493,Pune,occasional,Street Food|Beverages|Desserts,304.79,2,15.0,both,2025-11-16,0.30158730158730157,3.0,late_night,0.3333333333333333,0,0,1,0,0,1
U02494,Kolkata,occasional,Fast Food|Street Food|South Indian,371.96,3,0.5,both,2024-05-16,0.6666666666666666,1.0,dinner,1.0,0,0,1,0,0,1
U02495,Pune,budget,North Indian|Beverages|Street Food|Desserts,243.25,4,7.6,non-veg,2025-11-27,0.3,0.0,,0.3,1,0,0,0,1,0
U02496,Mumbai,budget,North Indian|Biryani|Desserts,197.78,10,7.5,both,2024-08-22,0.5095238095238095,4.0,dinner,0.0,1,0,0,0,0,1
U02497,Pune,occasional,Beverages|Desserts|South Indian|North Indian,337.23,4,49.4,non-veg,2025-08-31,0.3333333333333333,1.0,breakfast,1.0,0,0,1,0,1,0
U02498,Kolkata,budget,Continental|South Indian|Chinese,191.64,9,4.4,both,2025-01-17,0.14285714285714285,2.0,breakfast,1.0,1,0,0,0,0,1
U02499,Hyderabad,budget,Biryani|Chinese|Italian|Desserts,229.18,8,7.0,both,2024-09-20,0.3,0.0,,0.3,1,0,0,0,0,1
U02500,Delhi,occasional,South Indian|Biryani|Continental,577.83,2,28.7,both,2024-10-15,0.6,1.0,breakfast,1.0,0,0,1,0,0,1
U02501,Pune,budget,Italian|Fast Food|Biryani,326.85,12,8.9,veg,2025-03-31,0.42857142857142855,1.0,lunch,0.0,1,0,0,1,0,0
U02502,Pune,premium,Biryani|Beverages|Fast Food,301.71,3,5.2,both,2024-06-25,0.4538095238095238,5.0,breakfast,0.2,0,1,0,0,0,1
U02503,Mumbai,premium,North Indian|Chinese|Street Food|Fast Food,623.86,2,1.6,both,2025-04-07,0.503968253968254,3.0,late_night,0.3333333333333333,0,1,0,0,0,1
U02504,Bangalore,budget,Biryani|Continental,182.66,11,11.2,veg,2025-04-04,0.3666666666666667,2.0,snack,0.0,1,0,0,1,0,0
U02505,Mumbai,occasional,Chinese|Fast Food|Beverages|Biryani,403.91,0,4.1,both,2024-11-03,0.375,2.0,dinner,0.5,0,0,1,0,0,1
U02506,Pune,budget,Chinese|Continental|Street Food,242.13,5,1.8,both,2024-05-15,0.2888888888888889,3.0,snack,0.0,1,0,0,0,0,1
U02507,Mumbai,budget,Fast Food|Italian|North Indian,372.6,9,9.3,veg,2025-06-25,0.5,1.0,dinner,0.0,1,0,0,1,0,0
U02508,Chennai,occasional,Chinese|North Indian|Fast Food,236.91,2,9.2,veg,2025-01-20,0.39285714285714285,2.0,dinner,0.5,0,0,1,1,0,0
U02509,Pune,budget,Street Food|Desserts|Beverages|Fast Food,161.59,8,11.4,both,2025-08-06,0.16666666666666666,1.0,snack,0.0,1,0,0,0,0,1
U02510,Mumbai,premium,Chinese|Street Food|Biryani|Fast Food,694.26,3,3.1,non-veg,2025-01-09,0.6271428571428571,5.0,breakfast,0.6,0,1,0,0,1,0
U02511,Hyderabad,occasional,Chinese|Street Food|Beverages,414.29,4,3.7,non-veg,2025-08-01,0.2,1.0,breakfast,0.0,0,0,1,0,1,0
U02512,Hyderabad,budget,North Indian|South Indian|Biryani,205.68,10,0.6,veg,2025-06-11,0.5333333333333333,2.0,breakfast,0.5,1,0,0,1,0,0
U02513,Mumbai,occasional,Italian|Chinese,255.0,1,4.0,non-veg,2025-04-18,0.5833333333333333,2.0,breakfast,0.5,0,0,1,0,1,0
U02514,Chennai,budget,South Indian|Italian|Biryani|Street Food,196.86,14,12.0,veg,2024-10-14,0.4087301587301588,3.0,lunch,0.6666666666666666,1,0,0,1,0,0
U02515,Chennai,budget,North Indian|Street Food|Italian|Biryani,255.98,6,5.8,veg,2025-07-04,0.3,0.0,,0.3,1,0,0,1,0,0
U02516,Mumbai,budget,North Indian|Desserts|South Indian|Chinese,100.0,9,1.2,non-veg,2024-08-26,0.0,1.0,snack,0.0,1,0,0,0,1,0
U02517,Bangalore,budget,Street Food|Continental|South Indian,136.99,9,2.8,veg,2025-12-01,0.4,1.0,breakfast,0.0,1,0,0,1,0,0
U02518,Hyderabad,occasional,Street Food|Italian|Continental|Chinese,436.36,2,20.1,veg,2025-07-24,0.49333333333333335,5.0,dinner,0.2,0,0,1,1,0,0
U02519,Pune,premium,Italian|Continental|Beverages|South Indian,751.48,5,4.8,veg,2025-12-17,0.3,0.0,,0.3,0,1,0,1,0,0
U02520,Chennai,premium,Street Food|Fast Food|South Indian,796.56,3,17.6,both,2025-07-17,0.8333333333333334,1.0,dinner,0.0,0,1,0,0,0,1
U02521,Pune,premium,Chinese|Street Food,488.36,4,28.0,veg,2025-03-23,0.6666666666666666,1.0,dinner,1.0,0,1,0,1,0,0
U02522,Bangalore,occasional,Italian|Continental,570.81,2,32.6,both,2024-06-07,0.41666666666666663,2.0,breakfast,0.5,0,0,1,0,0,1
U02523,Kolkata,occasional,Beverages|Continental|South Indian|Fast Food,283.43,2,36.5,non-veg,2025-12-06,0.3333333333333333,1.0,breakfast,0.0,0,0,1,0,1,0
U02524,Mumbai,occasional,South Indian|Italian|Beverages|North Indian,467.74,2,7.6,both,2024-11-01,0.3,0.0,,0.3,0,0,1,0,0,1
U02525,Bangalore,budget,Italian|South Indian|Continental,334.55,6,2.5,both,2024-05-25,0.225,4.0,lunch,0.25,1,0,0,0,0,1
U02526,Hyderabad,budget,Continental|North Indian|Desserts,275.1,9,0.4,non-veg,2025-10-05,0.3833333333333333,5.0,breakfast,0.2,1,0,0,0,1,0
U02527,Pune,budget,Italian|Beverages|North Indian,223.18,10,5.8,both,2025-05-15,0.2888888888888889,3.0,breakfast,0.3333333333333333,1,0,0,0,0,1
U02528,Kolkata,budget,Continental|Fast Food|Beverages,148.49,6,6.4,both,2024-04-21,0.2857142857142857,1.0,snack,0.0,1,0,0,0,0,1
U02529,Delhi,occasional,Street Food|Beverages|Fast Food,407.16,0,3.9,both,2024-04-07,0.4666666666666666,3.0,lunch,0.0,0,0,1,0,0,1
U02530,Mumbai,budget,Street Food|Italian|Biryani,104.86,12,2.3,veg,2025-04-21,0.2857142857142857,1.0,lunch,0.0,1,0,0,1,0,0
U02531,Pune,occasional,Street Food|Fast Food|Beverages|North Indian,497.27,4,52.7,both,2025-07-25,0.5,1.0,dinner,1.0,0,0,1,0,0,1
U02532,Hyderabad,premium,Biryani|Street Food,896.9,7,2.8,both,2024-10-03,0.5,2.0,dinner,0.5,0,1,0,0,0,1
U02533,Hyderabad,budget,Chinese|South Indian,463.75,13,0.9,non-veg,2024-11-11,0.0,1.0,lunch,0.0,1,0,0,0,1,0
U02534,Pune,budget,South Indian|Beverages|Biryani,178.98,10,11.2,non-veg,2024-04-14,0.20833333333333331,2.0,breakfast,0.0,1,0,0,0,1,0
U02535,Pune,occasional,Chinese|Italian|South Indian|Desserts,596.03,1,23.5,both,2025-06-04,0.30158730158730157,3.0,dinner,0.0,0,0,1,0,0,1
U02536,Delhi,occasional,Street Food|Fast Food|Biryani,275.03,2,8.7,non-veg,2024-08-02,0.375,2.0,breakfast,0.5,0,0,1,0,1,0
U02537,Hyderabad,budget,Fast Food|Italian,268.4,8,0.5,non-veg,2024-06-22,0.17857142857142858,3.0,dinner,0.3333333333333333,1,0,0,0,1,0
U02538,Pune,budget,Biryani|Chinese,279.19,10,4.0,non-veg,2025-07-15,0.23809523809523808,4.0,lunch,0.5,1,0,0,0,1,0
U02539,Kolkata,budget,Chinese|Continental|Street Food,261.03,5,18.3,veg,2025-02-28,0.3333333333333333,2.0,breakfast,0.0,1,0,0,1,0,0
U02540,Chennai,budget,Continental|Desserts|Fast Food,226.26,11,0.3,veg,2025-06-07,0.13333333333333333,5.0,dinner,0.0,1,0,0,1,0,0
U02541,Mumbai,budget,Fast Food|Biryani|Chinese,217.2,7,16.1,veg,2025-03-20,0.16666666666666666,1.0,lunch,0.0,1,0,0,1,0,0
U02542,Mumbai,occasional,Biryani|Continental|Beverages|Chinese,393.02,0,13.0,both,2024-11-18,0.3,0.0,,0.3,0,0,1,0,0,1
U02543,Chennai,budget,Desserts|North Indian|Continental,363.77,4,33.3,veg,2025-12-02,0.1,2.0,dinner,0.5,1,0,0,1,0,0
U02544,Hyderabad,budget,Chinese|Beverages|Fast Food,219.14,7,6.3,both,2026-01-08,0.75,1.0,dinner,1.0,1,0,0,0,0,1
U02545,Kolkata,budget,Italian|Continental|Fast Food|Chinese,235.97,7,20.5,veg,2025-01-10,0.23650793650793653,3.0,dinner,0.3333333333333333,1,0,0,1,0,0
U02546,Bangalore,premium,Desserts|Continental|Biryani,537.24,6,8.4,both,2024-07-05,0.625,2.0,breakfast,0.5,0,1,0,0,0,1
U02547,Chennai,premium,Italian|Continental|Beverages|Desserts,643.47,9,1.0,veg,2025-04-22,0.3,0.0,,0.3,0,1,0,1,0,0
U02548,Bangalore,budget,Italian|Chinese,185.45,9,2.4,non-veg,2025-02-28,0.3,0.0,,0.3,1,0,0,0,1,0
U02549,Pune,occasional,Continental|Beverages|North Indian,407.29,3,18.0,veg,2024-03-23,0.375,2.0,dinner,0.0,0,0,1,1,0,0
U02550,Hyderabad,budget,Beverages|Italian|Fast Food|Continental,188.6,9,5.3,veg,2024-06-06,0.375,4.0,lunch,0.25,1,0,0,1,0,0
U02551,Hyderabad,premium,South Indian|North Indian,753.52,3,0.8,non-veg,2024-04-13,0.225,2.0,breakfast,0.0,0,1,0,0,1,0
U02552,Mumbai,budget,Street Food|Biryani|Beverages,322.58,7,9.1,veg,2025-04-11,0.3333333333333333,2.0,breakfast,0.0,1,0,0,1,0,0
U02553,Bangalore,premium,Chinese|South Indian|Biryani,557.23,1,1.1,non-veg,2024-11-30,0.3,0.0,,0.3,0,1,0,0,1,0
U02554,Kolkata,occasional,Chinese|Fast Food,272.28,3,3.8,both,2024-06-19,0.4642857142857143,2.0,dinner,1.0,0,0,1,0,0,1
U02555,Delhi,budget,South Indian|Beverages|Italian|Chinese,327.34,8,20.0,non-veg,2024-06-20,0.14285714285714285,1.0,snack,1.0,1,0,0,0,1,0
U02556,Chennai,budget,Fast Food|Street Food|Continental|Biryani,370.5,8,2.9,non-veg,2026-01-05,0.38095238095238093,2.0,late_night,0.0,1,0,0,0,1,0
U02557,Delhi,budget,Biryani|Continental,290.79,7,2.7,non-veg,2024-10-28,0.3,0.0,,0.3,1,0,0,0,1,0
U02558,Pune,premium,Chinese|Biryani,958.6,4,4.9,non-veg,2024-10-05,0.7936507936507936,3.0,lunch,0.3333333333333333,0,1,0,0,1,0
U02559,Delhi,budget,Biryani|Continental|Italian,216.66,13,1.5,veg,2024-03-05,0.5,1.0,lunch,1.0,1,0,0,1,0,0
U02560,Pune,budget,Fast Food|North Indian|Chinese,263.43,9,2.5,both,2025-09-27,0.3333333333333333,2.0,dinner,0.5,1,0,0,0,0,1
U02561,Pune,premium,Desserts|Continental|Beverages,585.35,6,0.0,both,2025-12-09,0.5,1.0,dinner,1.0,0,1,0,0,0,1
U02562,Kolkata,budget,North Indian|Street Food|Biryani|Continental,243.72,5,13.8,both,2024-06-27,0.4583333333333333,2.0,breakfast,0.0,1,0,0,0,0,1
U02563,Hyderabad,premium,Street Food|Biryani,799.92,5,1.9,both,2024-07-25,0.6660714285714285,4.0,lunch,0.0,0,1,0,0,0,1
U02564,Hyderabad,budget,Continental|Biryani|South Indian,278.71,7,3.5,non-veg,2025-11-11,0.125,2.0,breakfast,0.0,1,0,0,0,1,0
U02565,Chennai,budget,Street Food|South Indian,355.53,6,15.7,veg,2024-08-01,0.25,1.0,breakfast,1.0,1,0,0,1,0,0
U02566,Delhi,budget,South Indian|Beverages|Italian|Desserts,262.45,10,6.5,both,2025-11-14,0.21428571428571427,2.0,dinner,0.5,1,0,0,0,0,1
U02567,Kolkata,budget,Desserts|Fast Food|Beverages|Italian,235.22,7,3.0,non-veg,2025-08-25,0.225,2.0,breakfast,0.0,1,0,0,0,1,0
U02568,Pune,premium,South Indian|Chinese|Biryani,680.83,4,17.6,veg,2024-10-20,0.5714285714285714,1.0,dinner,0.0,0,1,0,1,0,0
U02569,Chennai,occasional,Desserts|North Indian|Continental|Fast Food,100.0,1,3.5,non-veg,2025-04-02,0.3,0.0,,0.3,0,0,1,0,1,0
U02570,Bangalore,occasional,Desserts|North Indian|Street Food|South Indian,534.31,1,10.2,non-veg,2025-03-03,0.1,2.0,dinner,0.0,0,0,1,0,1,0
U02571,Hyderabad,budget,Fast Food|Italian,255.27,6,5.3,veg,2024-06-08,0.4125,4.0,breakfast,0.25,1,0,0,1,0,0
U02572,Pune,occasional,Street Food|Beverages|Italian,527.02,3,16.5,both,2024-06-18,0.5238095238095238,4.0,dinner,0.25,0,0,1,0,0,1
U02573,Mumbai,occasional,Continental|Chinese|Italian|Desserts,518.3,2,25.8,both,2025-08-29,0.39999999999999997,6.0,late_night,0.0,0,0,1,0,0,1
U02574,Delhi,budget,Chinese|South Indian|North Indian,136.97,5,11.3,non-veg,2024-07-30,0.21428571428571427,5.0,breakfast,0.4,1,0,0,0,1,0
U02575,Chennai,budget,Chinese|Street Food,385.49,7,2.3,non-veg,2025-02-05,0.3,0.0,,0.3,1,0,0,0,1,0
U02576,Bangalore,premium,Biryani|Italian|Street Food,682.49,2,5.4,non-veg,2025-07-05,0.6166666666666667,2.0,breakfast,1.0,0,1,0,0,1,0
U02577,Mumbai,occasional,Desserts|Fast Food,385.99,2,3.9,both,2025-06-03,0.41666666666666663,2.0,dinner,0.5,0,0,1,0,0,1
U02578,Delhi,occasional,North Indian|Chinese|Beverages,452.11,2,4.9,veg,2025-09-23,0.3,0.0,,0.3,0,0,1,1,0,0
U02579,Kolkata,budget,North Indian|Beverages|Italian,206.23,6,0.4,non-veg,2025-01-03,0.0,1.0,lunch,0.0,1,0,0,0,1,0
U02580,Bangalore,budget,Beverages|Desserts|Italian,238.99,8,2.2,veg,2025-07-01,0.30317460317460315,3.0,breakfast,0.3333333333333333,1,0,0,1,0,0
U02581,Kolkata,budget,Continental|South Indian|Street Food,325.34,7,1.6,veg,2025-08-01,0.42857142857142855,1.0,lunch,0.0,1,0,0,1,0,0
U02582,Chennai,premium,Street Food|South Indian|Chinese|Desserts,679.24,2,17.1,veg,2025-06-27,0.16666666666666666,1.0,breakfast,0.0,0,1,0,1,0,0
U02583,Bangalore,budget,Continental|Biryani|Street Food,344.48,7,7.6,non-veg,2024-11-28,0.22857142857142856,5.0,late_night,0.2,1,0,0,0,1,0
U02584,Delhi,occasional,South Indian|Street Food,288.72,2,9.3,veg,2025-01-24,0.2857142857142857,2.0,dinner,1.0,0,0,1,1,0,0
U02585,Hyderabad,premium,Street Food|South Indian|Beverages,528.36,4,2.1,both,2026-01-11,0.4,1.0,breakfast,0.0,0,1,0,0,0,1
U02586,Bangalore,budget,Desserts|Continental|South Indian,253.86,7,2.3,veg,2025-01-29,0.3,0.0,,0.3,1,0,0,1,0,0
U02587,Mumbai,budget,South Indian|Desserts|Fast Food,159.95,8,16.6,non-veg,2025-06-07,0.4047619047619048,3.0,breakfast,0.0,1,0,0,0,1,0
U02588,Pune,occasional,Desserts|Beverages,335.1,1,3.3,veg,2026-01-11,0.4489795918367347,7.0,lunch,0.14285714285714285,0,0,1,1,0,0
U02589,Mumbai,occasional,Biryani|North Indian|Chinese|Desserts,410.43,0,2.0,both,2025-05-18,0.8333333333333334,1.0,dinner,0.0,0,0,1,0,0,1
U02590,Delhi,occasional,North Indian|Chinese|Street Food|South Indian,535.1,1,5.6,veg,2024-10-03,0.5277777777777778,3.0,lunch,0.3333333333333333,0,0,1,1,0,0
U02591,Kolkata,occasional,North Indian|Italian,668.7,2,20.6,non-veg,2024-03-22,0.3,0.0,,0.3,0,0,1,0,1,0
U02592,Mumbai,budget,Continental|Desserts|Chinese,239.28,2,13.7,non-veg,2024-11-24,0.26666666666666666,2.0,breakfast,0.5,1,0,0,0,1,0
U02593,Delhi,budget,Street Food|Chinese,251.24,9,9.2,veg,2024-03-14,0.42857142857142855,1.0,breakfast,1.0,1,0,0,1,0,0
U02594,Delhi,premium,South Indian|Chinese|North Indian,795.11,5,16.4,both,2024-09-05,0.3,0.0,,0.3,0,1,0,0,0,1
U02595,Delhi,occasional,Desserts|Biryani|Fast Food,525.48,1,20.1,veg,2024-05-01,0.27777777777777773,3.0,breakfast,0.3333333333333333,0,0,1,1,0,0
U02596,Mumbai,budget,North Indian|Biryani,285.56,5,9.0,both,2025-12-29,0.2920634920634921,3.0,dinner,0.6666666666666666,1,0,0,0,0,1
U02597,Hyderabad,occasional,Chinese|Desserts,361.13,2,15.8,non-veg,2025-12-11,0.4023809523809524,4.0,dinner,0.0,0,0,1,0,1,0
U02598,Chennai,occasional,Continental|Street Food|Chinese,549.08,1,26.9,non-veg,2025-08-19,0.3333333333333333,2.0,dinner,0.0,0,0,1,0,1,0
U02599,Bangalore,occasional,Biryani|Italian,311.74,0,2.7,veg,2025-10-25,0.4,1.0,dinner,1.0,0,0,1,1,0,0
U02600,Hyderabad,budget,South Indian|Beverages,329.79,7,11.3,both,2024-10-09,0.3333333333333333,1.0,late_night,0.0,1,0,0,0,0,1
U02601,Hyderabad,budget,Beverages|Chinese|North Indian|Street Food,187.57,7,10.4,both,2024-09-27,0.369047619047619,2.0,lunch,0.5,1,0,0,0,0,1
U02602,Hyderabad,occasional,Chinese|Biryani|Street Food,454.79,3,2.5,both,2024-05-09,0.4365079365079365,3.0,dinner,0.6666666666666666,0,0,1,0,0,1
U02603,Pune,occasional,South Indian|Beverages|Street Food|Biryani,268.64,0,5.5,non-veg,2024-06-22,0.5178571428571429,3.0,dinner,0.3333333333333333,0,0,1,0,1,0
U02604,Delhi,budget,Italian|Street Food,413.89,11,7.1,both,2025-09-17,0.3,0.0,,0.3,1,0,0,0,0,1
U02605,Kolkata,occasional,Italian|South Indian,287.25,0,4.7,veg,2025-10-22,0.4226190476190476,4.0,breakfast,0.5,0,0,1,1,0,0
U02606,Pune,budget,Fast Food|South Indian|Italian,166.06,5,6.3,veg,2025-06-10,0.26785714285714285,2.0,dinner,0.5,1,0,0,1,0,0
U02607,Mumbai,premium,Fast Food|Biryani,582.14,3,3.0,veg,2024-10-11,0.3857142857142857,2.0,breakfast,0.0,0,1,0,1,0,0
U02608,Pune,budget,Street Food|Continental|Fast Food|Desserts,330.85,12,8.2,both,2025-09-15,0.3666666666666667,2.0,late_night,0.0,1,0,0,0,0,1
U02609,Mumbai,budget,Biryani|Chinese|North Indian,104.12,9,9.9,veg,2024-12-29,0.16666666666666666,1.0,breakfast,1.0,1,0,0,1,0,0
U02610,Pune,budget,Italian|Chinese,149.97,8,2.9,non-veg,2026-01-13,0.3,0.0,,0.3,1,0,0,0,1,0
U02611,Delhi,premium,North Indian|Italian|Chinese|Street Food,696.32,4,14.0,non-veg,2025-03-03,0.6190476190476191,2.0,breakfast,0.0,0,1,0,0,1,0
U02612,Bangalore,budget,Beverages|Continental|Biryani|South Indian,195.83,7,10.8,both,2024-04-24,0.5,1.0,breakfast,1.0,1,0,0,0,0,1
U02613,Kolkata,occasional,Desserts|Beverages|Italian|Street Food,467.64,2,42.5,non-veg,2024-05-01,0.5,1.0,dinner,1.0,0,0,1,0,1,0
U02614,Mumbai,budget,Beverages|South Indian|Fast Food|Biryani,210.6,10,3.4,both,2024-08-19,0.5328571428571428,5.0,late_night,0.2,1,0,0,0,0,1
U02615,Mumbai,budget,Chinese|Fast Food|Biryani,201.63,6,4.5,non-veg,2024-09-15,0.3,0.0,,0.3,1,0,0,0,1,0
U02616,Kolkata,occasional,Beverages|South Indian|Biryani|Desserts,503.66,1,6.4,non-veg,2024-08-14,0.3333333333333333,2.0,breakfast,0.0,0,0,1,0,1,0
U02617,Mumbai,premium,Biryani|Desserts,543.11,6,16.4,both,2024-04-10,0.6695238095238095,5.0,lunch,0.8,0,1,0,0,0,1
U02618,Bangalore,budget,Chinese|South Indian|Italian|Beverages,106.75,7,3.5,non-veg,2025-10-06,0.3,0.0,,0.3,1,0,0,0,1,0
U02619,Bangalore,premium,Fast Food|Chinese|Biryani|Street Food,702.51,1,7.4,both,2024-10-21,0.8333333333333334,1.0,dinner,0.0,0,1,0,0,0,1
U02620,Hyderabad,premium,South Indian|Street Food|Chinese|Italian,595.58,0,4.7,veg,2024-08-22,0.7202380952380952,4.0,late_night,0.75,0,1,0,1,0,0
U02621,Delhi,budget,Italian|North Indian,177.15,9,0.9,non-veg,2025-07-08,0.08333333333333333,4.0,late_night,0.25,1,0,0,0,1,0
U02622,Pune,budget,Biryani|Street Food|Chinese|Fast Food,313.91,6,12.9,both,2024-08-02,0.25,1.0,dinner,0.0,1,0,0,0,0,1
U02623,Chennai,budget,Street Food|Biryani,262.22,5,4.7,non-veg,2024-07-24,0.4666666666666667,2.0,lunch,0.0,1,0,0,0,1,0
U02624,Delhi,budget,Street Food|Chinese|Biryani|South Indian,378.15,8,1.2,non-veg,2025-10-17,0.325,2.0,dinner,0.5,1,0,0,0,1,0
U02625,Pune,budget,Continental|Italian,281.27,7,3.6,veg,2025-08-25,0.25,1.0,lunch,1.0,1,0,0,1,0,0
U02626,Chennai,budget,Desserts|Italian|Fast Food|North Indian,135.38,13,6.4,non-veg,2024-12-13,0.3444444444444444,3.0,lunch,0.0,1,0,0,0,1,0
U02627,Mumbai,budget,Street Food|Desserts|Beverages,229.65,8,0.8,veg,2024-10-05,0.3333333333333333,1.0,late_night,0.0,1,0,0,1,0,0
U02628,Mumbai,budget,Fast Food|North Indian,266.6,7,23.1,non-veg,2025-11-12,0.2619047619047619,3.0,breakfast,0.0,1,0,0,0,1,0
U02629,Mumbai,budget,Street Food|Fast Food|Italian|Biryani,329.29,5,9.7,both,2024-05-10,0.30952380952380953,4.0,late_night,0.5,1,0,0,0,0,1
U02630,Chennai,budget,North Indian|Desserts,175.12,7,1.1,both,2025-09-06,0.3,0.0,,0.3,1,0,0,0,0,1
U02631,Delhi,occasional,Chinese|Italian|Desserts,488.07,2,0.2,non-veg,2025-08-17,0.5833333333333333,2.0,dinner,0.5,0,0,1,0,1,0
U02632,Pune,occasional,Desserts|Italian|Street Food,262.47,1,3.2,non-veg,2025-02-03,0.5,1.0,breakfast,0.0,0,0,1,0,1,0
U02633,Bangalore,occasional,Fast Food|Chinese,436.0,1,9.1,both,2024-12-12,0.35059523809523807,4.0,dinner,0.25,0,0,1,0,0,1
U02634,Bangalore,budget,Continental|Chinese|Italian|Beverages,443.81,8,10.9,veg,2025-09-04,0.3,0.0,,0.3,1,0,0,1,0,0
U02635,Pune,occasional,Biryani|North Indian|South Indian,315.79,0,5.2,veg,2024-08-12,0.2791666666666667,4.0,dinner,0.25,0,0,1,1,0,0
U02636,Mumbai,premium,South Indian|Beverages|Italian|Biryani,551.51,2,7.9,non-veg,2024-11-05,0.6904761904761904,3.0,breakfast,0.0,0,1,0,0,1,0
U02637,Mumbai,budget,Street Food|Beverages,121.68,7,4.3,non-veg,2025-08-23,0.15416666666666667,4.0,dinner,0.25,1,0,0,0,1,0
U02638,Bangalore,occasional,Biryani|Fast Food|North Indian|Italian,301.31,0,51.6,veg,2025-05-11,0.6607142857142857,2.0,late_night,0.5,0,0,1,1,0,0
U02639,Bangalore,occasional,Beverages|Desserts|Chinese|Biryani,513.51,0,6.6,non-veg,2024-09-16,0.5499999999999999,3.0,lunch,1.0,0,0,1,0,1,0
U02640,Kolkata,occasional,Italian|Street Food|South Indian,359.05,2,10.7,veg,2025-10-29,0.5,1.0,breakfast,0.0,0,0,1,1,0,0
U02641,Pune,budget,Continental|Biryani|Italian|Desserts,247.99,6,2.8,veg,2024-03-18,0.42857142857142855,1.0,dinner,0.0,1,0,0,1,0,0
U02642,Hyderabad,occasional,Desserts|Continental|North Indian|Biryani,431.23,2,9.0,veg,2025-10-12,0.4166666666666667,3.0,lunch,0.6666666666666666,0,0,1,1,0,0
U02643,Kolkata,premium,Fast Food|Continental|Biryani,527.6,4,13.6,non-veg,2024-11-24,0.3,0.0,,0.3,0,1,0,0,1,0
U02644,Pune,budget,Biryani|South Indian|North Indian,312.25,8,12.1,non-veg,2025-10-16,0.25,2.0,breakfast,1.0,1,0,0,0,1,0
U02645,Pune,premium,Italian|Beverages|Continental,743.57,4,2.2,non-veg,2024-06-01,0.7,2.0,breakfast,0.0,0,1,0,0,1,0
U02646,Hyderabad,premium,Fast Food|South Indian|Beverages|Continental,462.91,6,8.3,both,2024-05-16,0.6,1.0,dinner,0.0,0,1,0,0,0,1
U02647,Kolkata,budget,Desserts|Street Food|Continental|North Indian,376.54,10,30.9,non-veg,2024-05-21,0.21428571428571427,2.0,dinner,0.0,1,0,0,0,1,0
U02648,Bangalore,occasional,South Indian|Continental|Street Food|Desserts,604.12,0,5.9,veg,2025-05-28,0.43,5.0,dinner,0.2,0,0,1,1,0,0
U02649,Mumbai,occasional,Continental|Desserts|Street Food|Biryani,400.43,1,12.4,non-veg,2025-12-18,0.32222222222222224,3.0,breakfast,0.6666666666666666,0,0,1,0,1,0
U02650,Mumbai,premium,Beverages|Continental|North Indian|Italian,756.9,2,13.2,non-veg,2024-04-24,0.6944444444444443,3.0,lunch,0.3333333333333333,0,1,0,0,1,0
U02651,Pune,occasional,North Indian|Italian|Chinese,256.75,2,5.5,both,2026-01-03,0.2619047619047619,3.0,dinner,0.6666666666666666,0,0,1,0,0,1
U02652,Pune,premium,South Indian|Fast Food|Desserts,850.61,4,3.0,veg,2025-12-29,0.5333333333333333,3.0,breakfast,0.3333333333333333,0,1,0,1,0,0
U02653,Pune,occasional,Fast Food|Biryani|Street Food,599.54,2,12.8,non-veg,2025-02-01,0.5128571428571428,5.0,dinner,0.6,0,0,1,0,1,0
U02654,Delhi,budget,Beverages|North Indian|Biryani,348.47,5,6.1,non-veg,2024-10-15,0.16666666666666666,2.0,dinner,0.0,1,0,0,0,1,0
U02655,Pune,occasional,Fast Food|Chinese|Italian|Continental,414.68,5,3.4,non-veg,2024-07-16,0.36142857142857143,10.0,dinner,0.3,0,0,1,0,1,0
U02656,Pune,budget,Desserts|Biryani|Chinese,306.83,3,29.8,veg,2024-09-03,0.29285714285714287,3.0,lunch,0.3333333333333333,1,0,0,1,0,0
U02657,Kolkata,budget,Biryani|Continental,259.17,6,3.9,non-veg,2024-05-06,0.0,1.0,lunch,1.0,1,0,0,0,1,0
U02658,Chennai,occasional,Italian|Biryani|Fast Food|North Indian,298.54,0,3.7,both,2025-10-27,0.45476190476190476,4.0,snack,0.25,0,0,1,0,0,1
U02659,Pune,occasional,Biryani|Beverages|Chinese,268.68,2,4.8,non-veg,2025-01-01,0.6071428571428572,2.0,dinner,0.5,0,0,1,0,1,0
U02660,Delhi,occasional,Beverages|Biryani|Street Food,511.66,1,8.8,non-veg,2024-11-05,0.3,0.0,,0.3,0,0,1,0,1,0
U02661,Mumbai,occasional,Chinese|Biryani,504.33,2,4.2,non-veg,2026-01-11,0.2875,2.0,breakfast,0.0,0,0,1,0,1,0
U02662,Bangalore,occasional,Continental|Fast Food,190.75,2,8.6,non-veg,2024-08-27,0.3,0.0,,0.3,0,0,1,0,1,0
U02663,Pune,premium,Street Food|Fast Food|Chinese|Italian,661.84,8,1.2,non-veg,2024-05-04,0.7,2.0,dinner,0.0,0,1,0,0,1,0
U02664,Pune,budget,Italian|South Indian,280.13,5,7.6,non-veg,2025-10-27,0.2857142857142857,1.0,dinner,0.0,1,0,0,0,1,0
U02665,Pune,budget,Desserts|Fast Food|Chinese|Biryani,220.24,11,0.5,veg,2025-02-13,0.15,3.0,breakfast,0.3333333333333333,1,0,0,1,0,0
U02666,Chennai,occasional,Desserts|Chinese|Continental,229.58,1,20.4,non-veg,2025-10-13,0.75,1.0,breakfast,0.0,0,0,1,0,1,0
U02667,Kolkata,budget,Fast Food|South Indian|Biryani|Street Food,448.11,9,0.8,non-veg,2024-10-31,0.3,0.0,,0.3,1,0,0,0,1,0
U02668,Kolkata,premium,Italian|Street Food,423.47,3,3.2,veg,2025-08-22,0.5,1.0,late_night,0.0,0,1,0,1,0,0
U02669,Pune,budget,North Indian|Beverages|Italian,248.28,7,5.1,non-veg,2025-06-17,0.39880952380952384,4.0,dinner,0.25,1,0,0,0,1,0
U02670,Delhi,occasional,Beverages|Italian,572.7,2,10.9,veg,2025-09-01,0.30952380952380953,2.0,breakfast,0.5,0,0,1,1,0,0
U02671,Bangalore,budget,Italian|North Indian|Beverages,100.0,10,2.2,both,2024-11-04,0.22619047619047616,2.0,lunch,0.0,1,0,0,0,0,1
U02672,Hyderabad,budget,Street Food|Italian|Desserts|South Indian,275.31,8,1.1,non-veg,2024-08-14,0.4682539682539682,3.0,dinner,0.6666666666666666,1,0,0,0,1,0
U02673,Chennai,budget,Continental|Desserts|Fast Food,243.85,4,14.8,non-veg,2025-01-20,0.2,2.0,lunch,0.0,1,0,0,0,1,0
U02674,Kolkata,occasional,Desserts|Biryani|Street Food,752.03,3,6.8,both,2025-06-01,0.2857142857142857,1.0,lunch,0.0,0,0,1,0,0,1
U02675,Mumbai,premium,Biryani|South Indian|Chinese|Beverages,402.51,5,3.7,both,2025-05-20,0.29166666666666663,2.0,breakfast,0.5,0,1,0,0,0,1
U02676,Kolkata,occasional,Continental|Chinese|South Indian|Desserts,392.42,3,14.5,non-veg,2024-08-26,0.3,0.0,,0.3,0,0,1,0,1,0
U02677,Pune,occasional,Street Food|Biryani|South Indian,276.45,2,1.1,non-veg,2024-05-19,0.5833333333333334,3.0,lunch,0.3333333333333333,0,0,1,0,1,0
U02678,Delhi,occasional,Biryani|Street Food|Italian|Beverages,546.73,2,1.4,non-veg,2025-04-27,0.5714285714285714,1.0,dinner,0.0,0,0,1,0,1,0
U02679,Chennai,occasional,Beverages|Continental,450.75,0,11.0,both,2024-09-05,0.2833333333333333,2.0,breakfast,0.5,0,0,1,0,0,1
U02680,Chennai,budget,South Indian|Chinese|North Indian,370.05,8,11.5,non-veg,2024-07-03,0.26666666666666666,2.0,breakfast,0.5,1,0,0,0,1,0
U02681,Hyderabad,occasional,North Indian|Biryani|Beverages|Desserts,431.94,3,7.9,non-veg,2025-08-29,0.3333333333333333,1.0,late_night,0.0,0,0,1,0,1,0
U02682,Bangalore,budget,Biryani|South Indian|Fast Food|Beverages,187.62,10,3.9,both,2025-05-14,0.3333333333333333,1.0,lunch,0.0,1,0,0,0,0,1
U02683,Pune,premium,Continental|Beverages,582.93,7,0.9,non-veg,2024-11-12,0.7158730158730159,3.0,dinner,0.0,0,1,0,0,1,0
U02684,Pune,occasional,Desserts|Italian,408.58,0,26.5,both,2024-03-21,0.4047619047619047,3.0,dinner,0.3333333333333333,0,0,1,0,0,1
U02685,Hyderabad,premium,Street Food|Fast Food|Biryani,477.17,3,3.4,both,2025-06-03,0.8333333333333334,1.0,lunch,0.0,0,1,0,0,0,1
U02686,Chennai,budget,Desserts|Chinese|Biryani|Continental,117.61,7,3.8,non-veg,2026-01-21,0.10317460317460318,3.0,dinner,0.0,1,0,0,0,1,0
U02687,Chennai,premium,Biryani|South Indian,599.78,3,3.3,veg,2025-11-16,0.3,0.0,,0.3,0,1,0,1,0,0
U02688,Chennai,budget,Street Food|Desserts,152.81,7,12.6,veg,2025-08-15,0.5,1.0,dinner,1.0,1,0,0,1,0,0
U02689,Pune,budget,Italian|Chinese,145.86,11,0.7,veg,2025-07-26,0.5476190476190476,2.0,dinner,0.0,1,0,0,1,0,0
U02690,Bangalore,budget,Beverages|South Indian|Biryani|North Indian,264.39,9,1.1,veg,2025-10-23,0.5,1.0,lunch,0.0,1,0,0,1,0,0
U02691,Hyderabad,budget,Desserts|Continental|Street Food|Biryani,329.38,8,6.9,non-veg,2024-09-29,0.2222222222222222,3.0,breakfast,0.3333333333333333,1,0,0,0,1,0
U02692,Delhi,budget,Chinese|South Indian|Fast Food,151.76,7,4.8,non-veg,2025-01-29,0.14285714285714285,2.0,breakfast,0.0,1,0,0,0,1,0
U02693,Delhi,budget,Desserts|Fast Food|Beverages|North Indian,200.67,7,17.2,veg,2025-07-23,0.3,0.0,,0.3,1,0,0,1,0,0
U02694,Mumbai,budget,Italian|Continental|Biryani,301.54,11,1.8,non-veg,2024-04-05,0.0,1.0,late_night,1.0,1,0,0,0,1,0
U02695,Pune,occasional,Biryani|Beverages,490.95,3,14.5,veg,2025-10-23,0.29910714285714285,4.0,late_night,0.25,0,0,1,1,0,0
U02696,Chennai,budget,North Indian|Continental|Street Food,263.58,10,35.6,both,2024-02-28,0.18333333333333335,6.0,breakfast,0.3333333333333333,1,0,0,0,0,1
U02697,Mumbai,occasional,Chinese|North Indian,442.32,2,5.3,non-veg,2024-08-04,0.3,0.0,,0.3,0,0,1,0,1,0
U02698,Bangalore,budget,Biryani|Desserts,276.91,9,3.2,veg,2025-03-20,0.3,0.0,,0.3,1,0,0,1,0,0
U02699,Bangalore,premium,Continental|Biryani|South Indian|Beverages,542.41,3,4.6,non-veg,2025-07-18,0.4,1.0,breakfast,1.0,0,1,0,0,1,0
U02700,Pune,budget,Beverages|Chinese|Italian|Street Food,260.27,11,8.7,non-veg,2025-10-20,0.16666666666666666,1.0,dinner,1.0,1,0,0,0,1,0
U02701,Kolkata,budget,Chinese|Biryani|Continental|Italian,117.22,7,12.3,both,2025-07-30,0.0,1.0,snack,0.0,1,0,0,0,0,1
U02702,Chennai,occasional,Beverages|North Indian,249.25,2,17.9,non-veg,2024-04-30,0.2619047619047619,3.0,dinner,0.6666666666666666,0,0,1,0,1,0
U02703,Bangalore,premium,South Indian|Fast Food|Street Food|North Indian,520.42,6,17.0,veg,2025-02-04,0.5277777777777778,3.0,snack,0.0,0,1,0,1,0,0
U02704,Pune,occasional,Continental|Street Food,619.94,1,19.4,non-veg,2025-08-09,0.4583333333333333,2.0,dinner,0.0,0,0,1,0,1,0
U02705,Bangalore,budget,Italian|Chinese|Biryani,292.14,4,11.1,non-veg,2024-10-19,0.0,1.0,snack,1.0,1,0,0,0,1,0
U02706,Pune,budget,Desserts|Beverages|South Indian|Biryani,403.78,10,4.3,veg,2024-07-09,0.6666666666666666,1.0,breakfast,0.0,1,0,0,1,0,0
U02707,Bangalore,budget,Italian|Biryani|Chinese,262.69,10,3.8,non-veg,2025-05-27,0.25,1.0,snack,0.0,1,0,0,0,1,0
U02708,Kolkata,budget,Italian|Desserts|North Indian,201.16,7,8.7,non-veg,2025-01-26,0.3,0.0,,0.3,1,0,0,0,1,0
U02709,Bangalore,budget,Continental|South Indian|Street Food,382.44,8,15.5,non-veg,2024-03-19,0.55,2.0,dinner,0.0,1,0,0,0,1,0
U02710,Pune,budget,Street Food|Continental|Desserts,409.85,11,10.1,non-veg,2024-07-17,0.5059523809523809,4.0,breakfast,0.75,1,0,0,0,1,0
U02711,Pune,occasional,Fast Food|Biryani,418.08,3,3.3,veg,2025-09-11,0.5714285714285714,1.0,breakfast,0.0,0,0,1,1,0,0
U02712,Hyderabad,occasional,Fast Food|Desserts,316.3,3,3.7,non-veg,2024-12-10,0.42857142857142855,1.0,late_night,0.0,0,0,1,0,1,0
U02713,Hyderabad,occasional,South Indian|Beverages|North Indian,523.1,2,36.4,veg,2024-09-11,0.26190476190476186,4.0,dinner,0.5,0,0,1,1,0,0
U02714,Bangalore,budget,Street Food|Beverages|Desserts,349.02,7,25.6,both,2025-03-20,0.3,0.0,,0.3,1,0,0,0,0,1
U02715,Hyderabad,budget,North Indian|Street Food|Continental,416.94,7,9.4,both,2025-07-19,0.47916666666666663,4.0,breakfast,0.0,1,0,0,0,0,1
U02716,Bangalore,budget,Continental|Street Food|Chinese,187.16,11,3.7,non-veg,2024-04-11,0.2333333333333333,3.0,lunch,0.3333333333333333,1,0,0,0,1,0
U02717,Mumbai,occasional,North Indian|Street Food|Continental|Beverages,292.83,1,3.2,non-veg,2025-03-23,0.375,4.0,dinner,0.25,0,0,1,0,1,0
U02718,Hyderabad,budget,Biryani|Street Food,399.79,7,5.8,veg,2025-12-05,0.2638888888888889,6.0,dinner,0.16666666666666666,1,0,0,1,0,0
U02719,Kolkata,budget,Desserts|Street Food|Chinese|Fast Food,234.44,9,7.6,non-veg,2025-01-13,0.25,1.0,lunch,1.0,1,0,0,0,1,0
U02720,Pune,budget,North Indian|Italian|South Indian|Street Food,359.89,10,2.3,both,2025-07-21,0.16666666666666666,1.0,late_night,1.0,1,0,0,0,0,1
U02721,Delhi,budget,Biryani|South Indian|Italian|Beverages,216.71,10,12.3,both,2025-06-30,0.3142857142857143,2.0,late_night,0.5,1,0,0,0,0,1
U02722,Chennai,premium,Continental|North Indian|Street Food|Italian,298.51,5,6.0,non-veg,2025-07-01,0.3055555555555555,3.0,dinner,0.3333333333333333,0,1,0,0,1,0
U02723,Pune,budget,Fast Food|North Indian,213.4,6,1.9,both,2025-05-26,0.24523809523809526,5.0,breakfast,0.4,1,0,0,0,0,1
U02724,Pune,budget,Chinese|Desserts|Italian,187.81,12,3.4,non-veg,2025-01-12,0.375,2.0,dinner,0.5,1,0,0,0,1,0
U02725,Kolkata,occasional,North Indian|Chinese|Street Food,516.31,3,36.6,non-veg,2024-05-24,0.5,2.0,lunch,0.0,0,0,1,0,1,0
U02726,Delhi,premium,Fast Food|Desserts|Continental|South Indian,668.81,4,9.6,veg,2024-03-29,0.7555555555555555,3.0,late_night,0.6666666666666666,0,1,0,1,0,0
U02727,Pune,occasional,Desserts|North Indian|Continental,389.78,4,6.4,veg,2024-11-30,0.3,0.0,,0.3,0,0,1,1,0,0
U02728,Hyderabad,occasional,Italian|Beverages|Fast Food,296.41,2,8.7,non-veg,2024-05-23,0.5,1.0,breakfast,0.0,0,0,1,0,1,0
U02729,Bangalore,occasional,Desserts|North Indian|Beverages|South Indian,344.39,0,1.1,non-veg,2024-03-20,0.38095238095238093,2.0,lunch,0.5,0,0,1,0,1,0
U02730,Pune,budget,South Indian|Continental,144.22,4,1.8,non-veg,2025-10-01,0.2222222222222222,3.0,dinner,0.3333333333333333,1,0,0,0,1,0
U02731,Delhi,premium,South Indian|Chinese|Biryani,455.78,5,28.9,veg,2025-08-09,0.6904761904761905,2.0,lunch,0.5,0,1,0,1,0,0
U02732,Pune,budget,Desserts|Fast Food|Street Food,280.56,9,0.4,non-veg,2025-04-11,0.0,1.0,lunch,1.0,1,0,0,0,1,0
U02733,Kolkata,occasional,Fast Food|South Indian|Street Food|Italian,332.73,2,5.0,veg,2025-07-05,0.5029761904761905,4.0,breakfast,0.0,0,0,1,1,0,0
U02734,Bangalore,budget,Beverages|Italian|Chinese|Fast Food,241.77,6,11.0,veg,2025-12-22,0.5,1.0,late_night,1.0,1,0,0,1,0,0
U02735,Hyderabad,budget,South Indian|Continental|Italian,292.15,7,9.5,non-veg,2025-12-20,0.05555555555555555,3.0,lunch,0.3333333333333333,1,0,0,0,1,0
U02736,Kolkata,budget,Chinese|South Indian|Street Food,258.06,7,0.3,both,2025-05-25,0.2253968253968254,3.0,dinner,0.3333333333333333,1,0,0,0,0,1
U02737,Hyderabad,occasional,Biryani|Beverages|Chinese|Italian,486.1,1,3.8,veg,2024-05-26,0.525,6.0,breakfast,0.0,0,0,1,1,0,0
U02738,Kolkata,budget,Street Food|Italian,170.62,7,5.9,veg,2025-06-26,0.225,4.0,breakfast,0.25,1,0,0,1,0,0
U02739,Pune,occasional,North Indian|Continental|Chinese,500.66,2,4.4,both,2025-02-12,0.3,0.0,,0.3,0,0,1,0,0,1
U02740,Kolkata,budget,Chinese|Biryani|Beverages,156.66,10,7.6,non-veg,2025-07-06,0.2857142857142857,1.0,lunch,1.0,1,0,0,0,1,0
U02741,Pune,budget,Desserts|Continental,175.46,9,5.0,non-veg,2025-08-24,0.36309523809523814,4.0,dinner,0.25,1,0,0,0,1,0
U02742,Mumbai,premium,South Indian|Italian|Chinese|Biryani,642.33,2,6.5,non-veg,2025-07-12,0.7142857142857143,1.0,late_night,0.0,0,1,0,0,1,0
U02743,Mumbai,budget,Beverages|North Indian|Continental|Street Food,423.21,10,3.4,veg,2025-05-21,0.2,2.0,dinner,0.0,1,0,0,1,0,0
U02744,Chennai,occasional,Fast Food|Street Food|Chinese|South Indian,412.88,1,6.5,both,2024-07-16,0.4708333333333333,4.0,lunch,0.25,0,0,1,0,0,1
U02745,Mumbai,occasional,South Indian|Continental,480.1,0,0.7,veg,2024-12-04,0.16666666666666666,2.0,breakfast,0.0,0,0,1,1,0,0
U02746,Chennai,budget,North Indian|Chinese|Biryani|Street Food,228.29,10,0.4,non-veg,2025-12-19,0.5,1.0,late_night,0.0,1,0,0,0,1,0
U02747,Delhi,occasional,Italian|North Indian,466.05,0,45.1,veg,2025-01-02,0.5,1.0,dinner,0.0,0,0,1,1,0,0
U02748,Bangalore,budget,North Indian|Desserts|South Indian|Street Food,115.26,5,13.9,veg,2025-06-12,0.30000000000000004,2.0,dinner,0.0,1,0,0,1,0,0
U02749,Kolkata,budget,North Indian|Street Food|South Indian|Continental,171.41,13,2.6,non-veg,2024-04-03,0.25,1.0,dinner,0.0,1,0,0,0,1,0
U02750,Kolkata,occasional,Continental|Desserts|Fast Food,310.06,0,8.5,non-veg,2024-05-07,0.29166666666666663,2.0,breakfast,0.5,0,0,1,0,1,0
U02751,Hyderabad,budget,Italian|Beverages|Fast Food,281.05,9,0.0,non-veg,2025-02-08,0.21666666666666667,4.0,late_night,0.0,1,0,0,0,1,0
U02752,Pune,budget,Beverages|Chinese|Continental,100.0,5,5.7,non-veg,2024-07-27,0.2857142857142857,1.0,dinner,0.0,1,0,0,0,1,0
U02753,Mumbai,occasional,Chinese|Fast Food,428.96,2,7.7,veg,2024-04-15,0.55,5.0,breakfast,0.4,0,0,1,1,0,0
U02754,Pune,budget,Desserts|Fast Food,125.34,8,2.7,non-veg,2025-08-16,0.16666666666666666,1.0,snack,0.0,1,0,0,0,1,0
U02755,Mumbai,budget,North Indian|Desserts|Fast Food|South Indian,395.75,5,7.7,non-veg,2025-12-15,0.38809523809523805,6.0,lunch,0.16666666666666666,1,0,0,0,1,0
U02756,Hyderabad,budget,Street Food|Italian|Desserts,181.35,8,4.4,veg,2025-09-21,0.1607142857142857,4.0,breakfast,0.5,1,0,0,1,0,0
U02757,Kolkata,budget,Biryani|Italian|Desserts|Street Food,175.72,5,5.9,non-veg,2024-11-26,0.3,0.0,,0.3,1,0,0,0,1,0
U02758,Hyderabad,occasional,Beverages|Continental|Desserts|Italian,348.42,3,4.0,veg,2025-01-20,0.6333333333333333,2.0,snack,0.0,0,0,1,1,0,0
U02759,Mumbai,premium,Desserts|Chinese|Italian,545.78,4,26.1,both,2025-05-21,0.8571428571428571,1.0,dinner,1.0,0,1,0,0,0,1
U02760,Delhi,premium,Italian|Continental|Biryani|Street Food,621.7,3,5.8,non-veg,2024-07-15,0.6,1.0,late_night,1.0,0,1,0,0,1,0
U02761,Kolkata,budget,Biryani|Fast Food|Italian,219.06,9,14.9,both,2024-12-21,0.5238095238095238,3.0,dinner,0.6666666666666666,1,0,0,0,0,1
U02762,Delhi,premium,South Indian|Street Food|Beverages,650.11,8,1.7,non-veg,2025-03-26,0.7222222222222222,3.0,dinner,0.0,0,1,0,0,1,0
U02763,Kolkata,occasional,Desserts|North Indian|Italian|South Indian,483.91,3,14.4,non-veg,2025-02-16,0.3,0.0,,0.3,0,0,1,0,1,0
U02764,Chennai,occasional,Desserts|Street Food,410.45,3,5.5,non-veg,2024-11-11,0.4,1.0,late_night,0.0,0,0,1,0,1,0
U02765,Delhi,occasional,North Indian|Italian|Desserts,235.61,1,11.0,veg,2024-06-25,0.42857142857142855,1.0,lunch,0.0,0,0,1,1,0,0
U02766,Pune,occasional,Fast Food|Chinese,291.37,1,1.9,both,2024-04-11,0.0,1.0,dinner,0.0,0,0,1,0,0,1
U02767,Hyderabad,budget,Italian|Chinese|Desserts|Street Food,292.94,9,3.2,veg,2024-10-05,0.0,1.0,lunch,1.0,1,0,0,1,0,0
U02768,Delhi,budget,Chinese|Beverages|Biryani|Fast Food,301.49,11,6.3,veg,2024-05-10,0.3,0.0,,0.3,1,0,0,1,0,0
U02769,Chennai,budget,North Indian|South Indian|Street Food|Continental,219.57,9,1.1,both,2026-01-06,0.45,2.0,breakfast,0.5,1,0,0,0,0,1
U02770,Bangalore,budget,Biryani|South Indian,307.11,7,7.2,both,2025-03-13,0.15476190476190477,2.0,breakfast,0.0,1,0,0,0,0,1
U02771,Mumbai,premium,Chinese|Italian,945.43,4,6.3,non-veg,2025-03-19,0.6666666666666667,4.0,breakfast,0.25,0,1,0,0,1,0
U02772,Kolkata,budget,Biryani|Continental,264.5,11,6.6,non-veg,2024-06-09,0.26666666666666666,3.0,late_night,0.3333333333333333,1,0,0,0,1,0
U02773,Kolkata,occasional,Beverages|Biryani|Chinese,308.63,2,33.5,non-veg,2025-04-06,0.5,2.0,dinner,1.0,0,0,1,0,1,0
U02774,Mumbai,occasional,Street Food|Chinese,342.58,1,0.9,veg,2025-08-25,0.5083333333333333,4.0,breakfast,0.25,0,0,1,1,0,0
U02775,Delhi,budget,South Indian|Street Food|Desserts,238.8,6,3.3,non-veg,2025-08-18,0.4484126984126984,3.0,breakfast,0.0,1,0,0,0,1,0
U02776,Chennai,budget,Beverages|Fast Food|Italian|North Indian,294.97,13,2.9,veg,2024-03-19,0.3,0.0,,0.3,1,0,0,1,0,0
U02777,Delhi,premium,South Indian|North Indian|Chinese,614.91,2,12.3,non-veg,2025-01-02,0.25,1.0,dinner,1.0,0,1,0,0,1,0
U02778,Hyderabad,budget,Beverages|Chinese|North Indian,347.35,16,12.7,non-veg,2024-06-06,0.3,0.0,,0.3,1,0,0,0,1,0
U02779,Pune,occasional,Beverages|Chinese|Continental,655.24,2,2.1,both,2026-01-07,0.16666666666666666,1.0,lunch,0.0,0,0,1,0,0,1
U02780,Hyderabad,premium,Continental|Biryani|Street Food|North Indian,619.51,3,12.9,non-veg,2025-01-14,0.3,0.0,,0.3,0,1,0,0,1,0
U02781,Bangalore,budget,Chinese|Fast Food,264.52,5,11.2,both,2024-03-05,0.24714285714285716,5.0,dinner,0.8,1,0,0,0,0,1
U02782,Hyderabad,budget,South Indian|Italian,165.87,7,7.9,both,2024-04-18,0.2,1.0,dinner,1.0,1,0,0,0,0,1
U02783,Mumbai,premium,South Indian|Biryani|Beverages,754.88,4,37.0,veg,2026-01-11,0.3333333333333333,1.0,snack,0.0,0,1,0,1,0,0
U02784,Chennai,occasional,Desserts|Chinese|Biryani|Continental,440.69,4,4.3,veg,2025-05-14,0.3,0.0,,0.3,0,0,1,1,0,0
U02785,Delhi,occasional,Fast Food|Street Food|North Indian|Italian,635.07,5,2.9,veg,2025-03-07,0.3333333333333333,2.0,dinner,0.5,0,0,1,1,0,0
U02786,Delhi,budget,Italian|Fast Food,210.59,10,5.0,veg,2025-05-03,0.4,1.0,dinner,0.0,1,0,0,1,0,0
U02787,Hyderabad,budget,Biryani|North Indian|Fast Food,335.82,14,2.1,non-veg,2024-03-26,0.125,2.0,dinner,1.0,1,0,0,0,1,0
U02788,Hyderabad,occasional,South Indian|Biryani|North Indian|Continental,445.52,1,41.9,veg,2024-04-28,0.45,2.0,lunch,0.5,0,0,1,1,0,0
U02789,Bangalore,budget,Continental|North Indian|Fast Food|Italian,286.56,9,1.9,veg,2025-07-07,0.6,1.0,dinner,1.0,1,0,0,1,0,0
U02790,Hyderabad,budget,Desserts|North Indian|Fast Food,221.1,9,1.7,non-veg,2025-01-08,0.29166666666666663,4.0,dinner,0.25,1,0,0,0,1,0
U02791,Mumbai,occasional,Street Food|Desserts|Continental,489.12,2,1.1,non-veg,2025-02-11,0.3,3.0,lunch,0.6666666666666666,0,0,1,0,1,0
U02792,Delhi,budget,Fast Food|Street Food|Italian,337.67,4,1.8,veg,2024-09-14,0.25,2.0,lunch,0.0,1,0,0,1,0,0
U02793,Mumbai,budget,South Indian|Beverages|Continental,234.16,5,3.7,both,2024-03-16,0.2857142857142857,4.0,breakfast,0.0,1,0,0,0,0,1
U02794,Mumbai,occasional,South Indian|North Indian|Chinese|Desserts,340.94,0,13.4,veg,2025-10-10,0.42857142857142855,1.0,lunch,1.0,0,0,1,1,0,0
U02795,Delhi,budget,Chinese|Biryani,192.41,7,9.3,both,2025-11-22,0.25,1.0,dinner,0.0,1,0,0,0,0,1
U02796,Delhi,budget,Italian|South Indian|Street Food|North Indian,282.14,9,10.8,veg,2026-01-14,0.41269841269841273,3.0,late_night,0.6666666666666666,1,0,0,1,0,0
U02797,Pune,occasional,Continental|South Indian|Chinese,302.49,5,24.6,non-veg,2024-06-10,0.3,0.0,,0.3,0,0,1,0,1,0
U02798,Pune,budget,Biryani|South Indian|Street Food,173.76,7,2.9,both,2025-12-01,0.1111111111111111,3.0,dinner,0.3333333333333333,1,0,0,0,0,1
U02799,Pune,budget,Italian|South Indian,117.67,14,3.6,both,2025-07-21,0.3333333333333333,1.0,dinner,1.0,1,0,0,0,0,1
U02800,Bangalore,occasional,South Indian|North Indian|Desserts|Beverages,462.88,1,25.3,non-veg,2025-06-03,0.08333333333333333,2.0,breakfast,0.0,0,0,1,0,1,0
U02801,Delhi,occasional,South Indian|Desserts,311.61,1,23.2,both,2025-03-05,0.3214285714285714,4.0,dinner,0.5,0,0,1,0,0,1
U02802,Pune,premium,Italian|Beverages|Continental|Biryani,593.7,2,13.9,veg,2024-09-07,0.43333333333333335,2.0,dinner,0.0,0,1,0,1,0,0
U02803,Chennai,budget,Chinese|Beverages|Fast Food|Biryani,252.17,5,7.7,both,2024-03-06,0.10317460317460318,3.0,breakfast,0.3333333333333333,1,0,0,0,0,1
U02804,Chennai,budget,Beverages|Chinese,233.84,8,13.6,both,2024-08-26,0.4866666666666667,5.0,breakfast,0.4,1,0,0,0,0,1
U02805,Bangalore,budget,Chinese|Italian,378.19,6,2.2,both,2025-05-03,0.5,1.0,late_night,0.0,1,0,0,0,0,1
U02806,Delhi,occasional,Continental|Italian|South Indian|Biryani,561.0,0,7.2,veg,2025-11-11,0.3,0.0,,0.3,0,0,1,1,0,0
U02807,Delhi,premium,Biryani|Italian,678.97,6,4.0,both,2025-08-14,0.8035714285714286,2.0,breakfast,1.0,0,1,0,0,0,1
U02808,Hyderabad,occasional,Continental|Fast Food|Desserts|Street Food,394.46,3,1.5,non-veg,2024-04-12,0.2833333333333333,2.0,dinner,0.5,0,0,1,0,1,0
U02809,Mumbai,budget,Desserts|Fast Food,243.18,9,24.9,non-veg,2025-02-08,0.5,1.0,late_night,0.0,1,0,0,0,1,0
U02810,Pune,occasional,Street Food|North Indian,472.21,2,0.6,veg,2024-03-28,0.16666666666666666,2.0,late_night,0.5,0,0,1,1,0,0
U02811,Pune,budget,Fast Food|Chinese|South Indian,251.99,11,9.1,both,2025-11-25,0.4642857142857143,2.0,dinner,0.0,1,0,0,0,0,1
U02812,Bangalore,budget,Biryani|North Indian|Desserts,181.94,7,1.0,veg,2025-11-07,0.30416666666666664,4.0,dinner,0.0,1,0,0,1,0,0
U02813,Pune,premium,Beverages|North Indian|South Indian|Chinese,546.01,5,5.7,both,2024-06-04,0.6916666666666667,4.0,late_night,0.25,0,1,0,0,0,1
U02814,Kolkata,occasional,Continental|South Indian|Fast Food,282.31,3,19.2,non-veg,2025-03-07,0.3,0.0,,0.3,0,0,1,0,1,0
U02815,Hyderabad,occasional,Beverages|Biryani|Continental,475.8,2,36.1,both,2025-03-26,0.4166666666666667,3.0,dinner,0.0,0,0,1,0,0,1
U02816,Kolkata,occasional,Biryani|Street Food|Italian,312.62,0,28.8,non-veg,2025-06-08,0.16666666666666666,1.0,lunch,1.0,0,0,1,0,1,0
U02817,Chennai,budget,North Indian|Biryani,237.68,3,7.1,non-veg,2024-12-04,0.3,0.0,,0.3,1,0,0,0,1,0
U02818,Hyderabad,budget,Biryani|Desserts|Beverages,239.96,4,2.2,veg,2024-10-09,0.3,0.0,,0.3,1,0,0,1,0,0
U02819,Hyderabad,budget,Chinese|Desserts,143.82,8,0.3,both,2024-11-24,0.5,1.0,breakfast,0.0,1,0,0,0,0,1
U02820,Bangalore,budget,Biryani|Desserts,155.84,13,5.2,veg,2024-04-20,0.13888888888888887,3.0,breakfast,0.3333333333333333,1,0,0,1,0,0
U02821,Delhi,budget,Biryani|North Indian|Desserts,305.86,7,5.3,both,2024-03-21,0.2857142857142857,1.0,lunch,1.0,1,0,0,0,0,1
U02822,Delhi,budget,Continental|Chinese,210.22,13,5.8,non-veg,2025-06-19,0.3833333333333333,3.0,dinner,0.3333333333333333,1,0,0,0,1,0
U02823,Bangalore,budget,Desserts|Beverages,207.85,6,3.2,veg,2025-08-27,0.26666666666666666,2.0,dinner,0.0,1,0,0,1,0,0
U02824,Mumbai,premium,Italian|North Indian|Beverages,672.18,12,7.5,both,2024-12-22,0.7083333333333334,4.0,breakfast,0.5,0,1,0,0,0,1
U02825,Delhi,budget,Street Food|Fast Food|Italian,331.05,5,1.5,veg,2025-07-17,0.25,3.0,breakfast,0.6666666666666666,1,0,0,1,0,0
U02826,Hyderabad,budget,Beverages|Desserts|Street Food|Continental,290.35,9,8.9,non-veg,2025-08-17,0.3333333333333333,1.0,lunch,0.0,1,0,0,0,1,0
U02827,Hyderabad,occasional,North Indian|Biryani|South Indian|Continental,773.96,0,15.5,veg,2025-03-02,0.4446428571428571,4.0,late_night,0.25,0,0,1,1,0,0
U02828,Pune,budget,Continental|Fast Food|Chinese,294.4,11,0.7,non-veg,2025-06-01,0.3333333333333333,1.0,lunch,0.0,1,0,0,0,1,0
U02829,Chennai,premium,Italian|Desserts|Beverages,645.45,4,8.3,non-veg,2026-01-14,0.8333333333333334,1.0,breakfast,1.0,0,1,0,0,1,0
U02830,Mumbai,budget,Chinese|Biryani|Fast Food|Street Food,330.6,7,0.8,both,2024-05-04,0.125,2.0,breakfast,0.0,1,0,0,0,0,1
U02831,Hyderabad,budget,South Indian|Chinese|Fast Food|Street Food,209.57,4,23.9,veg,2025-01-10,0.2857142857142857,1.0,dinner,0.0,1,0,0,1,0,0
U02832,Kolkata,budget,Chinese|Biryani|Beverages|North Indian,305.82,14,1.7,non-veg,2026-01-09,0.37142857142857144,2.0,dinner,0.5,1,0,0,0,1,0
U02833,Hyderabad,occasional,Desserts|Italian|Street Food,224.63,2,13.7,both,2025-02-27,0.3,0.0,,0.3,0,0,1,0,0,1
U02834,Pune,budget,Biryani|Beverages,145.03,7,19.3,non-veg,2025-04-15,0.13095238095238096,3.0,lunch,0.3333333333333333,1,0,0,0,1,0
U02835,Chennai,budget,Continental|Biryani|Italian,285.27,8,2.6,veg,2025-09-19,0.3,0.0,,0.3,1,0,0,1,0,0
U02836,Mumbai,occasional,Continental|Italian|Street Food|Desserts,369.43,2,30.9,non-veg,2025-05-17,0.5,1.0,late_night,0.0,0,0,1,0,1,0
U02837,Hyderabad,occasional,Beverages|North Indian|Biryani|Fast Food,175.33,2,16.3,veg,2025-10-22,0.2589285714285714,4.0,dinner,0.0,0,0,1,1,0,0
U02838,Hyderabad,premium,Continental|Biryani,614.32,5,24.1,veg,2025-11-05,0.45,3.0,breakfast,0.0,0,1,0,1,0,0
U02839,Chennai,occasional,Beverages|Fast Food|South Indian,353.57,0,3.1,both,2024-10-24,0.16666666666666666,1.0,lunch,0.0,0,0,1,0,0,1
U02840,Hyderabad,occasional,Fast Food|Chinese,271.6,4,8.9,both,2025-01-20,0.5,1.0,lunch,1.0,0,0,1,0,0,1
U02841,Kolkata,budget,Beverages|Italian,222.75,6,1.7,both,2025-06-13,0.4904761904761905,3.0,breakfast,0.3333333333333333,1,0,0,0,0,1
U02842,Pune,budget,Biryani|Continental,361.84,13,0.8,both,2024-05-02,0.3333333333333333,2.0,late_night,0.0,1,0,0,0,0,1
U02843,Hyderabad,budget,Chinese|Fast Food|Biryani|Italian,196.29,7,7.2,both,2025-03-12,0.35555555555555557,3.0,dinner,0.0,1,0,0,0,0,1
U02844,Chennai,occasional,Italian|Continental|South Indian|Chinese,314.34,3,13.4,both,2025-11-26,0.3,0.0,,0.3,0,0,1,0,0,1
U02845,Pune,premium,Street Food|Continental,549.88,2,0.4,both,2025-04-13,0.6944444444444443,3.0,lunch,0.3333333333333333,0,1,0,0,0,1
U02846,Delhi,occasional,Desserts|North Indian|Fast Food,418.31,2,4.7,non-veg,2025-05-05,0.2,1.0,dinner,0.0,0,0,1,0,1,0
U02847,Delhi,occasional,Fast Food|North Indian,287.59,0,12.8,non-veg,2025-12-29,0.3821428571428571,4.0,late_night,0.0,0,0,1,0,1,0
U02848,Pune,occasional,Desserts|South Indian|Biryani|Italian,603.76,2,4.9,non-veg,2025-08-29,0.37142857142857144,2.0,breakfast,0.0,0,0,1,0,1,0
U02849,Hyderabad,premium,Desserts|Street Food|Chinese|Fast Food,612.76,2,9.8,both,2024-10-30,0.8571428571428571,1.0,lunch,0.0,0,1,0,0,0,1
U02850,Kolkata,occasional,South Indian|Fast Food|Beverages,418.96,1,6.8,both,2025-04-20,0.7142857142857143,1.0,lunch,0.0,0,0,1,0,0,1
U02851,Delhi,premium,Continental|Beverages|Fast Food|South Indian,426.12,5,16.1,both,2024-06-06,0.7142857142857142,2.0,dinner,1.0,0,1,0,0,0,1
U02852,Delhi,budget,North Indian|South Indian|Continental,155.41,7,1.2,both,2025-02-27,0.3,0.0,,0.3,1,0,0,0,0,1
U02853,Chennai,budget,Biryani|Chinese|Continental,371.48,7,22.1,both,2025-01-08,0.3,0.0,,0.3,1,0,0,0,0,1
U02854,Chennai,budget,Desserts|Biryani,270.27,6,0.4,non-veg,2024-12-18,0.29166666666666663,2.0,late_night,0.0,1,0,0,0,1,0
U02855,Delhi,budget,Continental|North Indian|Fast Food,302.48,1,1.1,non-veg,2025-03-02,0.26666666666666666,4.0,late_night,0.0,1,0,0,0,1,0
U02856,Chennai,occasional,North Indian|Street Food|Continental|Biryani,407.56,2,5.2,non-veg,2025-09-14,0.3,3.0,lunch,0.6666666666666666,0,0,1,0,1,0
U02857,Hyderabad,premium,South Indian|Chinese,674.28,4,3.1,non-veg,2025-08-25,0.6125,4.0,dinner,0.25,0,1,0,0,1,0
U02858,Bangalore,premium,Chinese|Italian|South Indian|Desserts,509.06,6,2.0,both,2025-01-24,0.625,2.0,breakfast,0.0,0,1,0,0,0,1
U02859,Mumbai,budget,South Indian|Desserts|Biryani,244.9,7,3.8,non-veg,2025-11-17,0.14285714285714285,2.0,dinner,0.0,1,0,0,0,1,0
U02860,Hyderabad,budget,Street Food|North Indian|Desserts,304.47,10,0.4,non-veg,2024-04-10,0.3333333333333333,1.0,lunch,1.0,1,0,0,0,1,0
U02861,Kolkata,occasional,Chinese|Street Food|South Indian,470.5,5,19.7,non-veg,2025-06-29,0.43809523809523804,5.0,dinner,0.4,0,0,1,0,1,0
U02862,Hyderabad,occasional,South Indian|Fast Food,504.47,1,3.7,veg,2025-06-09,0.37797619047619047,4.0,dinner,0.5,0,0,1,1,0,0
U02863,Delhi,occasional,Street Food|North Indian,397.52,3,9.2,both,2025-12-05,0.5714285714285714,1.0,dinner,0.0,0,0,1,0,0,1
U02864,Pune,occasional,Italian|Beverages|North Indian|Street Food,565.48,1,14.2,both,2025-06-17,0.5833333333333333,2.0,lunch,0.5,0,0,1,0,0,1
U02865,Kolkata,premium,Chinese|Continental,448.85,7,0.1,veg,2024-09-02,0.5875,4.0,breakfast,0.5,0,1,0,1,0,0
U02866,Mumbai,premium,Desserts|Continental|North Indian,569.93,3,10.0,non-veg,2024-08-23,0.3,0.0,,0.3,0,1,0,0,1,0
U02867,Kolkata,budget,Beverages|North Indian|Desserts,237.5,8,2.4,both,2024-07-13,0.26190476190476186,3.0,breakfast,1.0,1,0,0,0,0,1
U02868,Bangalore,budget,Italian|North Indian,333.83,7,0.6,non-veg,2025-06-28,0.5714285714285714,1.0,lunch,0.0,1,0,0,0,1,0
U02869,Delhi,budget,Beverages|North Indian|Biryani|Continental,168.03,6,20.1,both,2025-11-06,0.15873015873015872,3.0,late_night,0.3333333333333333,1,0,0,0,0,1
U02870,Chennai,premium,Street Food|Chinese|Desserts,427.79,3,3.9,non-veg,2025-06-24,0.6428571428571428,4.0,breakfast,0.0,0,1,0,0,1,0
U02871,Delhi,premium,North Indian|Fast Food|Street Food|Beverages,587.89,5,21.5,veg,2025-01-09,0.65,2.0,late_night,0.0,0,1,0,1,0,0
U02872,Chennai,occasional,Chinese|Italian|Fast Food,361.18,1,51.1,both,2025-02-19,0.4595238095238095,4.0,dinner,0.25,0,0,1,0,0,1
U02873,Delhi,premium,Fast Food|Desserts|South Indian,438.09,3,39.1,veg,2024-04-01,0.580952380952381,3.0,breakfast,0.0,0,1,0,1,0,0
U02874,Mumbai,budget,North Indian|Beverages|Desserts,122.9,12,6.9,veg,2025-07-02,0.3888888888888889,3.0,breakfast,0.0,1,0,0,1,0,0
U02875,Delhi,premium,North Indian|Desserts,493.19,5,20.8,both,2025-10-10,0.5,2.0,dinner,0.5,0,1,0,0,0,1
U02876,Pune,budget,Italian|Fast Food,312.92,4,1.2,both,2024-03-08,0.16666666666666666,1.0,late_night,1.0,1,0,0,0,0,1
U02877,Delhi,budget,Fast Food|Biryani|Beverages|North Indian,298.36,10,0.8,both,2024-04-04,0.16666666666666666,1.0,lunch,0.0,1,0,0,0,0,1
U02878,Pune,budget,Continental|Fast Food,337.4,9,21.8,veg,2025-06-19,0.3333333333333333,1.0,late_night,1.0,1,0,0,1,0,0
U02879,Chennai,occasional,Fast Food|North Indian,381.25,1,9.5,veg,2025-06-20,0.44047619047619047,2.0,dinner,0.5,0,0,1,1,0,0
U02880,Kolkata,premium,Biryani|Italian,692.68,4,17.2,both,2024-09-03,0.3,0.0,,0.3,0,1,0,0,0,1
U02881,Pune,budget,Biryani|Beverages|Desserts,294.39,4,55.9,veg,2024-05-21,0.3,0.0,,0.3,1,0,0,1,0,0
U02882,Kolkata,occasional,Beverages|Continental,318.32,2,1.1,both,2024-07-02,0.3214285714285714,2.0,breakfast,0.5,0,0,1,0,0,1
U02883,Chennai,occasional,Italian|South Indian|Street Food,461.1,3,2.8,non-veg,2026-01-27,0.45,4.0,breakfast,0.25,0,0,1,0,1,0
U02884,Kolkata,occasional,Continental|North Indian,308.73,2,17.4,non-veg,2026-01-16,0.3333333333333333,2.0,breakfast,0.0,0,0,1,0,1,0
U02885,Mumbai,occasional,Fast Food|Beverages,458.31,2,3.4,non-veg,2025-01-02,0.3333333333333333,2.0,lunch,0.0,0,0,1,0,1,0
U02886,Pune,budget,Chinese|South Indian|North Indian|Continental,189.44,12,11.6,both,2025-06-21,0.42857142857142855,1.0,snack,0.0,1,0,0,0,0,1
U02887,Pune,budget,Desserts|Biryani,375.79,6,2.2,non-veg,2025-11-11,0.125,2.0,breakfast,0.5,1,0,0,0,1,0
U02888,Mumbai,budget,North Indian|Fast Food|Continental,199.26,0,30.7,veg,2025-09-27,0.14285714285714285,1.0,dinner,1.0,1,0,0,1,0,0
U02889,Mumbai,occasional,Fast Food|Beverages,642.93,1,10.8,veg,2025-07-02,0.3,0.0,,0.3,0,0,1,1,0,0
U02890,Bangalore,budget,North Indian|Beverages|Chinese|Continental,100.0,2,3.5,non-veg,2025-10-04,0.14285714285714285,1.0,dinner,0.0,1,0,0,0,1,0
U02891,Bangalore,budget,Italian|Beverages|Fast Food|Chinese,180.61,13,0.7,non-veg,2026-01-04,0.3,0.0,,0.3,1,0,0,0,1,0
U02892,Pune,occasional,Beverages|South Indian|Chinese|Street Food,355.53,3,20.1,non-veg,2025-11-22,0.6666666666666666,1.0,snack,0.0,0,0,1,0,1,0
U02893,Hyderabad,budget,Desserts|North Indian|Street Food|Italian,311.17,7,17.0,both,2024-11-11,0.14285714285714285,1.0,lunch,0.0,1,0,0,0,0,1
U02894,Kolkata,budget,Desserts|Chinese|North Indian,279.33,8,8.6,non-veg,2024-06-16,0.14285714285714285,2.0,dinner,0.0,1,0,0,0,1,0
U02895,Bangalore,budget,South Indian|Fast Food|Street Food|Biryani,250.38,12,2.9,non-veg,2024-09-24,0.20833333333333331,4.0,lunch,0.0,1,0,0,0,1,0
U02896,Delhi,budget,North Indian|Fast Food|Italian,252.05,10,2.6,veg,2025-06-01,0.3333333333333333,2.0,dinner,0.0,1,0,0,1,0,0
U02897,Pune,premium,North Indian|Continental|Desserts,770.93,3,14.7,non-veg,2024-07-04,0.3,0.0,,0.3,0,1,0,0,1,0
U02898,Pune,occasional,Italian|North Indian|Fast Food,147.69,3,1.6,both,2025-01-20,0.25,1.0,dinner,0.0,0,0,1,0,0,1
U02899,Bangalore,budget,Biryani|Beverages|Street Food|Fast Food,173.48,9,8.2,both,2025-08-13,0.2222222222222222,3.0,lunch,0.0,1,0,0,0,0,1
U02900,Mumbai,occasional,Biryani|Street Food|Chinese|Beverages,353.26,1,4.3,veg,2024-04-13,0.16666666666666666,1.0,dinner,0.0,0,0,1,1,0,0
U02901,Mumbai,budget,Chinese|Desserts|Biryani,176.93,12,10.1,non-veg,2024-10-06,0.25,2.0,late_night,0.0,1,0,0,0,1,0
U02902,Mumbai,occasional,Chinese|Beverages|Desserts,188.62,0,13.6,veg,2025-01-24,0.41111111111111115,3.0,breakfast,0.3333333333333333,0,0,1,1,0,0
U02903,Hyderabad,occasional,Continental|Fast Food,312.48,1,8.1,veg,2025-09-09,0.3333333333333333,2.0,lunch,0.5,0,0,1,1,0,0
U02904,Mumbai,occasional,Beverages|Continental|Chinese,261.11,0,6.2,non-veg,2025-12-15,0.31746031746031744,3.0,breakfast,0.6666666666666666,0,0,1,0,1,0
U02905,Mumbai,occasional,Chinese|Biryani|Continental|Desserts,427.71,2,14.1,non-veg,2024-06-19,0.26666666666666666,2.0,breakfast,0.0,0,0,1,0,1,0
U02906,Delhi,budget,Desserts|South Indian,262.85,10,0.5,non-veg,2024-11-24,0.3,0.0,,0.3,1,0,0,0,1,0
U02907,Bangalore,premium,Street Food|North Indian|South Indian|Fast Food,520.24,4,16.0,veg,2026-01-23,0.5,1.0,breakfast,0.0,0,1,0,1,0,0
U02908,Mumbai,premium,Chinese|Italian|Biryani|Street Food,436.39,6,12.6,non-veg,2025-09-30,0.5873015873015873,3.0,late_night,0.3333333333333333,0,1,0,0,1,0
U02909,Mumbai,premium,Biryani|Street Food|Desserts|Fast Food,400.92,3,10.9,both,2024-03-26,0.8333333333333334,1.0,lunch,0.0,0,1,0,0,0,1
U02910,Kolkata,occasional,Italian|Biryani|Desserts,198.75,3,11.1,veg,2025-10-11,0.29642857142857143,4.0,breakfast,0.0,0,0,1,1,0,0
U02911,Delhi,occasional,Beverages|Chinese|Italian|Biryani,389.08,2,22.1,non-veg,2026-01-27,0.65,2.0,dinner,0.0,0,0,1,0,1,0
U02912,Kolkata,budget,South Indian|Beverages|Chinese|North Indian,274.43,9,6.0,both,2025-03-20,0.2833333333333333,5.0,lunch,0.2,1,0,0,0,0,1
U02913,Delhi,occasional,Fast Food|Italian|South Indian,665.38,3,18.1,veg,2025-07-16,0.42000000000000004,5.0,snack,0.2,0,0,1,1,0,0
U02914,Bangalore,occasional,North Indian|Fast Food,212.22,2,4.5,both,2025-09-26,0.5684523809523809,4.0,breakfast,0.0,0,0,1,0,0,1
U02915,Delhi,occasional,South Indian|Continental,542.8,1,4.8,both,2025-05-13,0.16666666666666666,1.0,breakfast,0.0,0,0,1,0,0,1
U02916,Hyderabad,budget,Desserts|Biryani,377.3,12,9.4,veg,2024-03-21,0.25,2.0,late_night,0.0,1,0,0,1,0,0
U02917,Hyderabad,occasional,Continental|Fast Food,436.54,0,9.2,veg,2025-02-10,0.3,0.0,,0.3,0,0,1,1,0,0
U02918,Hyderabad,budget,Italian|Fast Food|Desserts,189.63,2,13.5,non-veg,2024-05-03,0.3,0.0,,0.3,1,0,0,0,1,0
U02919,Chennai,budget,Continental|North Indian|Beverages,316.08,7,28.4,non-veg,2025-12-26,0.25,1.0,lunch,1.0,1,0,0,0,1,0
U02920,Hyderabad,budget,Biryani|North Indian|Fast Food,275.22,7,0.1,non-veg,2024-09-30,0.3,0.0,,0.3,1,0,0,0,1,0
U02921,Kolkata,occasional,Street Food|South Indian|Desserts,537.13,2,6.7,veg,2024-06-05,0.3738095238095238,4.0,breakfast,0.25,0,0,1,1,0,0
U02922,Chennai,premium,Beverages|North Indian|Desserts,548.67,8,30.6,both,2025-12-19,0.3,0.0,,0.3,0,1,0,0,0,1
U02923,Hyderabad,premium,Beverages|Fast Food,527.52,4,15.6,veg,2024-07-20,0.4583333333333333,2.0,breakfast,0.0,0,1,0,1,0,0
U02924,Bangalore,budget,Italian|South Indian,305.63,6,16.4,veg,2024-10-19,0.0,1.0,dinner,0.0,1,0,0,1,0,0
U02925,Hyderabad,premium,Biryani|Italian|Beverages|North Indian,542.62,5,39.3,non-veg,2025-03-03,0.6666666666666666,1.0,breakfast,0.0,0,1,0,0,1,0
U02926,Mumbai,budget,Beverages|Italian|Desserts|North Indian,174.96,6,28.1,veg,2026-01-17,0.6,1.0,dinner,1.0,1,0,0,1,0,0
U02927,Pune,premium,Continental|North Indian,476.93,1,4.0,veg,2024-08-27,0.5444444444444444,3.0,dinner,0.0,0,1,0,1,0,0
U02928,Hyderabad,premium,Street Food|Chinese,680.87,2,27.7,veg,2024-10-10,0.6666666666666667,2.0,late_night,0.5,0,1,0,1,0,0
U02929,Mumbai,budget,Continental|Desserts|North Indian|Chinese,349.75,9,1.6,both,2024-06-07,0.18333333333333335,2.0,dinner,0.0,1,0,0,0,0,1
U02930,Bangalore,occasional,Street Food|Beverages|Chinese|Italian,528.82,4,19.8,veg,2025-04-02,0.3,0.0,,0.3,0,0,1,1,0,0
U02931,Kolkata,premium,North Indian|Fast Food,754.67,3,10.9,both,2024-05-22,0.3,0.0,,0.3,0,1,0,0,0,1
U02932,Mumbai,occasional,South Indian|Chinese|Continental,505.12,1,2.0,veg,2025-07-08,0.46333333333333326,5.0,breakfast,1.0,0,0,1,1,0,0
U02933,Hyderabad,budget,Italian|North Indian|Desserts,125.76,9,12.7,both,2024-03-29,0.16666666666666666,2.0,breakfast,0.0,1,0,0,0,0,1
U02934,Delhi,budget,North Indian|Fast Food|Chinese,160.02,7,1.1,non-veg,2025-06-13,0.25,2.0,dinner,0.0,1,0,0,0,1,0
U02935,Mumbai,budget,Continental|Beverages|Italian|Biryani,269.48,7,10.8,non-veg,2024-10-29,0.2857142857142857,1.0,breakfast,0.0,1,0,0,0,1,0
U02936,Kolkata,budget,South Indian|Continental|Chinese|Street Food,338.41,7,2.7,veg,2025-09-14,0.16904761904761906,4.0,breakfast,0.0,1,0,0,1,0,0
U02937,Pune,budget,Continental|North Indian|Beverages|Italian,327.61,14,23.1,both,2025-01-17,0.2896825396825397,3.0,breakfast,0.6666666666666666,1,0,0,0,0,1
U02938,Kolkata,premium,Desserts|North Indian|Biryani|Beverages,464.83,2,26.7,veg,2024-07-20,0.3,0.0,,0.3,0,1,0,1,0,0
U02939,Bangalore,budget,Beverages|North Indian|Fast Food,251.05,8,29.3,both,2024-11-07,0.65,2.0,dinner,0.0,1,0,0,0,0,1
U02940,Chennai,premium,Desserts|South Indian|Street Food|North Indian,479.58,7,3.8,veg,2025-05-03,0.5,1.0,dinner,0.0,0,1,0,1,0,0
U02941,Pune,budget,Beverages|Desserts|Italian,249.58,5,13.4,both,2025-09-09,0.3333333333333333,3.0,breakfast,0.0,1,0,0,0,0,1
U02942,Bangalore,budget,Chinese|South Indian,280.02,8,0.6,veg,2024-06-22,0.2,1.0,lunch,0.0,1,0,0,1,0,0
U02943,Delhi,premium,Italian|Beverages|Biryani|Fast Food,759.12,5,2.6,non-veg,2025-05-03,0.5,3.0,lunch,0.3333333333333333,0,1,0,0,1,0
U02944,Hyderabad,budget,Chinese|Desserts,255.78,3,4.9,non-veg,2025-10-01,0.2738095238095238,3.0,lunch,0.0,1,0,0,0,1,0
U02945,Chennai,budget,Italian|Continental,268.48,8,20.2,both,2025-08-30,0.5,1.0,dinner,1.0,1,0,0,0,0,1
U02946,Mumbai,budget,Desserts|North Indian,165.44,6,1.8,both,2025-01-12,0.07142857142857142,2.0,dinner,0.0,1,0,0,0,0,1
U02947,Bangalore,premium,North Indian|South Indian|Fast Food|Beverages,634.8,8,2.8,non-veg,2024-08-02,0.5833333333333333,2.0,lunch,0.0,0,1,0,0,1,0
U02948,Bangalore,budget,Chinese|Biryani|Italian,355.14,12,6.8,non-veg,2024-09-23,0.2976190476190476,4.0,breakfast,0.25,1,0,0,0,1,0
U02949,Kolkata,budget,Italian|Beverages,268.71,7,24.6,both,2024-09-25,0.3611111111111111,3.0,lunch,0.3333333333333333,1,0,0,0,0,1
U02950,Hyderabad,budget,South Indian|Chinese,227.71,8,11.8,veg,2024-12-26,0.26666666666666666,5.0,dinner,0.6,1,0,0,1,0,0
U02951,Chennai,budget,Street Food|South Indian|Chinese|Biryani,384.94,9,5.4,veg,2025-09-19,0.3,0.0,,0.3,1,0,0,1,0,0
U02952,Kolkata,occasional,Chinese|South Indian|Beverages|Fast Food,478.69,1,11.6,both,2025-11-14,0.7142857142857143,1.0,lunch,0.0,0,0,1,0,0,1
U02953,Chennai,budget,Italian|Desserts,100.0,10,0.7,non-veg,2024-04-27,0.2333333333333333,3.0,dinner,0.6666666666666666,1,0,0,0,1,0
U02954,Mumbai,budget,Fast Food|Desserts,300.48,6,0.6,both,2025-11-27,0.07142857142857142,2.0,dinner,0.0,1,0,0,0,0,1
U02955,Kolkata,occasional,North Indian|Biryani|Desserts,344.96,4,43.9,veg,2025-12-30,0.4583333333333333,2.0,late_night,0.0,0,0,1,1,0,0
U02956,Delhi,occasional,Biryani|Desserts|Beverages|Fast Food,323.66,3,22.9,both,2025-06-11,0.75,2.0,dinner,0.0,0,0,1,0,0,1
U02957,Pune,premium,Beverages|Street Food,803.58,1,12.4,both,2024-12-07,0.3,0.0,,0.3,0,1,0,0,0,1
U02958,Pune,premium,Chinese|Italian|Fast Food|Street Food,542.21,8,5.7,both,2025-11-12,0.6666666666666666,1.0,breakfast,1.0,0,1,0,0,0,1
U02959,Hyderabad,budget,North Indian|Desserts|South Indian|Fast Food,227.76,9,4.0,veg,2025-11-02,0.519047619047619,4.0,snack,0.5,1,0,0,1,0,0
U02960,Pune,budget,North Indian|Biryani,202.11,10,2.3,non-veg,2025-04-18,0.2,1.0,late_night,0.0,1,0,0,0,1,0
U02961,Hyderabad,premium,Beverages|Biryani|Fast Food,546.88,4,35.0,veg,2024-07-28,0.6071428571428572,2.0,dinner,0.0,0,1,0,1,0,0
U02962,Chennai,budget,Fast Food|Beverages|Street Food,274.48,10,0.4,veg,2024-12-28,0.3055555555555555,3.0,dinner,0.3333333333333333,1,0,0,1,0,0
U02963,Kolkata,budget,Continental|Street Food|Chinese|Italian,234.82,11,25.1,both,2025-02-16,0.3,0.0,,0.3,1,0,0,0,0,1
U02964,Bangalore,budget,Beverages|Biryani|South Indian|Chinese,171.46,7,3.7,veg,2024-04-23,0.3,0.0,,0.3,1,0,0,1,0,0
U02965,Mumbai,premium,Fast Food|Street Food|Italian,665.62,4,9.1,non-veg,2025-03-13,0.6666666666666666,1.0,lunch,0.0,0,1,0,0,1,0
U02966,Mumbai,occasional,Continental|Italian,353.13,0,24.8,veg,2025-02-05,0.47619047619047616,4.0,breakfast,0.5,0,0,1,1,0,0
U02967,Mumbai,budget,Biryani|Street Food,239.24,7,0.1,both,2024-03-06,0.43154761904761907,4.0,breakfast,0.25,1,0,0,0,0,1
U02968,Hyderabad,budget,Fast Food|Desserts|Italian,241.94,5,24.1,veg,2024-05-10,0.3333333333333333,1.0,dinner,0.0,1,0,0,1,0,0
U02969,Kolkata,occasional,Fast Food|Italian,476.66,1,59.6,veg,2025-01-22,0.0,1.0,dinner,0.0,0,0,1,1,0,0
U02970,Pune,premium,Street Food|Biryani|Italian|Desserts,547.24,7,10.2,non-veg,2024-10-11,0.3,0.0,,0.3,0,1,0,0,1,0
U02971,Chennai,budget,Chinese|South Indian|Fast Food|Biryani,313.96,8,11.8,veg,2025-05-20,0.16666666666666666,1.0,lunch,1.0,1,0,0,1,0,0
U02972,Delhi,budget,Biryani|Chinese|Beverages|Street Food,247.48,11,8.6,both,2025-05-21,0.28095238095238095,5.0,lunch,0.2,1,0,0,0,0,1
U02973,Hyderabad,occasional,Fast Food|Beverages|Biryani,451.91,2,1.4,veg,2025-08-31,0.4,1.0,late_night,0.0,0,0,1,1,0,0
U02974,Mumbai,premium,South Indian|Fast Food|Continental|Italian,434.3,4,11.0,both,2024-07-13,0.41666666666666663,2.0,breakfast,0.0,0,1,0,0,0,1
U02975,Hyderabad,premium,South Indian|Italian,673.19,3,27.4,both,2025-05-12,0.6666666666666666,1.0,late_night,0.0,0,1,0,0,0,1
U02976,Hyderabad,budget,Street Food|Fast Food|Desserts,188.58,10,6.0,veg,2025-07-08,0.4785714285714286,3.0,dinner,0.0,1,0,0,1,0,0
U02977,Mumbai,occasional,Desserts|Beverages,336.24,3,5.4,both,2024-05-28,0.5555555555555555,3.0,lunch,1.0,0,0,1,0,0,1
U02978,Bangalore,budget,Desserts|Continental|Biryani,290.41,11,11.1,non-veg,2025-09-27,0.3333333333333333,1.0,breakfast,0.0,1,0,0,0,1,0
U02979,Delhi,occasional,South Indian|Biryani,294.03,3,10.1,veg,2025-12-03,0.3,0.0,,0.3,0,0,1,1,0,0
U02980,Bangalore,budget,Fast Food|South Indian,339.93,9,17.6,veg,2024-07-15,0.5,1.0,breakfast,0.0,1,0,0,1,0,0
U02981,Chennai,occasional,Chinese|South Indian|Desserts,287.54,2,10.9,non-veg,2025-07-02,0.5,2.0,dinner,1.0,0,0,1,0,1,0
U02982,Bangalore,budget,Continental|North Indian|Street Food|Beverages,255.1,6,17.0,both,2025-02-16,0.2708333333333333,4.0,dinner,0.25,1,0,0,0,0,1
U02983,Chennai,budget,Fast Food|Continental|Desserts|South Indian,252.06,7,1.3,non-veg,2025-06-05,0.22619047619047616,2.0,dinner,0.5,1,0,0,0,1,0
U02984,Delhi,budget,Continental|Fast Food|Biryani|Desserts,212.32,11,1.4,both,2025-05-30,0.32916666666666666,4.0,breakfast,0.25,1,0,0,0,0,1
U02985,Delhi,budget,Street Food|Biryani,123.32,6,3.5,veg,2025-06-16,0.3392857142857143,2.0,lunch,0.5,1,0,0,1,0,0
U02986,Delhi,occasional,Italian|Street Food|North Indian,332.34,0,7.2,veg,2025-08-16,0.425,4.0,breakfast,0.5,0,0,1,1,0,0
U02987,Bangalore,premium,Continental|Fast Food|Beverages|North Indian,613.48,4,18.4,veg,2025-10-22,0.5,1.0,dinner,0.0,0,1,0,1,0,0
U02988,Delhi,budget,Italian|Continental|Beverages,185.33,12,3.1,non-veg,2024-05-13,0.2,1.0,dinner,0.0,1,0,0,0,1,0
U02989,Delhi,premium,Italian|Fast Food,443.12,6,0.7,both,2025-10-10,0.3,0.0,,0.3,0,1,0,0,0,1
U02990,Bangalore,occasional,Fast Food|Desserts,414.08,3,18.7,both,2024-06-13,0.3333333333333333,2.0,breakfast,0.5,0,0,1,0,0,1
U02991,Kolkata,occasional,Desserts|Beverages|Italian|South Indian,535.2,0,1.5,non-veg,2025-10-17,0.3333333333333333,3.0,dinner,0.3333333333333333,0,0,1,0,1,0
U02992,Kolkata,premium,Desserts|Beverages,578.64,2,12.9,both,2024-10-31,0.6133333333333333,5.0,breakfast,0.2,0,1,0,0,0,1
U02993,Delhi,occasional,Desserts|Continental|North Indian|Fast Food,524.84,4,16.0,non-veg,2025-04-24,0.5357142857142857,2.0,breakfast,0.0,0,0,1,0,1,0
U02994,Delhi,premium,Beverages|Desserts|Biryani|Chinese,680.66,5,3.9,veg,2026-01-06,0.7916666666666667,2.0,breakfast,0.5,0,1,0,1,0,0
U02995,Hyderabad,budget,Continental|Desserts|Beverages|Fast Food,303.43,8,6.7,both,2025-07-01,0.5714285714285714,1.0,late_night,0.0,1,0,0,0,0,1
U02996,Mumbai,budget,South Indian|Desserts,200.8,3,1.6,non-veg,2025-08-08,0.43333333333333335,4.0,breakfast,0.25,1,0,0,0,1,0
U02997,Kolkata,budget,Italian|Continental|Biryani,303.57,10,0.5,both,2025-01-31,0.0,1.0,snack,0.0,1,0,0,0,0,1
U02998,Hyderabad,premium,Italian|Fast Food|Continental,527.23,8,7.3,veg,2025-01-04,0.8571428571428571,1.0,dinner,1.0,0,1,0,1,0,0
U02999,Chennai,budget,North Indian|Italian|South Indian,333.38,4,0.8,non-veg,2024-10-21,0.2833333333333333,6.0,dinner,0.3333333333333333,1,0,0,0,1,0
U03000,Pune,occasional,Desserts|Biryani,430.39,0,6.0,non-veg,2025-01-24,0.5,2.0,breakfast,0.0,0,0,1,0,1,0
U03001,Hyderabad,budget,Beverages|Desserts,266.91,11,3.0,non-veg,2024-10-28,0.3333333333333333,2.0,breakfast,0.0,1,0,0,0,1,0
U03002,Hyderabad,occasional,Desserts|Fast Food,211.28,6,5.3,veg,2025-02-05,0.16666666666666666,2.0,late_night,0.0,0,0,1,1,0,0
U03003,Delhi,budget,Biryani|Fast Food|Beverages,151.05,5,2.3,both,2025-08-19,0.3111111111111111,3.0,dinner,0.3333333333333333,1,0,0,0,0,1
U03004,Delhi,budget,Continental|Street Food,245.85,7,4.7,non-veg,2024-05-24,0.3,0.0,,0.3,1,0,0,0,1,0
U03005,Chennai,budget,North Indian|Desserts,122.94,6,3.9,veg,2025-01-19,0.2222222222222222,3.0,late_night,0.3333333333333333,1,0,0,1,0,0
U03006,Bangalore,budget,South Indian|Chinese,100.49,5,16.6,both,2025-10-25,0.39285714285714285,3.0,breakfast,0.6666666666666666,1,0,0,0,0,1
U03007,Chennai,budget,Street Food|North Indian|Fast Food|Continental,305.23,5,16.8,both,2024-08-08,0.6,1.0,dinner,1.0,1,0,0,0,0,1
U03008,Mumbai,occasional,Chinese|Fast Food|Continental,461.99,3,10.1,non-veg,2024-11-07,0.45,2.0,late_night,0.5,0,0,1,0,1,0
U03009,Mumbai,budget,Italian|Desserts,100.0,8,0.7,veg,2025-03-14,0.7142857142857143,1.0,late_night,0.0,1,0,0,1,0,0
U03010,Delhi,premium,South Indian|Italian|Continental|Fast Food,832.84,7,1.3,non-veg,2025-12-05,0.6,1.0,dinner,0.0,0,1,0,0,1,0
U03011,Chennai,budget,Chinese|Fast Food|Beverages|Italian,315.1,7,12.0,veg,2025-08-09,0.3,0.0,,0.3,1,0,0,1,0,0
U03012,Delhi,budget,Italian|South Indian,244.31,9,0.7,veg,2025-11-20,0.25,1.0,dinner,0.0,1,0,0,1,0,0
U03013,Kolkata,occasional,Fast Food|Chinese,100.0,2,16.6,both,2024-07-30,0.2857142857142857,1.0,breakfast,0.0,0,0,1,0,0,1
U03014,Bangalore,budget,Street Food|Biryani|Chinese,304.37,6,1.8,non-veg,2025-08-24,0.0,2.0,breakfast,0.5,1,0,0,0,1,0
U03015,Chennai,budget,Italian|North Indian,123.48,4,3.3,non-veg,2025-02-28,0.0,1.0,dinner,0.0,1,0,0,0,1,0
U03016,Kolkata,occasional,Fast Food|Street Food,239.93,2,44.7,veg,2026-01-06,0.5,2.0,dinner,0.5,0,0,1,1,0,0
U03017,Chennai,premium,North Indian|Desserts|Chinese|South Indian,638.48,2,13.3,non-veg,2025-12-09,0.5111111111111111,3.0,lunch,0.0,0,1,0,0,1,0
U03018,Hyderabad,occasional,Chinese|Italian,464.26,0,23.8,both,2024-05-14,0.5,1.0,dinner,0.0,0,0,1,0,0,1
U03019,Kolkata,budget,Continental|Fast Food|Beverages,351.37,5,24.9,non-veg,2025-05-21,0.3,3.0,breakfast,0.3333333333333333,1,0,0,0,1,0
U03020,Hyderabad,premium,South Indian|Italian,390.93,5,0.8,non-veg,2025-08-15,0.55,2.0,lunch,0.0,0,1,0,0,1,0
U03021,Pune,premium,North Indian|South Indian|Desserts|Street Food,556.48,4,4.1,veg,2026-01-27,0.6071428571428571,3.0,breakfast,0.3333333333333333,0,1,0,1,0,0
U03022,Mumbai,occasional,Street Food|Beverages|Desserts,300.09,5,3.9,non-veg,2024-07-13,0.3055555555555555,3.0,breakfast,0.0,0,0,1,0,1,0
U03023,Chennai,premium,Desserts|Street Food|Beverages|Biryani,404.98,2,34.8,non-veg,2024-08-13,0.4666666666666666,3.0,breakfast,0.0,0,1,0,0,1,0
U03024,Mumbai,premium,Continental|Desserts|Fast Food|Beverages,570.35,9,2.5,veg,2024-12-06,0.3,0.0,,0.3,0,1,0,1,0,0
U03025,Delhi,budget,Beverages|Chinese|North Indian|South Indian,114.55,7,13.1,non-veg,2025-11-13,0.3333333333333333,3.0,breakfast,0.6666666666666666,1,0,0,0,1,0
U03026,Chennai,occasional,Fast Food|South Indian|Desserts,396.21,7,1.7,both,2025-01-01,0.16666666666666666,3.0,breakfast,0.0,0,0,1,0,0,1
U03027,Hyderabad,occasional,Biryani|North Indian|Continental,289.08,2,2.1,both,2024-09-16,0.5,1.0,snack,0.0,0,0,1,0,0,1
U03028,Delhi,budget,Italian|Desserts,148.5,7,3.3,both,2024-04-14,0.1,2.0,breakfast,0.5,1,0,0,0,0,1
U03029,Kolkata,occasional,Beverages|Chinese,302.42,1,3.8,non-veg,2024-04-03,0.6666666666666666,1.0,dinner,0.0,0,0,1,0,1,0
U03030,Kolkata,premium,Desserts|Italian|Chinese,586.68,7,1.9,non-veg,2026-01-11,0.3,0.0,,0.3,0,1,0,0,1,0
U03031,Delhi,premium,Fast Food|Beverages|Desserts,710.42,2,16.4,non-veg,2024-10-07,0.5416666666666666,2.0,late_night,0.0,0,1,0,0,1,0
U03032,Pune,occasional,Biryani|Italian|Beverages,278.99,2,16.1,non-veg,2025-09-16,0.373015873015873,3.0,dinner,0.3333333333333333,0,0,1,0,1,0
U03033,Hyderabad,occasional,Italian|Chinese,473.52,0,24.2,veg,2024-04-12,0.22619047619047616,2.0,dinner,1.0,0,0,1,1,0,0
U03034,Bangalore,budget,Biryani|North Indian|Continental,297.29,9,10.7,both,2024-10-08,0.3333333333333333,1.0,dinner,1.0,1,0,0,0,0,1
U03035,Hyderabad,premium,Desserts|South Indian|Fast Food|Chinese,760.52,5,14.9,veg,2024-08-21,0.5833333333333333,4.0,breakfast,0.25,0,1,0,1,0,0
U03036,Chennai,budget,North Indian|Beverages|South Indian,230.23,12,6.4,both,2025-02-01,0.15079365079365079,3.0,late_night,0.0,1,0,0,0,0,1
U03037,Mumbai,occasional,Fast Food|Street Food,311.78,0,7.1,both,2025-08-11,0.3,0.0,,0.3,0,0,1,0,0,1
U03038,Bangalore,occasional,Chinese|Street Food,276.67,1,3.5,non-veg,2025-04-26,0.5119047619047619,2.0,lunch,0.5,0,0,1,0,1,0
U03039,Bangalore,occasional,Street Food|Italian,541.9,2,0.1,both,2024-04-22,0.3333333333333333,1.0,lunch,0.0,0,0,1,0,0,1
U03040,Chennai,occasional,North Indian|Beverages|Desserts,472.88,1,20.1,veg,2025-02-19,0.39333333333333337,5.0,late_night,0.6,0,0,1,1,0,0
U03041,Kolkata,budget,Beverages|Biryani|Street Food|Chinese,164.71,6,9.1,veg,2025-01-16,0.5,2.0,breakfast,0.5,1,0,0,1,0,0
U03042,Bangalore,occasional,Continental|South Indian|Beverages|Desserts,100.0,2,17.3,non-veg,2024-09-15,0.14285714285714285,1.0,lunch,0.0,0,0,1,0,1,0
U03043,Hyderabad,budget,North Indian|Street Food|South Indian|Beverages,265.79,7,8.0,veg,2025-01-06,0.5416666666666666,2.0,breakfast,0.5,1,0,0,1,0,0
U03044,Mumbai,budget,Beverages|Fast Food|Chinese|South Indian,373.39,4,0.9,both,2025-07-10,0.225,2.0,breakfast,0.5,1,0,0,0,0,1
U03045,Bangalore,budget,Desserts|Fast Food|Continental|South Indian,264.14,6,6.9,non-veg,2025-12-16,0.15714285714285714,5.0,dinner,0.2,1,0,0,0,1,0
U03046,Bangalore,occasional,North Indian|Chinese|Italian,366.41,2,1.8,both,2024-11-25,0.3,0.0,,0.3,0,0,1,0,0,1
U03047,Chennai,occasional,Desserts|Chinese,468.67,2,6.8,non-veg,2024-11-16,0.6785714285714286,4.0,dinner,0.25,0,0,1,0,1,0
U03048,Chennai,budget,Fast Food|Italian|North Indian|Beverages,217.98,9,1.6,veg,2025-08-13,0.3,0.0,,0.3,1,0,0,1,0,0
U03049,Kolkata,premium,Fast Food|Beverages,699.04,1,19.1,veg,2025-11-21,0.5,1.0,dinner,0.0,0,1,0,1,0,0
U03050,Delhi,occasional,Chinese|Beverages|South Indian,281.76,1,0.2,both,2025-11-07,0.16666666666666666,2.0,breakfast,0.0,0,0,1,0,0,1
U03051,Pune,premium,Biryani|Continental|Beverages,469.32,6,2.3,veg,2025-05-08,0.9166666666666667,2.0,dinner,0.5,0,1,0,1,0,0
U03052,Chennai,budget,Street Food|Biryani|Continental|Fast Food,236.65,5,0.1,veg,2025-08-21,0.3,0.0,,0.3,1,0,0,1,0,0
U03053,Pune,budget,Continental|Street Food|Fast Food|Desserts,434.84,9,4.9,veg,2024-05-29,0.3,0.0,,0.3,1,0,0,1,0,0
U03054,Kolkata,occasional,Italian|North Indian,263.18,1,30.8,both,2024-11-09,0.4761904761904762,3.0,breakfast,1.0,0,0,1,0,0,1
U03055,Hyderabad,premium,Biryani|Street Food|Fast Food,594.12,3,27.9,non-veg,2024-09-04,0.3,0.0,,0.3,0,1,0,0,1,0
U03056,Pune,occasional,North Indian|Fast Food|Street Food,273.91,3,15.7,veg,2025-10-10,0.3111111111111111,3.0,breakfast,0.0,0,0,1,1,0,0
U03057,Kolkata,budget,Street Food|Italian,291.76,9,10.3,veg,2025-06-17,0.42857142857142855,1.0,lunch,0.0,1,0,0,1,0,0
U03058,Delhi,budget,Chinese|South Indian|Biryani,284.42,5,11.9,non-veg,2024-12-01,0.5,1.0,lunch,0.0,1,0,0,0,1,0
U03059,Pune,premium,Desserts|Biryani|Fast Food,713.35,1,13.9,non-veg,2025-11-05,0.16666666666666666,1.0,late_night,0.0,0,1,0,0,1,0
U03060,Delhi,premium,Continental|Beverages,642.72,4,8.5,non-veg,2024-03-20,0.5333333333333333,2.0,breakfast,1.0,0,1,0,0,1,0
U03061,Bangalore,budget,North Indian|Desserts|Street Food,218.96,7,3.3,non-veg,2024-11-11,0.5,2.0,dinner,1.0,1,0,0,0,1,0
U03062,Delhi,premium,Beverages|North Indian|Biryani,612.18,4,11.1,non-veg,2025-01-13,0.3,0.0,,0.3,0,1,0,0,1,0
U03063,Bangalore,budget,Italian|Beverages|Street Food,342.65,10,2.7,non-veg,2024-12-18,0.27777777777777773,3.0,lunch,0.6666666666666666,1,0,0,0,1,0
U03064,Chennai,occasional,Desserts|Continental,354.0,5,1.0,non-veg,2025-06-01,0.3,0.0,,0.3,0,0,1,0,1,0
U03065,Mumbai,budget,Continental|Chinese,357.42,10,2.1,veg,2025-02-17,0.19642857142857142,2.0,breakfast,0.0,1,0,0,1,0,0
U03066,Delhi,premium,Biryani|Desserts|South Indian|North Indian,440.01,3,13.1,non-veg,2025-11-04,0.16666666666666666,1.0,breakfast,0.0,0,1,0,0,1,0
U03067,Bangalore,budget,North Indian|Chinese|Desserts|Italian,265.17,5,3.8,non-veg,2025-10-25,0.225,2.0,dinner,0.0,1,0,0,0,1,0
U03068,Kolkata,premium,Chinese|North Indian|Street Food|Italian,511.65,6,4.3,veg,2025-07-30,0.6666666666666666,3.0,lunch,0.6666666666666666,0,1,0,1,0,0
U03069,Bangalore,occasional,Fast Food|Biryani,237.69,3,15.3,non-veg,2024-03-03,0.3904761904761905,3.0,lunch,0.3333333333333333,0,0,1,0,1,0
U03070,Pune,occasional,Biryani|South Indian|North Indian|Street Food,347.95,3,36.1,non-veg,2025-03-16,0.5625,4.0,breakfast,0.0,0,0,1,0,1,0
U03071,Mumbai,occasional,North Indian|South Indian,278.39,1,16.7,non-veg,2025-12-18,0.5,1.0,lunch,0.0,0,0,1,0,1,0
U03072,Chennai,budget,Italian|Chinese,300.15,17,8.9,non-veg,2024-12-23,0.3849206349206349,6.0,breakfast,0.16666666666666666,1,0,0,0,1,0
U03073,Kolkata,premium,South Indian|Fast Food|Street Food,747.46,1,2.0,veg,2024-05-07,0.490952380952381,5.0,lunch,0.0,0,1,0,1,0,0
U03074,Kolkata,occasional,South Indian|Fast Food|Chinese|North Indian,236.07,4,2.5,non-veg,2024-10-11,0.16666666666666666,1.0,lunch,1.0,0,0,1,0,1,0
U03075,Chennai,budget,Chinese|Street Food|South Indian,176.04,5,0.9,non-veg,2024-09-06,0.3,0.0,,0.3,1,0,0,0,1,0
U03076,Chennai,premium,Fast Food|North Indian,382.86,4,48.6,non-veg,2024-12-21,0.5555555555555555,3.0,late_night,0.3333333333333333,0,1,0,0,1,0
U03077,Kolkata,budget,Chinese|Beverages|Street Food,246.47,11,5.5,non-veg,2025-01-25,0.24285714285714285,2.0,dinner,0.5,1,0,0,0,1,0
U03078,Chennai,occasional,Fast Food|Desserts|Street Food,264.59,0,15.5,veg,2025-06-01,0.6166666666666667,5.0,breakfast,0.4,0,0,1,1,0,0
U03079,Kolkata,budget,Biryani|Italian|Street Food,317.58,7,2.9,both,2024-10-12,0.16666666666666666,2.0,breakfast,0.5,1,0,0,0,0,1
U03080,Delhi,occasional,Chinese|North Indian|South Indian|Street Food,562.25,3,11.5,both,2024-06-05,0.16666666666666666,1.0,snack,0.0,0,0,1,0,0,1
U03081,Bangalore,budget,South Indian|Beverages,160.49,6,20.4,non-veg,2025-09-20,0.4,2.0,breakfast,0.5,1,0,0,0,1,0
U03082,Delhi,occasional,South Indian|Fast Food|Biryani|Beverages,401.98,1,29.9,veg,2025-03-06,0.40476190476190477,5.0,dinner,0.4,0,0,1,1,0,0
U03083,Chennai,budget,Beverages|Desserts,181.34,8,2.9,non-veg,2024-12-04,0.3333333333333333,1.0,lunch,0.0,1,0,0,0,1,0
U03084,Bangalore,occasional,Street Food|Fast Food|Italian|Beverages,340.32,1,9.0,non-veg,2024-03-27,0.3,0.0,,0.3,0,0,1,0,1,0
U03085,Bangalore,occasional,Chinese|Desserts|Italian,536.0,1,15.1,non-veg,2025-02-08,0.5714285714285714,1.0,snack,0.0,0,0,1,0,1,0
U03086,Bangalore,premium,North Indian|Fast Food,347.11,6,1.4,veg,2024-12-25,0.625,4.0,late_night,0.5,0,1,0,1,0,0
U03087,Delhi,budget,Beverages|Desserts|Biryani,179.11,8,5.9,both,2024-10-24,0.0,1.0,lunch,0.0,1,0,0,0,0,1
U03088,Delhi,premium,Desserts|Biryani|Chinese,811.86,9,6.6,both,2026-01-20,0.5773809523809524,6.0,lunch,0.0,0,1,0,0,0,1
U03089,Kolkata,occasional,Fast Food|Desserts,483.53,1,8.2,both,2025-10-24,0.3333333333333333,1.0,dinner,1.0,0,0,1,0,0,1
U03090,Hyderabad,occasional,Chinese|North Indian|Continental,518.27,1,22.8,both,2025-05-27,0.42857142857142855,2.0,lunch,0.0,0,0,1,0,0,1
U03091,Chennai,premium,Beverages|Fast Food|Italian|Biryani,712.06,10,2.0,non-veg,2025-07-27,1.0,1.0,breakfast,0.0,0,1,0,0,1,0
U03092,Hyderabad,premium,North Indian|Biryani,737.4,5,30.0,non-veg,2025-02-10,0.3333333333333333,1.0,breakfast,1.0,0,1,0,0,1,0
U03093,Kolkata,premium,Biryani|Continental|North Indian|Beverages,811.2,3,21.8,non-veg,2024-09-20,0.8,1.0,dinner,0.0,0,1,0,0,1,0
U03094,Kolkata,budget,Italian|Continental|Chinese|Beverages,393.23,6,2.6,both,2024-03-02,0.29166666666666663,2.0,dinner,0.0,1,0,0,0,0,1
U03095,Pune,budget,Street Food|Fast Food|Desserts|Continental,291.56,9,6.7,veg,2024-06-02,0.16666666666666666,1.0,dinner,1.0,1,0,0,1,0,0
U03096,Chennai,budget,Italian|Desserts|North Indian|Continental,242.76,10,1.0,both,2024-06-01,0.5357142857142857,2.0,late_night,0.0,1,0,0,0,0,1
U03097,Chennai,premium,Street Food|Beverages|North Indian,662.05,4,34.3,veg,2025-04-11,0.41666666666666663,2.0,dinner,0.5,0,1,0,1,0,0
U03098,Mumbai,premium,Desserts|South Indian,627.11,7,1.2,non-veg,2024-09-29,0.5,1.0,snack,0.0,0,1,0,0,1,0
U03099,Kolkata,budget,Beverages|Italian|Biryani,308.41,7,20.5,veg,2024-06-01,0.2,1.0,breakfast,0.0,1,0,0,1,0,0
U03100,Delhi,premium,Fast Food|Continental|North Indian,721.43,4,9.1,non-veg,2025-06-07,0.6196428571428572,4.0,dinner,0.5,0,1,0,0,1,0
U03101,Pune,budget,Fast Food|Desserts|Continental|North Indian,100.0,6,0.4,non-veg,2024-08-02,0.5,1.0,breakfast,0.0,1,0,0,0,1,0
U03102,Delhi,premium,Italian|Beverages,389.87,5,4.5,veg,2025-05-28,0.7111111111111111,3.0,dinner,0.3333333333333333,0,1,0,1,0,0
U03103,Hyderabad,occasional,Desserts|North Indian,458.88,1,2.3,non-veg,2025-11-11,0.27777777777777773,3.0,late_night,0.6666666666666666,0,0,1,0,1,0
U03104,Kolkata,premium,Street Food|Continental|Desserts,324.8,3,25.7,veg,2026-01-11,0.6666666666666666,1.0,dinner,0.0,0,1,0,1,0,0
U03105,Chennai,occasional,Fast Food|North Indian|Beverages|Continental,248.46,3,1.8,non-veg,2025-06-23,0.3482142857142857,4.0,breakfast,0.25,0,0,1,0,1,0
U03106,Chennai,budget,Street Food|Fast Food|South Indian|Desserts,261.78,11,7.0,veg,2025-06-01,0.3,0.0,,0.3,1,0,0,1,0,0
U03107,Hyderabad,budget,Biryani|Chinese|Italian|North Indian,387.51,7,2.1,both,2024-11-14,0.2333333333333333,3.0,lunch,0.6666666666666666,1,0,0,0,0,1
U03108,Bangalore,budget,Italian|Beverages|North Indian,165.55,7,5.8,non-veg,2025-10-18,0.3333333333333333,2.0,breakfast,0.5,1,0,0,0,1,0
U03109,Delhi,occasional,Fast Food|Chinese|Continental|Biryani,377.8,3,1.9,both,2025-05-09,0.2857142857142857,1.0,breakfast,0.0,0,0,1,0,0,1
U03110,Hyderabad,occasional,Desserts|Italian,116.26,0,24.1,non-veg,2025-08-13,0.6309523809523809,2.0,breakfast,0.5,0,0,1,0,1,0
U03111,Mumbai,premium,Fast Food|Continental,695.46,0,22.3,veg,2024-07-21,0.8571428571428571,1.0,dinner,1.0,0,1,0,1,0,0
U03112,Pune,budget,South Indian|Continental|Chinese|Desserts,182.58,8,0.9,both,2025-09-25,0.14285714285714285,1.0,lunch,0.0,1,0,0,0,0,1
U03113,Kolkata,budget,Italian|South Indian,195.18,2,12.6,both,2025-04-26,0.3,0.0,,0.3,1,0,0,0,0,1
U03114,Delhi,premium,Beverages|Biryani,801.84,3,2.6,both,2025-09-25,0.7202380952380952,4.0,breakfast,0.0,0,1,0,0,0,1
U03115,Chennai,occasional,Beverages|Street Food|South Indian|Italian,411.67,4,0.6,non-veg,2024-03-14,0.6369047619047619,4.0,dinner,0.0,0,0,1,0,1,0
U03116,Chennai,premium,South Indian|Biryani|Continental,469.08,3,9.9,both,2025-01-31,0.5,1.0,snack,0.0,0,1,0,0,0,1
U03117,Delhi,budget,Italian|Street Food|Fast Food,218.59,7,1.0,non-veg,2026-01-09,0.3,0.0,,0.3,1,0,0,0,1,0
U03118,Chennai,premium,South Indian|Chinese,837.99,3,4.9,non-veg,2025-08-31,0.6666666666666666,1.0,snack,0.0,0,1,0,0,1,0
U03119,Mumbai,occasional,Street Food|Continental,540.21,1,4.2,veg,2025-07-13,0.25,1.0,breakfast,0.0,0,0,1,1,0,0
U03120,Hyderabad,premium,Biryani|North Indian|Continental|Desserts,694.83,6,17.5,veg,2024-12-25,0.5113095238095238,4.0,late_night,0.75,0,1,0,1,0,0
U03121,Kolkata,occasional,South Indian|Street Food|Desserts,249.9,2,0.8,non-veg,2025-06-24,0.4428571428571429,5.0,breakfast,0.2,0,0,1,0,1,0
U03122,Delhi,budget,Continental|Beverages,135.27,13,8.4,veg,2024-06-06,0.3,0.0,,0.3,1,0,0,1,0,0
U03123,Pune,budget,South Indian|Italian|Beverages|Fast Food,277.92,9,0.1,veg,2024-10-16,0.4,1.0,breakfast,1.0,1,0,0,1,0,0
U03124,Hyderabad,occasional,Biryani|Italian|North Indian,375.82,4,5.5,both,2025-12-21,0.75,1.0,lunch,0.0,0,0,1,0,0,1
U03125,Hyderabad,budget,North Indian|Biryani,321.62,8,1.0,non-veg,2026-01-10,0.22916666666666666,4.0,dinner,0.25,1,0,0,0,1,0
U03126,Pune,occasional,Biryani|Desserts|North Indian,550.42,3,16.2,non-veg,2025-03-11,0.42857142857142855,1.0,dinner,0.0,0,0,1,0,1,0
U03127,Kolkata,occasional,South Indian|Chinese|Continental,394.86,2,3.6,non-veg,2024-05-29,0.469047619047619,6.0,late_night,0.5,0,0,1,0,1,0
U03128,Chennai,budget,South Indian|Chinese|Beverages|Italian,188.24,8,7.8,veg,2024-07-10,0.14285714285714285,2.0,breakfast,0.5,1,0,0,1,0,0
U03129,Chennai,occasional,Biryani|South Indian|North Indian|Desserts,582.57,0,5.9,both,2024-04-14,0.5714285714285714,1.0,dinner,0.0,0,0,1,0,0,1
U03130,Mumbai,premium,Fast Food|Street Food,850.49,2,1.1,both,2024-11-18,0.6,1.0,dinner,0.0,0,1,0,0,0,1
U03131,Mumbai,premium,South Indian|North Indian,643.77,6,12.2,veg,2025-03-26,0.6041666666666666,4.0,lunch,0.5,0,1,0,1,0,0
U03132,Pune,budget,Fast Food|Desserts,173.7,7,7.2,both,2025-08-24,0.38095238095238093,3.0,breakfast,0.0,1,0,0,0,0,1
U03133,Mumbai,occasional,Desserts|South Indian|Biryani,305.41,3,0.3,both,2025-11-12,0.4785714285714286,3.0,breakfast,0.3333333333333333,0,0,1,0,0,1
U03134,Hyderabad,budget,Fast Food|Desserts|North Indian,292.57,11,0.4,veg,2026-01-01,0.42857142857142855,3.0,snack,0.3333333333333333,1,0,0,1,0,0
U03135,Mumbai,budget,Chinese|South Indian|Continental,268.63,12,14.0,both,2024-08-08,0.3611111111111111,3.0,dinner,0.3333333333333333,1,0,0,0,0,1
U03136,Chennai,premium,South Indian|Biryani|Continental|North Indian,600.27,8,11.1,non-veg,2025-05-02,0.625,6.0,dinner,0.5,0,1,0,0,1,0
U03137,Kolkata,occasional,Biryani|South Indian|Chinese,416.01,5,2.6,veg,2024-06-16,0.19642857142857142,2.0,late_night,0.0,0,0,1,1,0,0
U03138,Delhi,budget,South Indian|Italian|North Indian|Chinese,153.97,8,2.2,veg,2025-03-15,0.29166666666666663,2.0,late_night,0.0,1,0,0,1,0,0
U03139,Kolkata,budget,Street Food|South Indian|Fast Food|Beverages,121.42,5,6.1,non-veg,2024-03-25,0.0,1.0,breakfast,0.0,1,0,0,0,1,0
U03140,Mumbai,occasional,Desserts|North Indian,480.67,1,0.2,veg,2025-03-14,0.3333333333333333,1.0,lunch,1.0,0,0,1,1,0,0
U03141,Hyderabad,budget,Biryani|Fast Food,349.94,4,2.1,veg,2025-12-05,0.4,1.0,late_night,0.0,1,0,0,1,0,0
U03142,Delhi,budget,South Indian|North Indian,245.42,6,8.4,non-veg,2025-10-10,0.6071428571428572,2.0,lunch,0.0,1,0,0,0,1,0
U03143,Hyderabad,occasional,Beverages|Biryani,448.12,2,5.3,veg,2024-12-08,0.4619047619047619,3.0,breakfast,0.6666666666666666,0,0,1,1,0,0
U03144,Chennai,budget,Fast Food|Chinese,100.0,8,3.7,non-veg,2024-06-01,0.3392857142857143,2.0,lunch,0.0,1,0,0,0,1,0
U03145,Chennai,premium,South Indian|Biryani,768.57,6,2.3,both,2025-08-08,0.3,0.0,,0.3,0,1,0,0,0,1
U03146,Delhi,budget,Continental|South Indian|North Indian|Italian,408.75,6,5.2,non-veg,2025-06-18,0.41428571428571426,2.0,dinner,0.0,1,0,0,0,1,0
U03147,Pune,premium,Chinese|Continental|Italian|Beverages,360.93,2,18.8,veg,2026-01-22,0.5,1.0,breakfast,0.0,0,1,0,1,0,0
U03148,Pune,budget,Fast Food|Italian|Beverages|Continental,274.4,12,15.1,non-veg,2025-05-29,0.3333333333333333,3.0,breakfast,0.0,1,0,0,0,1,0
U03149,Bangalore,occasional,Italian|Desserts|Continental,443.34,3,10.1,veg,2024-08-05,0.3,0.0,,0.3,0,0,1,1,0,0
U03150,Mumbai,premium,Chinese|Desserts|Street Food,506.97,4,42.8,non-veg,2024-06-14,0.5,2.0,snack,0.5,0,1,0,0,1,0
U03151,Mumbai,budget,Italian|South Indian|Desserts,258.23,5,12.9,both,2025-05-11,0.1984126984126984,3.0,dinner,0.3333333333333333,1,0,0,0,0,1
U03152,Pune,occasional,Beverages|North Indian|South Indian|Italian,283.77,3,8.2,non-veg,2024-06-02,0.36666666666666664,3.0,lunch,0.3333333333333333,0,0,1,0,1,0
U03153,Delhi,occasional,Fast Food|Chinese|Street Food|Desserts,385.69,2,3.6,both,2024-04-11,0.3,0.0,,0.3,0,0,1,0,0,1
U03154,Chennai,budget,Italian|Chinese,124.32,6,5.9,non-veg,2025-12-17,0.3333333333333333,2.0,breakfast,0.5,1,0,0,0,1,0
U03155,Delhi,occasional,North Indian|South Indian,456.85,2,32.9,veg,2024-02-27,0.3206349206349206,3.0,dinner,0.0,0,0,1,1,0,0
U03156,Hyderabad,occasional,Italian|Fast Food,460.82,1,3.0,both,2025-10-04,0.3333333333333333,1.0,snack,1.0,0,0,1,0,0,1
U03157,Chennai,premium,Italian|South Indian,876.2,4,7.9,both,2026-01-13,0.5,1.0,lunch,0.0,0,1,0,0,0,1
U03158,Hyderabad,premium,Biryani|Italian,666.76,5,12.9,both,2024-10-27,0.3,0.0,,0.3,0,1,0,0,0,1
U03159,Delhi,occasional,South Indian|Biryani,161.19,2,37.8,veg,2025-03-01,0.6388888888888888,3.0,breakfast,0.3333333333333333,0,0,1,1,0,0
U03160,Hyderabad,premium,Street Food|Fast Food|Beverages,467.19,5,0.4,veg,2024-03-19,0.6440476190476191,4.0,dinner,0.75,0,1,0,1,0,0
U03161,Delhi,premium,Chinese|Italian|Desserts|Continental,711.54,2,25.1,both,2025-07-19,0.2857142857142857,1.0,dinner,0.0,0,1,0,0,0,1
U03162,Kolkata,occasional,Italian|Beverages|Street Food|Chinese,496.86,4,14.2,non-veg,2024-11-06,0.2888888888888889,3.0,breakfast,0.6666666666666666,0,0,1,0,1,0
U03163,Bangalore,occasional,North Indian|Desserts|Beverages,415.08,0,9.6,both,2025-08-18,0.5,1.0,lunch,0.0,0,0,1,0,0,1
U03164,Bangalore,budget,Beverages|Street Food,235.35,12,1.0,non-veg,2025-04-06,0.3,0.0,,0.3,1,0,0,0,1,0
U03165,Delhi,budget,South Indian|Fast Food|Chinese,304.49,3,5.5,non-veg,2025-04-12,0.3253968253968254,3.0,breakfast,0.3333333333333333,1,0,0,0,1,0
U03166,Mumbai,budget,Desserts|North Indian,389.59,7,0.2,both,2024-09-30,0.3333333333333333,1.0,breakfast,0.0,1,0,0,0,0,1
U03167,Kolkata,budget,South Indian|Beverages|Biryani|Chinese,278.77,9,3.8,both,2024-04-08,0.3892857142857143,4.0,late_night,0.5,1,0,0,0,0,1
U03168,Delhi,budget,Italian|Fast Food|Beverages,261.19,6,3.3,non-veg,2024-12-24,0.3666666666666667,2.0,breakfast,0.0,1,0,0,0,1,0
U03169,Mumbai,budget,Beverages|Italian,145.91,5,13.5,non-veg,2024-11-05,0.3952380952380952,3.0,lunch,0.3333333333333333,1,0,0,0,1,0
U03170,Delhi,budget,Italian|Beverages,326.47,8,12.1,non-veg,2024-12-30,0.25,1.0,dinner,0.0,1,0,0,0,1,0
U03171,Delhi,budget,Street Food|Chinese|South Indian|Continental,187.17,5,6.3,veg,2025-01-13,0.2,1.0,snack,0.0,1,0,0,1,0,0
U03172,Chennai,occasional,South Indian|Fast Food|Street Food,398.5,1,4.6,non-veg,2024-12-10,0.3333333333333333,1.0,dinner,0.0,0,0,1,0,1,0
U03173,Bangalore,premium,Continental|South Indian,870.45,7,5.8,non-veg,2025-05-25,0.85,3.0,dinner,0.0,0,1,0,0,1,0
U03174,Mumbai,premium,Italian|Street Food|Chinese,480.31,5,13.9,non-veg,2024-04-25,0.55,4.0,breakfast,0.25,0,1,0,0,1,0
U03175,Hyderabad,occasional,North Indian|Chinese|Continental|Street Food,373.98,2,7.3,veg,2024-07-09,0.3,0.0,,0.3,0,0,1,1,0,0
U03176,Hyderabad,budget,Biryani|North Indian|Beverages|South Indian,228.91,5,27.1,veg,2025-07-20,0.3333333333333333,1.0,lunch,0.0,1,0,0,1,0,0
U03177,Bangalore,budget,Fast Food|Desserts|Continental|Biryani,271.18,10,5.9,veg,2025-04-24,0.5333333333333333,2.0,dinner,0.0,1,0,0,1,0,0
U03178,Chennai,occasional,Desserts|Biryani,410.07,2,22.0,non-veg,2025-10-21,0.625,2.0,breakfast,0.0,0,0,1,0,1,0
U03179,Hyderabad,budget,Continental|Italian|Street Food,193.93,9,1.7,veg,2025-03-01,0.16666666666666666,1.0,breakfast,1.0,1,0,0,1,0,0
U03180,Bangalore,premium,Biryani|Beverages|Italian,474.01,3,24.0,veg,2024-07-31,0.25,1.0,dinner,0.0,0,1,0,1,0,0
U03181,Mumbai,premium,Italian|Desserts|North Indian,685.39,5,0.6,non-veg,2025-11-10,0.39285714285714285,2.0,breakfast,0.5,0,1,0,0,1,0
U03182,Bangalore,occasional,Chinese|Italian|Desserts|Beverages,458.64,3,15.9,both,2025-12-14,0.2,1.0,dinner,0.0,0,0,1,0,0,1
U03183,Delhi,premium,Desserts|Street Food|South Indian,577.32,2,16.7,both,2025-10-14,0.7142857142857143,1.0,breakfast,0.0,0,1,0,0,0,1
U03184,Pune,budget,Beverages|Chinese|Italian|Biryani,290.68,13,29.7,veg,2025-06-22,0.3,0.0,,0.3,1,0,0,1,0,0
U03185,Delhi,budget,South Indian|North Indian|Fast Food,181.4,10,1.4,non-veg,2026-01-16,0.17142857142857143,2.0,dinner,0.0,1,0,0,0,1,0
U03186,Chennai,premium,South Indian|Fast Food|Beverages,370.7,5,7.0,both,2025-06-27,0.3,0.0,,0.3,0,1,0,0,0,1
U03187,Bangalore,budget,Italian|South Indian|Street Food,214.15,8,1.0,veg,2025-05-16,0.3194444444444444,6.0,breakfast,0.6666666666666666,1,0,0,1,0,0
U03188,Kolkata,budget,Street Food|Italian|North Indian|Continental,157.79,8,3.2,non-veg,2025-04-19,0.17777777777777778,3.0,breakfast,0.3333333333333333,1,0,0,0,1,0
U03189,Chennai,premium,North Indian|Beverages,696.32,3,17.3,both,2025-06-20,0.6666666666666666,1.0,late_night,0.0,0,1,0,0,0,1
U03190,Kolkata,occasional,Biryani|South Indian|Street Food,400.75,4,10.7,non-veg,2024-08-30,0.24285714285714285,2.0,breakfast,0.0,0,0,1,0,1,0
U03191,Chennai,occasional,Continental|Fast Food,336.21,3,2.9,veg,2026-01-27,0.3142857142857143,2.0,lunch,0.5,0,0,1,1,0,0
U03192,Hyderabad,premium,Biryani|Continental|Beverages|Fast Food,755.28,3,27.6,both,2025-08-12,0.3,0.0,,0.3,0,1,0,0,0,1
U03193,Bangalore,occasional,South Indian|North Indian|Fast Food|Continental,470.01,1,3.9,both,2025-08-04,0.40952380952380957,3.0,late_night,0.3333333333333333,0,0,1,0,0,1
U03194,Kolkata,budget,Italian|North Indian,286.59,7,2.3,non-veg,2025-07-28,0.5,1.0,lunch,1.0,1,0,0,0,1,0
U03195,Delhi,budget,Italian|Chinese,100.0,9,8.7,non-veg,2025-03-31,0.5,2.0,breakfast,0.5,1,0,0,0,1,0
U03196,Hyderabad,occasional,Beverages|Italian,536.06,5,22.3,both,2024-05-04,0.41666666666666663,2.0,breakfast,0.0,0,0,1,0,0,1
U03197,Delhi,budget,South Indian|Italian,286.35,8,2.9,non-veg,2025-01-17,0.38611111111111107,6.0,dinner,0.6666666666666666,1,0,0,0,1,0
U03198,Pune,occasional,Desserts|Chinese|South Indian,576.11,1,2.4,non-veg,2025-08-18,0.6666666666666667,2.0,breakfast,0.5,0,0,1,0,1,0
U03199,Hyderabad,premium,North Indian|Chinese|Biryani,581.73,6,4.9,non-veg,2025-12-23,0.8333333333333334,1.0,breakfast,0.0,0,1,0,0,1,0
U03200,Chennai,budget,Desserts|South Indian,299.47,12,16.4,both,2025-11-02,0.21428571428571427,2.0,dinner,0.0,1,0,0,0,0,1
U03201,Kolkata,premium,Italian|South Indian,671.82,5,40.9,veg,2025-08-23,0.5,1.0,snack,0.0,0,1,0,1,0,0
U03202,Hyderabad,budget,Desserts|Italian,212.32,9,3.9,non-veg,2025-08-10,0.625,2.0,dinner,0.5,1,0,0,0,1,0
U03203,Mumbai,budget,Street Food|Continental|Biryani|Italian,106.65,4,3.1,non-veg,2025-08-19,0.225,2.0,breakfast,0.0,1,0,0,0,1,0
U03204,Kolkata,premium,Street Food|Italian|Beverages|Continental,456.63,1,35.5,both,2025-08-04,0.8055555555555555,3.0,late_night,0.0,0,1,0,0,0,1
U03205,Chennai,occasional,Fast Food|Biryani|Continental,567.45,2,5.5,non-veg,2024-05-17,0.3,0.0,,0.3,0,0,1,0,1,0
U03206,Delhi,premium,North Indian|Italian|Desserts|Chinese,422.17,5,11.9,veg,2025-01-08,0.7142857142857143,1.0,snack,1.0,0,1,0,1,0,0
U03207,Kolkata,budget,Beverages|South Indian|Street Food|Desserts,243.61,7,8.3,veg,2025-09-20,0.3,0.0,,0.3,1,0,0,1,0,0
U03208,Bangalore,budget,Street Food|South Indian,116.04,9,8.6,non-veg,2024-07-03,0.25,1.0,late_night,0.0,1,0,0,0,1,0
U03209,Hyderabad,occasional,Continental|Chinese|North Indian,368.43,0,37.9,non-veg,2024-08-15,0.3,0.0,,0.3,0,0,1,0,1,0
U03210,Delhi,occasional,Italian|Chinese|Continental|North Indian,341.47,1,4.9,non-veg,2024-08-25,0.2857142857142857,1.0,breakfast,0.0,0,0,1,0,1,0
U03211,Kolkata,occasional,Street Food|South Indian|Italian|Fast Food,489.6,2,4.5,veg,2024-07-11,0.2857142857142857,1.0,lunch,1.0,0,0,1,1,0,0
U03212,Bangalore,budget,Street Food|Continental|South Indian,233.5,7,5.7,non-veg,2025-05-07,0.3,0.0,,0.3,1,0,0,0,1,0
U03213,Mumbai,occasional,Street Food|Chinese|Continental,270.56,3,3.4,veg,2025-12-13,0.34226190476190477,4.0,breakfast,0.25,0,0,1,1,0,0
U03214,Hyderabad,occasional,Italian|Chinese|Continental,367.02,2,11.2,veg,2024-04-16,0.10416666666666666,4.0,lunch,0.5,0,0,1,1,0,0
U03215,Bangalore,budget,Chinese|Beverages|South Indian|Italian,184.3,6,7.2,veg,2024-04-18,0.3,0.0,,0.3,1,0,0,1,0,0
U03216,Chennai,occasional,Biryani|Beverages,216.66,3,2.1,non-veg,2025-08-12,0.6666666666666666,1.0,snack,0.0,0,0,1,0,1,0
U03217,Pune,budget,Biryani|North Indian|Street Food,118.36,5,0.9,veg,2026-01-16,0.41666666666666663,2.0,breakfast,0.5,1,0,0,1,0,0
U03218,Kolkata,premium,North Indian|Continental,400.57,3,8.3,both,2025-11-03,0.75,1.0,snack,1.0,0,1,0,0,0,1
U03219,Mumbai,premium,Continental|South Indian,381.62,3,19.7,non-veg,2025-11-04,0.75,1.0,snack,1.0,0,1,0,0,1,0
U03220,Pune,occasional,Beverages|South Indian,391.04,2,4.8,non-veg,2024-11-04,0.5333333333333333,3.0,lunch,0.3333333333333333,0,0,1,0,1,0
U03221,Kolkata,occasional,Biryani|North Indian|Street Food|Continental,523.74,3,14.6,non-veg,2025-08-27,0.39285714285714285,2.0,late_night,0.5,0,0,1,0,1,0
U03222,Mumbai,budget,Desserts|South Indian|Fast Food,200.57,7,0.6,non-veg,2025-04-03,0.5,1.0,breakfast,1.0,1,0,0,0,1,0
U03223,Mumbai,budget,South Indian|Street Food,220.71,8,8.7,both,2025-08-29,0.6666666666666666,1.0,lunch,1.0,1,0,0,0,0,1
U03224,Chennai,budget,Continental|Street Food|Beverages|Chinese,256.07,11,14.1,non-veg,2024-09-12,0.08333333333333333,2.0,dinner,0.0,1,0,0,0,1,0
U03225,Chennai,occasional,Chinese|Continental,418.41,2,17.0,non-veg,2025-04-07,0.4125,2.0,breakfast,0.0,0,0,1,0,1,0
U03226,Chennai,budget,North Indian|Biryani|Desserts|Italian,100.0,4,13.0,both,2025-12-17,0.3333333333333333,1.0,late_night,0.0,1,0,0,0,0,1
U03227,Chennai,occasional,Beverages|North Indian|Street Food,165.98,0,5.8,veg,2024-05-24,0.4,1.0,late_night,1.0,0,0,1,1,0,0
U03228,Bangalore,occasional,Fast Food|Italian,311.12,2,1.8,both,2025-01-06,0.375,2.0,lunch,0.5,0,0,1,0,0,1
U03229,Mumbai,occasional,Biryani|South Indian|Continental|Beverages,488.74,1,0.3,non-veg,2024-08-17,0.3,0.0,,0.3,0,0,1,0,1,0
U03230,Mumbai,budget,Chinese|Desserts|Street Food|Fast Food,136.44,3,3.2,both,2025-09-24,0.16666666666666666,2.0,breakfast,0.0,1,0,0,0,0,1
U03231,Delhi,budget,Chinese|Fast Food|Italian,161.07,6,4.3,veg,2025-03-04,0.3666666666666667,3.0,dinner,0.0,1,0,0,1,0,0
U03232,Mumbai,occasional,North Indian|Biryani|Fast Food|Desserts,320.17,2,5.3,veg,2025-08-06,0.3333333333333333,1.0,breakfast,0.0,0,0,1,1,0,0
U03233,Kolkata,budget,Desserts|North Indian|Street Food|Biryani,233.43,7,1.2,both,2024-10-03,0.3,0.0,,0.3,1,0,0,0,0,1
U03234,Bangalore,budget,Italian|Continental|Desserts,218.85,9,4.0,veg,2024-05-21,0.5,1.0,breakfast,0.0,1,0,0,1,0,0
U03235,Kolkata,occasional,Street Food|Beverages|Biryani|Desserts,401.88,2,14.8,non-veg,2026-01-10,0.3,0.0,,0.3,0,0,1,0,1,0
U03236,Kolkata,occasional,Street Food|Chinese|Continental|North Indian,520.31,0,12.6,non-veg,2025-11-26,0.5,1.0,breakfast,0.0,0,0,1,0,1,0
U03237,Mumbai,occasional,South Indian|Desserts,491.31,2,13.9,both,2025-05-14,0.20833333333333331,2.0,breakfast,1.0,0,0,1,0,0,1
U03238,Kolkata,budget,South Indian|Street Food|North Indian|Chinese,278.32,7,0.8,both,2024-04-27,0.09523809523809523,3.0,late_night,1.0,1,0,0,0,0,1
U03239,Pune,premium,Chinese|Street Food|Beverages,740.52,7,5.2,non-veg,2024-09-04,0.75,1.0,late_night,0.0,0,1,0,0,1,0
U03240,Delhi,budget,Italian|Desserts|Continental|Fast Food,178.58,5,29.6,non-veg,2024-04-04,0.25595238095238093,4.0,lunch,0.0,1,0,0,0,1,0
U03241,Bangalore,budget,Fast Food|Italian|Chinese,200.35,6,23.3,both,2024-03-09,0.3666666666666667,4.0,lunch,0.75,1,0,0,0,0,1
U03242,Bangalore,budget,Desserts|Fast Food,159.49,12,1.7,non-veg,2025-08-06,0.5,2.0,dinner,0.5,1,0,0,0,1,0
U03243,Chennai,premium,Fast Food|Desserts|Continental|South Indian,759.09,4,1.9,both,2026-01-06,0.475,2.0,late_night,0.0,0,1,0,0,0,1
U03244,Delhi,occasional,Chinese|Biryani|Desserts,358.56,2,14.1,non-veg,2025-06-22,0.16666666666666666,1.0,snack,0.0,0,0,1,0,1,0
U03245,Bangalore,budget,Fast Food|South Indian|Beverages,286.34,5,13.4,non-veg,2025-12-17,0.3,0.0,,0.3,1,0,0,0,1,0
U03246,Kolkata,occasional,Fast Food|Desserts|Chinese,371.81,3,12.1,both,2025-01-29,0.27142857142857146,2.0,breakfast,0.5,0,0,1,0,0,1
U03247,Kolkata,premium,Fast Food|North Indian|Chinese,413.48,2,19.3,both,2024-12-11,0.75,2.0,breakfast,0.0,0,1,0,0,0,1
U03248,Kolkata,occasional,Biryani|Continental,281.86,4,4.7,non-veg,2024-07-20,0.42857142857142855,1.0,snack,1.0,0,0,1,0,1,0
U03249,Pune,occasional,Fast Food|Italian,498.06,0,22.2,both,2026-01-04,0.3,0.0,,0.3,0,0,1,0,0,1
U03250,Pune,premium,Beverages|Desserts,624.08,4,33.2,veg,2025-03-18,0.3,0.0,,0.3,0,1,0,1,0,0
U03251,Hyderabad,premium,Fast Food|Street Food|North Indian,538.7,2,3.1,veg,2025-06-10,0.5257142857142857,5.0,breakfast,0.6,0,1,0,1,0,0
U03252,Pune,budget,Biryani|Italian,272.94,13,2.4,non-veg,2024-07-07,0.3125,4.0,lunch,0.0,1,0,0,0,1,0
U03253,Pune,premium,Street Food|Chinese|Fast Food|Continental,623.67,6,4.0,both,2025-09-12,0.6666666666666666,1.0,lunch,0.0,0,1,0,0,0,1
U03254,Hyderabad,occasional,North Indian|Biryani|Continental|Chinese,486.55,2,31.6,non-veg,2024-04-13,0.5,1.0,lunch,0.0,0,0,1,0,1,0
U03255,Bangalore,budget,Italian|Continental|Street Food,314.52,8,6.8,veg,2025-06-28,0.16666666666666666,1.0,late_night,1.0,1,0,0,1,0,0
U03256,Kolkata,occasional,Italian|Street Food|Fast Food,147.63,5,22.1,veg,2024-06-05,0.20714285714285713,4.0,lunch,0.25,0,0,1,1,0,0
U03257,Mumbai,occasional,South Indian|Desserts|Italian|Street Food,302.53,1,25.2,veg,2025-09-05,0.33571428571428574,5.0,breakfast,0.2,0,0,1,1,0,0
U03258,Kolkata,occasional,South Indian|Continental,466.12,3,6.4,veg,2024-05-23,0.47857142857142854,4.0,lunch,0.25,0,0,1,1,0,0
U03259,Hyderabad,budget,Beverages|South Indian|North Indian|Fast Food,122.07,6,10.8,non-veg,2025-07-08,0.41666666666666663,2.0,lunch,0.0,1,0,0,0,1,0
U03260,Delhi,budget,South Indian|Italian|Beverages|Continental,152.71,4,9.8,veg,2025-09-12,0.3,0.0,,0.3,1,0,0,1,0,0
U03261,Hyderabad,occasional,Biryani|Italian|North Indian|Street Food,340.37,1,0.5,veg,2025-12-23,0.5,3.0,lunch,0.3333333333333333,0,0,1,1,0,0
U03262,Pune,budget,South Indian|Street Food,227.7,8,3.7,both,2024-09-06,0.25,2.0,late_night,0.0,1,0,0,0,0,1
U03263,Kolkata,occasional,Desserts|South Indian|Beverages,421.36,1,9.4,veg,2024-09-02,0.45238095238095233,2.0,dinner,0.0,0,0,1,1,0,0
U03264,Kolkata,occasional,Street Food|Continental|North Indian,348.24,3,4.2,non-veg,2026-01-17,0.3,0.0,,0.3,0,0,1,0,1,0
U03265,Delhi,premium,North Indian|Continental,703.73,5,1.7,non-veg,2024-06-06,0.6071428571428572,2.0,breakfast,0.0,0,1,0,0,1,0
U03266,Bangalore,occasional,Desserts|South Indian|Chinese,128.46,0,22.0,veg,2024-05-26,0.5,1.0,breakfast,1.0,0,0,1,1,0,0
U03267,Chennai,premium,Italian|Desserts,616.16,1,2.0,non-veg,2025-02-20,0.16666666666666666,1.0,dinner,0.0,0,1,0,0,1,0
U03268,Hyderabad,budget,Beverages|Fast Food|Street Food|Desserts,303.24,12,10.6,non-veg,2024-05-27,0.3,0.0,,0.3,1,0,0,0,1,0
U03269,Bangalore,premium,Desserts|North Indian|Italian|Beverages,667.71,4,0.3,veg,2025-01-16,0.5,1.0,lunch,0.0,0,1,0,1,0,0
U03270,Chennai,budget,Chinese|North Indian|South Indian,276.26,4,3.4,non-veg,2025-03-15,0.3,0.0,,0.3,1,0,0,0,1,0
U03271,Chennai,budget,South Indian|Street Food,329.53,5,10.2,non-veg,2024-04-13,0.5,1.0,lunch,0.0,1,0,0,0,1,0
U03272,Kolkata,budget,Fast Food|South Indian|Continental|Street Food,172.44,6,6.2,veg,2025-06-05,0.09166666666666667,4.0,dinner,0.5,1,0,0,1,0,0
U03273,Hyderabad,budget,Beverages|Biryani|North Indian|Fast Food,320.71,10,4.2,non-veg,2025-09-07,0.5,1.0,lunch,0.0,1,0,0,0,1,0
U03274,Kolkata,budget,Italian|Chinese|Street Food,249.95,10,1.1,both,2025-06-21,0.4083333333333333,4.0,lunch,0.0,1,0,0,0,0,1
U03275,Chennai,occasional,Street Food|Chinese|South Indian|Beverages,498.47,5,6.4,non-veg,2024-10-22,0.5176870748299319,7.0,lunch,0.42857142857142855,0,0,1,0,1,0
U03276,Mumbai,occasional,Biryani|Desserts|South Indian,433.95,4,3.0,non-veg,2025-10-25,0.5555555555555555,3.0,breakfast,0.3333333333333333,0,0,1,0,1,0
U03277,Mumbai,occasional,Fast Food|Chinese,538.72,2,11.0,non-veg,2024-08-13,0.3,0.0,,0.3,0,0,1,0,1,0
U03278,Chennai,premium,North Indian|Biryani|Continental,659.64,3,11.1,non-veg,2025-02-16,1.0,1.0,dinner,0.0,0,1,0,0,1,0
U03279,Delhi,occasional,Desserts|Continental|Street Food,377.82,2,5.1,veg,2025-12-11,0.0,1.0,breakfast,0.0,0,0,1,1,0,0
U03280,Chennai,budget,South Indian|Continental|Chinese|Italian,295.94,8,2.3,veg,2026-01-09,0.3888888888888889,3.0,late_night,0.0,1,0,0,1,0,0
U03281,Bangalore,occasional,North Indian|Street Food,472.64,3,2.5,non-veg,2025-07-03,0.25,1.0,late_night,1.0,0,0,1,0,1,0
U03282,Mumbai,budget,Desserts|South Indian|North Indian,375.6,6,3.4,both,2024-12-28,0.5,2.0,dinner,0.0,1,0,0,0,0,1
U03283,Delhi,premium,Beverages|South Indian|Biryani|Continental,692.13,4,1.5,non-veg,2025-06-24,0.3857142857142857,2.0,breakfast,0.0,0,1,0,0,1,0
U03284,Bangalore,budget,Italian|Fast Food,268.74,11,3.1,both,2025-02-13,0.29166666666666663,4.0,lunch,0.25,1,0,0,0,0,1
U03285,Mumbai,budget,Desserts|Street Food,435.03,16,3.7,non-veg,2024-07-13,0.39285714285714285,2.0,dinner,0.0,1,0,0,0,1,0
U03286,Delhi,occasional,Continental|South Indian|Beverages,385.74,1,5.1,non-veg,2024-04-26,0.3,0.0,,0.3,0,0,1,0,1,0
U03287,Kolkata,occasional,Desserts|Street Food|Chinese,392.11,0,4.9,veg,2024-05-01,0.3,0.0,,0.3,0,0,1,1,0,0
U03288,Delhi,occasional,Fast Food|Continental|North Indian|Beverages,603.27,1,15.6,both,2025-05-25,0.3611111111111111,3.0,breakfast,0.3333333333333333,0,0,1,0,0,1
U03289,Mumbai,occasional,North Indian|Street Food|Beverages|Desserts,500.68,4,15.1,both,2025-07-13,0.375,2.0,late_night,0.5,0,0,1,0,0,1
U03290,Mumbai,occasional,Italian|Beverages|Chinese,495.72,3,3.5,both,2024-12-06,0.47222222222222215,3.0,dinner,0.0,0,0,1,0,0,1
U03291,Bangalore,budget,Italian|Biryani,123.36,7,2.0,non-veg,2024-05-08,0.125,2.0,breakfast,1.0,1,0,0,0,1,0
U03292,Pune,budget,North Indian|South Indian,188.64,8,12.7,both,2024-03-15,0.4238095238095238,3.0,breakfast,0.3333333333333333,1,0,0,0,0,1
U03293,Mumbai,budget,North Indian|Continental|Biryani,436.89,6,5.8,non-veg,2024-06-28,0.3,0.0,,0.3,1,0,0,0,1,0
U03294,Chennai,premium,South Indian|Fast Food|Street Food|Beverages,446.67,3,50.8,veg,2025-07-25,0.3,0.0,,0.3,0,1,0,1,0,0
U03295,Bangalore,budget,Beverages|Fast Food|Chinese|Italian,100.0,7,4.1,both,2024-05-25,0.3833333333333333,3.0,dinner,0.3333333333333333,1,0,0,0,0,1
U03296,Pune,budget,Continental|Desserts|Street Food|Beverages,350.87,4,40.3,both,2024-03-26,0.375,2.0,breakfast,0.0,1,0,0,0,0,1
U03297,Mumbai,budget,Continental|Beverages|South Indian|Fast Food,229.12,8,0.7,both,2025-03-31,0.20833333333333331,2.0,late_night,0.0,1,0,0,0,0,1
U03298,Delhi,premium,Biryani|Desserts|Italian|South Indian,556.47,5,18.6,non-veg,2025-02-23,0.6666666666666667,2.0,breakfast,0.0,0,1,0,0,1,0
U03299,Chennai,budget,Fast Food|North Indian,235.59,9,16.8,non-veg,2024-09-02,0.32857142857142857,5.0,dinner,0.2,1,0,0,0,1,0
U03300,Mumbai,premium,Continental|Italian|Chinese|South Indian,539.76,3,23.2,non-veg,2025-10-09,0.375,3.0,dinner,0.3333333333333333,0,1,0,0,1,0
U03301,Delhi,budget,Fast Food|Chinese,237.6,10,1.0,non-veg,2024-11-13,0.3,0.0,,0.3,1,0,0,0,1,0
U03302,Hyderabad,occasional,Street Food|North Indian|Desserts|Fast Food,380.36,1,13.3,veg,2026-01-04,0.20000000000000004,3.0,breakfast,0.0,0,0,1,1,0,0
U03303,Chennai,budget,Chinese|Desserts|South Indian,260.82,11,17.6,veg,2024-10-16,0.41666666666666663,2.0,late_night,0.5,1,0,0,1,0,0
U03304,Kolkata,premium,North Indian|Beverages|Chinese,549.58,2,18.6,veg,2025-06-20,0.3,0.0,,0.3,0,1,0,1,0,0
U03305,Mumbai,occasional,Italian|Street Food|Continental|Chinese,419.68,1,32.0,both,2024-03-12,0.3,0.0,,0.3,0,0,1,0,0,1
U03306,Pune,budget,Biryani|Italian|Chinese|Continental,211.89,15,13.5,veg,2024-07-02,0.5714285714285714,1.0,dinner,0.0,1,0,0,1,0,0
U03307,Kolkata,budget,Fast Food|North Indian,308.59,3,4.6,non-veg,2025-02-09,0.3,0.0,,0.3,1,0,0,0,1,0
U03308,Hyderabad,occasional,South Indian|Chinese|Desserts|Street Food,425.54,2,14.0,veg,2025-12-28,0.0,1.0,breakfast,1.0,0,0,1,1,0,0
U03309,Chennai,budget,Desserts|Biryani,304.39,8,1.9,veg,2024-07-19,0.3333333333333333,1.0,late_night,1.0,1,0,0,1,0,0
U03310,Pune,premium,Desserts|Fast Food,723.76,7,0.9,non-veg,2025-10-24,0.7142857142857143,1.0,dinner,0.0,0,1,0,0,1,0
U03311,Kolkata,budget,Desserts|Continental|Biryani|Italian,215.15,6,4.9,both,2024-04-22,0.2857142857142857,1.0,dinner,0.0,1,0,0,0,0,1
U03312,Bangalore,premium,North Indian|Street Food,827.12,9,5.8,veg,2024-09-21,0.8333333333333334,1.0,snack,0.0,0,1,0,1,0,0
U03313,Kolkata,budget,South Indian|Chinese|Italian,222.56,6,11.5,non-veg,2024-08-04,0.75,1.0,lunch,1.0,1,0,0,0,1,0
U03314,Mumbai,budget,Biryani|South Indian|Fast Food|Desserts,253.3,6,0.5,veg,2025-07-15,0.2,1.0,lunch,0.0,1,0,0,1,0,0
U03315,Kolkata,budget,Desserts|Street Food|Chinese,347.02,7,0.7,both,2025-05-26,0.3392857142857143,2.0,late_night,0.5,1,0,0,0,0,1
U03316,Chennai,occasional,Street Food|Fast Food|North Indian,571.92,3,3.6,non-veg,2025-12-28,0.3277777777777778,3.0,dinner,0.3333333333333333,0,0,1,0,1,0
U03317,Kolkata,budget,Beverages|Italian,258.8,8,1.6,veg,2026-01-26,0.6666666666666666,1.0,snack,1.0,1,0,0,1,0,0
U03318,Bangalore,budget,Street Food|Desserts|Continental|Italian,188.42,9,3.4,veg,2025-11-24,0.5,1.0,breakfast,0.0,1,0,0,1,0,0
U03319,Bangalore,occasional,Desserts|Street Food,494.04,3,1.0,non-veg,2025-07-05,0.3,0.0,,0.3,0,0,1,0,1,0
U03320,Bangalore,budget,Italian|Biryani,250.6,6,0.1,veg,2026-01-01,0.2523809523809524,5.0,late_night,0.2,1,0,0,1,0,0
U03321,Bangalore,budget,Desserts|Street Food,359.28,7,1.0,veg,2025-12-01,0.38888888888888884,3.0,dinner,0.3333333333333333,1,0,0,1,0,0
U03322,Chennai,occasional,Fast Food|South Indian|Continental|Biryani,208.46,1,10.2,non-veg,2024-05-16,0.5238095238095238,2.0,breakfast,0.0,0,0,1,0,1,0
U03323,Bangalore,budget,Biryani|North Indian|Beverages|Italian,216.34,5,8.9,veg,2025-07-30,0.4071428571428572,3.0,dinner,0.3333333333333333,1,0,0,1,0,0
U03324,Kolkata,budget,Street Food|Italian|Beverages|Biryani,259.96,9,4.9,both,2024-12-02,0.0,1.0,breakfast,0.0,1,0,0,0,0,1
U03325,Pune,budget,North Indian|Biryani,248.76,3,31.4,non-veg,2025-06-16,0.5,1.0,breakfast,0.0,1,0,0,0,1,0
U03326,Pune,occasional,Fast Food|North Indian|Beverages,550.48,2,36.4,non-veg,2024-11-02,0.2976190476190476,3.0,breakfast,0.3333333333333333,0,0,1,0,1,0
U03327,Hyderabad,budget,Fast Food|Desserts|Chinese|North Indian,227.02,4,21.0,both,2024-10-25,0.2738095238095238,3.0,lunch,0.0,1,0,0,0,0,1
U03328,Delhi,occasional,Desserts|Continental|Chinese|Fast Food,377.25,1,17.4,veg,2025-09-09,0.20833333333333331,2.0,late_night,0.0,0,0,1,1,0,0
U03329,Mumbai,budget,Street Food|South Indian,220.73,6,4.7,both,2024-09-11,0.3,0.0,,0.3,1,0,0,0,0,1
U03330,Pune,premium,Beverages|Desserts|North Indian|South Indian,798.91,3,12.9,veg,2024-06-28,0.6190476190476191,2.0,breakfast,0.5,0,1,0,1,0,0
U03331,Pune,occasional,South Indian|Fast Food|North Indian|Italian,416.3,1,24.5,non-veg,2024-08-09,0.0,1.0,lunch,0.0,0,0,1,0,1,0
U03332,Pune,premium,Fast Food|South Indian|Italian|Street Food,464.67,5,2.5,both,2025-07-04,0.8333333333333333,2.0,dinner,0.0,0,1,0,0,0,1
U03333,Hyderabad,budget,South Indian|Chinese,291.57,12,8.2,veg,2025-03-12,0.3,5.0,breakfast,0.4,1,0,0,1,0,0
U03334,Mumbai,occasional,Chinese|Italian|Biryani|Street Food,389.89,2,2.4,non-veg,2025-10-08,0.3,0.0,,0.3,0,0,1,0,1,0
U03335,Hyderabad,premium,South Indian|Beverages|North Indian|Continental,410.3,7,8.9,non-veg,2025-08-12,0.5833333333333333,2.0,breakfast,1.0,0,1,0,0,1,0
U03336,Pune,occasional,South Indian|Chinese,279.55,1,2.7,both,2026-01-27,0.2857142857142857,1.0,breakfast,0.0,0,0,1,0,0,1
U03337,Hyderabad,budget,Italian|Desserts,270.16,7,0.8,veg,2025-05-29,0.40079365079365076,3.0,late_night,0.0,1,0,0,1,0,0
U03338,Kolkata,occasional,Biryani|Chinese|Beverages|Italian,383.41,0,30.7,both,2024-07-17,0.3,0.0,,0.3,0,0,1,0,0,1
U03339,Chennai,budget,Desserts|South Indian|Italian,460.1,6,40.5,veg,2025-06-18,0.42976190476190473,4.0,lunch,0.5,1,0,0,1,0,0
U03340,Hyderabad,budget,Street Food|Fast Food,100.0,5,15.1,non-veg,2025-03-19,0.3,0.0,,0.3,1,0,0,0,1,0
U03341,Mumbai,premium,North Indian|Chinese|Biryani|Continental,802.09,7,5.8,both,2025-09-05,0.3,0.0,,0.3,0,1,0,0,0,1
U03342,Kolkata,occasional,Fast Food|Street Food|North Indian,402.89,2,33.6,non-veg,2025-10-23,0.3333333333333333,3.0,dinner,0.0,0,0,1,0,1,0
U03343,Hyderabad,occasional,Fast Food|North Indian|Italian,556.84,1,2.7,veg,2024-10-22,0.25,1.0,breakfast,0.0,0,0,1,1,0,0
U03344,Delhi,budget,Fast Food|South Indian|Desserts|Italian,155.9,10,6.1,veg,2024-07-29,0.3,0.0,,0.3,1,0,0,1,0,0
U03345,Bangalore,occasional,Beverages|Continental,371.44,2,0.5,both,2024-03-15,0.55,2.0,breakfast,0.5,0,0,1,0,0,1
U03346,Chennai,occasional,Chinese|South Indian,399.8,0,38.9,non-veg,2026-01-13,0.0,1.0,lunch,0.0,0,0,1,0,1,0
U03347,Kolkata,occasional,South Indian|Beverages,495.12,1,0.9,non-veg,2024-06-03,0.4087301587301588,3.0,dinner,0.3333333333333333,0,0,1,0,1,0
U03348,Chennai,budget,South Indian|Italian,274.19,11,4.3,both,2025-05-05,0.4,1.0,lunch,0.0,1,0,0,0,0,1
U03349,Chennai,budget,Chinese|Street Food|Biryani,231.98,8,8.1,non-veg,2024-09-11,0.3392857142857143,2.0,breakfast,1.0,1,0,0,0,1,0
U03350,Kolkata,occasional,Continental|Beverages|Italian|Desserts,298.8,1,2.6,veg,2024-11-17,0.3333333333333333,1.0,late_night,1.0,0,0,1,1,0,0
U03351,Kolkata,premium,Street Food|Italian,524.03,2,36.6,both,2025-10-02,0.6142857142857143,2.0,breakfast,0.5,0,1,0,0,0,1
U03352,Kolkata,budget,Chinese|Street Food|Biryani|Italian,313.44,3,34.7,non-veg,2025-12-29,0.35,2.0,breakfast,1.0,1,0,0,0,1,0
U03353,Mumbai,budget,Continental|Beverages,246.36,9,2.9,non-veg,2026-01-04,0.0,1.0,lunch,0.0,1,0,0,0,1,0
U03354,Hyderabad,occasional,Continental|Street Food|Desserts|Italian,374.9,4,6.7,non-veg,2024-03-01,0.5714285714285714,1.0,breakfast,0.0,0,0,1,0,1,0
U03355,Bangalore,budget,Beverages|North Indian|Desserts,190.56,7,2.6,both,2024-09-06,0.42857142857142855,1.0,lunch,0.0,1,0,0,0,0,1
U03356,Delhi,budget,Street Food|Chinese|North Indian,119.99,8,6.0,both,2025-01-19,0.25,2.0,dinner,1.0,1,0,0,0,0,1
U03357,Kolkata,occasional,Desserts|Street Food,330.34,1,0.2,veg,2025-09-02,0.557142857142857,3.0,breakfast,0.6666666666666666,0,0,1,1,0,0
U03358,Bangalore,occasional,Chinese|Continental|Italian|Biryani,289.89,2,18.9,non-veg,2025-02-04,0.2341269841269841,3.0,breakfast,0.3333333333333333,0,0,1,0,1,0
U03359,Mumbai,budget,Chinese|South Indian|Desserts|Biryani,261.71,6,6.8,both,2024-03-23,0.26785714285714285,2.0,breakfast,0.0,1,0,0,0,0,1
U03360,Mumbai,occasional,Biryani|Street Food,321.17,2,10.8,veg,2024-10-26,0.5857142857142856,2.0,dinner,0.5,0,0,1,1,0,0
U03361,Bangalore,budget,Fast Food|Desserts|Chinese|Biryani,123.26,7,1.7,both,2025-11-14,0.2,1.0,dinner,1.0,1,0,0,0,0,1
U03362,Chennai,budget,Chinese|South Indian|Continental|Beverages,191.68,9,0.2,both,2024-06-25,0.25,1.0,lunch,1.0,1,0,0,0,0,1
U03363,Hyderabad,budget,Continental|North Indian|Fast Food,288.64,11,14.3,veg,2025-06-01,0.25396825396825395,3.0,dinner,0.3333333333333333,1,0,0,1,0,0
U03364,Hyderabad,premium,Continental|Street Food|Fast Food|Desserts,371.61,3,13.8,both,2024-07-17,0.6,1.0,snack,1.0,0,1,0,0,0,1
U03365,Kolkata,budget,Chinese|Continental,366.16,10,0.3,both,2025-12-20,0.0,1.0,breakfast,0.0,1,0,0,0,0,1
U03366,Kolkata,occasional,North Indian|Italian|Desserts,442.9,2,34.5,veg,2024-05-25,0.5,1.0,dinner,0.0,0,0,1,1,0,0
U03367,Pune,occasional,Fast Food|Street Food|Continental|Biryani,446.18,2,4.8,veg,2025-09-16,0.3964285714285714,4.0,snack,0.25,0,0,1,1,0,0
U03368,Mumbai,occasional,Biryani|Street Food|South Indian|Continental,311.95,2,9.4,non-veg,2025-11-02,0.5,1.0,breakfast,0.0,0,0,1,0,1,0
U03369,Mumbai,budget,Beverages|Street Food|Continental,335.35,8,0.8,non-veg,2025-12-22,0.17857142857142858,3.0,dinner,0.3333333333333333,1,0,0,0,1,0
U03370,Pune,budget,Beverages|South Indian|Biryani|Street Food,288.76,10,4.5,veg,2025-06-01,0.5333333333333333,2.0,breakfast,0.0,1,0,0,1,0,0
U03371,Chennai,budget,Beverages|Desserts|Continental,186.96,4,16.5,non-veg,2025-07-11,0.25,1.0,snack,0.0,1,0,0,0,1,0
U03372,Chennai,occasional,Chinese|North Indian|Beverages|Continental,415.2,0,37.0,non-veg,2025-01-03,0.31746031746031744,3.0,dinner,0.3333333333333333,0,0,1,0,1,0
U03373,Kolkata,occasional,Continental|South Indian,435.38,2,13.0,veg,2024-04-25,0.6,1.0,lunch,0.0,0,0,1,1,0,0
U03374,Pune,premium,Beverages|Street Food|Continental,528.77,5,18.4,both,2024-12-30,0.25,1.0,late_night,0.0,0,1,0,0,0,1
U03375,Chennai,occasional,Continental|Desserts,479.63,2,2.1,both,2024-08-28,0.37142857142857144,3.0,breakfast,0.3333333333333333,0,0,1,0,0,1
U03376,Hyderabad,occasional,Chinese|Continental|Biryani|Fast Food,318.44,2,5.8,non-veg,2024-06-16,0.16666666666666666,1.0,snack,0.0,0,0,1,0,1,0
U03377,Delhi,budget,North Indian|Street Food|Biryani,306.55,9,5.5,non-veg,2024-03-01,0.42857142857142855,1.0,lunch,1.0,1,0,0,0,1,0
U03378,Chennai,occasional,Desserts|Chinese,419.87,0,10.0,veg,2024-02-29,0.5357142857142857,2.0,late_night,0.5,0,0,1,1,0,0
U03379,Pune,budget,Biryani|North Indian,140.89,4,27.8,veg,2025-04-27,0.25,1.0,dinner,1.0,1,0,0,1,0,0
U03380,Bangalore,budget,Biryani|Desserts|Street Food|Continental,294.9,9,1.2,non-veg,2024-05-03,0.30952380952380953,3.0,dinner,1.0,1,0,0,0,1,0
U03381,Mumbai,budget,Beverages|North Indian|Street Food|Biryani,199.45,4,14.0,both,2025-09-22,0.3833333333333333,2.0,dinner,0.5,1,0,0,0,0,1
U03382,Delhi,budget,Street Food|Chinese|Biryani,193.23,6,2.3,both,2025-01-09,0.35,4.0,breakfast,0.25,1,0,0,0,0,1
U03383,Mumbai,budget,Chinese|Street Food|Desserts,189.21,6,1.4,veg,2024-10-13,0.3571428571428571,2.0,breakfast,0.0,1,0,0,1,0,0
U03384,Chennai,occasional,Italian|Chinese|Biryani,441.9,3,1.8,non-veg,2024-05-11,0.5714285714285714,1.0,lunch,1.0,0,0,1,0,1,0
U03385,Mumbai,occasional,Italian|Chinese,259.94,1,6.3,both,2024-02-28,0.1,2.0,lunch,0.5,0,0,1,0,0,1
U03386,Chennai,budget,Continental|Fast Food|Desserts|Beverages,369.23,9,0.3,veg,2025-06-14,0.2857142857142857,1.0,dinner,0.0,1,0,0,1,0,0
U03387,Kolkata,occasional,Street Food|South Indian,415.75,2,20.1,non-veg,2025-02-13,0.5208333333333333,4.0,dinner,0.0,0,0,1,0,1,0
U03388,Hyderabad,premium,Fast Food|South Indian,805.05,8,0.2,both,2024-02-27,0.6,1.0,late_night,0.0,0,1,0,0,0,1
U03389,Pune,budget,Chinese|Street Food|Biryani,310.18,7,3.1,non-veg,2024-09-20,0.3611111111111111,3.0,breakfast,0.6666666666666666,1,0,0,0,1,0
U03390,Delhi,premium,Desserts|Chinese|Street Food,628.89,7,2.0,non-veg,2024-12-10,0.75,1.0,dinner,0.0,0,1,0,0,1,0
U03391,Chennai,budget,Italian|Biryani,263.98,7,18.9,veg,2024-08-03,0.55,2.0,breakfast,0.5,1,0,0,1,0,0
U03392,Chennai,premium,Biryani|South Indian|Italian|Desserts,576.64,6,0.8,veg,2024-08-29,0.3452380952380952,3.0,breakfast,0.3333333333333333,0,1,0,1,0,0
U03393,Bangalore,premium,Desserts|Biryani|Street Food|North Indian,577.22,7,9.1,non-veg,2024-04-06,0.7301587301587301,3.0,dinner,0.3333333333333333,0,1,0,0,1,0
U03394,Hyderabad,premium,Fast Food|Desserts|Biryani|North Indian,590.44,5,44.9,non-veg,2024-05-13,0.5166666666666666,5.0,dinner,0.6,0,1,0,0,1,0
U03395,Mumbai,budget,Fast Food|Continental|Italian,141.34,8,2.0,both,2026-01-20,0.39285714285714285,2.0,lunch,0.5,1,0,0,0,0,1
U03396,Delhi,occasional,Continental|South Indian|Street Food,459.15,1,0.0,non-veg,2025-10-04,0.4222222222222222,6.0,breakfast,0.3333333333333333,0,0,1,0,1,0
U03397,Hyderabad,budget,Beverages|Chinese|North Indian|South Indian,251.88,3,43.6,non-veg,2024-08-11,0.3,0.0,,0.3,1,0,0,0,1,0
U03398,Kolkata,budget,Biryani|Italian|Fast Food|Desserts,254.58,10,9.8,non-veg,2025-12-20,0.6083333333333333,4.0,snack,0.0,1,0,0,0,1,0
U03399,Bangalore,occasional,Italian|Desserts|Fast Food,505.03,0,18.4,non-veg,2025-10-29,0.24285714285714285,2.0,breakfast,0.0,0,0,1,0,1,0
U03400,Mumbai,premium,Beverages|South Indian|Biryani,894.14,3,61.0,both,2025-02-26,0.6666666666666666,3.0,snack,0.3333333333333333,0,1,0,0,0,1
U03401,Delhi,budget,Italian|Chinese,270.81,9,1.4,veg,2025-01-18,0.16666666666666666,2.0,dinner,0.5,1,0,0,1,0,0
U03402,Chennai,premium,Desserts|Beverages,511.8,2,24.8,non-veg,2024-08-08,0.75,1.0,lunch,0.0,0,1,0,0,1,0
U03403,Bangalore,budget,Desserts|Beverages,204.67,11,1.2,non-veg,2025-03-09,0.25,1.0,breakfast,0.0,1,0,0,0,1,0
U03404,Bangalore,occasional,Continental|Fast Food,466.26,0,9.6,non-veg,2025-08-27,0.6,1.0,lunch,0.0,0,0,1,0,1,0
U03405,Pune,budget,South Indian|Fast Food|Continental|North Indian,258.24,17,4.0,non-veg,2025-01-30,0.3,0.0,,0.3,1,0,0,0,1,0
U03406,Delhi,budget,Desserts|Street Food|South Indian,247.92,4,3.6,non-veg,2024-06-01,0.3333333333333333,2.0,breakfast,0.5,1,0,0,0,1,0
U03407,Chennai,occasional,Street Food|North Indian|Chinese,469.97,2,3.9,non-veg,2024-09-25,0.16666666666666666,1.0,breakfast,0.0,0,0,1,0,1,0
U03408,Bangalore,budget,Biryani|Chinese|Italian,256.18,10,15.2,non-veg,2024-08-19,0.0,1.0,lunch,0.0,1,0,0,0,1,0
U03409,Chennai,budget,Biryani|Desserts|Chinese|South Indian,331.6,7,5.4,both,2025-02-23,0.18333333333333335,2.0,lunch,0.0,1,0,0,0,0,1
U03410,Chennai,budget,Desserts|North Indian|Biryani,246.03,10,3.3,non-veg,2024-06-09,0.24206349206349206,3.0,dinner,0.0,1,0,0,0,1,0
U03411,Chennai,occasional,Beverages|Street Food|Continental,435.7,4,13.2,both,2025-04-16,0.6428571428571428,2.0,snack,0.5,0,0,1,0,0,1
U03412,Mumbai,budget,Chinese|Beverages,347.98,11,5.7,both,2025-02-16,0.2976190476190476,2.0,dinner,0.5,1,0,0,0,0,1
U03413,Chennai,occasional,Fast Food|Street Food|Biryani,330.88,2,7.6,veg,2024-06-04,0.3682539682539683,3.0,breakfast,1.0,0,0,1,1,0,0
U03414,Hyderabad,budget,Biryani|Fast Food|Chinese,225.25,8,1.3,non-veg,2024-08-31,0.3,0.0,,0.3,1,0,0,0,1,0
U03415,Delhi,occasional,Continental|South Indian|Street Food,542.85,1,4.0,both,2024-11-15,0.3,0.0,,0.3,0,0,1,0,0,1
U03416,Mumbai,budget,Chinese|North Indian,147.4,6,7.3,both,2025-12-18,0.32857142857142857,3.0,snack,0.6666666666666666,1,0,0,0,0,1
U03417,Bangalore,premium,Fast Food|Biryani,431.12,2,25.2,both,2024-04-13,0.18333333333333335,2.0,late_night,1.0,0,1,0,0,0,1
U03418,Delhi,budget,Italian|South Indian|Continental|Street Food,145.6,11,0.2,non-veg,2024-04-09,0.4428571428571429,3.0,dinner,0.3333333333333333,1,0,0,0,1,0
U03419,Kolkata,budget,Biryani|Continental,310.97,4,3.4,both,2025-11-18,0.25,6.0,lunch,0.5,1,0,0,0,0,1
U03420,Delhi,budget,Biryani|Continental,141.91,9,1.5,veg,2024-09-22,0.5267857142857143,4.0,breakfast,0.5,1,0,0,1,0,0
U03421,Bangalore,premium,Italian|Desserts|Chinese|Biryani,843.69,5,2.8,veg,2025-10-17,0.3,0.0,,0.3,0,1,0,1,0,0
U03422,Mumbai,budget,Fast Food|Street Food|Desserts,193.99,11,1.0,veg,2024-12-28,0.3,0.0,,0.3,1,0,0,1,0,0
U03423,Chennai,premium,Beverages|Chinese|Continental|Desserts,603.23,5,16.9,non-veg,2025-06-14,0.5555555555555556,3.0,late_night,0.3333333333333333,0,1,0,0,1,0
U03424,Hyderabad,budget,Beverages|Fast Food|Desserts,116.15,4,5.6,veg,2025-08-27,0.38095238095238093,3.0,dinner,0.6666666666666666,1,0,0,1,0,0
U03425,Pune,occasional,Chinese|Biryani,353.96,3,4.4,non-veg,2024-08-18,0.3333333333333333,1.0,breakfast,0.0,0,0,1,0,1,0
U03426,Pune,budget,Chinese|Biryani|Fast Food|South Indian,155.88,7,1.1,both,2025-11-17,0.24107142857142855,4.0,breakfast,0.25,1,0,0,0,0,1
U03427,Chennai,budget,Chinese|Street Food,309.8,9,1.7,veg,2025-10-11,0.25,2.0,lunch,0.0,1,0,0,1,0,0
U03428,Pune,budget,Italian|South Indian,278.54,6,2.1,non-veg,2025-09-20,0.5,1.0,late_night,0.0,1,0,0,0,1,0
U03429,Delhi,premium,Chinese|North Indian|Fast Food|Beverages,752.06,4,8.6,veg,2025-10-25,0.9166666666666667,2.0,late_night,0.0,0,1,0,1,0,0
U03430,Bangalore,budget,North Indian|South Indian|Italian,319.65,4,18.6,both,2024-11-28,0.5555555555555555,3.0,dinner,0.0,1,0,0,0,0,1
U03431,Mumbai,budget,Chinese|Italian|Beverages,317.45,12,6.9,both,2025-02-08,0.4833333333333333,5.0,breakfast,0.4,1,0,0,0,0,1
U03432,Bangalore,budget,Chinese|Beverages|Desserts|Fast Food,211.79,8,7.5,both,2025-10-30,0.2571428571428571,4.0,snack,0.25,1,0,0,0,0,1
U03433,Pune,occasional,Chinese|Continental|Biryani,439.57,0,4.0,veg,2024-09-23,0.6666666666666666,1.0,dinner,0.0,0,0,1,1,0,0
U03434,Hyderabad,budget,Fast Food|Biryani|Continental,145.45,10,1.6,veg,2024-09-19,0.22619047619047616,2.0,breakfast,0.0,1,0,0,1,0,0
U03435,Delhi,occasional,Chinese|North Indian|Biryani,218.36,1,1.0,both,2025-09-04,0.375,2.0,breakfast,0.5,0,0,1,0,0,1
U03436,Chennai,budget,Street Food|Beverages,210.79,7,0.9,veg,2025-01-01,0.42857142857142855,1.0,dinner,1.0,1,0,0,1,0,0
U03437,Pune,budget,Italian|South Indian|Desserts|North Indian,308.99,6,9.9,veg,2024-07-14,0.0,2.0,late_night,0.5,1,0,0,1,0,0
U03438,Kolkata,premium,Beverages|South Indian,716.02,5,18.2,veg,2024-04-07,0.6166666666666667,4.0,dinner,0.0,0,1,0,1,0,0
U03439,Hyderabad,budget,South Indian|Beverages,296.41,6,2.1,both,2025-06-21,0.27777777777777773,3.0,lunch,0.3333333333333333,1,0,0,0,0,1
U03440,Delhi,occasional,Italian|Chinese|North Indian,123.73,1,5.3,non-veg,2025-02-28,0.38809523809523805,4.0,lunch,0.0,0,0,1,0,1,0
U03441,Delhi,budget,Chinese|Italian,301.08,7,2.6,non-veg,2024-12-02,0.24444444444444446,3.0,snack,0.3333333333333333,1,0,0,0,1,0
U03442,Delhi,budget,Desserts|Biryani,249.17,9,9.3,non-veg,2024-03-25,0.3,0.0,,0.3,1,0,0,0,1,0
U03443,Kolkata,occasional,South Indian|Fast Food|Italian|Street Food,416.72,1,1.4,both,2024-07-13,0.3,0.0,,0.3,0,0,1,0,0,1
U03444,Delhi,budget,Chinese|Biryani,190.86,11,2.8,veg,2024-03-30,0.3,0.0,,0.3,1,0,0,1,0,0
U03445,Mumbai,occasional,Italian|Street Food|Continental|Chinese,335.96,4,30.5,non-veg,2024-07-07,0.4222222222222222,3.0,dinner,0.0,0,0,1,0,1,0
U03446,Mumbai,occasional,Desserts|South Indian|Beverages,431.2,4,3.2,veg,2024-04-07,0.125,2.0,dinner,0.0,0,0,1,1,0,0
U03447,Hyderabad,budget,Beverages|Italian|Chinese|Desserts,250.21,7,4.8,non-veg,2024-12-21,0.5,1.0,breakfast,0.0,1,0,0,0,1,0
U03448,Mumbai,budget,North Indian|Biryani,192.07,9,1.3,non-veg,2025-05-05,0.2222222222222222,3.0,breakfast,0.3333333333333333,1,0,0,0,1,0
U03449,Kolkata,budget,Continental|Beverages|South Indian,222.72,6,6.1,both,2025-07-27,0.3666666666666667,3.0,dinner,0.0,1,0,0,0,0,1
U03450,Hyderabad,budget,Continental|Beverages|North Indian|South Indian,357.62,7,12.7,veg,2024-06-22,0.3,0.0,,0.3,1,0,0,1,0,0
U03451,Delhi,budget,South Indian|Chinese|North Indian,224.36,6,3.2,both,2025-02-22,0.3,2.0,dinner,0.5,1,0,0,0,0,1
U03452,Delhi,occasional,Continental|Beverages|Street Food|Biryani,214.33,1,4.6,non-veg,2025-10-04,0.3,0.0,,0.3,0,0,1,0,1,0
U03453,Delhi,occasional,Biryani|Chinese|Italian,410.53,2,13.7,veg,2025-09-16,0.3,0.0,,0.3,0,0,1,1,0,0
U03454,Delhi,budget,South Indian|Chinese,273.91,8,11.4,veg,2025-01-19,0.3,0.0,,0.3,1,0,0,1,0,0
U03455,Hyderabad,budget,North Indian|Street Food|Italian|South Indian,232.25,5,27.7,non-veg,2025-12-20,0.49226190476190473,4.0,dinner,0.5,1,0,0,0,1,0
U03456,Bangalore,occasional,Street Food|Beverages|Continental,501.53,0,6.2,non-veg,2024-08-14,0.16666666666666666,1.0,lunch,1.0,0,0,1,0,1,0
U03457,Chennai,occasional,Continental|Beverages|Biryani|Street Food,307.62,1,3.8,veg,2025-06-26,0.3531746031746032,3.0,breakfast,0.0,0,0,1,1,0,0
U03458,Pune,budget,Biryani|Street Food|Continental|South Indian,147.16,5,3.9,both,2025-05-30,0.3333333333333333,1.0,lunch,0.0,1,0,0,0,0,1
U03459,Pune,budget,Desserts|North Indian|Street Food|South Indian,131.93,10,1.5,non-veg,2026-01-10,0.2611111111111111,3.0,dinner,0.0,1,0,0,0,1,0
U03460,Mumbai,occasional,Italian|Desserts|South Indian,295.05,2,1.6,veg,2024-06-20,0.3,0.0,,0.3,0,0,1,1,0,0
U03461,Kolkata,budget,Biryani|South Indian|Beverages|North Indian,331.45,3,1.2,non-veg,2025-02-06,0.5,2.0,lunch,0.0,1,0,0,0,1,0
U03462,Kolkata,budget,Italian|South Indian,260.28,8,9.9,both,2026-01-04,0.37142857142857144,2.0,breakfast,0.5,1,0,0,0,0,1
U03463,Kolkata,budget,Continental|Chinese,204.51,1,14.7,veg,2024-06-06,0.16666666666666666,1.0,dinner,0.0,1,0,0,1,0,0
U03464,Pune,budget,North Indian|South Indian|Fast Food,134.78,8,1.8,veg,2025-07-08,0.4,1.0,dinner,1.0,1,0,0,1,0,0
U03465,Hyderabad,occasional,Street Food|Italian|North Indian,412.03,3,23.7,veg,2024-05-11,0.6,1.0,lunch,0.0,0,0,1,1,0,0
U03466,Kolkata,budget,North Indian|Desserts,285.37,9,5.1,non-veg,2024-10-03,0.3944444444444444,3.0,lunch,0.3333333333333333,1,0,0,0,1,0
U03467,Bangalore,budget,Continental|Beverages,159.66,5,20.9,non-veg,2025-10-24,0.5,2.0,breakfast,0.0,1,0,0,0,1,0
U03468,Chennai,budget,Chinese|Desserts,219.29,6,4.8,veg,2025-12-09,0.3,0.0,,0.3,1,0,0,1,0,0
U03469,Pune,occasional,Chinese|South Indian,358.89,4,21.4,veg,2025-06-29,0.42698412698412697,3.0,dinner,0.0,0,0,1,1,0,0
U03470,Delhi,occasional,Beverages|Desserts,218.37,0,11.8,veg,2024-10-07,0.3,0.0,,0.3,0,0,1,1,0,0
U03471,Kolkata,budget,Chinese|North Indian|South Indian|Fast Food,364.0,12,5.5,both,2024-03-09,0.30952380952380953,2.0,breakfast,0.0,1,0,0,0,0,1
U03472,Bangalore,premium,South Indian|Desserts,752.12,3,7.0,veg,2024-12-11,0.5,2.0,dinner,0.0,0,1,0,1,0,0
U03473,Bangalore,occasional,Chinese|North Indian,584.06,2,7.7,both,2025-09-26,0.2857142857142857,2.0,dinner,0.0,0,0,1,0,0,1
U03474,Chennai,budget,North Indian|Beverages|Chinese|Biryani,264.51,8,3.4,non-veg,2025-02-10,0.27619047619047615,3.0,late_night,0.3333333333333333,1,0,0,0,1,0
U03475,Pune,budget,Street Food|Beverages|Italian|South Indian,281.25,3,7.1,veg,2024-04-30,0.41666666666666663,4.0,dinner,0.25,1,0,0,1,0,0
U03476,Pune,premium,Italian|North Indian|Fast Food|Beverages,585.61,5,21.0,non-veg,2025-07-14,0.6507936507936508,3.0,breakfast,0.3333333333333333,0,1,0,0,1,0
U03477,Hyderabad,budget,Biryani|Italian|North Indian,317.69,13,32.3,both,2024-03-22,0.4166666666666667,3.0,breakfast,0.3333333333333333,1,0,0,0,0,1
U03478,Delhi,premium,Fast Food|Street Food|South Indian,474.92,1,38.8,veg,2025-08-27,0.5747619047619048,5.0,dinner,0.4,0,1,0,1,0,0
U03479,Kolkata,occasional,Chinese|South Indian|Street Food,416.07,1,41.6,non-veg,2025-04-11,0.557142857142857,3.0,breakfast,0.6666666666666666,0,0,1,0,1,0
U03480,Bangalore,budget,Desserts|Street Food|Chinese|Beverages,184.62,7,2.5,both,2026-01-19,0.4047619047619047,6.0,dinner,0.3333333333333333,1,0,0,0,0,1
U03481,Chennai,budget,Biryani|Chinese|Street Food|Fast Food,194.54,7,11.2,non-veg,2025-04-09,0.42857142857142855,1.0,late_night,0.0,1,0,0,0,1,0
U03482,Hyderabad,budget,North Indian|Italian,180.31,12,3.2,veg,2025-01-17,0.20833333333333331,4.0,breakfast,0.25,1,0,0,1,0,0
U03483,Mumbai,occasional,Desserts|South Indian|North Indian|Continental,533.95,3,26.1,veg,2025-06-22,0.3333333333333333,1.0,breakfast,0.0,0,0,1,1,0,0
U03484,Pune,occasional,Continental|Biryani|Chinese|Desserts,392.6,4,5.4,non-veg,2024-06-09,0.23809523809523808,2.0,dinner,0.0,0,0,1,0,1,0
U03485,Hyderabad,budget,South Indian|Italian,197.53,11,6.1,both,2024-10-20,0.40476190476190477,2.0,breakfast,0.0,1,0,0,0,0,1
U03486,Bangalore,occasional,Fast Food|Italian,449.66,2,0.2,veg,2024-11-19,0.0,1.0,lunch,0.0,0,0,1,1,0,0
U03487,Mumbai,budget,Biryani|Street Food|Continental|Italian,234.3,8,11.8,both,2025-03-19,0.08333333333333333,2.0,breakfast,1.0,1,0,0,0,0,1
U03488,Kolkata,premium,Italian|North Indian,868.44,2,0.7,veg,2025-05-07,0.5833333333333333,2.0,dinner,0.0,0,1,0,1,0,0
U03489,Bangalore,budget,Chinese|North Indian|Continental|Italian,100.0,8,16.1,both,2025-12-03,0.1111111111111111,3.0,lunch,0.6666666666666666,1,0,0,0,0,1
U03490,Hyderabad,budget,Biryani|Chinese,314.09,4,27.6,veg,2024-09-24,0.2708333333333333,4.0,breakfast,0.0,1,0,0,1,0,0
U03491,Delhi,budget,Beverages|Fast Food|North Indian|South Indian,337.59,13,14.2,non-veg,2024-05-24,0.25,2.0,breakfast,0.5,1,0,0,0,1,0
U03492,Chennai,premium,Beverages|South Indian,385.72,4,31.8,non-veg,2024-11-12,0.5357142857142857,2.0,dinner,0.0,0,1,0,0,1,0
U03493,Hyderabad,occasional,North Indian|Desserts|Italian|South Indian,433.49,3,20.7,non-veg,2025-09-20,0.45999999999999996,5.0,lunch,0.4,0,0,1,0,1,0
U03494,Kolkata,budget,Street Food|South Indian|Biryani,242.98,4,3.7,non-veg,2025-03-06,0.2857142857142857,1.0,snack,0.0,1,0,0,0,1,0
U03495,Mumbai,occasional,North Indian|Italian,418.89,2,2.7,both,2025-04-10,0.2333333333333333,3.0,lunch,0.0,0,0,1,0,0,1
U03496,Bangalore,premium,North Indian|South Indian,599.21,7,6.0,both,2026-01-10,0.5833333333333333,2.0,late_night,0.5,0,1,0,0,0,1
U03497,Chennai,budget,Desserts|Beverages|Street Food,187.86,5,7.3,non-veg,2025-01-15,0.4583333333333333,2.0,breakfast,0.0,1,0,0,0,1,0
U03498,Hyderabad,budget,Continental|South Indian|Biryani,162.24,6,14.8,non-veg,2024-10-31,0.3,0.0,,0.3,1,0,0,0,1,0
U03499,Chennai,budget,Biryani|Continental|Fast Food|Italian,279.7,10,0.9,non-veg,2025-08-04,0.5285714285714286,3.0,dinner,0.3333333333333333,1,0,0,0,1,0
U03500,Delhi,budget,Beverages|South Indian|Chinese,303.99,14,1.3,both,2025-05-15,0.2,2.0,breakfast,0.5,1,0,0,0,0,1
U03501,Hyderabad,occasional,North Indian|South Indian|Continental,451.85,0,42.6,both,2024-07-08,0.16666666666666666,2.0,dinner,1.0,0,0,1,0,0,1
U03502,Bangalore,budget,Street Food|South Indian,231.63,13,4.7,non-veg,2025-12-19,0.15416666666666667,4.0,lunch,0.0,1,0,0,0,1,0
U03503,Delhi,occasional,Desserts|Street Food,351.95,1,15.1,veg,2025-06-06,0.5833333333333333,2.0,breakfast,0.5,0,0,1,1,0,0
U03504,Bangalore,budget,Desserts|Fast Food|South Indian,100.0,6,19.3,veg,2024-09-14,0.3,0.0,,0.3,1,0,0,1,0,0
U03505,Delhi,premium,Street Food|North Indian|Continental,800.52,8,3.3,veg,2024-08-16,0.638888888888889,3.0,dinner,0.0,0,1,0,1,0,0
U03506,Bangalore,budget,Biryani|Beverages|South Indian|Street Food,286.18,11,1.1,non-veg,2024-05-31,0.25,2.0,lunch,0.0,1,0,0,0,1,0
U03507,Bangalore,budget,South Indian|Biryani|North Indian|Italian,321.82,8,10.0,both,2025-11-02,0.3333333333333333,1.0,breakfast,0.0,1,0,0,0,0,1
U03508,Delhi,occasional,North Indian|Desserts|Beverages|Continental,523.38,4,12.1,veg,2025-05-20,0.42857142857142855,1.0,lunch,0.0,0,0,1,1,0,0
U03509,Bangalore,occasional,Italian|Biryani|South Indian,266.75,3,1.7,veg,2025-12-10,0.3,0.0,,0.3,0,0,1,1,0,0
U03510,Kolkata,occasional,Biryani|Street Food|Fast Food,535.35,1,81.4,veg,2024-09-11,0.5076190476190476,5.0,dinner,0.2,0,0,1,1,0,0
U03511,Mumbai,premium,Desserts|Chinese,624.74,10,2.6,veg,2025-10-03,0.4803571428571428,4.0,dinner,0.0,0,1,0,1,0,0
U03512,Pune,occasional,North Indian|Continental,484.73,1,26.0,veg,2024-06-28,0.3,3.0,breakfast,0.0,0,0,1,1,0,0
U03513,Hyderabad,occasional,Biryani|Street Food,287.63,5,24.0,veg,2024-08-05,0.33035714285714285,4.0,breakfast,0.0,0,0,1,1,0,0
U03514,Pune,budget,Beverages|Desserts|Street Food,241.48,3,8.3,non-veg,2024-05-27,0.3380952380952381,4.0,snack,0.75,1,0,0,0,1,0
U03515,Mumbai,premium,North Indian|Italian|South Indian,350.32,5,4.5,both,2024-07-02,0.5833333333333334,3.0,breakfast,0.6666666666666666,0,1,0,0,0,1
U03516,Bangalore,premium,Italian|Continental|Desserts,701.08,4,1.0,veg,2025-08-20,0.3,0.0,,0.3,0,1,0,1,0,0
U03517,Kolkata,premium,Fast Food|Desserts|Street Food,611.44,4,7.0,both,2024-11-06,0.5333333333333333,2.0,breakfast,0.0,0,1,0,0,0,1
U03518,Kolkata,occasional,South Indian|Biryani,353.22,1,33.8,both,2024-06-07,0.2,1.0,breakfast,0.0,0,0,1,0,0,1
U03519,Bangalore,premium,Italian|Chinese|Beverages|North Indian,479.84,3,35.5,non-veg,2025-12-26,0.325,2.0,lunch,0.0,0,1,0,0,1,0
U03520,Bangalore,budget,Desserts|Continental|Street Food,100.0,3,4.6,veg,2025-10-17,0.5,1.0,dinner,0.0,1,0,0,1,0,0
U03521,Mumbai,premium,Continental|North Indian|South Indian,359.47,4,2.1,non-veg,2025-09-30,0.8333333333333333,2.0,dinner,0.5,0,1,0,0,1,0
U03522,Bangalore,premium,Continental|Beverages|Street Food,927.16,4,19.1,non-veg,2025-09-22,0.3,0.0,,0.3,0,1,0,0,1,0
U03523,Mumbai,occasional,North Indian|Fast Food,437.07,2,40.4,both,2024-06-07,0.325,2.0,dinner,0.5,0,0,1,0,0,1
U03524,Delhi,premium,Street Food|South Indian|Fast Food|Beverages,669.04,3,14.3,veg,2026-01-24,0.6,5.0,breakfast,0.4,0,1,0,1,0,0
U03525,Mumbai,budget,South Indian|Biryani,201.26,16,10.8,veg,2025-08-04,0.3333333333333333,1.0,snack,1.0,1,0,0,1,0,0
U03526,Bangalore,occasional,Continental|Street Food|North Indian,509.83,4,11.5,veg,2024-06-03,0.3277777777777778,3.0,breakfast,0.6666666666666666,0,0,1,1,0,0
U03527,Mumbai,budget,Continental|Beverages|Desserts|Street Food,371.44,8,2.9,non-veg,2024-05-17,0.4833333333333334,3.0,breakfast,0.3333333333333333,1,0,0,0,1,0
U03528,Chennai,occasional,Italian|South Indian|Continental,373.19,3,1.9,non-veg,2024-10-10,0.30000000000000004,2.0,dinner,0.0,0,0,1,0,1,0
U03529,Chennai,premium,South Indian|Desserts|Street Food,432.39,3,13.1,veg,2024-05-20,0.3,0.0,,0.3,0,1,0,1,0,0
U03530,Chennai,premium,Fast Food|South Indian|Desserts|Italian,713.3,1,1.7,non-veg,2025-10-18,0.5,1.0,late_night,1.0,0,1,0,0,1,0
U03531,Delhi,budget,Beverages|Fast Food,208.92,8,0.2,both,2025-12-08,0.3,3.0,late_night,0.3333333333333333,1,0,0,0,0,1
U03532,Hyderabad,budget,Continental|Fast Food|Italian,298.89,10,3.7,non-veg,2025-06-03,0.0,1.0,dinner,1.0,1,0,0,0,1,0
U03533,Kolkata,budget,Biryani|Desserts,329.74,15,3.9,both,2025-07-24,0.30000000000000004,2.0,breakfast,0.5,1,0,0,0,0,1
U03534,Delhi,occasional,Street Food|Fast Food|South Indian|Continental,232.43,2,7.4,non-veg,2024-10-28,0.4444444444444444,3.0,late_night,0.3333333333333333,0,0,1,0,1,0
U03535,Kolkata,occasional,South Indian|Fast Food,362.75,2,59.3,both,2025-08-11,0.16666666666666666,3.0,breakfast,0.6666666666666666,0,0,1,0,0,1
U03536,Hyderabad,budget,Chinese|North Indian|Italian|Beverages,309.83,8,12.5,both,2025-12-06,0.30952380952380953,2.0,breakfast,0.5,1,0,0,0,0,1
U03537,Chennai,budget,Street Food|Chinese|South Indian,312.02,10,8.1,veg,2025-10-28,0.375,2.0,breakfast,0.5,1,0,0,1,0,0
U03538,Hyderabad,occasional,Chinese|North Indian,360.18,2,6.7,veg,2024-04-22,0.3333333333333333,3.0,lunch,0.3333333333333333,0,0,1,1,0,0
U03539,Kolkata,premium,Fast Food|South Indian|Street Food|Beverages,721.76,4,8.0,veg,2025-01-14,0.5888888888888889,3.0,dinner,0.6666666666666666,0,1,0,1,0,0
U03540,Pune,budget,Continental|Street Food|Beverages|South Indian,179.78,9,2.2,veg,2025-10-05,0.2333333333333333,3.0,breakfast,0.3333333333333333,1,0,0,1,0,0
U03541,Bangalore,budget,North Indian|Street Food|Fast Food,100.0,11,0.5,non-veg,2024-03-21,0.16666666666666666,2.0,late_night,1.0,1,0,0,0,1,0
U03542,Chennai,premium,South Indian|Street Food,649.66,5,45.4,non-veg,2024-12-15,0.6366666666666666,5.0,breakfast,0.6,0,1,0,0,1,0
U03543,Mumbai,premium,Street Food|Chinese|Continental,526.27,8,11.2,both,2025-09-26,0.3333333333333333,1.0,breakfast,0.0,0,1,0,0,0,1
U03544,Hyderabad,budget,Street Food|Continental|Italian,132.44,12,5.2,veg,2024-06-22,0.25,3.0,dinner,1.0,1,0,0,1,0,0
U03545,Hyderabad,premium,Biryani|Beverages|North Indian|Fast Food,586.88,1,9.2,non-veg,2025-08-04,0.5714285714285714,1.0,snack,0.0,0,1,0,0,1,0
U03546,Bangalore,budget,Fast Food|Street Food,137.81,5,8.9,both,2025-12-11,0.45,2.0,breakfast,0.5,1,0,0,0,0,1
U03547,Hyderabad,premium,Biryani|Beverages|South Indian,581.83,4,5.0,both,2025-07-27,0.5,1.0,lunch,0.0,0,1,0,0,0,1
U03548,Kolkata,premium,Desserts|South Indian,440.14,7,8.3,non-veg,2025-03-27,0.6444444444444445,3.0,breakfast,0.3333333333333333,0,1,0,0,1,0
U03549,Chennai,budget,South Indian|Continental|Chinese,351.07,6,1.4,both,2024-08-22,0.35000000000000003,3.0,dinner,0.6666666666666666,1,0,0,0,0,1
U03550,Hyderabad,budget,Continental|Fast Food|Chinese|Street Food,100.0,6,2.1,non-veg,2024-03-12,0.3,0.0,,0.3,1,0,0,0,1,0
U03551,Hyderabad,budget,Street Food|Chinese|Beverages|Biryani,304.91,8,0.3,non-veg,2024-12-22,0.3416666666666666,6.0,breakfast,0.5,1,0,0,0,1,0
U03552,Chennai,budget,Beverages|North Indian|Fast Food|Street Food,231.87,11,1.0,veg,2024-06-04,0.20833333333333331,4.0,breakfast,0.0,1,0,0,1,0,0
U03553,Mumbai,occasional,South Indian|Fast Food,284.33,0,17.8,non-veg,2025-10-29,0.4,1.0,lunch,0.0,0,0,1,0,1,0
U03554,Kolkata,budget,Desserts|South Indian|Biryani|Italian,104.43,8,0.9,non-veg,2025-12-13,0.16666666666666666,1.0,snack,0.0,1,0,0,0,1,0
U03555,Hyderabad,budget,Italian|Chinese|Beverages|Street Food,378.01,5,10.9,both,2024-03-08,0.225,2.0,dinner,0.0,1,0,0,0,0,1
U03556,Kolkata,budget,Street Food|Continental|Italian|Chinese,100.0,8,29.4,both,2025-01-06,0.3666666666666667,2.0,dinner,0.5,1,0,0,0,0,1
U03557,Mumbai,premium,Beverages|Desserts,333.64,7,1.0,both,2025-07-25,0.5833333333333333,2.0,late_night,0.0,0,1,0,0,0,1
U03558,Mumbai,occasional,North Indian|Desserts|Fast Food|Street Food,444.59,1,1.2,non-veg,2024-05-13,0.625,2.0,dinner,0.0,0,0,1,0,1,0
U03559,Hyderabad,premium,Street Food|Italian|Fast Food,292.58,5,0.3,non-veg,2024-05-11,0.5,1.0,breakfast,1.0,0,1,0,0,1,0
U03560,Hyderabad,budget,Fast Food|Beverages,408.13,6,2.7,veg,2024-08-22,0.3538095238095238,5.0,dinner,0.4,1,0,0,1,0,0
U03561,Mumbai,budget,South Indian|Beverages,196.26,4,13.3,non-veg,2026-01-16,0.3,0.0,,0.3,1,0,0,0,1,0
U03562,Delhi,budget,Biryani|South Indian|Desserts|Street Food,308.22,8,33.0,veg,2025-08-17,0.16666666666666666,3.0,breakfast,0.0,1,0,0,1,0,0
U03563,Mumbai,budget,Italian|Desserts|Fast Food|Beverages,258.15,7,4.0,both,2024-07-17,0.16666666666666666,1.0,breakfast,1.0,1,0,0,0,0,1
U03564,Delhi,budget,Street Food|Italian,206.25,6,17.4,both,2025-04-30,0.41666666666666663,2.0,late_night,0.5,1,0,0,0,0,1
U03565,Chennai,budget,Street Food|Continental|Italian,229.44,4,12.1,both,2024-05-09,0.2857142857142857,3.0,lunch,0.6666666666666666,1,0,0,0,0,1
U03566,Bangalore,budget,Chinese|Fast Food|Desserts,361.32,7,1.3,veg,2024-09-23,0.25,1.0,snack,0.0,1,0,0,1,0,0
U03567,Delhi,budget,Beverages|South Indian|Desserts|North Indian,206.72,9,19.9,non-veg,2024-04-29,0.26666666666666666,2.0,breakfast,0.0,1,0,0,0,1,0
U03568,Kolkata,occasional,South Indian|Fast Food,412.35,1,21.3,both,2025-11-13,0.3,0.0,,0.3,0,0,1,0,0,1
U03569,Delhi,occasional,Continental|Italian,451.58,3,13.6,non-veg,2025-01-26,0.4726190476190476,4.0,breakfast,0.0,0,0,1,0,1,0
U03570,Pune,budget,Chinese|Italian|Desserts|North Indian,311.06,3,8.3,veg,2025-06-03,0.4,2.0,breakfast,0.0,1,0,0,1,0,0
U03571,Delhi,budget,Desserts|North Indian|Biryani,300.19,8,3.7,both,2025-07-20,0.25476190476190474,4.0,breakfast,0.5,1,0,0,0,0,1
U03572,Delhi,budget,Fast Food|Biryani,308.24,9,1.3,veg,2024-07-07,0.31726190476190474,4.0,dinner,0.25,1,0,0,1,0,0
U03573,Chennai,premium,Desserts|Biryani,559.61,3,13.7,veg,2026-01-05,0.75,1.0,dinner,0.0,0,1,0,1,0,0
U03574,Delhi,budget,Fast Food|Continental|Beverages,112.18,9,12.0,both,2025-09-01,0.20833333333333331,4.0,lunch,0.0,1,0,0,0,0,1
U03575,Mumbai,budget,Continental|South Indian,333.58,9,8.9,veg,2024-11-14,0.41122448979591836,7.0,dinner,0.2857142857142857,1,0,0,1,0,0
U03576,Mumbai,budget,North Indian|Italian|Fast Food|Chinese,100.0,6,5.6,veg,2025-12-30,0.30952380952380953,4.0,breakfast,0.25,1,0,0,1,0,0
U03577,Kolkata,budget,Desserts|Continental|South Indian|Italian,213.31,7,7.6,veg,2024-09-19,0.2253968253968254,3.0,late_night,0.3333333333333333,1,0,0,1,0,0
U03578,Pune,budget,Street Food|Chinese,311.24,15,5.6,both,2025-05-08,0.3,0.0,,0.3,1,0,0,0,0,1
U03579,Chennai,occasional,Continental|Street Food|North Indian|Fast Food,489.89,1,3.6,veg,2024-07-22,0.3,0.0,,0.3,0,0,1,1,0,0
U03580,Pune,premium,Desserts|Beverages,794.04,3,4.8,non-veg,2024-07-12,0.6571428571428571,2.0,late_night,0.0,0,1,0,0,1,0
U03581,Delhi,budget,Fast Food|South Indian,304.21,6,0.5,both,2024-10-31,0.21666666666666667,3.0,late_night,0.3333333333333333,1,0,0,0,0,1
U03582,Mumbai,budget,Street Food|South Indian|Italian,228.68,10,4.2,both,2025-02-27,0.0,1.0,breakfast,0.0,1,0,0,0,0,1
U03583,Chennai,budget,Desserts|Continental,320.45,10,0.8,non-veg,2025-05-01,0.3,0.0,,0.3,1,0,0,0,1,0
U03584,Chennai,budget,Continental|Street Food|Italian,351.23,11,5.3,non-veg,2024-06-11,0.3,0.0,,0.3,1,0,0,0,1,0
U03585,Hyderabad,budget,Continental|Street Food|Beverages|Chinese,181.81,7,9.1,non-veg,2024-08-27,0.41666666666666663,5.0,dinner,0.2,1,0,0,0,1,0
U03586,Hyderabad,premium,Fast Food|South Indian|Biryani|Chinese,637.27,4,35.5,veg,2024-06-04,0.55,2.0,breakfast,0.0,0,1,0,1,0,0
U03587,Mumbai,occasional,North Indian|South Indian|Street Food,171.65,4,11.0,non-veg,2024-05-09,0.2,2.0,dinner,0.0,0,0,1,0,1,0
U03588,Delhi,occasional,Continental|Chinese|North Indian|Desserts,308.81,0,63.4,non-veg,2024-09-25,0.30952380952380953,2.0,dinner,0.5,0,0,1,0,1,0
U03589,Mumbai,premium,Desserts|North Indian,746.57,4,23.1,veg,2025-02-02,0.5833333333333333,2.0,late_night,0.5,0,1,0,1,0,0
U03590,Bangalore,occasional,Beverages|South Indian,353.45,2,14.5,both,2024-11-21,0.5,1.0,snack,0.0,0,0,1,0,0,1
U03591,Pune,occasional,North Indian|Italian|Desserts|South Indian,527.09,1,11.9,non-veg,2024-11-22,0.3,0.0,,0.3,0,0,1,0,1,0
U03592,Mumbai,occasional,Desserts|Chinese,368.56,0,0.7,veg,2025-10-17,0.3,0.0,,0.3,0,0,1,1,0,0
U03593,Chennai,budget,Fast Food|Biryani|Street Food|Continental,265.21,9,3.8,both,2025-12-01,0.39285714285714285,2.0,dinner,1.0,1,0,0,0,0,1
U03594,Hyderabad,premium,North Indian|Continental|Street Food,1005.97,7,15.8,both,2024-05-29,0.888888888888889,3.0,late_night,0.6666666666666666,0,1,0,0,0,1
U03595,Pune,budget,Continental|Fast Food|Chinese|Beverages,151.96,9,10.1,both,2024-08-02,0.25,1.0,lunch,1.0,1,0,0,0,0,1
U03596,Chennai,occasional,Chinese|North Indian|Fast Food,528.15,0,2.0,both,2025-01-07,0.25,3.0,breakfast,0.3333333333333333,0,0,1,0,0,1
U03597,Hyderabad,budget,Fast Food|Street Food|Desserts|Italian,140.55,7,8.8,non-veg,2024-09-05,0.125,2.0,dinner,0.5,1,0,0,0,1,0
U03598,Hyderabad,premium,Biryani|Desserts,795.43,5,9.7,non-veg,2025-05-04,0.16666666666666666,1.0,lunch,0.0,0,1,0,0,1,0
U03599,Delhi,occasional,Fast Food|Biryani,515.68,1,1.9,both,2024-11-20,0.5714285714285714,1.0,breakfast,1.0,0,0,1,0,0,1
U03600,Kolkata,budget,Beverages|Continental|Biryani,262.84,4,10.1,non-veg,2024-07-26,0.16666666666666666,2.0,breakfast,0.5,1,0,0,0,1,0
U03601,Bangalore,occasional,Beverages|Fast Food|Biryani|South Indian,461.99,1,26.3,non-veg,2025-07-15,0.4142857142857143,3.0,dinner,0.0,0,0,1,0,1,0
U03602,Kolkata,budget,Continental|North Indian|Desserts|South Indian,323.72,14,2.4,both,2025-05-24,0.3333333333333333,2.0,dinner,0.0,1,0,0,0,0,1
U03603,Kolkata,premium,Fast Food|Desserts|Street Food,599.21,1,12.6,non-veg,2025-09-16,0.42857142857142855,2.0,dinner,0.5,0,1,0,0,1,0
U03604,Kolkata,budget,Chinese|Desserts|Biryani|Beverages,100.0,5,1.4,veg,2025-04-06,0.11309523809523808,4.0,lunch,0.25,1,0,0,1,0,0
U03605,Bangalore,budget,Desserts|Biryani,178.56,7,16.3,veg,2024-05-19,0.24166666666666667,4.0,breakfast,0.0,1,0,0,1,0,0
U03606,Chennai,premium,Italian|North Indian|Street Food,740.07,3,18.0,both,2024-03-07,0.3,0.0,,0.3,0,1,0,0,0,1
U03607,Hyderabad,budget,Chinese|South Indian,113.11,1,46.4,non-veg,2025-08-01,0.5,1.0,breakfast,1.0,1,0,0,0,1,0
U03608,Delhi,budget,Chinese|Beverages|Desserts,241.12,2,6.6,veg,2024-09-25,0.5011904761904762,4.0,dinner,0.0,1,0,0,1,0,0
U03609,Pune,budget,Beverages|Fast Food|Desserts|South Indian,302.49,7,12.0,non-veg,2025-03-10,0.2857142857142857,1.0,snack,0.0,1,0,0,0,1,0
U03610,Chennai,budget,Desserts|North Indian,271.85,5,13.6,non-veg,2025-10-13,0.0,1.0,breakfast,0.0,1,0,0,0,1,0
U03611,Bangalore,budget,Fast Food|South Indian,289.76,5,39.5,both,2025-10-25,0.16666666666666666,1.0,snack,0.0,1,0,0,0,0,1
U03612,Mumbai,occasional,Fast Food|Street Food|Desserts|North Indian,391.15,1,12.7,non-veg,2026-01-21,0.37222222222222223,6.0,lunch,0.5,0,0,1,0,1,0
U03613,Kolkata,budget,North Indian|South Indian|Beverages|Fast Food,336.66,7,1.5,both,2024-08-17,0.5,2.0,dinner,0.0,1,0,0,0,0,1
U03614,Hyderabad,budget,Beverages|Street Food|Chinese,317.32,9,2.7,both,2025-07-11,0.3,0.0,,0.3,1,0,0,0,0,1
U03615,Kolkata,premium,Chinese|Biryani,370.79,5,45.7,non-veg,2024-10-30,0.75,2.0,breakfast,0.5,0,1,0,0,1,0
U03616,Kolkata,occasional,Fast Food|Beverages,315.67,1,16.6,both,2025-09-11,0.42857142857142855,1.0,snack,1.0,0,0,1,0,0,1
U03617,Pune,occasional,Fast Food|Chinese|Desserts,326.48,2,3.7,both,2025-11-11,0.5833333333333333,2.0,breakfast,0.5,0,0,1,0,0,1
U03618,Delhi,occasional,South Indian|Chinese|North Indian|Continental,278.88,5,4.4,veg,2024-08-04,0.16666666666666666,2.0,breakfast,0.0,0,0,1,1,0,0
U03619,Mumbai,occasional,Beverages|Biryani,312.05,4,15.1,non-veg,2025-06-08,0.42333333333333334,5.0,lunch,0.4,0,0,1,0,1,0
U03620,Hyderabad,occasional,Continental|Desserts|North Indian,577.19,3,4.5,non-veg,2024-10-12,0.3,0.0,,0.3,0,0,1,0,1,0
U03621,Chennai,budget,Chinese|Biryani|Fast Food,311.47,5,27.2,non-veg,2024-08-19,0.44285714285714284,2.0,dinner,0.5,1,0,0,0,1,0
U03622,Delhi,budget,Chinese|South Indian|Italian,225.91,9,1.4,both,2024-08-30,0.3238095238095238,3.0,breakfast,0.3333333333333333,1,0,0,0,0,1
U03623,Mumbai,occasional,Biryani|Fast Food|North Indian,434.84,1,2.9,veg,2025-12-26,0.0,1.0,breakfast,0.0,0,0,1,1,0,0
U03624,Pune,occasional,Fast Food|Continental|Biryani,220.8,1,25.1,both,2025-04-10,0.4583333333333333,2.0,dinner,0.5,0,0,1,0,0,1
U03625,Pune,premium,Biryani|Chinese|Italian,596.53,1,5.4,veg,2025-11-10,0.5523809523809524,4.0,late_night,0.25,0,1,0,1,0,0
U03626,Bangalore,premium,Italian|Chinese,732.45,0,8.2,veg,2024-10-26,0.6111111111111112,3.0,breakfast,0.3333333333333333,0,1,0,1,0,0
U03627,Mumbai,budget,Continental|Beverages|South Indian|Italian,158.57,7,7.3,non-veg,2024-11-05,0.5,1.0,dinner,1.0,1,0,0,0,1,0
U03628,Kolkata,budget,Italian|Continental|Fast Food,357.38,7,4.0,non-veg,2024-04-07,0.24444444444444446,3.0,late_night,0.0,1,0,0,0,1,0
U03629,Pune,occasional,Chinese|Beverages|Continental|North Indian,340.28,2,3.0,veg,2025-07-15,0.4317460317460317,3.0,breakfast,0.3333333333333333,0,0,1,1,0,0
U03630,Kolkata,budget,Street Food|Desserts|Chinese|Continental,142.23,3,19.6,both,2025-11-14,0.18333333333333335,2.0,lunch,0.5,1,0,0,0,0,1
U03631,Hyderabad,budget,North Indian|Street Food|Continental,188.3,8,0.4,non-veg,2025-11-20,0.3,0.0,,0.3,1,0,0,0,1,0
U03632,Chennai,premium,Italian|North Indian|Fast Food,691.63,3,30.3,non-veg,2025-02-25,0.3,0.0,,0.3,0,1,0,0,1,0
U03633,Pune,occasional,Italian|North Indian|Desserts|Fast Food,398.99,1,20.9,non-veg,2025-06-06,0.6904761904761904,3.0,lunch,0.6666666666666666,0,0,1,0,1,0
U03634,Mumbai,budget,Street Food|Continental|Chinese|Beverages,222.56,4,24.9,both,2024-04-28,0.3970238095238095,4.0,dinner,0.25,1,0,0,0,0,1
U03635,Delhi,budget,Italian|Fast Food|North Indian,204.2,10,5.9,non-veg,2025-12-22,0.3666666666666667,2.0,late_night,0.5,1,0,0,0,1,0
U03636,Kolkata,occasional,South Indian|Street Food|Continental|Biryani,396.12,4,8.2,non-veg,2024-12-18,0.16666666666666666,1.0,breakfast,0.0,0,0,1,0,1,0
U03637,Hyderabad,budget,Street Food|Fast Food|South Indian,225.94,9,1.8,veg,2024-11-18,0.24444444444444446,3.0,dinner,0.0,1,0,0,1,0,0
U03638,Mumbai,occasional,Fast Food|Continental,562.7,0,21.1,non-veg,2025-05-12,0.3,0.0,,0.3,0,0,1,0,1,0
U03639,Pune,occasional,Fast Food|Continental|Desserts,314.49,1,12.1,both,2025-12-04,0.3,0.0,,0.3,0,0,1,0,0,1
U03640,Kolkata,budget,Italian|Street Food|Biryani|Beverages,100.0,6,7.5,non-veg,2025-11-21,0.25,2.0,lunch,0.0,1,0,0,0,1,0
U03641,Hyderabad,budget,Continental|Italian|Beverages|Biryani,342.75,8,1.2,both,2024-07-11,0.25,2.0,dinner,0.5,1,0,0,0,0,1
U03642,Bangalore,budget,Biryani|Italian,241.68,9,9.3,both,2024-04-08,0.3,0.0,,0.3,1,0,0,0,0,1
U03643,Chennai,budget,Chinese|Street Food,259.74,10,17.8,veg,2024-10-17,0.16666666666666666,2.0,breakfast,0.0,1,0,0,1,0,0
U03644,Chennai,budget,Fast Food|Street Food|Desserts|Beverages,218.92,14,4.1,non-veg,2024-04-30,0.15,3.0,late_night,0.6666666666666666,1,0,0,0,1,0
U03645,Chennai,occasional,Desserts|Street Food|Chinese|Continental,357.19,2,8.4,both,2024-05-24,0.6,1.0,lunch,1.0,0,0,1,0,0,1
U03646,Bangalore,occasional,Biryani|Beverages|Chinese,333.46,1,10.0,both,2024-09-24,0.5714285714285714,1.0,late_night,0.0,0,0,1,0,0,1
U03647,Bangalore,budget,Beverages|Chinese|Fast Food,183.37,9,16.4,both,2025-01-07,0.25,1.0,lunch,0.0,1,0,0,0,0,1
U03648,Delhi,budget,South Indian|Street Food,107.85,10,18.4,both,2025-01-02,0.4,1.0,dinner,0.0,1,0,0,0,0,1
U03649,Pune,premium,Chinese|Fast Food|Continental,630.38,4,10.8,non-veg,2025-07-03,0.7023809523809523,2.0,late_night,0.0,0,1,0,0,1,0
U03650,Kolkata,premium,Italian|Beverages|Chinese|Fast Food,722.95,5,14.2,both,2025-05-31,0.7619047619047619,2.0,breakfast,0.5,0,1,0,0,0,1
U03651,Delhi,budget,South Indian|Chinese|Continental|Biryani,385.45,10,2.7,non-veg,2024-03-23,0.19444444444444442,3.0,lunch,0.3333333333333333,1,0,0,0,1,0
U03652,Chennai,premium,North Indian|Desserts|Chinese,812.27,4,2.1,non-veg,2024-06-26,0.475,4.0,dinner,0.5,0,1,0,0,1,0
U03653,Delhi,budget,Street Food|Continental,151.83,8,0.7,veg,2025-12-08,0.33174603174603173,3.0,late_night,0.0,1,0,0,1,0,0
U03654,Pune,budget,Street Food|Italian|Chinese|South Indian,275.29,11,0.6,veg,2025-09-25,0.125,2.0,dinner,0.5,1,0,0,1,0,0
U03655,Bangalore,occasional,North Indian|Chinese,437.12,0,0.3,non-veg,2025-06-06,0.5,1.0,dinner,0.0,0,0,1,0,1,0
U03656,Delhi,occasional,North Indian|South Indian,447.45,2,6.9,both,2024-08-11,0.3,0.0,,0.3,0,0,1,0,0,1
U03657,Hyderabad,budget,Desserts|Continental|South Indian,285.62,12,1.3,non-veg,2025-12-12,0.09523809523809523,3.0,lunch,0.3333333333333333,1,0,0,0,1,0
U03658,Bangalore,premium,Continental|Street Food|Beverages|Biryani,504.8,3,15.9,non-veg,2024-12-28,0.4583333333333333,2.0,dinner,0.5,0,1,0,0,1,0
U03659,Bangalore,budget,Street Food|South Indian,168.94,9,20.4,both,2025-03-31,0.2642857142857143,6.0,snack,0.0,1,0,0,0,0,1
U03660,Delhi,budget,Desserts|South Indian|Fast Food,210.49,12,0.4,non-veg,2025-11-25,0.2650793650793651,6.0,late_night,0.6666666666666666,1,0,0,0,1,0
U03661,Pune,budget,Street Food|Fast Food,212.54,12,5.9,both,2025-03-07,0.2888888888888889,3.0,breakfast,0.0,1,0,0,0,0,1
U03662,Pune,premium,South Indian|Street Food,563.12,1,26.7,non-veg,2025-12-10,0.6238095238095238,3.0,snack,0.3333333333333333,0,1,0,0,1,0
U03663,Kolkata,budget,Fast Food|Desserts|Chinese,193.18,10,2.6,both,2025-07-12,0.5,1.0,dinner,0.0,1,0,0,0,0,1
U03664,Mumbai,budget,Desserts|Biryani|South Indian,293.21,10,1.0,both,2025-12-23,0.125,4.0,lunch,0.5,1,0,0,0,0,1
U03665,Bangalore,budget,North Indian|Beverages,247.28,8,9.0,non-veg,2024-12-10,0.19642857142857142,4.0,lunch,0.5,1,0,0,0,1,0
U03666,Delhi,occasional,Biryani|Fast Food,498.02,2,13.0,non-veg,2025-02-24,0.5357142857142858,5.0,lunch,0.4,0,0,1,0,1,0
U03667,Pune,budget,Desserts|Beverages|South Indian|Chinese,243.27,11,18.1,non-veg,2026-01-07,0.16666666666666666,1.0,dinner,1.0,1,0,0,0,1,0
U03668,Pune,budget,Desserts|Continental,129.79,7,15.3,both,2024-03-14,0.3,0.0,,0.3,1,0,0,0,0,1
U03669,Hyderabad,premium,Fast Food|South Indian|Street Food,653.67,2,12.5,non-veg,2026-01-14,0.5,1.0,lunch,1.0,0,1,0,0,1,0
U03670,Pune,occasional,Biryani|Fast Food|South Indian,305.62,3,8.2,veg,2025-10-27,0.4857142857142857,2.0,breakfast,0.5,0,0,1,1,0,0
U03671,Pune,budget,Fast Food|North Indian,376.24,6,1.2,veg,2024-10-27,0.17333333333333334,5.0,breakfast,0.0,1,0,0,1,0,0
U03672,Chennai,occasional,South Indian|Desserts|Fast Food,599.98,2,14.1,both,2024-05-04,0.16666666666666666,1.0,breakfast,1.0,0,0,1,0,0,1
U03673,Hyderabad,occasional,Street Food|North Indian,154.37,2,20.5,veg,2025-01-16,0.20833333333333331,4.0,breakfast,0.25,0,0,1,1,0,0
U03674,Kolkata,budget,Italian|Desserts|Street Food|Fast Food,197.35,9,9.2,both,2025-07-04,0.0,1.0,lunch,0.0,1,0,0,0,0,1
U03675,Mumbai,budget,Chinese|Desserts|Street Food|South Indian,102.66,5,0.7,non-veg,2024-12-26,0.3055555555555555,3.0,breakfast,0.3333333333333333,1,0,0,0,1,0
U03676,Chennai,occasional,North Indian|Street Food|Italian,545.23,0,1.7,both,2024-07-24,0.4063492063492063,3.0,late_night,0.3333333333333333,0,0,1,0,0,1
U03677,Hyderabad,premium,Street Food|Continental|South Indian|Italian,457.25,4,20.8,veg,2024-08-04,0.3,0.0,,0.3,0,1,0,1,0,0
U03678,Pune,budget,Beverages|South Indian|Biryani|North Indian,310.72,11,5.7,non-veg,2025-01-13,0.0,1.0,late_night,0.0,1,0,0,0,1,0
U03679,Kolkata,premium,Desserts|Chinese|Biryani|Italian,804.88,1,24.9,veg,2025-11-09,0.6366666666666666,5.0,lunch,0.2,0,1,0,1,0,0
U03680,Chennai,budget,Desserts|North Indian|Italian,179.81,5,7.4,both,2025-09-20,0.34722222222222227,6.0,lunch,0.3333333333333333,1,0,0,0,0,1
U03681,Bangalore,budget,Chinese|Desserts,252.97,9,12.7,non-veg,2025-01-25,0.08333333333333333,2.0,breakfast,0.5,1,0,0,0,1,0
U03682,Hyderabad,budget,Street Food|Continental|Chinese|Italian,395.21,8,5.1,veg,2026-01-12,0.15079365079365079,3.0,lunch,0.3333333333333333,1,0,0,1,0,0
U03683,Mumbai,budget,Street Food|North Indian,215.77,8,0.5,both,2024-06-21,0.33999999999999997,5.0,dinner,0.2,1,0,0,0,0,1
U03684,Mumbai,premium,South Indian|Beverages,489.44,3,5.3,both,2025-01-23,0.6,1.0,lunch,0.0,0,1,0,0,0,1
U03685,Mumbai,budget,Biryani|South Indian|Beverages|Italian,140.28,6,8.0,veg,2024-10-17,0.3857142857142857,2.0,lunch,0.0,1,0,0,1,0,0
U03686,Mumbai,budget,South Indian|Chinese|Beverages|Street Food,273.0,10,7.7,non-veg,2024-12-29,0.6,1.0,late_night,1.0,1,0,0,0,1,0
U03687,Chennai,occasional,South Indian|Continental,327.3,2,19.2,non-veg,2024-07-22,0.3339285714285714,4.0,dinner,0.25,0,0,1,0,1,0
U03688,Pune,occasional,Street Food|Chinese|Fast Food|North Indian,307.01,1,8.7,veg,2024-05-14,0.16666666666666666,1.0,dinner,0.0,0,0,1,1,0,0
U03689,Pune,budget,Desserts|Chinese|Continental|Street Food,246.8,10,5.7,veg,2025-07-30,0.35238095238095235,5.0,breakfast,0.8,1,0,0,1,0,0
U03690,Delhi,occasional,Continental|Beverages,347.22,2,18.8,veg,2025-02-19,0.5,1.0,dinner,0.0,0,0,1,1,0,0
U03691,Chennai,occasional,South Indian|Beverages|North Indian|Desserts,388.84,0,13.5,veg,2025-05-02,0.3333333333333333,2.0,late_night,1.0,0,0,1,1,0,0
U03692,Pune,occasional,Biryani|Fast Food|Chinese|North Indian,465.56,3,4.8,veg,2024-07-10,0.0,1.0,breakfast,1.0,0,0,1,1,0,0
U03693,Mumbai,premium,Fast Food|Biryani|Beverages|Desserts,840.06,5,10.3,both,2025-12-12,0.5,1.0,dinner,1.0,0,1,0,0,0,1
U03694,Mumbai,premium,Street Food|Chinese|North Indian,589.67,2,6.0,non-veg,2024-06-15,0.5458333333333334,4.0,breakfast,0.0,0,1,0,0,1,0
U03695,Delhi,budget,Biryani|Beverages,116.89,13,9.9,both,2026-01-27,0.3888888888888889,3.0,lunch,0.0,1,0,0,0,0,1
U03696,Pune,premium,North Indian|Continental|South Indian|Biryani,478.31,4,14.4,both,2024-12-15,0.42857142857142855,3.0,breakfast,0.3333333333333333,0,1,0,0,0,1
U03697,Delhi,budget,Biryani|Desserts|Fast Food|North Indian,221.66,14,2.1,non-veg,2024-10-14,0.611111111111111,3.0,breakfast,0.3333333333333333,1,0,0,0,1,0
U03698,Delhi,premium,Chinese|Fast Food,452.7,8,7.4,non-veg,2024-10-03,0.42857142857142855,2.0,dinner,0.0,0,1,0,0,1,0
U03699,Delhi,premium,Chinese|Street Food|Biryani|Beverages,370.94,6,7.8,both,2025-04-16,0.3,0.0,,0.3,0,1,0,0,0,1
U03700,Bangalore,budget,South Indian|Beverages,173.86,10,6.5,non-veg,2024-08-13,0.2,1.0,breakfast,0.0,1,0,0,0,1,0
U03701,Pune,occasional,Chinese|Continental|Fast Food|Biryani,351.7,1,6.3,non-veg,2024-10-21,0.29166666666666663,4.0,dinner,0.5,0,0,1,0,1,0
U03702,Delhi,budget,Chinese|Desserts,248.61,6,0.2,non-veg,2025-11-14,0.16666666666666666,1.0,breakfast,0.0,1,0,0,0,1,0
U03703,Hyderabad,budget,Biryani|North Indian|Beverages|Street Food,251.97,4,12.4,veg,2025-11-28,0.5,1.0,breakfast,1.0,1,0,0,1,0,0
U03704,Kolkata,budget,Street Food|North Indian|South Indian,107.39,4,11.9,non-veg,2025-10-01,0.3,0.0,,0.3,1,0,0,0,1,0
U03705,Chennai,occasional,North Indian|Chinese|Beverages,567.16,3,2.1,non-veg,2025-10-08,0.5166666666666667,2.0,breakfast,0.5,0,0,1,0,1,0
U03706,Kolkata,premium,South Indian|Biryani|Chinese|Italian,685.99,4,4.3,veg,2025-11-06,0.7208333333333333,4.0,lunch,0.25,0,1,0,1,0,0
U03707,Pune,budget,Biryani|Italian,351.71,8,10.5,veg,2024-11-02,0.38888888888888884,3.0,breakfast,0.0,1,0,0,1,0,0
U03708,Bangalore,premium,Chinese|Italian|North Indian|Beverages,595.65,3,0.5,veg,2024-10-11,0.6666666666666666,2.0,late_night,1.0,0,1,0,1,0,0
U03709,Bangalore,premium,Continental|Biryani|North Indian,498.03,1,52.1,non-veg,2026-01-23,0.5888888888888889,3.0,lunch,0.3333333333333333,0,1,0,0,1,0
U03710,Hyderabad,occasional,South Indian|Street Food|Fast Food,394.33,3,8.5,both,2024-07-01,0.47222222222222215,3.0,breakfast,1.0,0,0,1,0,0,1
U03711,Pune,premium,Fast Food|Italian|Chinese,484.94,1,34.4,veg,2024-06-25,0.3,0.0,,0.3,0,1,0,1,0,0
U03712,Chennai,premium,Desserts|Street Food|Italian,499.78,6,0.4,veg,2024-12-01,0.6666666666666666,1.0,breakfast,0.0,0,1,0,1,0,0
U03713,Mumbai,budget,Continental|Fast Food,244.01,12,5.7,veg,2025-04-17,0.3,0.0,,0.3,1,0,0,1,0,0
U03714,Hyderabad,budget,Desserts|South Indian,417.39,9,0.7,veg,2024-04-28,0.35416666666666663,4.0,breakfast,0.5,1,0,0,1,0,0
U03715,Kolkata,occasional,Street Food|Chinese|Beverages|South Indian,277.06,2,1.8,non-veg,2025-03-15,0.35,2.0,late_night,0.0,0,0,1,0,1,0
U03716,Kolkata,occasional,South Indian|Italian|Continental|North Indian,227.33,2,51.6,non-veg,2025-05-08,0.45,2.0,lunch,0.5,0,0,1,0,1,0
U03717,Mumbai,budget,Chinese|Biryani,280.26,10,9.6,non-veg,2024-07-02,0.3,0.0,,0.3,1,0,0,0,1,0
U03718,Pune,occasional,Desserts|Italian|Chinese|North Indian,388.67,3,40.5,veg,2024-10-05,0.25,1.0,late_night,0.0,0,0,1,1,0,0
U03719,Mumbai,occasional,Biryani|Beverages,311.46,1,67.6,both,2025-05-10,0.41666666666666663,2.0,breakfast,0.5,0,0,1,0,0,1
U03720,Chennai,premium,Biryani|Chinese,512.79,7,8.0,both,2024-11-23,0.75,2.0,dinner,0.0,0,1,0,0,0,1
U03721,Chennai,occasional,Desserts|Fast Food,509.66,2,2.0,non-veg,2024-07-18,0.5,1.0,lunch,0.0,0,0,1,0,1,0
U03722,Hyderabad,premium,Desserts|Beverages,628.58,7,9.6,both,2025-07-13,0.6785714285714286,2.0,breakfast,1.0,0,1,0,0,0,1
U03723,Chennai,budget,Italian|Fast Food|Street Food|Beverages,280.65,9,0.4,veg,2024-08-30,0.75,1.0,dinner,0.0,1,0,0,1,0,0
U03724,Delhi,budget,Fast Food|Chinese|Biryani|Desserts,339.79,9,2.4,non-veg,2025-06-08,0.3333333333333333,2.0,dinner,0.0,1,0,0,0,1,0
U03725,Hyderabad,budget,Fast Food|Desserts|Chinese|Continental,214.82,9,1.5,both,2025-12-10,0.3,0.0,,0.3,1,0,0,0,0,1
U03726,Mumbai,budget,North Indian|Beverages|Street Food,405.88,11,1.8,veg,2025-04-19,0.28095238095238095,3.0,lunch,0.3333333333333333,1,0,0,1,0,0
U03727,Pune,budget,Desserts|Biryani,185.61,8,2.2,veg,2024-10-25,0.16666666666666666,6.0,dinner,0.16666666666666666,1,0,0,1,0,0
U03728,Chennai,premium,Biryani|South Indian|Continental,914.57,5,12.3,veg,2024-12-17,0.5,1.0,snack,0.0,0,1,0,1,0,0
U03729,Delhi,budget,Continental|Chinese,304.61,7,1.4,non-veg,2026-01-18,0.3,0.0,,0.3,1,0,0,0,1,0
U03730,Chennai,occasional,Street Food|Biryani,520.86,3,6.3,both,2025-03-01,0.4666666666666666,3.0,breakfast,0.3333333333333333,0,0,1,0,0,1
U03731,Bangalore,budget,Beverages|Fast Food,364.89,2,2.6,veg,2025-12-30,0.3111111111111111,3.0,dinner,0.0,1,0,0,1,0,0
U03732,Pune,occasional,South Indian|Italian|Continental|North Indian,413.51,2,6.3,non-veg,2025-10-17,0.5416666666666666,2.0,dinner,0.0,0,0,1,0,1,0
U03733,Hyderabad,occasional,Desserts|South Indian|North Indian|Street Food,273.72,0,12.7,non-veg,2025-02-25,0.5,2.0,breakfast,1.0,0,0,1,0,1,0
U03734,Kolkata,occasional,Beverages|Desserts|North Indian,434.96,1,7.7,both,2025-07-30,0.6904761904761905,2.0,breakfast,0.5,0,0,1,0,0,1
U03735,Delhi,occasional,North Indian|Desserts|Biryani|South Indian,133.59,2,15.0,non-veg,2025-03-11,0.3333333333333333,1.0,late_night,1.0,0,0,1,0,1,0
U03736,Kolkata,budget,South Indian|Chinese|North Indian,212.82,5,5.2,veg,2025-11-04,0.41666666666666663,2.0,breakfast,0.5,1,0,0,1,0,0
U03737,Pune,budget,Chinese|Beverages,205.02,7,5.9,veg,2025-03-12,0.38730158730158726,3.0,dinner,0.3333333333333333,1,0,0,1,0,0
U03738,Kolkata,budget,Biryani|North Indian|Street Food|South Indian,317.45,8,10.4,non-veg,2024-11-26,0.3,0.0,,0.3,1,0,0,0,1,0
U03739,Kolkata,budget,North Indian|South Indian|Biryani|Continental,335.3,3,3.1,non-veg,2025-02-16,0.42857142857142855,1.0,late_night,0.0,1,0,0,0,1,0
U03740,Delhi,occasional,Chinese|Biryani|Fast Food|Italian,634.67,5,4.3,veg,2024-04-19,0.3333333333333333,2.0,lunch,0.5,0,0,1,1,0,0
U03741,Chennai,budget,North Indian|Beverages|Fast Food,228.57,12,2.5,non-veg,2025-12-14,0.3611111111111111,3.0,dinner,0.0,1,0,0,0,1,0
U03742,Kolkata,budget,South Indian|Beverages|Italian,212.36,8,4.9,veg,2025-09-17,0.2,2.0,dinner,0.5,1,0,0,1,0,0
U03743,Hyderabad,occasional,Street Food|North Indian|Biryani|Beverages,387.46,4,0.3,both,2024-06-02,0.3,0.0,,0.3,0,0,1,0,0,1
U03744,Pune,budget,North Indian|Italian|South Indian,233.71,9,3.7,both,2025-12-09,0.2970238095238095,4.0,breakfast,0.0,1,0,0,0,0,1
U03745,Bangalore,premium,Fast Food|Italian|Continental,361.51,4,7.7,veg,2026-01-15,0.7142857142857143,1.0,snack,1.0,0,1,0,1,0,0
U03746,Delhi,budget,Continental|South Indian|North Indian|Chinese,220.36,6,7.5,both,2025-02-05,0.42000000000000004,5.0,breakfast,0.2,1,0,0,0,0,1
U03747,Delhi,occasional,Italian|Desserts,452.81,0,6.1,both,2025-12-12,0.35555555555555557,3.0,breakfast,0.0,0,0,1,0,0,1
U03748,Chennai,budget,Fast Food|South Indian|Street Food|Continental,186.76,3,29.2,veg,2025-03-26,0.25,2.0,dinner,0.0,1,0,0,1,0,0
U03749,Pune,premium,South Indian|Italian|Biryani|Fast Food,656.48,7,4.2,non-veg,2024-05-06,0.5714285714285714,1.0,lunch,0.0,0,1,0,0,1,0
U03750,Delhi,occasional,Biryani|Continental|Italian|Chinese,578.78,3,21.0,veg,2024-06-26,0.3333333333333333,2.0,snack,0.0,0,0,1,1,0,0
U03751,Mumbai,premium,North Indian|Biryani,353.75,4,4.2,veg,2024-12-26,0.5,1.0,dinner,1.0,0,1,0,1,0,0
U03752,Bangalore,premium,North Indian|Desserts,786.53,3,44.5,both,2024-09-16,0.6,2.0,breakfast,0.5,0,1,0,0,0,1
U03753,Chennai,budget,North Indian|Continental|Desserts|Fast Food,246.31,9,1.0,both,2024-11-15,0.25,2.0,lunch,1.0,1,0,0,0,0,1
U03754,Kolkata,occasional,North Indian|South Indian|Desserts|Biryani,555.98,3,5.7,non-veg,2024-11-04,0.43333333333333335,3.0,lunch,0.3333333333333333,0,0,1,0,1,0
U03755,Hyderabad,premium,North Indian|Italian|Beverages,532.12,3,2.2,non-veg,2024-09-02,0.6375,4.0,breakfast,0.5,0,1,0,0,1,0
U03756,Mumbai,occasional,Chinese|Italian|Street Food|Fast Food,477.43,2,3.0,non-veg,2025-04-07,0.475,4.0,dinner,0.25,0,0,1,0,1,0
U03757,Mumbai,occasional,Biryani|Italian|North Indian|Beverages,375.73,2,5.6,both,2024-12-21,0.16666666666666666,1.0,breakfast,0.0,0,0,1,0,0,1
U03758,Hyderabad,occasional,Desserts|Chinese|Biryani,339.33,0,11.8,veg,2025-02-26,0.3,0.0,,0.3,0,0,1,1,0,0
U03759,Bangalore,premium,Chinese|Biryani,618.54,6,10.1,veg,2026-01-16,0.8333333333333333,2.0,breakfast,0.0,0,1,0,1,0,0
U03760,Bangalore,budget,Italian|Desserts|Biryani,245.79,4,3.2,veg,2025-05-11,0.14285714285714285,1.0,dinner,0.0,1,0,0,1,0,0
U03761,Delhi,budget,Chinese|Fast Food|South Indian,302.39,9,11.8,veg,2024-10-14,0.3333333333333333,3.0,breakfast,0.3333333333333333,1,0,0,1,0,0
U03762,Chennai,occasional,Chinese|North Indian|Continental,100.0,2,10.1,veg,2024-03-21,0.36666666666666664,4.0,late_night,0.25,0,0,1,1,0,0
U03763,Chennai,budget,Chinese|Italian|Street Food|Continental,217.52,11,7.7,veg,2025-02-23,0.4276190476190476,5.0,dinner,0.2,1,0,0,1,0,0
U03764,Kolkata,budget,South Indian|North Indian,339.67,8,4.0,non-veg,2025-12-26,0.3,0.0,,0.3,1,0,0,0,1,0
U03765,Chennai,occasional,Desserts|North Indian,380.92,1,21.1,veg,2025-01-28,0.4777777777777778,3.0,dinner,0.3333333333333333,0,0,1,1,0,0
U03766,Delhi,occasional,Street Food|Continental,277.85,4,49.0,both,2024-11-30,0.39285714285714285,3.0,breakfast,0.6666666666666666,0,0,1,0,0,1
U03767,Chennai,budget,Italian|North Indian|Chinese,273.56,11,4.3,both,2025-09-30,0.3333333333333333,1.0,late_night,0.0,1,0,0,0,0,1
U03768,Bangalore,budget,Desserts|Beverages|Italian,301.65,6,13.4,non-veg,2025-09-10,0.37916666666666665,4.0,late_night,0.25,1,0,0,0,1,0
U03769,Chennai,premium,Fast Food|Biryani,727.29,7,0.8,veg,2024-10-17,0.42857142857142855,1.0,dinner,0.0,0,1,0,1,0,0
U03770,Mumbai,premium,Street Food|Continental|Beverages|Chinese,790.46,4,44.4,both,2024-06-27,0.7738095238095238,2.0,breakfast,0.0,0,1,0,0,0,1
U03771,Kolkata,budget,South Indian|Chinese,384.5,12,10.0,veg,2024-05-30,0.2222222222222222,3.0,breakfast,0.3333333333333333,1,0,0,1,0,0
U03772,Pune,occasional,Desserts|Fast Food|Chinese|Italian,314.52,3,2.4,non-veg,2025-12-11,0.16666666666666666,1.0,late_night,0.0,0,0,1,0,1,0
U03773,Delhi,occasional,Desserts|Chinese,230.78,0,3.5,non-veg,2026-01-19,0.3601190476190476,4.0,dinner,0.25,0,0,1,0,1,0
U03774,Pune,occasional,Beverages|Biryani,482.08,2,5.2,non-veg,2025-01-30,0.3,0.0,,0.3,0,0,1,0,1,0
U03775,Chennai,budget,South Indian|Fast Food,244.72,7,17.3,veg,2024-10-11,0.3333333333333333,1.0,snack,0.0,1,0,0,1,0,0
U03776,Hyderabad,budget,Continental|Chinese,318.86,8,3.7,veg,2026-01-26,0.3,0.0,,0.3,1,0,0,1,0,0
U03777,Hyderabad,occasional,South Indian|Biryani,524.26,2,2.7,both,2025-08-15,0.26785714285714285,2.0,late_night,0.0,0,0,1,0,0,1
U03778,Delhi,occasional,Street Food|North Indian|Chinese|South Indian,427.93,2,5.5,non-veg,2024-11-12,0.5595238095238095,3.0,breakfast,0.0,0,0,1,0,1,0
U03779,Pune,budget,South Indian|Chinese,260.92,11,5.5,non-veg,2025-11-19,0.3333333333333333,1.0,late_night,0.0,1,0,0,0,1,0
U03780,Mumbai,premium,South Indian|Street Food|Beverages|Biryani,820.98,3,19.0,both,2026-01-23,0.6134920634920635,6.0,dinner,0.5,0,1,0,0,0,1
U03781,Pune,occasional,Continental|South Indian|Desserts,318.87,1,14.6,veg,2025-10-11,0.3,0.0,,0.3,0,0,1,1,0,0
U03782,Kolkata,budget,Street Food|Desserts,240.85,1,45.3,both,2025-06-25,0.3333333333333333,1.0,dinner,0.0,1,0,0,0,0,1
U03783,Chennai,premium,Biryani|Street Food|South Indian,641.14,4,31.8,both,2024-06-04,1.0,1.0,snack,0.0,0,1,0,0,0,1
U03784,Mumbai,budget,Beverages|Continental|Chinese|Biryani,236.07,9,1.5,non-veg,2025-10-23,0.14285714285714285,2.0,breakfast,0.0,1,0,0,0,1,0
U03785,Hyderabad,budget,Street Food|North Indian|Continental|Desserts,412.12,9,6.0,veg,2025-02-14,0.3428571428571428,3.0,late_night,0.3333333333333333,1,0,0,1,0,0
U03786,Delhi,premium,Street Food|Italian|South Indian,767.57,5,1.7,non-veg,2024-07-16,0.5714285714285714,1.0,snack,0.0,0,1,0,0,1,0
U03787,Hyderabad,premium,Chinese|Street Food|Beverages|South Indian,610.19,7,7.3,veg,2024-08-24,0.3333333333333333,2.0,breakfast,0.0,0,1,0,1,0,0
U03788,Mumbai,budget,Fast Food|North Indian|South Indian,212.31,8,16.2,non-veg,2024-08-19,0.41111111111111115,3.0,lunch,0.3333333333333333,1,0,0,0,1,0
U03789,Delhi,premium,Beverages|Chinese,666.14,4,8.1,both,2026-01-26,0.3,0.0,,0.3,0,1,0,0,0,1
U03790,Bangalore,budget,Street Food|Italian,262.81,8,5.7,veg,2024-05-08,0.32857142857142857,3.0,late_night,0.3333333333333333,1,0,0,1,0,0
U03791,Mumbai,occasional,Chinese|Italian|Continental|Biryani,372.34,1,10.5,veg,2025-08-21,0.5,1.0,dinner,0.0,0,0,1,1,0,0
U03792,Bangalore,occasional,South Indian|Fast Food|Street Food,100.0,3,3.5,both,2024-09-16,0.42857142857142855,3.0,lunch,1.0,0,0,1,0,0,1
U03793,Mumbai,occasional,Italian|Chinese|South Indian|North Indian,395.57,2,18.6,non-veg,2024-11-22,0.3666666666666667,2.0,breakfast,0.0,0,0,1,0,1,0
U03794,Mumbai,budget,Continental|Italian|North Indian|Biryani,248.29,11,5.6,veg,2025-09-20,0.1,2.0,breakfast,0.0,1,0,0,1,0,0
U03795,Pune,premium,North Indian|Chinese|Continental|Biryani,372.75,3,17.8,non-veg,2025-06-29,0.6825396825396824,3.0,lunch,0.0,0,1,0,0,1,0
U03796,Bangalore,budget,Chinese|Italian|Continental,301.18,10,0.6,veg,2025-09-16,0.25,1.0,late_night,0.0,1,0,0,1,0,0
U03797,Pune,occasional,Beverages|Biryani|Chinese,417.47,2,13.6,both,2025-10-14,0.16666666666666666,1.0,breakfast,0.0,0,0,1,0,0,1
U03798,Delhi,budget,Italian|North Indian|Chinese,260.88,19,8.6,non-veg,2024-08-30,0.27777777777777773,3.0,dinner,0.0,1,0,0,0,1,0
U03799,Bangalore,budget,Biryani|North Indian|Desserts,252.87,7,1.1,both,2025-05-13,0.3,0.0,,0.3,1,0,0,0,0,1
U03800,Hyderabad,occasional,North Indian|Continental,339.07,4,9.5,non-veg,2025-02-09,0.4642857142857143,2.0,breakfast,0.0,0,0,1,0,1,0
U03801,Pune,budget,Italian|Beverages|Street Food|Continental,242.32,6,0.5,non-veg,2025-01-28,0.3,0.0,,0.3,1,0,0,0,1,0
U03802,Hyderabad,budget,South Indian|Street Food|Italian|Continental,300.9,16,18.1,non-veg,2025-11-16,0.3,0.0,,0.3,1,0,0,0,1,0
U03803,Pune,premium,Chinese|South Indian,604.04,5,16.7,veg,2024-11-28,0.3,0.0,,0.3,0,1,0,1,0,0
U03804,Pune,budget,South Indian|Beverages|Fast Food|Italian,235.5,11,4.2,both,2024-05-15,0.4,1.0,lunch,0.0,1,0,0,0,0,1
U03805,Bangalore,occasional,Continental|Street Food,331.96,1,21.4,non-veg,2025-06-18,0.38666666666666666,5.0,late_night,0.0,0,0,1,0,1,0
U03806,Bangalore,budget,Fast Food|Italian,100.0,10,3.5,both,2024-07-22,0.375,2.0,dinner,0.5,1,0,0,0,0,1
U03807,Kolkata,premium,South Indian|Desserts|Street Food,421.26,2,2.0,non-veg,2025-08-14,0.5,2.0,dinner,0.5,0,1,0,0,1,0
U03808,Delhi,premium,South Indian|Italian|Continental|Street Food,481.48,1,0.5,veg,2024-09-16,0.5833333333333334,3.0,breakfast,0.6666666666666666,0,1,0,1,0,0
U03809,Bangalore,budget,North Indian|Biryani|Desserts|Fast Food,100.0,8,4.8,non-veg,2025-01-15,0.5,1.0,snack,0.0,1,0,0,0,1,0
U03810,Kolkata,budget,Desserts|Beverages|North Indian,405.06,7,2.4,both,2024-12-31,0.5428571428571429,2.0,breakfast,0.5,1,0,0,0,0,1
U03811,Delhi,budget,Desserts|Chinese|South Indian|Fast Food,135.78,5,3.3,both,2024-08-21,0.43238095238095237,5.0,lunch,0.4,1,0,0,0,0,1
U03812,Kolkata,budget,Biryani|Continental|North Indian,417.1,9,9.6,veg,2025-03-23,0.2698412698412698,3.0,lunch,0.0,1,0,0,1,0,0
U03813,Chennai,occasional,Fast Food|Continental|North Indian,322.76,2,4.0,non-veg,2024-11-02,0.625,1.0,dinner,1.0,0,0,1,0,1,0
U03814,Hyderabad,budget,Italian|Fast Food|Continental,176.03,8,1.5,veg,2025-06-11,0.3,0.0,,0.3,1,0,0,1,0,0
U03815,Chennai,budget,Biryani|North Indian|Fast Food,243.37,7,1.7,non-veg,2024-04-05,0.47916666666666663,4.0,dinner,0.25,1,0,0,0,1,0
U03816,Chennai,budget,Chinese|Beverages|Italian,205.67,8,1.0,veg,2025-09-17,0.3333333333333333,1.0,dinner,1.0,1,0,0,1,0,0
U03817,Kolkata,budget,Desserts|Chinese,207.99,8,18.5,non-veg,2024-11-09,0.24285714285714285,2.0,dinner,1.0,1,0,0,0,1,0
U03818,Kolkata,occasional,South Indian|Fast Food,483.9,3,6.9,both,2025-08-30,0.6,1.0,late_night,0.0,0,0,1,0,0,1
U03819,Mumbai,budget,Desserts|Chinese,269.36,7,5.2,veg,2025-02-10,0.3095238095238095,3.0,breakfast,0.3333333333333333,1,0,0,1,0,0
U03820,Pune,occasional,Biryani|Fast Food|Chinese|North Indian,472.48,5,11.6,both,2024-03-03,0.7,2.0,breakfast,0.5,0,0,1,0,0,1
U03821,Chennai,budget,North Indian|Street Food|Beverages|Fast Food,209.23,7,0.1,non-veg,2024-05-05,0.3333333333333333,1.0,lunch,1.0,1,0,0,0,1,0
U03822,Bangalore,occasional,Continental|Desserts|Chinese|Biryani,317.71,1,2.6,both,2025-05-27,0.25,1.0,breakfast,0.0,0,0,1,0,0,1
U03823,Pune,budget,South Indian|Desserts|Fast Food,325.44,11,5.7,veg,2025-06-16,0.0,1.0,late_night,0.0,1,0,0,1,0,0
U03824,Delhi,budget,Biryani|Italian|Chinese|Continental,239.43,7,25.7,veg,2025-04-14,0.575,2.0,late_night,1.0,1,0,0,1,0,0
U03825,Hyderabad,occasional,Biryani|North Indian,809.17,2,14.0,veg,2025-01-19,0.3,0.0,,0.3,0,0,1,1,0,0
U03826,Chennai,premium,Italian|Continental,734.83,3,1.2,veg,2025-05-06,0.7023809523809523,2.0,breakfast,0.0,0,1,0,1,0,0
U03827,Delhi,budget,Italian|South Indian,246.64,13,3.0,non-veg,2025-11-08,0.19444444444444442,3.0,dinner,0.0,1,0,0,0,1,0
U03828,Pune,premium,Street Food|Beverages|Desserts,376.63,4,36.1,veg,2025-12-30,0.3,0.0,,0.3,0,1,0,1,0,0
U03829,Mumbai,premium,Fast Food|Biryani|Beverages|Desserts,567.27,3,16.4,non-veg,2024-12-24,0.6388888888888888,3.0,late_night,0.6666666666666666,0,1,0,0,1,0
U03830,Pune,premium,Fast Food|Beverages|Biryani|Desserts,753.73,3,2.3,non-veg,2024-10-20,0.3,0.0,,0.3,0,1,0,0,1,0
U03831,Hyderabad,premium,Fast Food|Biryani|Italian|Chinese,664.78,4,11.7,non-veg,2025-05-27,0.3,0.0,,0.3,0,1,0,0,1,0
U03832,Hyderabad,budget,Continental|Beverages|Fast Food,202.19,6,14.9,non-veg,2024-12-21,0.20833333333333331,2.0,dinner,0.5,1,0,0,0,1,0
U03833,Hyderabad,budget,Continental|Street Food|Desserts|Beverages,186.1,6,0.0,both,2025-11-23,0.08333333333333333,2.0,late_night,0.0,1,0,0,0,0,1
U03834,Hyderabad,budget,Fast Food|Chinese,341.05,7,2.5,both,2025-11-08,0.0,1.0,late_night,0.0,1,0,0,0,0,1
U03835,Delhi,budget,Fast Food|Biryani|North Indian,293.33,7,2.4,veg,2024-07-28,0.29642857142857143,4.0,breakfast,0.0,1,0,0,1,0,0
U03836,Pune,occasional,Continental|Biryani,340.61,3,5.0,non-veg,2024-05-04,0.3666666666666667,2.0,dinner,0.0,0,0,1,0,1,0
U03837,Mumbai,budget,South Indian|Biryani|Chinese|Desserts,280.32,5,4.8,veg,2024-12-15,0.3,0.0,,0.3,1,0,0,1,0,0
U03838,Chennai,budget,Biryani|Continental,226.0,9,3.8,veg,2024-06-17,0.3261904761904762,7.0,breakfast,0.42857142857142855,1,0,0,1,0,0
U03839,Hyderabad,premium,Fast Food|Beverages|Chinese,468.13,5,1.8,both,2025-10-04,0.4761904761904762,3.0,lunch,0.0,0,1,0,0,0,1
U03840,Kolkata,budget,North Indian|Beverages,213.98,9,1.5,veg,2025-04-20,0.3,0.0,,0.3,1,0,0,1,0,0
U03841,Delhi,budget,Biryani|South Indian,100.0,9,14.8,non-veg,2025-04-30,0.08333333333333333,2.0,dinner,0.5,1,0,0,0,1,0
U03842,Delhi,budget,South Indian|Fast Food|North Indian,204.61,8,2.0,non-veg,2024-03-15,0.3,0.0,,0.3,1,0,0,0,1,0
U03843,Mumbai,occasional,Street Food|Italian|Continental|Desserts,640.84,2,21.7,both,2025-08-19,0.3333333333333333,1.0,dinner,1.0,0,0,1,0,0,1
U03844,Hyderabad,budget,Fast Food|Biryani,256.72,7,6.5,non-veg,2025-03-17,0.3,0.0,,0.3,1,0,0,0,1,0
U03845,Delhi,occasional,North Indian|Beverages|Desserts|South Indian,519.94,1,1.1,non-veg,2024-03-25,0.29791666666666666,4.0,breakfast,0.25,0,0,1,0,1,0
U03846,Kolkata,budget,Italian|South Indian|North Indian,371.57,6,7.7,non-veg,2025-12-28,0.26785714285714285,4.0,dinner,0.0,1,0,0,0,1,0
U03847,Chennai,occasional,South Indian|Beverages|Biryani|Continental,395.71,1,26.9,both,2025-09-04,0.3,0.0,,0.3,0,0,1,0,0,1
U03848,Bangalore,budget,Biryani|Street Food,205.91,4,0.2,non-veg,2024-10-27,0.3833333333333333,2.0,dinner,0.5,1,0,0,0,1,0
U03849,Bangalore,budget,Fast Food|Biryani|Chinese|South Indian,228.11,8,10.2,veg,2025-01-21,0.35714285714285715,2.0,dinner,0.0,1,0,0,1,0,0
U03850,Kolkata,budget,Fast Food|Chinese|Desserts|Continental,100.0,15,10.1,veg,2024-10-13,0.3,0.0,,0.3,1,0,0,1,0,0
U03851,Mumbai,premium,Beverages|North Indian|South Indian,635.11,6,32.8,veg,2024-09-05,0.41269841269841273,3.0,lunch,0.3333333333333333,0,1,0,1,0,0
U03852,Delhi,premium,Chinese|North Indian|Desserts|Beverages,481.03,3,19.6,veg,2025-02-12,0.6208333333333333,4.0,breakfast,0.25,0,1,0,1,0,0
U03853,Pune,occasional,Italian|Beverages,368.78,5,0.3,non-veg,2024-10-11,0.3,0.0,,0.3,0,0,1,0,1,0
U03854,Hyderabad,occasional,Continental|Desserts,548.24,2,71.7,non-veg,2024-12-14,0.2590476190476191,5.0,breakfast,0.2,0,0,1,0,1,0
U03855,Pune,budget,Desserts|Italian|Street Food,319.1,6,2.4,non-veg,2024-10-05,0.25,2.0,breakfast,0.0,1,0,0,0,1,0
U03856,Bangalore,budget,Fast Food|North Indian,283.78,10,0.8,both,2024-04-06,0.26666666666666666,2.0,breakfast,0.0,1,0,0,0,0,1
U03857,Kolkata,budget,Biryani|Chinese,265.91,4,8.6,non-veg,2024-11-04,0.225,2.0,lunch,0.5,1,0,0,0,1,0
U03858,Chennai,premium,North Indian|Biryani,497.81,7,5.3,both,2025-02-28,0.7142857142857143,1.0,breakfast,1.0,0,1,0,0,0,1
U03859,Pune,occasional,North Indian|Continental|Street Food|South Indian,293.57,1,42.2,veg,2024-09-19,0.35714285714285715,3.0,breakfast,0.3333333333333333,0,0,1,1,0,0
U03860,Kolkata,budget,Chinese|Continental|South Indian|Street Food,210.34,7,6.0,non-veg,2025-07-21,0.3,0.0,,0.3,1,0,0,0,1,0
U03861,Mumbai,occasional,Italian|South Indian|Desserts,231.76,1,2.4,both,2025-12-31,0.8333333333333334,1.0,dinner,0.0,0,0,1,0,0,1
U03862,Chennai,budget,Italian|South Indian|Continental,100.0,8,7.4,non-veg,2024-12-16,0.2419047619047619,5.0,lunch,0.4,1,0,0,0,1,0
U03863,Chennai,budget,South Indian|Beverages|Chinese|North Indian,193.77,9,8.4,non-veg,2025-07-08,0.41666666666666663,2.0,breakfast,0.0,1,0,0,0,1,0
U03864,Bangalore,occasional,Desserts|Biryani,309.06,3,3.7,veg,2025-02-02,0.3333333333333333,1.0,lunch,1.0,0,0,1,1,0,0
U03865,Pune,occasional,Street Food|Desserts,303.79,2,22.5,veg,2025-07-31,0.5,1.0,lunch,0.0,0,0,1,1,0,0
U03866,Pune,premium,Continental|Chinese,371.27,2,3.3,veg,2024-06-17,0.75,2.0,breakfast,0.0,0,1,0,1,0,0
U03867,Pune,budget,Beverages|Italian|Biryani|South Indian,261.91,6,0.4,non-veg,2025-01-10,0.31666666666666665,4.0,breakfast,0.25,1,0,0,0,1,0
U03868,Chennai,premium,Italian|Continental|Chinese,765.18,2,8.9,both,2025-08-07,0.611111111111111,3.0,dinner,0.0,0,1,0,0,0,1
U03869,Delhi,budget,Beverages|Italian|Street Food|Fast Food,111.2,6,15.4,veg,2024-05-20,0.3,0.0,,0.3,1,0,0,1,0,0
U03870,Chennai,premium,North Indian|Fast Food,320.8,6,3.5,veg,2025-01-20,0.5178571428571428,2.0,dinner,0.0,0,1,0,1,0,0
U03871,Kolkata,budget,Italian|Biryani|Continental,220.22,5,25.0,non-veg,2025-09-17,0.2976190476190476,2.0,breakfast,0.0,1,0,0,0,1,0
U03872,Delhi,premium,Desserts|South Indian|Biryani,567.57,4,12.4,non-veg,2025-12-23,0.3,0.0,,0.3,0,1,0,0,1,0
U03873,Hyderabad,occasional,South Indian|North Indian|Beverages,363.95,1,26.4,both,2025-12-12,0.375,2.0,lunch,0.5,0,0,1,0,0,1
U03874,Chennai,occasional,Desserts|Beverages,232.49,3,8.3,both,2025-09-26,0.5,1.0,snack,1.0,0,0,1,0,0,1
U03875,Kolkata,budget,Chinese|Italian|Desserts|North Indian,373.62,12,10.6,veg,2025-10-18,0.3,0.0,,0.3,1,0,0,1,0,0
U03876,Bangalore,budget,South Indian|Chinese|Desserts,176.12,11,0.2,veg,2025-10-17,0.34226190476190477,4.0,breakfast,0.5,1,0,0,1,0,0
U03877,Mumbai,occasional,Street Food|Italian|Chinese|Biryani,239.75,5,8.8,both,2025-10-28,0.3,0.0,,0.3,0,0,1,0,0,1
U03878,Kolkata,occasional,Desserts|Fast Food|Street Food,628.96,1,0.6,veg,2024-12-11,0.5444444444444444,3.0,breakfast,0.0,0,0,1,1,0,0
U03879,Hyderabad,premium,Biryani|Beverages,702.87,4,14.8,non-veg,2025-05-04,0.6041666666666666,4.0,lunch,0.5,0,1,0,0,1,0
U03880,Delhi,budget,Italian|Continental,254.51,10,63.8,non-veg,2025-08-24,0.13333333333333333,3.0,late_night,0.6666666666666666,1,0,0,0,1,0
U03881,Delhi,occasional,Street Food|North Indian,409.46,0,11.9,non-veg,2024-04-18,0.2,1.0,lunch,0.0,0,0,1,0,1,0
U03882,Bangalore,occasional,Fast Food|Continental|Chinese|Beverages,454.16,0,8.8,both,2024-07-03,0.3,0.0,,0.3,0,0,1,0,0,1
U03883,Pune,occasional,Continental|Chinese|Street Food|South Indian,435.04,1,4.5,both,2025-01-30,0.4,1.0,dinner,1.0,0,0,1,0,0,1
U03884,Hyderabad,premium,Desserts|Chinese,563.53,3,31.7,both,2024-05-05,0.2833333333333333,2.0,breakfast,0.0,0,1,0,0,0,1
U03885,Mumbai,occasional,Biryani|North Indian,309.64,3,4.9,veg,2024-12-25,0.8,1.0,breakfast,0.0,0,0,1,1,0,0
U03886,Delhi,premium,Beverages|Italian|South Indian|Desserts,700.49,3,0.7,veg,2024-04-04,0.5,1.0,breakfast,0.0,0,1,0,1,0,0
U03887,Bangalore,budget,North Indian|Fast Food|Desserts|Biryani,138.39,6,2.5,non-veg,2024-09-11,0.45,2.0,lunch,0.0,1,0,0,0,1,0
U03888,Mumbai,occasional,Italian|North Indian,303.83,0,2.6,veg,2024-09-17,0.575,2.0,breakfast,0.0,0,0,1,1,0,0
U03889,Pune,budget,Italian|Street Food|Fast Food,247.71,5,13.9,veg,2025-09-25,0.3125,4.0,dinner,0.0,1,0,0,1,0,0
U03890,Pune,occasional,Biryani|Chinese|North Indian|Continental,330.0,0,10.4,both,2025-11-15,0.3333333333333333,1.0,breakfast,1.0,0,0,1,0,0,1
U03891,Delhi,budget,Chinese|Desserts|North Indian,285.76,9,13.3,both,2024-08-25,0.3,3.0,breakfast,0.3333333333333333,1,0,0,0,0,1
U03892,Kolkata,budget,Desserts|Italian|Beverages,311.63,3,0.8,non-veg,2024-03-26,0.26785714285714285,2.0,lunch,0.5,1,0,0,0,1,0
U03893,Mumbai,budget,South Indian|Biryani|Fast Food,278.51,8,10.0,veg,2024-09-27,0.25,1.0,dinner,0.0,1,0,0,1,0,0
U03894,Bangalore,budget,Biryani|Fast Food|South Indian,187.95,5,1.5,both,2025-08-02,0.2833333333333333,2.0,breakfast,0.5,1,0,0,0,0,1
U03895,Pune,occasional,South Indian|Biryani|Continental|Italian,435.26,1,14.9,non-veg,2025-04-28,0.3444444444444444,3.0,dinner,0.0,0,0,1,0,1,0
U03896,Bangalore,occasional,Continental|Biryani,541.17,3,26.8,both,2025-02-24,0.41666666666666663,2.0,breakfast,0.5,0,0,1,0,0,1
U03897,Hyderabad,occasional,North Indian|South Indian|Desserts,494.77,3,14.9,non-veg,2024-05-31,0.4642857142857143,2.0,lunch,0.0,0,0,1,0,1,0
U03898,Delhi,premium,Biryani|Beverages|Street Food|Chinese,521.68,2,9.5,both,2025-07-22,0.8333333333333334,2.0,late_night,0.0,0,1,0,0,0,1
U03899,Bangalore,budget,North Indian|Chinese|Continental,231.17,4,48.4,veg,2025-05-13,0.16666666666666666,1.0,dinner,0.0,1,0,0,1,0,0
U03900,Delhi,occasional,Chinese|North Indian|South Indian,512.39,2,6.4,veg,2024-04-30,0.14285714285714285,1.0,dinner,1.0,0,0,1,1,0,0
U03901,Kolkata,premium,Beverages|South Indian|Chinese|Biryani,867.34,5,13.8,veg,2024-03-21,0.7708333333333333,4.0,lunch,0.0,0,1,0,1,0,0
U03902,Bangalore,budget,Fast Food|South Indian,284.5,8,7.8,non-veg,2025-07-05,0.225,2.0,breakfast,0.0,1,0,0,0,1,0
U03903,Chennai,budget,Desserts|Continental,261.9,9,0.4,both,2024-10-11,0.3333333333333333,2.0,dinner,0.0,1,0,0,0,0,1
U03904,Chennai,occasional,Beverages|Desserts|North Indian|Fast Food,599.88,1,4.6,veg,2024-08-10,0.5,2.0,breakfast,1.0,0,0,1,1,0,0
U03905,Hyderabad,budget,South Indian|Chinese,362.19,7,14.5,non-veg,2024-11-17,0.6666666666666666,1.0,late_night,1.0,1,0,0,0,1,0
U03906,Hyderabad,budget,Italian|South Indian|Chinese,257.52,10,7.3,veg,2025-09-14,0.1865079365079365,3.0,breakfast,0.3333333333333333,1,0,0,1,0,0
U03907,Hyderabad,occasional,Desserts|North Indian|Beverages|Chinese,533.04,7,1.1,non-veg,2024-06-16,0.3,0.0,,0.3,0,0,1,0,1,0
U03908,Chennai,budget,Continental|Beverages|Desserts|Chinese,134.09,4,5.4,non-veg,2025-05-30,0.4166666666666667,5.0,dinner,0.8,1,0,0,0,1,0
U03909,Kolkata,occasional,Italian|Fast Food|Continental|North Indian,279.24,1,15.0,non-veg,2024-05-20,0.611111111111111,3.0,dinner,0.0,0,0,1,0,1,0
U03910,Bangalore,budget,Desserts|Biryani|Fast Food|South Indian,346.62,11,0.1,both,2025-12-27,0.2222222222222222,3.0,breakfast,0.0,1,0,0,0,0,1
U03911,Chennai,budget,Continental|Biryani|Chinese|South Indian,298.16,6,3.0,veg,2025-09-22,0.18333333333333335,2.0,dinner,0.0,1,0,0,1,0,0
U03912,Delhi,occasional,Chinese|South Indian,466.04,4,5.1,veg,2024-06-06,0.3,3.0,breakfast,0.3333333333333333,0,0,1,1,0,0
U03913,Bangalore,budget,North Indian|Biryani|Beverages,189.1,8,1.3,both,2025-01-05,0.3,4.0,breakfast,0.25,1,0,0,0,0,1
U03914,Mumbai,occasional,Continental|Beverages|Fast Food,295.6,2,14.2,both,2024-09-23,0.0,2.0,late_night,0.0,0,0,1,0,0,1
U03915,Bangalore,premium,North Indian|Continental|Chinese|Italian,672.94,3,15.5,non-veg,2024-07-02,0.7277777777777779,3.0,lunch,0.6666666666666666,0,1,0,0,1,0
U03916,Hyderabad,budget,Fast Food|Continental|Desserts,165.93,12,7.0,non-veg,2024-09-06,0.25,2.0,late_night,0.0,1,0,0,0,1,0
U03917,Hyderabad,premium,Continental|Beverages|Street Food,710.77,2,30.3,veg,2025-03-17,0.38095238095238093,3.0,lunch,0.0,0,1,0,1,0,0
U03918,Bangalore,budget,Italian|Desserts|Biryani,361.0,8,6.2,veg,2024-11-17,0.16666666666666666,1.0,dinner,0.0,1,0,0,1,0,0
U03919,Pune,budget,Fast Food|Biryani,248.09,7,0.7,both,2025-12-25,0.16666666666666666,1.0,breakfast,1.0,1,0,0,0,0,1
U03920,Bangalore,occasional,Italian|Biryani|Street Food,452.44,1,9.2,non-veg,2025-06-16,0.3,0.0,,0.3,0,0,1,0,1,0
U03921,Hyderabad,occasional,North Indian|Desserts,407.2,1,3.1,both,2025-04-24,0.3,0.0,,0.3,0,0,1,0,0,1
U03922,Chennai,budget,Continental|Chinese|Beverages,147.33,6,3.9,veg,2024-11-02,0.15,3.0,dinner,0.3333333333333333,1,0,0,1,0,0
U03923,Bangalore,occasional,Continental|Biryani,411.47,2,0.6,both,2025-09-09,0.2857142857142857,1.0,late_night,1.0,0,0,1,0,0,1
U03924,Chennai,occasional,Desserts|Italian|Biryani|South Indian,163.5,2,4.4,non-veg,2025-12-08,0.6666666666666666,1.0,snack,0.0,0,0,1,0,1,0
U03925,Pune,occasional,Continental|Beverages|North Indian,370.98,1,3.8,non-veg,2025-07-28,0.3,4.0,breakfast,0.25,0,0,1,0,1,0
U03926,Mumbai,budget,South Indian|Chinese|Street Food,250.48,6,0.9,both,2024-10-11,0.17777777777777778,3.0,lunch,0.3333333333333333,1,0,0,0,0,1
U03927,Hyderabad,budget,Italian|Desserts|Fast Food|South Indian,299.88,3,15.2,non-veg,2025-11-08,0.17777777777777778,3.0,dinner,0.3333333333333333,1,0,0,0,1,0
U03928,Kolkata,budget,Continental|Fast Food|Biryani,242.45,7,21.8,non-veg,2024-05-11,0.16666666666666666,1.0,breakfast,0.0,1,0,0,0,1,0
U03929,Hyderabad,budget,Fast Food|Desserts|Street Food,121.1,4,1.4,veg,2025-05-19,0.4035714285714286,4.0,breakfast,0.25,1,0,0,1,0,0
U03930,Mumbai,occasional,Fast Food|Continental|Italian,457.13,4,1.8,non-veg,2025-03-19,0.7023809523809523,2.0,breakfast,0.0,0,0,1,0,1,0
U03931,Pune,occasional,South Indian|Fast Food|Continental,452.03,2,5.6,non-veg,2024-12-18,0.3333333333333333,1.0,late_night,0.0,0,0,1,0,1,0
U03932,Chennai,budget,Continental|Italian|Street Food|Desserts,100.0,9,4.2,veg,2025-05-08,0.41666666666666663,2.0,lunch,0.0,1,0,0,1,0,0
U03933,Mumbai,budget,Beverages|Fast Food|Italian|Street Food,263.9,16,10.7,veg,2025-04-26,0.5,1.0,dinner,0.0,1,0,0,1,0,0
U03934,Hyderabad,occasional,North Indian|Street Food|Chinese,427.39,6,0.9,both,2025-08-31,0.5555555555555555,3.0,breakfast,0.6666666666666666,0,0,1,0,0,1
U03935,Delhi,occasional,Continental|Biryani,277.62,1,3.3,both,2024-09-02,0.3,0.0,,0.3,0,0,1,0,0,1
U03936,Hyderabad,budget,Continental|Beverages,126.51,8,11.3,veg,2025-06-18,0.19047619047619047,3.0,dinner,0.3333333333333333,1,0,0,1,0,0
U03937,Chennai,occasional,Street Food|Continental|Fast Food|North Indian,392.55,0,11.5,non-veg,2025-05-17,0.6000000000000001,2.0,dinner,0.0,0,0,1,0,1,0
U03938,Delhi,budget,North Indian|Beverages,131.47,8,7.5,non-veg,2025-09-17,0.6666666666666666,1.0,breakfast,1.0,1,0,0,0,1,0
U03939,Bangalore,premium,Chinese|South Indian|Beverages|Desserts,544.93,3,25.5,non-veg,2025-12-14,0.5357142857142857,3.0,dinner,0.3333333333333333,0,1,0,0,1,0
U03940,Hyderabad,budget,Fast Food|Street Food|Biryani,304.53,8,0.9,both,2025-07-14,0.16666666666666666,2.0,lunch,0.0,1,0,0,0,0,1
U03941,Mumbai,budget,Desserts|Biryani|Street Food|Italian,312.65,5,20.6,veg,2024-06-07,0.3214285714285714,2.0,dinner,0.5,1,0,0,1,0,0
U03942,Delhi,occasional,North Indian|Italian,463.13,0,14.9,veg,2026-01-17,0.33333333333333337,5.0,snack,0.2,0,0,1,1,0,0
U03943,Bangalore,budget,Fast Food|Desserts|Continental,233.88,6,5.7,non-veg,2025-01-02,0.38730158730158726,3.0,breakfast,0.0,1,0,0,0,1,0
U03944,Bangalore,premium,Continental|Italian,839.39,7,7.4,non-veg,2024-06-26,0.6333333333333333,3.0,dinner,0.6666666666666666,0,1,0,0,1,0
U03945,Bangalore,budget,Chinese|Biryani,332.03,12,6.4,non-veg,2025-10-10,0.42857142857142855,3.0,breakfast,0.3333333333333333,1,0,0,0,1,0
U03946,Delhi,budget,Italian|Beverages,251.28,7,3.7,non-veg,2025-02-20,0.4761904761904762,3.0,breakfast,0.3333333333333333,1,0,0,0,1,0
U03947,Kolkata,occasional,Biryani|Street Food|Desserts,468.39,2,20.9,veg,2025-07-17,0.5833333333333333,2.0,breakfast,0.5,0,0,1,1,0,0
U03948,Mumbai,occasional,Biryani|Beverages|North Indian|Fast Food,341.8,0,13.4,non-veg,2024-11-13,0.4,1.0,dinner,0.0,0,0,1,0,1,0
U03949,Kolkata,premium,Continental|Italian,713.9,7,27.9,veg,2025-11-18,0.4642857142857143,2.0,dinner,0.5,0,1,0,1,0,0
U03950,Mumbai,occasional,Biryani|Street Food|Fast Food|South Indian,355.36,1,5.7,non-veg,2025-05-07,0.26666666666666666,2.0,dinner,0.0,0,0,1,0,1,0
U03951,Pune,occasional,Desserts|Continental|Italian,254.17,1,11.2,non-veg,2025-11-02,0.5,1.0,lunch,0.0,0,0,1,0,1,0
U03952,Bangalore,budget,Street Food|Continental,162.02,7,1.0,veg,2025-01-13,0.10857142857142858,5.0,breakfast,0.4,1,0,0,1,0,0
U03953,Bangalore,budget,Fast Food|Chinese,375.55,5,11.1,both,2025-07-16,0.5,1.0,dinner,1.0,1,0,0,0,0,1
U03954,Kolkata,premium,Chinese|Continental|North Indian,512.19,1,33.9,non-veg,2025-05-18,0.8,1.0,breakfast,0.0,0,1,0,0,1,0
U03955,Delhi,occasional,Beverages|Fast Food|Chinese,371.83,2,3.9,non-veg,2025-05-01,0.5,2.0,dinner,0.5,0,0,1,0,1,0
U03956,Hyderabad,budget,South Indian|North Indian,331.27,9,5.6,both,2025-03-25,0.21666666666666665,5.0,lunch,0.6,1,0,0,0,0,1
U03957,Delhi,budget,Beverages|Desserts|Street Food|Continental,354.12,6,1.5,veg,2024-07-23,0.4,1.0,dinner,1.0,1,0,0,1,0,0
U03958,Kolkata,occasional,North Indian|Street Food,298.64,5,72.7,both,2024-04-01,0.42857142857142855,1.0,lunch,0.0,0,0,1,0,0,1
U03959,Mumbai,occasional,Chinese|Fast Food|Desserts|Beverages,442.29,3,18.5,both,2024-06-10,0.36944444444444446,6.0,lunch,0.3333333333333333,0,0,1,0,0,1
U03960,Bangalore,occasional,South Indian|Beverages,456.12,3,2.2,non-veg,2024-11-05,0.3,0.0,,0.3,0,0,1,0,1,0
U03961,Mumbai,premium,Beverages|Fast Food,506.72,3,20.0,veg,2025-07-19,0.3,0.0,,0.3,0,1,0,1,0,0
U03962,Bangalore,premium,Italian|Biryani|North Indian,489.94,2,19.0,non-veg,2025-08-22,0.0,1.0,snack,0.0,0,1,0,0,1,0
U03963,Delhi,budget,Biryani|North Indian|Chinese|South Indian,244.6,5,34.6,non-veg,2024-07-04,0.2222222222222222,3.0,dinner,0.0,1,0,0,0,1,0
U03964,Chennai,budget,Desserts|Continental|Biryani,231.39,8,17.2,non-veg,2025-07-26,0.25,2.0,late_night,1.0,1,0,0,0,1,0
U03965,Hyderabad,budget,Chinese|Italian|Street Food,258.21,2,38.4,both,2025-09-13,0.3,0.0,,0.3,1,0,0,0,0,1
U03966,Chennai,premium,Continental|Italian,576.45,5,60.7,veg,2026-01-18,0.8333333333333334,1.0,breakfast,1.0,0,1,0,1,0,0
U03967,Delhi,budget,Chinese|Biryani,268.72,6,1.8,non-veg,2024-12-13,0.3,3.0,lunch,0.0,1,0,0,0,1,0
U03968,Chennai,budget,Italian|Continental,302.83,9,0.1,non-veg,2026-01-17,0.48809523809523814,3.0,breakfast,0.3333333333333333,1,0,0,0,1,0
U03969,Delhi,budget,Italian|Continental,340.5,9,1.4,veg,2025-05-13,0.25,1.0,breakfast,0.0,1,0,0,1,0,0
U03970,Hyderabad,budget,Beverages|South Indian|Street Food,279.4,9,10.3,non-veg,2024-03-12,0.25,2.0,breakfast,0.0,1,0,0,0,1,0
U03971,Hyderabad,occasional,Biryani|North Indian|Beverages,386.87,2,2.1,veg,2024-11-16,0.4,1.0,dinner,0.0,0,0,1,1,0,0
U03972,Delhi,premium,Continental|Biryani|Street Food,565.02,4,11.7,non-veg,2025-05-17,0.44047619047619047,3.0,lunch,0.6666666666666666,0,1,0,0,1,0
U03973,Pune,premium,Chinese|Fast Food,470.26,5,17.6,non-veg,2024-04-10,0.575,4.0,breakfast,0.5,0,1,0,0,1,0
U03974,Mumbai,occasional,North Indian|South Indian,366.04,3,19.9,non-veg,2025-08-03,0.515,5.0,breakfast,0.4,0,0,1,0,1,0
U03975,Delhi,occasional,Continental|Street Food|Fast Food|Desserts,478.08,2,46.7,non-veg,2024-09-15,0.30952380952380953,2.0,breakfast,0.5,0,0,1,0,1,0
U03976,Delhi,budget,North Indian|Italian,350.89,11,16.0,veg,2025-04-25,0.35904761904761906,5.0,dinner,0.2,1,0,0,1,0,0
U03977,Pune,occasional,North Indian|Chinese,360.12,0,12.2,both,2024-07-23,0.25,2.0,breakfast,0.5,0,0,1,0,0,1
U03978,Mumbai,premium,South Indian|North Indian|Continental,640.18,3,1.3,both,2024-10-19,0.3,0.0,,0.3,0,1,0,0,0,1
U03979,Pune,occasional,Chinese|Continental,676.18,1,15.4,non-veg,2025-04-03,0.41666666666666663,2.0,breakfast,0.0,0,0,1,0,1,0
U03980,Bangalore,premium,North Indian|Beverages|Desserts,761.49,5,7.9,veg,2025-05-07,0.6,2.0,breakfast,1.0,0,1,0,1,0,0
U03981,Pune,occasional,Beverages|South Indian|Continental|Biryani,280.89,4,6.4,veg,2024-04-16,0.35,5.0,late_night,0.6,0,0,1,1,0,0
U03982,Pune,budget,Biryani|Fast Food|Desserts,248.66,7,8.6,both,2025-10-11,0.4444444444444444,3.0,lunch,0.3333333333333333,1,0,0,0,0,1
U03983,Chennai,occasional,Chinese|Fast Food|North Indian|Italian,235.34,2,33.3,veg,2025-01-24,0.6555555555555556,3.0,dinner,0.3333333333333333,0,0,1,1,0,0
U03984,Pune,premium,Italian|Street Food|Beverages|South Indian,753.97,6,4.7,both,2024-03-05,0.7222222222222222,3.0,dinner,0.3333333333333333,0,1,0,0,0,1
U03985,Hyderabad,budget,Chinese|Biryani|South Indian|Beverages,129.35,9,18.6,veg,2025-08-21,0.5428571428571429,2.0,breakfast,0.0,1,0,0,1,0,0
U03986,Mumbai,budget,North Indian|Biryani|Desserts|Italian,217.6,9,27.0,veg,2024-07-30,0.3,0.0,,0.3,1,0,0,1,0,0
U03987,Mumbai,occasional,Fast Food|Street Food|Chinese|South Indian,390.49,1,8.2,non-veg,2024-09-17,0.3,0.0,,0.3,0,0,1,0,1,0
U03988,Delhi,budget,Italian|Beverages|South Indian|Desserts,207.47,10,1.3,non-veg,2025-07-21,0.2,2.0,lunch,0.0,1,0,0,0,1,0
U03989,Bangalore,budget,South Indian|Continental,350.1,10,9.3,both,2025-12-10,0.16666666666666666,3.0,dinner,0.3333333333333333,1,0,0,0,0,1
U03990,Bangalore,budget,Beverages|Street Food|North Indian|South Indian,394.69,7,6.9,non-veg,2025-02-07,0.3,0.0,,0.3,1,0,0,0,1,0
U03991,Pune,premium,Desserts|North Indian|South Indian|Italian,582.18,3,5.0,veg,2025-12-08,0.41666666666666663,2.0,dinner,0.0,0,1,0,1,0,0
U03992,Kolkata,budget,Fast Food|North Indian|Italian,378.21,3,0.7,non-veg,2024-05-25,0.0,1.0,late_night,0.0,1,0,0,0,1,0
U03993,Delhi,budget,South Indian|Fast Food|Biryani,139.52,5,19.8,both,2025-07-29,0.4,1.0,breakfast,1.0,1,0,0,0,0,1
U03994,Chennai,budget,South Indian|Beverages|Continental,302.21,11,2.0,veg,2025-08-04,0.42857142857142855,4.0,breakfast,0.5,1,0,0,1,0,0
U03995,Delhi,occasional,Beverages|Desserts,321.69,1,4.2,veg,2025-05-12,0.25,1.0,late_night,1.0,0,0,1,1,0,0
U03996,Delhi,budget,Street Food|Beverages,146.35,12,6.4,veg,2025-07-25,0.0,1.0,lunch,0.0,1,0,0,1,0,0
U03997,Delhi,occasional,Biryani|Fast Food,459.54,0,2.3,both,2025-08-27,0.375,2.0,lunch,0.0,0,0,1,0,0,1
U03998,Delhi,occasional,Desserts|Chinese,100.0,0,12.2,non-veg,2025-01-07,0.4,1.0,lunch,0.0,0,0,1,0,1,0
U03999,Pune,premium,Fast Food|Desserts|Italian,505.74,3,75.8,both,2025-07-12,0.6777777777777777,3.0,lunch,0.3333333333333333,0,1,0,0,0,1
U04000,Pune,occasional,North Indian|Street Food|Italian|South Indian,395.08,0,18.3,veg,2025-04-06,0.4,1.0,snack,0.0,0,0,1,1,0,0
U04001,Mumbai,occasional,Beverages|North Indian|Fast Food,362.48,1,4.8,both,2024-08-31,0.45,2.0,breakfast,0.0,0,0,1,0,0,1
U04002,Kolkata,occasional,Beverages|Street Food|Biryani|North Indian,554.21,1,1.6,both,2025-04-25,0.7083333333333333,2.0,dinner,0.0,0,0,1,0,0,1
U04003,Hyderabad,occasional,Chinese|North Indian,621.91,3,1.4,non-veg,2025-01-09,0.2,1.0,lunch,1.0,0,0,1,0,1,0
U04004,Chennai,premium,Desserts|Street Food|Biryani|North Indian,674.92,6,4.2,veg,2024-05-11,0.7083333333333334,4.0,breakfast,0.25,0,1,0,1,0,0
U04005,Kolkata,occasional,Italian|Beverages|Street Food,466.58,4,0.7,veg,2025-05-09,0.07142857142857142,2.0,dinner,0.5,0,0,1,1,0,0
U04006,Chennai,budget,Chinese|Desserts|Street Food|Biryani,320.57,15,8.7,both,2024-03-25,0.3,0.0,,0.3,1,0,0,0,0,1
U04007,Delhi,occasional,Continental|Biryani,462.4,0,24.8,veg,2024-11-29,0.3111111111111111,3.0,breakfast,0.0,0,0,1,1,0,0
U04008,Delhi,premium,Chinese|Beverages|Street Food,695.38,5,15.3,both,2024-09-29,0.7071428571428572,3.0,breakfast,0.3333333333333333,0,1,0,0,0,1
U04009,Mumbai,budget,Chinese|Biryani,377.24,8,3.3,non-veg,2024-06-26,0.16666666666666666,2.0,lunch,0.5,1,0,0,0,1,0
U04010,Delhi,occasional,Desserts|South Indian,690.93,4,4.8,non-veg,2024-12-15,0.4666666666666667,2.0,breakfast,0.5,0,0,1,0,1,0
U04011,Mumbai,premium,South Indian|Chinese|Street Food|North Indian,617.08,3,62.0,both,2024-03-29,0.4,1.0,dinner,0.0,0,1,0,0,0,1
U04012,Mumbai,budget,Chinese|Continental|Fast Food|North Indian,124.18,0,12.4,both,2025-11-15,0.37916666666666665,4.0,dinner,0.25,1,0,0,0,0,1
U04013,Mumbai,budget,Italian|North Indian|Chinese,234.59,11,7.0,non-veg,2024-06-01,0.45,2.0,lunch,0.5,1,0,0,0,1,0
U04014,Mumbai,occasional,Continental|Desserts|Italian,459.99,1,0.6,non-veg,2024-11-07,0.48928571428571427,4.0,breakfast,0.25,0,0,1,0,1,0
U04015,Delhi,premium,Chinese|Desserts|Continental,536.45,3,30.8,veg,2024-04-30,1.0,1.0,breakfast,1.0,0,1,0,1,0,0
U04016,Pune,occasional,Chinese|North Indian|Desserts,319.58,2,2.1,veg,2025-01-06,0.45,2.0,breakfast,0.5,0,0,1,1,0,0
U04017,Bangalore,premium,Fast Food|Street Food|North Indian,757.45,4,8.7,non-veg,2024-04-06,0.7833333333333333,4.0,late_night,0.25,0,1,0,0,1,0
U04018,Pune,occasional,Biryani|South Indian|Italian|Street Food,202.89,1,4.5,veg,2025-10-10,0.3,3.0,breakfast,0.3333333333333333,0,0,1,1,0,0
U04019,Delhi,budget,Street Food|North Indian|Continental|Chinese,188.76,6,1.3,veg,2024-06-19,0.20833333333333331,4.0,late_night,0.25,1,0,0,1,0,0
U04020,Chennai,budget,Chinese|South Indian,199.19,8,7.8,both,2024-04-10,0.5416666666666666,2.0,dinner,0.0,1,0,0,0,0,1
U04021,Bangalore,occasional,Chinese|South Indian,333.1,3,1.5,both,2025-08-03,0.4107142857142857,2.0,dinner,0.5,0,0,1,0,0,1
U04022,Kolkata,occasional,Biryani|Fast Food,302.01,3,1.7,veg,2024-08-22,0.3333333333333333,1.0,breakfast,0.0,0,0,1,1,0,0
U04023,Pune,occasional,Biryani|Street Food,321.01,1,1.2,non-veg,2025-08-23,0.44047619047619047,4.0,breakfast,0.5,0,0,1,0,1,0
U04024,Kolkata,premium,Street Food|Desserts|Beverages,563.22,6,3.5,non-veg,2024-12-12,0.6,1.0,dinner,0.0,0,1,0,0,1,0
U04025,Mumbai,budget,South Indian|Continental,250.93,11,11.5,veg,2024-08-02,0.4222222222222222,3.0,lunch,0.0,1,0,0,1,0,0
U04026,Mumbai,premium,Street Food|Continental|North Indian,476.1,5,25.0,non-veg,2024-12-25,0.7142857142857143,1.0,lunch,0.0,0,1,0,0,1,0
U04027,Mumbai,premium,Chinese|North Indian|Street Food,433.92,6,0.5,non-veg,2024-12-26,0.47619047619047616,2.0,breakfast,0.0,0,1,0,0,1,0
U04028,Delhi,budget,Street Food|Beverages|Continental|Biryani,227.95,10,36.0,both,2024-08-08,0.25,4.0,lunch,0.5,1,0,0,0,0,1
U04029,Hyderabad,occasional,Biryani|Street Food,558.05,1,7.9,veg,2025-02-26,0.5833333333333333,2.0,dinner,1.0,0,0,1,1,0,0
U04030,Kolkata,budget,Desserts|Continental|Fast Food|Street Food,100.0,10,16.6,non-veg,2024-12-15,0.47619047619047616,2.0,breakfast,1.0,1,0,0,0,1,0
U04031,Pune,budget,South Indian|Desserts|Chinese,377.31,7,11.0,non-veg,2025-06-19,0.5,1.0,lunch,1.0,1,0,0,0,1,0
U04032,Mumbai,budget,Chinese|South Indian|Continental|Biryani,243.96,8,17.6,both,2024-11-07,0.45238095238095233,2.0,breakfast,0.5,1,0,0,0,0,1
U04033,Kolkata,premium,Chinese|South Indian,680.99,4,4.5,veg,2025-07-14,0.8,2.0,dinner,0.5,0,1,0,1,0,0
U04034,Delhi,occasional,Fast Food|South Indian,391.1,1,10.4,non-veg,2025-12-12,0.3,0.0,,0.3,0,0,1,0,1,0
U04035,Mumbai,budget,Continental|Fast Food,100.0,14,1.0,veg,2024-08-01,0.34523809523809523,4.0,breakfast,0.75,1,0,0,1,0,0
U04036,Delhi,occasional,Fast Food|Beverages,417.36,0,30.9,non-veg,2024-08-22,0.375,2.0,dinner,0.0,0,0,1,0,1,0
U04037,Chennai,budget,South Indian|Continental|Beverages|Desserts,185.04,8,15.2,veg,2024-05-08,0.26785714285714285,2.0,dinner,0.5,1,0,0,1,0,0
U04038,Hyderabad,budget,Desserts|Fast Food,220.69,8,1.1,non-veg,2024-06-17,0.41666666666666663,2.0,breakfast,0.0,1,0,0,0,1,0
U04039,Pune,budget,South Indian|Chinese|Italian|North Indian,332.09,6,2.7,non-veg,2024-07-14,0.3,0.0,,0.3,1,0,0,0,1,0
U04040,Bangalore,premium,Italian|Desserts,529.79,1,5.3,both,2024-11-21,0.3,0.0,,0.3,0,1,0,0,0,1
U04041,Hyderabad,budget,Chinese|North Indian,178.29,6,2.3,non-veg,2025-11-25,0.3,0.0,,0.3,1,0,0,0,1,0
U04042,Bangalore,budget,Italian|Chinese|Biryani,100.0,13,9.9,non-veg,2025-07-13,0.37142857142857144,2.0,late_night,0.5,1,0,0,0,1,0
U04043,Chennai,budget,Italian|South Indian|North Indian,158.71,10,1.0,veg,2025-03-04,0.5,1.0,breakfast,0.0,1,0,0,1,0,0
U04044,Pune,budget,Biryani|Chinese,239.35,9,1.4,non-veg,2025-04-26,0.31547619047619047,4.0,breakfast,0.25,1,0,0,0,1,0
U04045,Delhi,budget,Italian|Street Food|North Indian|Chinese,221.35,10,0.6,veg,2024-07-10,0.5714285714285714,1.0,late_night,0.0,1,0,0,1,0,0
U04046,Pune,budget,Desserts|Chinese,320.73,15,0.3,veg,2024-03-23,0.25,2.0,lunch,0.5,1,0,0,1,0,0
U04047,Kolkata,budget,Continental|North Indian|Street Food|Italian,234.19,4,24.6,both,2024-12-16,0.4222222222222222,3.0,dinner,0.3333333333333333,1,0,0,0,0,1
U04048,Chennai,budget,Desserts|Chinese|Beverages|Continental,196.93,7,6.5,veg,2024-11-07,0.2857142857142857,2.0,late_night,0.5,1,0,0,1,0,0
U04049,Delhi,budget,Chinese|Street Food,242.67,7,7.4,both,2025-06-30,0.2888888888888889,3.0,lunch,0.3333333333333333,1,0,0,0,0,1
U04050,Kolkata,premium,Continental|Desserts|Italian|South Indian,732.99,4,1.3,veg,2024-09-19,0.6666666666666666,2.0,dinner,0.0,0,1,0,1,0,0
U04051,Hyderabad,occasional,South Indian|Street Food|Biryani|Beverages,444.14,1,19.4,both,2025-10-03,0.3,0.0,,0.3,0,0,1,0,0,1
U04052,Pune,premium,Desserts|Chinese|Continental|Italian,519.74,3,4.3,veg,2025-10-12,0.8,2.0,dinner,0.5,0,1,0,1,0,0
U04053,Delhi,premium,Street Food|Fast Food|South Indian,428.25,6,7.0,non-veg,2026-01-27,0.5,1.0,snack,0.0,0,1,0,0,1,0
U04054,Bangalore,budget,Chinese|Street Food,297.15,8,3.2,both,2025-08-20,0.0,1.0,dinner,0.0,1,0,0,0,0,1
U04055,Delhi,budget,Continental|Chinese,174.65,8,21.2,non-veg,2025-10-18,0.17142857142857143,2.0,lunch,0.0,1,0,0,0,1,0
U04056,Pune,occasional,Street Food|Italian|Biryani|South Indian,510.97,1,2.5,non-veg,2024-10-12,0.25,1.0,breakfast,0.0,0,0,1,0,1,0
U04057,Pune,budget,South Indian|Street Food|Beverages|Chinese,414.88,7,8.0,non-veg,2026-01-07,0.25,3.0,breakfast,0.3333333333333333,1,0,0,0,1,0
U04058,Hyderabad,occasional,Beverages|Desserts|South Indian,255.52,1,28.0,non-veg,2024-04-01,0.5,1.0,lunch,1.0,0,0,1,0,1,0
U04059,Bangalore,budget,Biryani|Chinese|North Indian,156.1,8,18.8,non-veg,2024-04-17,0.33888888888888885,3.0,breakfast,0.0,1,0,0,0,1,0
U04060,Chennai,occasional,South Indian|Fast Food|Italian|Desserts,394.51,3,17.1,non-veg,2025-11-12,0.40476190476190477,2.0,late_night,0.0,0,0,1,0,1,0
U04061,Chennai,budget,Beverages|Continental,293.73,12,4.4,both,2024-12-04,0.26944444444444443,6.0,late_night,0.16666666666666666,1,0,0,0,0,1
U04062,Bangalore,budget,Street Food|South Indian|Biryani,183.17,9,1.5,both,2024-05-30,0.26666666666666666,2.0,dinner,0.0,1,0,0,0,0,1
U04063,Hyderabad,budget,Street Food|Italian|Fast Food|Chinese,277.96,10,5.0,non-veg,2024-03-22,0.3095238095238095,5.0,lunch,0.2,1,0,0,0,1,0
U04064,Hyderabad,occasional,North Indian|Chinese,632.93,2,15.2,non-veg,2024-12-23,0.3,0.0,,0.3,0,0,1,0,1,0
U04065,Hyderabad,occasional,Desserts|Street Food|Continental,524.03,1,5.2,non-veg,2025-08-06,0.2888888888888889,3.0,dinner,0.6666666666666666,0,0,1,0,1,0
U04066,Chennai,budget,Continental|South Indian|Chinese,313.75,4,29.5,both,2025-03-02,0.325,2.0,breakfast,0.5,1,0,0,0,0,1
U04067,Hyderabad,budget,Fast Food|Street Food,247.51,9,12.1,non-veg,2024-05-30,0.25,4.0,breakfast,0.5,1,0,0,0,1,0
U04068,Chennai,budget,Biryani|Continental,327.56,10,1.5,both,2025-06-13,0.24206349206349206,3.0,breakfast,0.0,1,0,0,0,0,1
U04069,Chennai,budget,Desserts|North Indian|Beverages,120.54,9,4.5,veg,2025-03-28,0.26904761904761904,4.0,breakfast,0.25,1,0,0,1,0,0
U04070,Delhi,budget,Continental|North Indian|Beverages|Chinese,393.06,11,1.1,both,2024-04-25,0.23650793650793653,3.0,breakfast,0.3333333333333333,1,0,0,0,0,1
U04071,Hyderabad,premium,Continental|Desserts,532.1,1,8.4,non-veg,2024-11-20,0.5333333333333333,3.0,breakfast,0.0,0,1,0,0,1,0
U04072,Chennai,occasional,South Indian|Beverages|Desserts,455.42,2,2.0,veg,2024-09-18,0.3,0.0,,0.3,0,0,1,1,0,0
U04073,Bangalore,premium,North Indian|Street Food|Beverages|Chinese,734.07,1,8.6,non-veg,2024-03-02,0.8,1.0,lunch,0.0,0,1,0,0,1,0
U04074,Hyderabad,occasional,Street Food|Biryani|Fast Food,263.83,1,23.4,non-veg,2024-12-08,0.75,1.0,lunch,0.0,0,0,1,0,1,0
U04075,Mumbai,premium,Street Food|Italian,637.47,1,1.4,non-veg,2024-05-15,0.3333333333333333,2.0,breakfast,0.0,0,1,0,0,1,0
U04076,Kolkata,premium,Fast Food|South Indian|Desserts|Italian,536.64,8,8.5,veg,2025-05-24,0.3,0.0,,0.3,0,1,0,1,0,0
U04077,Mumbai,occasional,Street Food|Biryani|Italian,712.62,0,10.1,non-veg,2024-12-15,0.3,0.0,,0.3,0,0,1,0,1,0
U04078,Pune,budget,Street Food|Continental|South Indian|Italian,298.36,9,6.5,non-veg,2025-04-03,0.39285714285714285,2.0,dinner,0.5,1,0,0,0,1,0
U04079,Kolkata,occasional,Street Food|North Indian|Fast Food|Chinese,274.3,2,39.8,non-veg,2025-03-10,0.3,0.0,,0.3,0,0,1,0,1,0
U04080,Bangalore,occasional,Chinese|Street Food|Desserts|North Indian,188.65,2,22.5,non-veg,2025-02-27,0.2,1.0,breakfast,0.0,0,0,1,0,1,0
U04081,Delhi,budget,North Indian|Chinese,275.22,3,15.2,veg,2024-12-15,0.125,3.0,breakfast,0.6666666666666666,1,0,0,1,0,0
U04082,Delhi,budget,North Indian|Desserts|Street Food,209.45,7,14.2,veg,2025-04-06,0.2976190476190476,2.0,dinner,0.0,1,0,0,1,0,0
U04083,Chennai,occasional,North Indian|Continental|Chinese|Beverages,206.12,3,0.8,both,2024-07-29,0.49523809523809526,4.0,lunch,0.5,0,0,1,0,0,1
U04084,Kolkata,occasional,Biryani|Street Food|South Indian,310.48,2,18.4,non-veg,2025-06-15,0.16666666666666666,1.0,lunch,0.0,0,0,1,0,1,0
U04085,Bangalore,budget,Street Food|Continental|Italian|Desserts,285.1,10,8.4,both,2024-03-17,0.3,0.0,,0.3,1,0,0,0,0,1
U04086,Kolkata,occasional,Biryani|Beverages,460.55,3,13.8,non-veg,2025-03-21,0.6833333333333333,4.0,breakfast,0.5,0,0,1,0,1,0
U04087,Pune,occasional,Street Food|Italian|Beverages|Chinese,373.95,2,14.1,non-veg,2025-10-11,0.4,1.0,breakfast,0.0,0,0,1,0,1,0
U04088,Chennai,budget,Desserts|Italian|North Indian,315.95,7,29.9,both,2025-08-28,0.5714285714285714,1.0,dinner,1.0,1,0,0,0,0,1
U04089,Hyderabad,occasional,North Indian|Continental|Street Food,392.97,2,9.3,both,2025-06-24,0.525,4.0,late_night,0.25,0,0,1,0,0,1
U04090,Bangalore,budget,Biryani|Desserts|Street Food|North Indian,172.16,5,1.2,non-veg,2024-05-31,0.2833333333333333,2.0,breakfast,0.0,1,0,0,0,1,0
U04091,Kolkata,budget,Biryani|Italian|North Indian|Chinese,100.0,11,2.0,non-veg,2024-12-27,0.0,1.0,snack,1.0,1,0,0,0,1,0
U04092,Mumbai,occasional,Street Food|Fast Food,465.92,1,28.5,veg,2024-06-28,0.16666666666666666,1.0,breakfast,0.0,0,0,1,1,0,0
U04093,Delhi,premium,Street Food|Fast Food|Desserts,902.71,2,10.7,non-veg,2024-10-25,0.8,2.0,breakfast,0.0,0,1,0,0,1,0
U04094,Chennai,occasional,Street Food|Beverages,325.07,1,3.0,both,2026-01-08,0.6666666666666666,1.0,breakfast,0.0,0,0,1,0,0,1
U04095,Pune,budget,Street Food|Beverages,148.16,6,3.3,veg,2025-08-15,0.3,0.0,,0.3,1,0,0,1,0,0
U04096,Hyderabad,occasional,North Indian|Continental|South Indian|Biryani,389.3,2,21.5,both,2025-07-03,0.5166666666666666,4.0,lunch,0.25,0,0,1,0,0,1
U04097,Hyderabad,premium,South Indian|North Indian|Italian,643.98,2,27.2,both,2025-04-25,0.6333333333333333,4.0,dinner,0.25,0,1,0,0,0,1
U04098,Mumbai,premium,Fast Food|Chinese|North Indian,815.18,3,22.8,veg,2024-12-21,0.6,1.0,lunch,1.0,0,1,0,1,0,0
U04099,Hyderabad,premium,Biryani|Desserts|Street Food,488.35,3,19.7,veg,2025-01-09,0.7857142857142857,3.0,breakfast,0.3333333333333333,0,1,0,1,0,0
U04100,Delhi,occasional,North Indian|Desserts|Chinese,457.79,3,4.3,veg,2025-09-20,0.2833333333333333,2.0,dinner,0.5,0,0,1,1,0,0
U04101,Bangalore,budget,Biryani|Desserts|Beverages,287.57,8,8.6,both,2025-09-09,0.14285714285714285,1.0,snack,0.0,1,0,0,0,0,1
U04102,Mumbai,budget,Chinese|Continental|Street Food,331.88,6,0.7,veg,2025-09-22,0.19444444444444442,3.0,late_night,0.3333333333333333,1,0,0,1,0,0
U04103,Chennai,premium,Biryani|Italian,637.63,3,31.5,veg,2025-06-21,0.8,2.0,breakfast,0.0,0,1,0,1,0,0
U04104,Pune,occasional,Fast Food|Beverages|North Indian|Chinese,528.38,2,1.2,veg,2024-09-04,0.14285714285714285,2.0,late_night,0.5,0,0,1,1,0,0
U04105,Mumbai,occasional,Desserts|Fast Food|Street Food,349.23,1,3.8,veg,2025-02-28,0.23333333333333334,4.0,dinner,0.25,0,0,1,1,0,0
U04106,Mumbai,occasional,Italian|Desserts|Biryani|South Indian,389.58,0,8.1,veg,2025-10-21,0.3333333333333333,1.0,late_night,1.0,0,0,1,1,0,0
U04107,Kolkata,premium,Street Food|Italian,574.95,5,12.1,both,2025-03-13,0.75,2.0,breakfast,0.5,0,1,0,0,0,1
U04108,Bangalore,premium,South Indian|Chinese|Fast Food,591.82,4,12.5,non-veg,2025-02-20,0.3,0.0,,0.3,0,1,0,0,1,0
U04109,Pune,premium,Italian|South Indian|Chinese,603.93,4,4.7,veg,2024-05-27,0.25,2.0,breakfast,0.0,0,1,0,1,0,0
U04110,Bangalore,budget,Italian|Desserts,281.2,9,3.1,veg,2025-09-19,0.2791666666666667,4.0,lunch,0.5,1,0,0,1,0,0
U04111,Pune,budget,South Indian|Continental,301.66,6,9.2,non-veg,2024-10-01,0.4,1.0,lunch,0.0,1,0,0,0,1,0
U04112,Delhi,budget,Chinese|Beverages|Street Food|South Indian,100.0,9,30.3,non-veg,2024-11-18,0.5,1.0,breakfast,0.0,1,0,0,0,1,0
U04113,Kolkata,occasional,Street Food|Continental|Italian,259.84,1,42.5,both,2024-05-05,0.4928571428571429,5.0,breakfast,0.6,0,0,1,0,0,1
U04114,Mumbai,budget,Biryani|Continental|Street Food|South Indian,277.55,9,9.5,veg,2025-07-26,0.16666666666666666,3.0,dinner,0.0,1,0,0,1,0,0
U04115,Chennai,budget,Fast Food|Chinese|Biryani|South Indian,345.32,7,4.6,veg,2025-03-13,0.30000000000000004,2.0,dinner,0.0,1,0,0,1,0,0
U04116,Bangalore,premium,South Indian|Street Food|Biryani,722.44,4,19.3,non-veg,2024-09-14,0.8333333333333334,1.0,dinner,1.0,0,1,0,0,1,0
U04117,Mumbai,occasional,South Indian|Beverages|Continental|North Indian,347.84,3,0.4,veg,2025-02-17,0.16666666666666666,2.0,dinner,0.5,0,0,1,1,0,0
U04118,Bangalore,budget,North Indian|Biryani|Fast Food|Beverages,280.0,12,0.6,non-veg,2025-10-25,0.0,1.0,lunch,0.0,1,0,0,0,1,0
U04119,Mumbai,budget,Beverages|Fast Food|Street Food,173.07,6,2.1,both,2024-10-02,0.2222222222222222,3.0,dinner,0.0,1,0,0,0,0,1
U04120,Delhi,budget,Italian|Biryani|Chinese,232.12,11,9.6,both,2025-03-29,0.2833333333333333,2.0,lunch,0.5,1,0,0,0,0,1
U04121,Hyderabad,budget,Fast Food|South Indian|Beverages|North Indian,205.27,8,2.7,non-veg,2025-01-28,0.3849206349206349,3.0,breakfast,0.6666666666666666,1,0,0,0,1,0
U04122,Chennai,budget,Continental|Beverages|Italian,389.86,3,1.8,non-veg,2025-05-06,0.3,0.0,,0.3,1,0,0,0,1,0
U04123,Mumbai,budget,Italian|North Indian|Biryani|South Indian,223.98,12,0.6,both,2024-09-14,0.36507936507936506,3.0,dinner,0.6666666666666666,1,0,0,0,0,1
U04124,Chennai,occasional,North Indian|Italian|Street Food|Continental,203.08,0,22.6,veg,2024-08-03,0.3375,4.0,breakfast,0.75,0,0,1,1,0,0
U04125,Delhi,budget,South Indian|Continental|Italian,235.51,3,34.6,both,2025-05-27,0.4366666666666667,5.0,breakfast,0.2,1,0,0,0,0,1
U04126,Kolkata,budget,Street Food|Chinese|Desserts|North Indian,256.15,11,0.2,non-veg,2024-08-20,0.20833333333333331,2.0,dinner,0.0,1,0,0,0,1,0
U04127,Hyderabad,budget,Street Food|Chinese|South Indian|Continental,100.0,7,0.3,non-veg,2025-08-02,0.3277777777777778,3.0,breakfast,0.0,1,0,0,0,1,0
U04128,Hyderabad,budget,Beverages|Italian|North Indian|Chinese,124.2,6,0.3,veg,2024-07-08,0.34285714285714286,2.0,late_night,0.5,1,0,0,1,0,0
U04129,Hyderabad,premium,Biryani|South Indian,576.73,3,42.9,both,2025-03-13,0.75,1.0,lunch,0.0,0,1,0,0,0,1
U04130,Delhi,occasional,Beverages|Fast Food,419.25,2,17.4,veg,2024-12-05,0.3,0.0,,0.3,0,0,1,1,0,0
U04131,Mumbai,occasional,Italian|Biryani|Continental|Beverages,170.49,3,4.8,veg,2024-08-21,0.5761904761904763,3.0,breakfast,0.3333333333333333,0,0,1,1,0,0
U04132,Bangalore,budget,Street Food|South Indian,285.95,9,6.3,both,2025-01-28,0.2857142857142857,1.0,lunch,0.0,1,0,0,0,0,1
U04133,Hyderabad,budget,Beverages|Italian|Fast Food|Chinese,245.9,10,1.1,non-veg,2025-01-02,0.07142857142857142,2.0,dinner,0.5,1,0,0,0,1,0
U04134,Hyderabad,budget,Beverages|Continental,187.77,6,12.0,veg,2025-01-05,0.14285714285714285,1.0,lunch,0.0,1,0,0,1,0,0
U04135,Delhi,occasional,Desserts|South Indian|Fast Food|Street Food,350.45,4,10.6,veg,2025-06-27,0.2552380952380952,5.0,breakfast,0.2,0,0,1,1,0,0
U04136,Kolkata,occasional,Chinese|Fast Food|Desserts,605.82,4,19.4,non-veg,2024-04-23,0.5833333333333333,2.0,dinner,0.0,0,0,1,0,1,0
U04137,Kolkata,budget,Fast Food|Biryani|North Indian,177.6,7,10.1,veg,2024-05-13,0.20833333333333331,2.0,late_night,0.0,1,0,0,1,0,0
U04138,Chennai,premium,Continental|North Indian|Street Food|Beverages,827.65,4,16.6,non-veg,2025-12-09,0.6666666666666666,3.0,breakfast,0.3333333333333333,0,1,0,0,1,0
U04139,Chennai,budget,Street Food|Biryani|Beverages|South Indian,213.89,8,6.4,non-veg,2024-06-15,0.3666666666666667,3.0,lunch,0.3333333333333333,1,0,0,0,1,0
U04140,Bangalore,premium,Italian|Biryani|Chinese|North Indian,552.79,4,5.4,non-veg,2025-11-01,0.4910714285714286,4.0,breakfast,0.5,0,1,0,0,1,0
U04141,Chennai,budget,Desserts|Street Food|Fast Food|Chinese,206.11,5,17.6,non-veg,2025-08-06,0.2,1.0,dinner,0.0,1,0,0,0,1,0
U04142,Pune,budget,Desserts|Fast Food|Street Food,355.37,12,3.2,veg,2024-05-03,0.25,1.0,snack,1.0,1,0,0,1,0,0
U04143,Kolkata,budget,Continental|Beverages|Biryani|Italian,196.64,6,20.0,non-veg,2025-08-06,0.1,2.0,breakfast,0.0,1,0,0,0,1,0
U04144,Chennai,budget,Beverages|Biryani|Street Food,134.51,7,8.2,non-veg,2024-08-13,0.3125,4.0,late_night,0.25,1,0,0,0,1,0
U04145,Delhi,budget,South Indian|North Indian|Chinese|Continental,343.31,5,1.1,both,2025-11-15,0.3904761904761905,5.0,dinner,0.8,1,0,0,0,0,1
U04146,Hyderabad,occasional,Continental|Beverages|South Indian|Desserts,147.43,3,25.9,both,2025-09-09,0.5055555555555555,3.0,breakfast,0.3333333333333333,0,0,1,0,0,1
U04147,Mumbai,budget,Street Food|Italian|Beverages|North Indian,345.03,9,5.8,non-veg,2024-10-11,0.3333333333333333,1.0,lunch,1.0,1,0,0,0,1,0
U04148,Bangalore,budget,Continental|Street Food|Fast Food,181.94,11,4.0,non-veg,2025-05-04,0.125,4.0,breakfast,0.25,1,0,0,0,1,0
U04149,Mumbai,occasional,Fast Food|Italian,430.92,2,10.1,non-veg,2024-11-18,0.6142857142857143,2.0,lunch,0.5,0,0,1,0,1,0
U04150,Hyderabad,budget,Street Food|Desserts,237.15,8,11.7,both,2024-08-10,0.2857142857142857,1.0,dinner,0.0,1,0,0,0,0,1
U04151,Bangalore,occasional,Chinese|Italian,449.38,2,4.6,veg,2024-04-14,0.5,1.0,breakfast,0.0,0,0,1,1,0,0
U04152,Bangalore,budget,Street Food|Continental,335.62,8,2.9,veg,2025-02-12,0.27499999999999997,4.0,dinner,0.5,1,0,0,1,0,0
U04153,Kolkata,occasional,Street Food|South Indian|Continental,464.83,2,12.2,non-veg,2024-06-15,0.3,0.0,,0.3,0,0,1,0,1,0
U04154,Delhi,budget,Beverages|Street Food|South Indian|Chinese,276.71,10,2.6,veg,2025-02-17,0.24666666666666667,5.0,breakfast,0.2,1,0,0,1,0,0
U04155,Chennai,occasional,North Indian|Chinese,139.31,2,11.1,non-veg,2025-10-12,0.5,1.0,lunch,1.0,0,0,1,0,1,0
U04156,Hyderabad,occasional,Continental|North Indian|Biryani,397.6,1,6.9,non-veg,2025-03-10,0.3333333333333333,1.0,dinner,1.0,0,0,1,0,1,0
U04157,Delhi,budget,Desserts|Continental|Italian|South Indian,213.18,8,5.2,non-veg,2025-01-10,0.2857142857142857,1.0,dinner,1.0,1,0,0,0,1,0
U04158,Bangalore,budget,Biryani|Street Food|North Indian|Desserts,403.48,6,1.9,non-veg,2024-10-09,0.3055555555555555,3.0,breakfast,0.0,1,0,0,0,1,0
U04159,Pune,occasional,Biryani|Italian,424.01,3,14.6,veg,2025-09-20,0.373015873015873,3.0,late_night,0.0,0,0,1,1,0,0
U04160,Pune,premium,North Indian|South Indian|Street Food,467.91,3,42.0,non-veg,2024-06-17,0.7023809523809524,3.0,dinner,0.0,0,1,0,0,1,0
U04161,Delhi,occasional,South Indian|North Indian|Italian|Desserts,457.82,1,22.7,both,2024-07-31,0.4369047619047619,3.0,breakfast,0.0,0,0,1,0,0,1
U04162,Delhi,premium,Beverages|Fast Food|Chinese|Biryani,632.04,4,2.1,non-veg,2025-03-11,0.4,1.0,dinner,0.0,0,1,0,0,1,0
U04163,Mumbai,occasional,Italian|Desserts,385.03,1,4.3,veg,2025-12-15,0.525,2.0,breakfast,0.5,0,0,1,1,0,0
U04164,Chennai,budget,Street Food|Biryani,211.73,12,7.2,non-veg,2024-07-29,0.5,1.0,lunch,0.0,1,0,0,0,1,0
U04165,Kolkata,premium,Street Food|South Indian,586.3,5,6.7,non-veg,2025-12-15,0.6666666666666667,2.0,dinner,0.0,0,1,0,0,1,0
U04166,Mumbai,budget,North Indian|Chinese|Fast Food,131.44,5,9.7,both,2025-06-24,0.125,4.0,dinner,0.5,1,0,0,0,0,1
U04167,Pune,premium,Italian|Desserts|South Indian,650.96,5,21.1,non-veg,2025-02-10,1.0,2.0,dinner,0.0,0,1,0,0,1,0
U04168,Pune,budget,Beverages|Italian|Desserts|Continental,117.08,5,0.6,non-veg,2024-12-12,0.34285714285714286,2.0,late_night,1.0,1,0,0,0,1,0
U04169,Delhi,occasional,South Indian|Italian|Biryani,556.2,2,1.9,veg,2024-08-24,0.3,0.0,,0.3,0,0,1,1,0,0
U04170,Pune,occasional,Desserts|Italian|Street Food|Chinese,100.0,4,0.7,non-veg,2025-05-25,0.5714285714285714,2.0,late_night,0.0,0,0,1,0,1,0
U04171,Kolkata,occasional,North Indian|Continental|Biryani|Fast Food,411.47,0,9.1,both,2025-03-04,0.3333333333333333,2.0,dinner,0.0,0,0,1,0,0,1
U04172,Kolkata,budget,South Indian|Biryani|Fast Food,200.82,6,0.7,both,2024-10-23,0.3871428571428571,5.0,breakfast,0.2,1,0,0,0,0,1
U04173,Pune,premium,South Indian|Biryani,630.16,2,4.5,non-veg,2024-12-28,0.6666666666666666,1.0,lunch,0.0,0,1,0,0,1,0
U04174,Kolkata,budget,Italian|Beverages|Chinese,154.64,11,18.3,both,2025-01-27,0.3666666666666667,2.0,dinner,1.0,1,0,0,0,0,1
U04175,Mumbai,budget,South Indian|Desserts,314.63,7,0.9,non-veg,2025-04-05,0.41666666666666663,2.0,late_night,1.0,1,0,0,0,1,0
U04176,Delhi,budget,Continental|North Indian|Chinese,312.31,9,7.6,veg,2024-08-25,0.39999999999999997,3.0,breakfast,0.6666666666666666,1,0,0,1,0,0
U04177,Delhi,budget,Beverages|Chinese|Continental,103.85,8,7.7,non-veg,2025-12-30,0.375,2.0,dinner,0.5,1,0,0,0,1,0
U04178,Kolkata,premium,Street Food|Desserts,640.71,3,1.8,both,2024-04-02,0.5895238095238096,5.0,dinner,0.4,0,1,0,0,0,1
U04179,Hyderabad,occasional,North Indian|Biryani|Italian,355.59,4,9.8,both,2025-03-31,0.42857142857142855,1.0,breakfast,0.0,0,0,1,0,0,1
U04180,Delhi,budget,South Indian|Desserts|Fast Food|Chinese,269.84,4,5.8,veg,2025-11-18,0.41428571428571426,2.0,late_night,0.5,1,0,0,1,0,0
U04181,Kolkata,budget,Desserts|South Indian|North Indian|Beverages,281.65,7,3.1,non-veg,2024-04-29,0.4533333333333333,5.0,dinner,0.2,1,0,0,0,1,0
U04182,Pune,occasional,Biryani|Italian|Continental,587.31,1,18.8,non-veg,2024-07-28,0.5,1.0,lunch,1.0,0,0,1,0,1,0
U04183,Kolkata,budget,Fast Food|Desserts|Continental|North Indian,150.04,10,3.2,both,2025-01-10,0.2619047619047619,3.0,snack,0.0,1,0,0,0,0,1
U04184,Bangalore,premium,Italian|Street Food,653.92,4,5.8,non-veg,2024-07-17,0.6416666666666666,4.0,dinner,0.25,0,1,0,0,1,0
U04185,Bangalore,premium,Beverages|Italian,658.34,3,2.4,veg,2026-01-19,0.5,3.0,breakfast,0.3333333333333333,0,1,0,1,0,0
U04186,Mumbai,budget,Beverages|Desserts,275.95,12,5.9,non-veg,2025-06-28,0.6666666666666666,1.0,lunch,1.0,1,0,0,0,1,0
U04187,Hyderabad,occasional,Street Food|South Indian,296.35,0,3.8,non-veg,2025-05-03,0.43452380952380953,4.0,dinner,0.25,0,0,1,0,1,0
U04188,Pune,budget,Fast Food|Beverages|South Indian,325.73,10,3.9,non-veg,2024-08-04,0.45634920634920634,3.0,breakfast,0.0,1,0,0,0,1,0
U04189,Kolkata,premium,Italian|Biryani|Continental|North Indian,594.28,5,4.0,non-veg,2024-06-17,0.3,0.0,,0.3,0,1,0,0,1,0
U04190,Hyderabad,budget,North Indian|Desserts|Beverages|Italian,217.12,8,13.3,non-veg,2025-05-06,0.29166666666666663,2.0,dinner,0.0,1,0,0,0,1,0
U04191,Pune,occasional,Continental|North Indian|Chinese|South Indian,435.67,2,8.5,both,2024-08-28,0.5317460317460317,3.0,dinner,0.6666666666666666,0,0,1,0,0,1
U04192,Chennai,premium,Continental|Street Food|Beverages,494.71,2,8.3,veg,2025-04-26,0.5,1.0,dinner,0.0,0,1,0,1,0,0
U04193,Kolkata,budget,Biryani|South Indian|Italian,290.49,7,27.5,non-veg,2025-02-25,0.2634920634920635,6.0,late_night,0.3333333333333333,1,0,0,0,1,0
U04194,Chennai,occasional,Beverages|Chinese|Continental|North Indian,525.0,2,4.6,veg,2024-10-20,0.5,1.0,lunch,0.0,0,0,1,1,0,0
U04195,Mumbai,occasional,North Indian|Desserts,283.66,1,8.0,non-veg,2024-07-10,0.25,2.0,breakfast,0.0,0,0,1,0,1,0
U04196,Chennai,budget,South Indian|Desserts,145.89,8,0.9,non-veg,2025-04-25,0.15476190476190477,2.0,breakfast,0.5,1,0,0,0,1,0
U04197,Kolkata,premium,North Indian|Italian|Fast Food|South Indian,652.24,5,0.5,veg,2024-06-02,0.5,2.0,late_night,0.0,0,1,0,1,0,0
U04198,Chennai,occasional,South Indian|Street Food|Beverages|Continental,262.59,2,14.5,non-veg,2024-07-15,0.41666666666666663,2.0,breakfast,1.0,0,0,1,0,1,0
U04199,Hyderabad,budget,Biryani|Street Food|Italian,313.56,2,5.6,non-veg,2025-06-02,0.3880952380952381,3.0,breakfast,0.3333333333333333,1,0,0,0,1,0
U04200,Delhi,occasional,Fast Food|Beverages|Street Food,381.69,3,20.5,both,2026-01-13,0.3,0.0,,0.3,0,0,1,0,0,1
U04201,Kolkata,premium,South Indian|Italian|North Indian,371.99,5,12.4,non-veg,2024-05-18,0.5714285714285714,1.0,snack,0.0,0,1,0,0,1,0
U04202,Bangalore,occasional,South Indian|Biryani|Italian|Fast Food,380.94,2,0.5,both,2024-04-15,0.4277777777777778,3.0,dinner,0.0,0,0,1,0,0,1
U04203,Kolkata,budget,North Indian|Chinese|Street Food,154.65,10,2.3,both,2024-12-18,0.3333333333333333,3.0,breakfast,0.3333333333333333,1,0,0,0,0,1
U04204,Delhi,premium,Fast Food|Chinese|North Indian,608.43,5,5.3,both,2025-05-04,0.6666666666666666,1.0,dinner,0.0,0,1,0,0,0,1
U04205,Bangalore,budget,Chinese|Italian|South Indian|Fast Food,100.0,17,1.7,both,2025-12-23,0.3,5.0,lunch,0.2,1,0,0,0,0,1
U04206,Pune,budget,Biryani|Beverages|Street Food|South Indian,140.75,5,1.3,non-veg,2026-01-20,0.4444444444444444,3.0,breakfast,0.3333333333333333,1,0,0,0,1,0
U04207,Mumbai,occasional,South Indian|North Indian|Street Food,653.41,3,14.4,veg,2024-09-08,0.5,1.0,breakfast,0.0,0,0,1,1,0,0
U04208,Pune,occasional,Fast Food|South Indian|Italian|Street Food,296.53,0,9.9,veg,2025-04-25,0.3333333333333333,1.0,breakfast,0.0,0,0,1,1,0,0
U04209,Mumbai,premium,Street Food|South Indian,335.27,3,20.8,non-veg,2025-11-28,0.5492063492063491,3.0,lunch,0.3333333333333333,0,1,0,0,1,0
U04210,Chennai,budget,Continental|Fast Food|South Indian,197.64,9,3.6,both,2024-04-18,0.2722222222222222,3.0,breakfast,0.3333333333333333,1,0,0,0,0,1
U04211,Delhi,budget,Fast Food|Street Food,112.1,7,10.4,both,2024-10-08,0.16666666666666666,1.0,late_night,1.0,1,0,0,0,0,1
U04212,Bangalore,budget,Street Food|Beverages|Chinese|Biryani,152.51,6,4.4,both,2024-12-24,0.3,0.0,,0.3,1,0,0,0,0,1
U04213,Mumbai,budget,Desserts|Italian|Chinese|South Indian,100.0,6,32.8,both,2025-01-10,0.41269841269841273,3.0,breakfast,0.3333333333333333,1,0,0,0,0,1
U04214,Bangalore,occasional,Fast Food|Chinese|Street Food,530.96,3,19.9,non-veg,2025-04-06,0.3520833333333333,4.0,breakfast,0.0,0,0,1,0,1,0
U04215,Bangalore,occasional,Italian|Chinese|Desserts,279.96,1,19.2,non-veg,2025-10-17,0.425,2.0,dinner,0.0,0,0,1,0,1,0
U04216,Bangalore,budget,Continental|North Indian|Street Food|South Indian,281.59,13,4.6,non-veg,2025-03-21,0.5,1.0,breakfast,1.0,1,0,0,0,1,0
U04217,Hyderabad,budget,Desserts|South Indian|Continental|Street Food,221.75,11,0.6,non-veg,2025-12-07,0.39999999999999997,3.0,breakfast,0.0,1,0,0,0,1,0
U04218,Hyderabad,premium,Chinese|Street Food,459.37,2,7.6,veg,2024-12-15,0.3333333333333333,1.0,breakfast,1.0,0,1,0,1,0,0
U04219,Hyderabad,occasional,Chinese|North Indian|Continental|Desserts,253.37,0,2.8,non-veg,2025-12-23,0.30952380952380953,2.0,dinner,0.0,0,0,1,0,1,0
U04220,Bangalore,occasional,Biryani|Italian|Desserts|Beverages,542.05,3,34.7,non-veg,2024-11-29,0.3,0.0,,0.3,0,0,1,0,1,0
U04221,Pune,occasional,South Indian|Biryani,212.25,3,15.7,non-veg,2025-07-10,0.5,2.0,dinner,0.0,0,0,1,0,1,0
U04222,Hyderabad,occasional,Continental|North Indian|Street Food|Chinese,427.33,1,14.3,both,2024-10-08,0.30000000000000004,2.0,breakfast,0.0,0,0,1,0,0,1
U04223,Hyderabad,budget,Biryani|North Indian|Street Food|Beverages,181.6,8,0.9,veg,2024-09-08,0.3611111111111111,3.0,breakfast,0.3333333333333333,1,0,0,1,0,0
U04224,Delhi,occasional,Biryani|North Indian,123.06,3,11.6,non-veg,2026-01-01,0.3375,4.0,breakfast,0.25,0,0,1,0,1,0
U04225,Kolkata,occasional,Italian|Beverages|South Indian,286.1,4,6.1,non-veg,2025-07-17,0.6,1.0,late_night,0.0,0,0,1,0,1,0
U04226,Kolkata,occasional,Beverages|Chinese,387.92,3,4.2,non-veg,2025-08-16,0.47619047619047616,2.0,breakfast,0.5,0,0,1,0,1,0
U04227,Bangalore,budget,Italian|Street Food,222.79,8,1.2,non-veg,2025-01-03,0.3333333333333333,1.0,dinner,0.0,1,0,0,0,1,0
U04228,Chennai,occasional,Street Food|Beverages,265.4,1,38.2,veg,2025-11-11,0.55,2.0,late_night,0.5,0,0,1,1,0,0
U04229,Pune,budget,Beverages|Chinese|Street Food,279.8,9,8.3,non-veg,2025-09-27,0.4222222222222222,3.0,breakfast,0.0,1,0,0,0,1,0
U04230,Bangalore,occasional,Biryani|Fast Food|Desserts,384.54,3,6.2,veg,2025-10-05,0.2,1.0,dinner,0.0,0,0,1,1,0,0
U04231,Hyderabad,premium,Continental|Chinese,750.01,5,5.2,veg,2024-07-16,0.3,0.0,,0.3,0,1,0,1,0,0
U04232,Kolkata,occasional,Beverages|North Indian,609.26,2,3.2,veg,2024-10-19,0.16666666666666666,2.0,breakfast,0.5,0,0,1,1,0,0
U04233,Mumbai,budget,Italian|Desserts|North Indian,240.37,7,0.8,non-veg,2025-09-01,0.4642857142857143,2.0,breakfast,0.5,1,0,0,0,1,0
U04234,Kolkata,premium,Fast Food|Continental,362.44,3,3.6,non-veg,2025-09-15,0.3,0.0,,0.3,0,1,0,0,1,0
U04235,Delhi,budget,Chinese|South Indian|Desserts,223.92,9,13.4,non-veg,2026-01-12,0.16666666666666666,2.0,late_night,0.5,1,0,0,0,1,0
U04236,Delhi,occasional,Chinese|Italian|Fast Food,438.13,4,21.6,veg,2025-11-04,0.29166666666666663,4.0,dinner,0.5,0,0,1,1,0,0
U04237,Delhi,premium,North Indian|Fast Food|Street Food|Biryani,709.38,3,5.2,non-veg,2024-10-28,0.75,1.0,dinner,0.0,0,1,0,0,1,0
U04238,Kolkata,budget,Chinese|Desserts|North Indian,311.11,7,7.1,veg,2025-06-28,0.3333333333333333,2.0,late_night,0.0,1,0,0,1,0,0
U04239,Pune,occasional,Desserts|Biryani,396.44,1,3.7,both,2025-03-10,0.39285714285714285,2.0,lunch,0.0,0,0,1,0,0,1
U04240,Bangalore,premium,Chinese|Beverages,453.65,7,19.1,non-veg,2024-12-05,0.3,0.0,,0.3,0,1,0,0,1,0
U04241,Bangalore,occasional,Beverages|Fast Food|North Indian|Biryani,415.98,1,2.6,veg,2025-09-12,0.25,2.0,lunch,0.5,0,0,1,1,0,0
U04242,Mumbai,budget,Biryani|Street Food|Continental,152.11,5,1.6,both,2025-10-05,0.3214285714285714,2.0,late_night,0.5,1,0,0,0,0,1
U04243,Hyderabad,occasional,Chinese|South Indian,364.26,1,13.0,both,2025-10-11,0.5,1.0,lunch,0.0,0,0,1,0,0,1
U04244,Chennai,occasional,South Indian|Biryani|Continental|Beverages,537.46,1,1.5,both,2024-11-13,0.6666666666666666,1.0,lunch,0.0,0,0,1,0,0,1
U04245,Chennai,budget,Fast Food|Street Food|Desserts,312.4,2,21.7,non-veg,2025-05-11,0.0,2.0,dinner,0.0,1,0,0,0,1,0
U04246,Hyderabad,occasional,Desserts|Street Food|Continental|South Indian,395.84,2,31.0,non-veg,2025-06-22,0.45555555555555555,3.0,lunch,0.3333333333333333,0,0,1,0,1,0
U04247,Hyderabad,budget,North Indian|Continental|Fast Food,245.63,10,0.2,non-veg,2025-03-14,0.625,2.0,lunch,0.0,1,0,0,0,1,0
U04248,Hyderabad,budget,North Indian|Street Food|Italian,246.29,11,1.9,both,2024-11-05,0.16666666666666666,1.0,lunch,0.0,1,0,0,0,0,1
U04249,Kolkata,premium,Street Food|South Indian|Continental|Fast Food,529.18,4,13.1,both,2025-12-25,0.7222222222222222,3.0,breakfast,0.3333333333333333,0,1,0,0,0,1
U04250,Hyderabad,occasional,Continental|Chinese|South Indian,394.68,0,9.2,non-veg,2024-11-06,0.45476190476190476,4.0,breakfast,0.5,0,0,1,0,1,0
U04251,Mumbai,premium,North Indian|Desserts,409.9,3,2.9,non-veg,2024-06-22,0.5,1.0,snack,0.0,0,1,0,0,1,0
U04252,Pune,premium,Street Food|Italian|Desserts|Fast Food,667.31,6,8.9,non-veg,2024-04-27,0.6011904761904762,4.0,dinner,0.0,0,1,0,0,1,0
U04253,Delhi,budget,Biryani|Italian,184.82,7,14.5,non-veg,2025-04-17,0.4,1.0,lunch,0.0,1,0,0,0,1,0
U04254,Chennai,budget,Street Food|Desserts|Fast Food,123.83,14,2.4,both,2024-10-25,0.21746031746031744,3.0,dinner,0.6666666666666666,1,0,0,0,0,1
U04255,Bangalore,budget,Chinese|South Indian|Italian|Fast Food,285.03,10,15.0,veg,2024-08-05,0.20833333333333331,2.0,dinner,0.0,1,0,0,1,0,0
U04256,Hyderabad,occasional,Fast Food|Desserts|Chinese,535.58,3,47.4,veg,2025-08-29,0.5,1.0,dinner,0.0,0,0,1,1,0,0
U04257,Pune,premium,Chinese|South Indian,972.03,5,2.9,both,2025-08-10,0.7666666666666666,3.0,dinner,0.6666666666666666,0,1,0,0,0,1
U04258,Delhi,premium,Beverages|Chinese|North Indian|Street Food,623.55,4,18.9,veg,2025-02-25,0.625,2.0,late_night,0.0,0,1,0,1,0,0
U04259,Bangalore,occasional,Italian|North Indian,282.09,1,32.8,veg,2025-11-26,0.6,1.0,late_night,0.0,0,0,1,1,0,0
U04260,Bangalore,budget,Street Food|Continental,374.69,9,1.8,non-veg,2025-01-07,0.3611111111111111,3.0,dinner,0.3333333333333333,1,0,0,0,1,0
U04261,Delhi,occasional,Desserts|Beverages|Italian,430.77,0,20.8,non-veg,2024-05-30,0.3333333333333333,3.0,breakfast,0.3333333333333333,0,0,1,0,1,0
U04262,Bangalore,budget,North Indian|Continental|South Indian|Street Food,276.4,2,10.4,veg,2025-05-14,0.1,2.0,breakfast,0.0,1,0,0,1,0,0
U04263,Bangalore,premium,North Indian|Continental|South Indian,707.39,11,1.4,non-veg,2024-12-30,0.5,1.0,dinner,0.0,0,1,0,0,1,0
U04264,Chennai,occasional,Chinese|Italian|Continental|Biryani,369.26,2,36.6,both,2024-09-08,0.5,1.0,late_night,0.0,0,0,1,0,0,1
U04265,Delhi,budget,Continental|Street Food|Beverages,207.59,5,33.6,both,2024-05-05,0.27539682539682536,6.0,breakfast,0.16666666666666666,1,0,0,0,0,1
U04266,Bangalore,budget,North Indian|Street Food|Biryani,336.93,8,7.4,both,2025-03-26,0.25,2.0,late_night,0.5,1,0,0,0,0,1
U04267,Chennai,premium,Street Food|Desserts,576.25,1,12.5,both,2024-09-23,0.7222222222222222,3.0,lunch,0.0,0,1,0,0,0,1
U04268,Mumbai,occasional,Italian|North Indian|Street Food,270.27,5,1.5,non-veg,2026-01-04,0.55,2.0,lunch,0.0,0,0,1,0,1,0
U04269,Chennai,occasional,Street Food|Fast Food|Italian|South Indian,248.36,3,17.4,non-veg,2024-11-09,0.4444444444444445,3.0,breakfast,0.0,0,0,1,0,1,0
U04270,Bangalore,occasional,Italian|Beverages,439.94,2,1.8,non-veg,2025-11-04,0.38095238095238093,2.0,breakfast,0.0,0,0,1,0,1,0
U04271,Bangalore,premium,South Indian|Biryani|Continental|Street Food,389.79,3,36.6,non-veg,2024-05-19,0.5722222222222223,3.0,dinner,0.6666666666666666,0,1,0,0,1,0
U04272,Chennai,budget,Biryani|Fast Food|Continental|Street Food,230.8,7,1.7,non-veg,2025-09-05,0.38095238095238093,2.0,breakfast,0.0,1,0,0,0,1,0
U04273,Kolkata,budget,Fast Food|Chinese|North Indian|South Indian,220.41,8,8.2,both,2024-04-16,0.38888888888888884,3.0,breakfast,0.3333333333333333,1,0,0,0,0,1
U04274,Mumbai,budget,North Indian|South Indian|Biryani|Street Food,350.92,8,0.2,non-veg,2025-03-02,0.22916666666666666,4.0,snack,0.0,1,0,0,0,1,0
U04275,Kolkata,budget,Fast Food|Desserts,236.93,6,1.7,both,2024-12-03,0.3,0.0,,0.3,1,0,0,0,0,1
U04276,Bangalore,budget,Biryani|Desserts|Fast Food,262.5,6,12.1,non-veg,2025-04-12,0.22916666666666666,4.0,breakfast,0.0,1,0,0,0,1,0
U04277,Chennai,budget,Fast Food|Desserts|Street Food|Italian,236.89,8,24.9,veg,2025-08-29,0.5,2.0,lunch,0.5,1,0,0,1,0,0
U04278,Pune,budget,South Indian|North Indian,322.06,4,4.1,veg,2024-07-13,0.16666666666666666,2.0,late_night,0.5,1,0,0,1,0,0
U04279,Delhi,budget,North Indian|Chinese|South Indian,160.47,8,24.3,non-veg,2024-08-26,0.41666666666666663,2.0,dinner,1.0,1,0,0,0,1,0
U04280,Delhi,occasional,Italian|Street Food,100.0,0,2.4,non-veg,2024-10-27,0.25,2.0,dinner,0.0,0,0,1,0,1,0
U04281,Chennai,budget,North Indian|Chinese|Desserts,331.85,6,0.4,non-veg,2025-09-05,0.3333333333333333,2.0,breakfast,0.5,1,0,0,0,1,0
U04282,Bangalore,occasional,Biryani|Street Food|South Indian|Italian,375.65,1,33.0,non-veg,2025-05-04,0.2833333333333333,2.0,lunch,0.0,0,0,1,0,1,0
U04283,Pune,occasional,Chinese|Beverages|Italian,410.32,4,1.7,both,2025-01-25,0.373015873015873,3.0,breakfast,0.3333333333333333,0,0,1,0,0,1
U04284,Pune,budget,Desserts|Fast Food,312.63,12,6.0,both,2025-08-17,0.0,1.0,dinner,0.0,1,0,0,0,0,1
U04285,Delhi,occasional,Beverages|North Indian|Street Food,565.45,2,19.5,veg,2025-04-01,0.6666666666666666,1.0,breakfast,0.0,0,0,1,1,0,0
U04286,Bangalore,budget,Continental|South Indian,276.41,9,7.9,both,2024-07-03,0.4666666666666666,3.0,lunch,0.3333333333333333,1,0,0,0,0,1
U04287,Delhi,budget,Biryani|South Indian|Street Food|Continental,252.17,2,3.6,non-veg,2024-11-25,0.3,0.0,,0.3,1,0,0,0,1,0
U04288,Bangalore,budget,Chinese|Biryani|Street Food|Fast Food,196.04,5,3.0,non-veg,2026-01-09,0.16666666666666666,2.0,breakfast,0.0,1,0,0,0,1,0
U04289,Mumbai,budget,Desserts|South Indian|North Indian|Beverages,350.32,4,11.3,both,2024-10-09,0.5,1.0,dinner,0.0,1,0,0,0,0,1
U04290,Chennai,budget,Italian|North Indian,242.96,4,11.4,both,2025-05-02,0.3666666666666667,2.0,dinner,0.0,1,0,0,0,0,1
U04291,Hyderabad,occasional,North Indian|Continental|South Indian,336.01,0,12.9,non-veg,2025-09-19,0.35,2.0,dinner,0.5,0,0,1,0,1,0
U04292,Chennai,premium,Street Food|Chinese,694.76,2,7.7,veg,2024-10-15,0.8166666666666667,2.0,breakfast,0.0,0,1,0,1,0,0
U04293,Bangalore,occasional,South Indian|Chinese,448.08,1,14.4,both,2025-07-06,0.42857142857142855,1.0,breakfast,0.0,0,0,1,0,0,1
U04294,Delhi,budget,Desserts|South Indian|Biryani|North Indian,296.04,12,8.4,non-veg,2025-09-21,0.30952380952380953,2.0,late_night,1.0,1,0,0,0,1,0
U04295,Bangalore,budget,Fast Food|Street Food|Biryani|North Indian,329.45,9,10.1,veg,2024-09-05,0.375,2.0,dinner,0.0,1,0,0,1,0,0
U04296,Pune,budget,Desserts|Biryani|Italian,176.11,10,1.5,non-veg,2025-05-08,0.14285714285714285,1.0,dinner,0.0,1,0,0,0,1,0
U04297,Mumbai,occasional,North Indian|Fast Food|Chinese,376.83,3,4.9,non-veg,2025-09-02,0.41666666666666663,2.0,dinner,0.5,0,0,1,0,1,0
U04298,Hyderabad,budget,Italian|Fast Food|Desserts,331.31,6,9.2,non-veg,2026-01-02,0.2261904761904762,3.0,dinner,0.3333333333333333,1,0,0,0,1,0
U04299,Bangalore,premium,South Indian|Biryani|Italian|North Indian,675.15,3,7.4,both,2025-01-18,0.625,2.0,breakfast,0.5,0,1,0,0,0,1
U04300,Hyderabad,budget,Italian|Fast Food|Beverages|Desserts,250.19,13,8.3,both,2025-08-28,0.14166666666666666,4.0,dinner,0.5,1,0,0,0,0,1
U04301,Mumbai,occasional,Biryani|Street Food,534.7,1,6.0,non-veg,2024-11-22,0.41666666666666663,2.0,breakfast,0.0,0,0,1,0,1,0
U04302,Bangalore,occasional,Desserts|Street Food|Chinese,637.63,3,4.1,non-veg,2025-08-13,0.3444444444444444,3.0,dinner,0.3333333333333333,0,0,1,0,1,0
U04303,Mumbai,budget,Chinese|Beverages,170.25,11,15.2,veg,2024-03-14,0.3,0.0,,0.3,1,0,0,1,0,0
U04304,Delhi,budget,Beverages|North Indian|Desserts,333.98,6,7.2,veg,2024-11-25,0.3,0.0,,0.3,1,0,0,1,0,0
U04305,Pune,occasional,Biryani|Desserts|Chinese,497.61,2,1.0,both,2025-09-16,0.45,3.0,dinner,0.3333333333333333,0,0,1,0,0,1
U04306,Mumbai,occasional,Continental|Beverages,237.21,3,37.1,non-veg,2024-12-05,0.25,1.0,dinner,1.0,0,0,1,0,1,0
U04307,Kolkata,budget,Beverages|Street Food|Fast Food|Desserts,176.29,6,0.2,both,2024-04-29,0.45,2.0,dinner,0.5,1,0,0,0,0,1
U04308,Mumbai,budget,Beverages|South Indian|Chinese,264.57,2,11.9,both,2024-06-14,0.4666666666666667,2.0,dinner,0.5,1,0,0,0,0,1
U04309,Bangalore,budget,Italian|Biryani|North Indian|Beverages,266.79,8,3.2,veg,2024-12-01,0.16666666666666666,1.0,lunch,0.0,1,0,0,1,0,0
U04310,Bangalore,occasional,Fast Food|Street Food|Beverages|Chinese,416.82,2,22.3,both,2025-08-31,0.5,1.0,dinner,0.0,0,0,1,0,0,1
U04311,Delhi,occasional,Biryani|Fast Food,297.37,3,14.3,both,2025-06-27,0.375,2.0,breakfast,0.0,0,0,1,0,0,1
U04312,Mumbai,premium,Fast Food|Desserts,595.21,2,17.9,both,2025-01-05,0.3333333333333333,1.0,dinner,0.0,0,1,0,0,0,1
U04313,Chennai,budget,South Indian|Chinese,101.07,7,3.4,non-veg,2025-10-31,0.3,3.0,breakfast,0.3333333333333333,1,0,0,0,1,0
U04314,Mumbai,budget,Desserts|Fast Food|Biryani|South Indian,287.8,11,0.7,non-veg,2025-01-27,0.0,2.0,dinner,0.5,1,0,0,0,1,0
U04315,Mumbai,occasional,Chinese|North Indian|Desserts|Biryani,559.98,1,7.2,both,2025-04-19,0.6166666666666667,2.0,lunch,1.0,0,0,1,0,0,1
U04316,Kolkata,budget,South Indian|Continental|Street Food,344.54,14,8.1,veg,2024-03-12,0.08333333333333333,2.0,breakfast,0.0,1,0,0,1,0,0
U04317,Pune,budget,Beverages|Italian|South Indian|Fast Food,159.95,8,13.2,both,2025-08-30,0.14285714285714285,1.0,breakfast,0.0,1,0,0,0,0,1
U04318,Hyderabad,budget,North Indian|Desserts,207.15,9,12.7,both,2025-06-02,0.4,1.0,breakfast,1.0,1,0,0,0,0,1
U04319,Mumbai,budget,Biryani|Fast Food,100.0,8,1.1,veg,2024-09-02,0.16666666666666666,2.0,dinner,0.0,1,0,0,1,0,0
U04320,Kolkata,premium,Chinese|South Indian|Fast Food|Beverages,473.39,3,9.5,non-veg,2024-11-24,0.3333333333333333,2.0,lunch,0.0,0,1,0,0,1,0
U04321,Chennai,budget,Desserts|Continental,185.63,5,16.4,non-veg,2025-05-07,0.3,0.0,,0.3,1,0,0,0,1,0
U04322,Kolkata,budget,Biryani|South Indian,349.9,7,7.2,veg,2025-10-16,0.26666666666666666,3.0,breakfast,0.3333333333333333,1,0,0,1,0,0
U04323,Bangalore,premium,South Indian|Chinese,732.63,5,29.8,veg,2025-01-13,0.3,0.0,,0.3,0,1,0,1,0,0
U04324,Mumbai,budget,Fast Food|South Indian,283.79,8,0.6,non-veg,2025-07-21,0.25,2.0,breakfast,0.0,1,0,0,0,1,0
U04325,Delhi,budget,South Indian|Desserts,300.91,7,0.5,veg,2025-12-06,0.47619047619047616,2.0,dinner,0.5,1,0,0,1,0,0
U04326,Mumbai,occasional,Street Food|Desserts|North Indian|Continental,105.04,1,33.8,non-veg,2025-05-27,0.5375,4.0,dinner,0.25,0,0,1,0,1,0
U04327,Hyderabad,budget,South Indian|Street Food,267.41,6,11.6,non-veg,2024-12-29,0.26666666666666666,2.0,late_night,0.0,1,0,0,0,1,0
U04328,Bangalore,budget,Italian|Chinese,224.51,10,18.1,both,2025-11-25,0.25,1.0,dinner,1.0,1,0,0,0,0,1
U04329,Pune,budget,South Indian|Beverages,100.0,8,28.7,non-veg,2024-07-13,0.26666666666666666,2.0,late_night,0.0,1,0,0,0,1,0
U04330,Kolkata,premium,Continental|North Indian|South Indian|Street Food,694.95,7,8.9,veg,2025-04-20,0.3333333333333333,1.0,late_night,1.0,0,1,0,1,0,0
U04331,Bangalore,budget,Italian|Fast Food,286.56,3,6.0,veg,2024-09-28,0.3416666666666667,4.0,lunch,0.0,1,0,0,1,0,0
U04332,Kolkata,budget,Italian|South Indian,316.86,5,1.2,non-veg,2024-09-06,0.47619047619047616,2.0,breakfast,0.5,1,0,0,0,1,0
U04333,Pune,budget,Continental|Beverages,196.82,6,0.6,non-veg,2024-03-31,0.14285714285714285,1.0,lunch,0.0,1,0,0,0,1,0
U04334,Chennai,premium,North Indian|South Indian|Desserts,833.97,7,4.7,veg,2025-08-21,0.16666666666666666,1.0,lunch,0.0,0,1,0,1,0,0
U04335,Kolkata,premium,Continental|North Indian|Fast Food,666.2,1,3.3,both,2025-10-19,0.8,1.0,breakfast,0.0,0,1,0,0,0,1
U04336,Chennai,budget,Fast Food|Beverages|Biryani|Desserts,178.07,7,6.2,both,2025-01-19,0.2261904761904762,3.0,dinner,0.0,1,0,0,0,0,1
U04337,Bangalore,occasional,South Indian|Continental|Italian|Beverages,465.51,3,15.6,veg,2025-02-13,0.5,1.0,late_night,0.0,0,0,1,1,0,0
U04338,Delhi,budget,Street Food|Chinese|South Indian,392.18,4,2.0,veg,2026-01-04,0.3,0.0,,0.3,1,0,0,1,0,0
U04339,Hyderabad,budget,Street Food|Continental,226.73,6,7.4,veg,2024-03-06,0.25,1.0,breakfast,0.0,1,0,0,1,0,0
U04340,Kolkata,budget,Street Food|North Indian|Beverages,369.96,13,4.0,veg,2025-09-09,0.24444444444444446,3.0,dinner,0.3333333333333333,1,0,0,1,0,0
U04341,Kolkata,occasional,Continental|North Indian|Italian,316.04,1,12.8,veg,2024-10-05,0.4583333333333333,2.0,breakfast,0.0,0,0,1,1,0,0
U04342,Bangalore,budget,South Indian|Desserts|North Indian,239.04,5,21.2,both,2024-07-11,0.41666666666666663,2.0,lunch,0.5,1,0,0,0,0,1
U04343,Pune,budget,South Indian|Beverages|Chinese|Continental,325.91,5,121.0,both,2025-07-04,0.08333333333333333,4.0,lunch,0.5,1,0,0,0,0,1
U04344,Pune,budget,Continental|Desserts|Fast Food|Italian,190.01,5,1.6,both,2024-09-12,0.34285714285714286,5.0,dinner,0.4,1,0,0,0,0,1
U04345,Kolkata,budget,Street Food|Italian,219.32,8,5.5,both,2024-09-18,0.375,2.0,dinner,0.0,1,0,0,0,0,1
U04346,Mumbai,occasional,North Indian|Beverages,425.86,2,9.1,both,2024-11-24,0.42857142857142855,1.0,dinner,0.0,0,0,1,0,0,1
U04347,Chennai,budget,North Indian|Chinese,245.16,7,12.6,veg,2025-04-09,0.25297619047619047,4.0,dinner,0.5,1,0,0,1,0,0
U04348,Chennai,budget,Street Food|Biryani,265.68,13,23.5,non-veg,2025-02-01,0.0,1.0,snack,0.0,1,0,0,0,1,0
U04349,Hyderabad,premium,North Indian|Continental|Chinese|Biryani,919.66,2,0.4,both,2025-05-09,0.6666666666666666,1.0,breakfast,1.0,0,1,0,0,0,1
U04350,Pune,occasional,Italian|Chinese|Continental,273.59,4,37.9,both,2024-12-19,0.3,0.0,,0.3,0,0,1,0,0,1
U04351,Delhi,budget,South Indian|Desserts,273.65,4,4.6,non-veg,2024-06-07,0.7142857142857143,1.0,dinner,0.0,1,0,0,0,1,0
U04352,Bangalore,budget,Continental|Desserts|Biryani,232.95,7,0.4,both,2024-10-18,0.125,4.0,dinner,0.5,1,0,0,0,0,1
U04353,Mumbai,budget,Beverages|North Indian|Desserts,347.9,12,2.3,veg,2024-10-31,0.3,0.0,,0.3,1,0,0,1,0,0
U04354,Pune,budget,Biryani|South Indian|Desserts|Fast Food,243.08,11,0.8,veg,2025-09-28,0.6666666666666666,1.0,lunch,0.0,1,0,0,1,0,0
U04355,Delhi,budget,Biryani|Chinese|South Indian|Street Food,260.89,7,2.9,both,2025-12-02,0.22499999999999998,4.0,lunch,0.0,1,0,0,0,0,1
U04356,Pune,occasional,Desserts|Fast Food,513.03,2,6.4,both,2025-09-01,0.3,0.0,,0.3,0,0,1,0,0,1
U04357,Hyderabad,premium,North Indian|Beverages,656.24,2,53.3,non-veg,2026-01-18,0.6071428571428571,3.0,dinner,0.3333333333333333,0,1,0,0,1,0
U04358,Delhi,budget,Biryani|North Indian,331.45,5,11.1,non-veg,2024-04-03,0.5033333333333333,5.0,breakfast,0.2,1,0,0,0,1,0
U04359,Chennai,premium,Chinese|Fast Food|Italian,577.26,4,0.4,both,2025-10-04,0.0,1.0,dinner,0.0,0,1,0,0,0,1
U04360,Chennai,budget,Italian|Chinese|Fast Food|Beverages,463.38,6,2.1,non-veg,2025-04-03,0.3821428571428571,4.0,snack,0.5,1,0,0,0,1,0
U04361,Chennai,premium,Italian|North Indian,678.52,1,10.4,veg,2026-01-17,0.4444444444444444,3.0,lunch,0.3333333333333333,0,1,0,1,0,0
U04362,Mumbai,premium,Desserts|South Indian,519.48,4,2.2,non-veg,2026-01-12,0.8333333333333334,1.0,lunch,0.0,0,1,0,0,1,0
U04363,Mumbai,budget,North Indian|Chinese,215.7,10,2.6,non-veg,2025-10-16,0.0,1.0,late_night,0.0,1,0,0,0,1,0
U04364,Mumbai,premium,Desserts|Beverages,243.03,4,1.3,non-veg,2025-01-19,0.6833333333333333,4.0,breakfast,0.25,0,1,0,0,1,0
U04365,Kolkata,occasional,Street Food|Desserts|Fast Food|Italian,430.37,1,23.5,both,2025-05-22,0.41666666666666663,4.0,lunch,0.0,0,0,1,0,0,1
U04366,Delhi,premium,Continental|Biryani|Italian|Chinese,793.09,7,4.9,both,2024-07-13,0.6190476190476191,2.0,dinner,0.5,0,1,0,0,0,1
U04367,Bangalore,premium,North Indian|Biryani,610.03,7,1.1,both,2026-01-10,0.6746031746031745,3.0,breakfast,0.0,0,1,0,0,0,1
U04368,Kolkata,occasional,Fast Food|Beverages,384.21,2,28.5,veg,2024-11-23,0.553968253968254,3.0,dinner,0.0,0,0,1,1,0,0
U04369,Mumbai,budget,Beverages|Street Food,151.24,7,2.6,veg,2024-06-07,0.0,1.0,dinner,1.0,1,0,0,1,0,0
U04370,Kolkata,premium,South Indian|Biryani|Beverages,699.78,2,19.2,non-veg,2025-05-20,0.6666666666666666,1.0,lunch,0.0,0,1,0,0,1,0
U04371,Chennai,budget,Biryani|South Indian|Chinese,213.7,6,5.1,both,2024-07-17,0.2,1.0,lunch,0.0,1,0,0,0,0,1
U04372,Kolkata,budget,Beverages|Continental,438.76,3,13.7,both,2025-02-24,0.16666666666666666,1.0,dinner,0.0,1,0,0,0,0,1
U04373,Kolkata,occasional,Chinese|Italian,194.63,3,33.5,veg,2024-05-31,0.3,0.0,,0.3,0,0,1,1,0,0
U04374,Mumbai,budget,Beverages|Street Food|South Indian|Chinese,213.27,8,13.6,veg,2025-01-22,0.225,2.0,late_night,0.0,1,0,0,1,0,0
U04375,Mumbai,budget,Desserts|North Indian,194.43,12,4.8,veg,2024-03-11,0.3,0.0,,0.3,1,0,0,1,0,0
U04376,Kolkata,occasional,Beverages|Chinese|Italian|Biryani,544.95,3,4.4,non-veg,2024-12-31,0.6666666666666666,1.0,breakfast,0.0,0,0,1,0,1,0
U04377,Bangalore,budget,Fast Food|Continental,182.15,11,3.6,veg,2024-11-08,0.3,0.0,,0.3,1,0,0,1,0,0
U04378,Kolkata,budget,Biryani|Fast Food|Desserts|Beverages,336.26,5,4.6,non-veg,2024-10-11,0.4,5.0,dinner,0.2,1,0,0,0,1,0
U04379,Hyderabad,budget,North Indian|Biryani,239.96,11,14.0,both,2025-11-22,0.4,1.0,late_night,1.0,1,0,0,0,0,1
U04380,Hyderabad,budget,North Indian|Beverages,169.28,4,36.0,both,2025-07-03,0.3,0.0,,0.3,1,0,0,0,0,1
U04381,Bangalore,budget,Beverages|South Indian|Biryani|Italian,127.68,8,1.4,non-veg,2025-05-03,0.16666666666666666,1.0,lunch,1.0,1,0,0,0,1,0
U04382,Kolkata,occasional,Beverages|Street Food|Italian|Continental,272.6,0,4.1,veg,2024-03-18,0.375,2.0,lunch,0.5,0,0,1,1,0,0
U04383,Pune,budget,Italian|South Indian,205.19,5,34.4,veg,2024-09-16,0.41666666666666663,2.0,dinner,0.0,1,0,0,1,0,0
U04384,Mumbai,premium,Italian|Street Food|North Indian,401.22,1,1.2,both,2025-07-21,0.6166666666666667,2.0,lunch,0.5,0,1,0,0,0,1
U04385,Hyderabad,budget,South Indian|Fast Food|Biryani,202.39,11,17.2,non-veg,2024-10-14,0.4583333333333333,2.0,breakfast,0.5,1,0,0,0,1,0
U04386,Pune,occasional,Desserts|North Indian,242.42,4,9.4,non-veg,2025-08-15,0.41111111111111115,3.0,dinner,0.0,0,0,1,0,1,0
U04387,Chennai,budget,Biryani|Fast Food,354.11,13,8.5,non-veg,2024-12-20,0.3333333333333333,2.0,lunch,0.5,1,0,0,0,1,0
U04388,Pune,budget,Desserts|Chinese|Beverages|South Indian,401.45,3,0.9,both,2024-07-08,0.16666666666666666,1.0,dinner,0.0,1,0,0,0,0,1
U04389,Chennai,occasional,North Indian|Beverages|Desserts,440.36,1,33.4,both,2024-11-15,0.5892857142857143,2.0,late_night,0.5,0,0,1,0,0,1
U04390,Mumbai,budget,North Indian|Beverages,279.3,6,4.7,both,2024-03-30,0.4880952380952381,4.0,breakfast,0.25,1,0,0,0,0,1
U04391,Hyderabad,budget,Italian|Chinese|Beverages|North Indian,134.94,4,5.7,non-veg,2025-06-30,0.35555555555555557,3.0,dinner,0.0,1,0,0,0,1,0
U04392,Mumbai,occasional,Street Food|Desserts,483.51,0,0.6,both,2024-09-27,0.4166666666666667,3.0,breakfast,0.3333333333333333,0,0,1,0,0,1
U04393,Hyderabad,occasional,Chinese|Biryani|Continental|South Indian,460.33,3,2.6,non-veg,2024-08-04,0.6507936507936508,3.0,dinner,0.6666666666666666,0,0,1,0,1,0
U04394,Hyderabad,occasional,Street Food|Beverages|North Indian|Italian,513.3,2,0.5,veg,2024-03-11,0.38095238095238093,3.0,breakfast,0.3333333333333333,0,0,1,1,0,0
U04395,Pune,occasional,Fast Food|Street Food,314.6,3,16.7,non-veg,2024-08-10,0.3,0.0,,0.3,0,0,1,0,1,0
U04396,Hyderabad,budget,Italian|Chinese|North Indian|Biryani,157.64,8,18.7,non-veg,2025-02-19,0.3333333333333333,4.0,breakfast,0.25,1,0,0,0,1,0
U04397,Kolkata,premium,Italian|Fast Food|North Indian,685.81,4,3.5,non-veg,2025-02-06,0.4857142857142857,3.0,breakfast,0.0,0,1,0,0,1,0
U04398,Kolkata,budget,Street Food|Chinese,343.14,4,2.2,both,2024-09-29,0.3,0.0,,0.3,1,0,0,0,0,1
U04399,Delhi,budget,Desserts|South Indian|Biryani|Fast Food,267.24,14,0.3,veg,2024-10-24,0.3333333333333333,1.0,dinner,0.0,1,0,0,1,0,0
U04400,Hyderabad,budget,North Indian|Biryani|Italian,249.13,4,19.0,non-veg,2024-02-29,0.2,1.0,dinner,0.0,1,0,0,0,1,0
U04401,Pune,premium,Biryani|Desserts|Beverages|North Indian,579.08,8,6.1,both,2024-09-29,0.6041666666666667,2.0,breakfast,0.5,0,1,0,0,0,1
U04402,Chennai,budget,Beverages|Continental|Biryani|Chinese,223.21,6,8.6,non-veg,2025-05-12,0.5,1.0,late_night,0.0,1,0,0,0,1,0
U04403,Delhi,budget,South Indian|North Indian|Italian,190.61,8,7.9,non-veg,2024-08-06,0.2222222222222222,3.0,late_night,0.0,1,0,0,0,1,0
U04404,Mumbai,budget,Chinese|Beverages,185.08,7,15.4,veg,2025-06-26,0.45,2.0,dinner,0.5,1,0,0,1,0,0
U04405,Kolkata,occasional,Chinese|Beverages|Italian,417.47,2,36.2,veg,2025-07-27,0.10873015873015873,6.0,lunch,0.0,0,0,1,1,0,0
U04406,Bangalore,premium,Chinese|Continental|Street Food|Italian,541.29,4,15.9,veg,2025-10-14,0.5238095238095238,3.0,lunch,0.6666666666666666,0,1,0,1,0,0
U04407,Bangalore,budget,Beverages|Biryani,468.77,13,3.2,veg,2024-04-01,0.4,1.0,dinner,0.0,1,0,0,1,0,0
U04408,Hyderabad,occasional,Continental|South Indian|Beverages,231.53,2,15.0,veg,2025-10-10,0.41666666666666663,2.0,breakfast,0.0,0,0,1,1,0,0
U04409,Hyderabad,budget,North Indian|Fast Food,275.19,9,10.3,veg,2025-08-19,0.41666666666666663,2.0,breakfast,0.0,1,0,0,1,0,0
U04410,Chennai,premium,Biryani|South Indian|Fast Food|Chinese,260.06,2,4.8,veg,2024-07-11,0.25,1.0,snack,0.0,0,1,0,1,0,0
U04411,Hyderabad,occasional,Street Food|Italian|North Indian|Chinese,395.62,0,140.7,non-veg,2025-08-01,0.4476190476190476,3.0,breakfast,0.3333333333333333,0,0,1,0,1,0
U04412,Bangalore,occasional,Continental|North Indian|Italian,406.85,1,23.5,veg,2024-06-08,0.41428571428571426,2.0,breakfast,0.5,0,0,1,1,0,0
U04413,Kolkata,budget,Chinese|North Indian,172.34,10,10.9,non-veg,2025-07-27,0.44285714285714284,2.0,dinner,0.0,1,0,0,0,1,0
U04414,Pune,premium,Continental|Street Food|North Indian,494.83,3,0.2,non-veg,2025-10-22,0.7321428571428572,4.0,breakfast,0.25,0,1,0,0,1,0
U04415,Mumbai,budget,Desserts|Fast Food,241.33,11,13.8,both,2024-09-07,0.24642857142857144,4.0,dinner,0.5,1,0,0,0,0,1
U04416,Kolkata,budget,North Indian|Desserts,202.64,10,25.1,non-veg,2024-07-17,0.5,1.0,lunch,1.0,1,0,0,0,1,0
U04417,Bangalore,occasional,Beverages|Continental,126.15,2,4.6,non-veg,2026-01-08,0.4,2.0,late_night,0.5,0,0,1,0,1,0
U04418,Delhi,budget,Desserts|Italian,217.43,7,8.8,non-veg,2024-10-28,0.325,2.0,late_night,0.0,1,0,0,0,1,0
U04419,Kolkata,premium,Biryani|North Indian,424.56,4,2.0,non-veg,2025-12-25,0.3,0.0,,0.3,0,1,0,0,1,0
U04420,Mumbai,budget,Italian|Continental|Chinese|Street Food,253.72,8,2.8,non-veg,2024-10-15,0.2375,4.0,dinner,0.0,1,0,0,0,1,0
U04421,Delhi,occasional,Fast Food|Desserts|Italian,393.3,2,19.0,non-veg,2025-10-04,0.3666666666666667,2.0,dinner,0.0,0,0,1,0,1,0
U04422,Kolkata,budget,Chinese|Fast Food|Beverages,252.74,6,18.8,non-veg,2024-11-10,0.47619047619047616,2.0,breakfast,0.0,1,0,0,0,1,0
U04423,Delhi,budget,North Indian|Street Food|Italian|Fast Food,282.05,8,9.4,veg,2025-12-25,0.2888888888888889,3.0,breakfast,0.6666666666666666,1,0,0,1,0,0
U04424,Pune,occasional,Biryani|Fast Food|North Indian,289.73,2,25.3,veg,2025-08-20,0.6071428571428572,2.0,dinner,0.5,0,0,1,1,0,0
U04425,Mumbai,premium,Continental|Street Food|Biryani|North Indian,670.05,3,0.1,veg,2024-05-19,1.0,1.0,breakfast,0.0,0,1,0,1,0,0
U04426,Delhi,occasional,Continental|Italian|Chinese|Street Food,525.77,0,36.8,non-veg,2025-08-19,0.4595238095238095,6.0,lunch,0.6666666666666666,0,0,1,0,1,0
U04427,Kolkata,occasional,Chinese|Street Food|South Indian,577.75,4,2.0,veg,2025-08-17,0.1619047619047619,3.0,dinner,0.6666666666666666,0,0,1,1,0,0
U04428,Chennai,budget,Desserts|Italian,244.59,7,7.5,both,2025-02-05,0.25,2.0,breakfast,0.5,1,0,0,0,0,1
U04429,Pune,occasional,Fast Food|Desserts,309.26,3,17.8,veg,2025-11-28,0.2253968253968254,3.0,dinner,0.3333333333333333,0,0,1,1,0,0
U04430,Delhi,occasional,Desserts|Beverages|Continental,491.34,1,6.0,non-veg,2024-04-06,0.5,1.0,lunch,0.0,0,0,1,0,1,0
U04431,Mumbai,budget,Beverages|Chinese,431.47,8,0.1,non-veg,2024-07-10,0.39285714285714285,2.0,lunch,0.0,1,0,0,0,1,0
U04432,Pune,premium,Biryani|Italian|Beverages,344.73,6,11.8,non-veg,2025-05-01,0.3,0.0,,0.3,0,1,0,0,1,0
U04433,Chennai,budget,Continental|Biryani|North Indian|Italian,239.49,6,5.9,veg,2026-01-27,0.3,0.0,,0.3,1,0,0,1,0,0
U04434,Chennai,budget,Desserts|Fast Food|North Indian|Italian,285.69,7,13.2,veg,2024-09-07,0.16666666666666666,1.0,lunch,1.0,1,0,0,1,0,0
U04435,Mumbai,occasional,North Indian|Chinese|Continental,256.85,0,8.8,non-veg,2024-07-18,0.5803571428571428,4.0,dinner,0.0,0,0,1,0,1,0
U04436,Bangalore,occasional,South Indian|Chinese|North Indian|Continental,449.26,3,17.0,veg,2025-07-21,0.375,4.0,snack,0.25,0,0,1,1,0,0
U04437,Kolkata,budget,Biryani|Fast Food,221.75,7,6.9,both,2025-05-29,0.2,2.0,lunch,0.0,1,0,0,0,0,1
U04438,Chennai,budget,Fast Food|Continental,346.92,7,2.7,non-veg,2024-07-21,0.4444444444444444,3.0,breakfast,0.6666666666666666,1,0,0,0,1,0
U04439,Chennai,budget,Continental|Italian,131.84,8,11.4,non-veg,2025-08-03,0.3,0.0,,0.3,1,0,0,0,1,0
U04440,Delhi,budget,Italian|Continental|Street Food,343.0,10,6.9,non-veg,2025-08-03,0.14285714285714285,1.0,lunch,0.0,1,0,0,0,1,0
U04441,Bangalore,budget,Italian|Biryani,315.78,9,10.0,veg,2025-11-20,0.3333333333333333,1.0,lunch,0.0,1,0,0,1,0,0
U04442,Bangalore,occasional,Biryani|Continental,560.82,3,18.6,both,2025-02-09,0.3,0.0,,0.3,0,0,1,0,0,1
U04443,Kolkata,budget,South Indian|Italian,292.45,4,0.2,both,2025-02-16,0.3,0.0,,0.3,1,0,0,0,0,1
U04444,Mumbai,budget,North Indian|Italian|Desserts,341.47,10,0.8,both,2024-06-12,0.2571428571428571,6.0,lunch,0.16666666666666666,1,0,0,0,0,1
U04445,Chennai,premium,Street Food|Fast Food|Italian|Continental,969.75,4,3.0,veg,2025-07-13,0.7000000000000001,3.0,breakfast,0.6666666666666666,0,1,0,1,0,0
U04446,Kolkata,occasional,Italian|Chinese,505.82,2,9.5,non-veg,2025-04-01,0.6,1.0,breakfast,1.0,0,0,1,0,1,0
U04447,Kolkata,occasional,Desserts|Chinese,523.32,0,6.4,both,2024-05-31,0.3,0.0,,0.3,0,0,1,0,0,1
U04448,Hyderabad,budget,North Indian|Street Food,228.08,11,7.7,both,2025-12-31,0.3,0.0,,0.3,1,0,0,0,0,1
U04449,Mumbai,budget,Street Food|Italian|South Indian|Beverages,273.05,7,0.1,non-veg,2025-04-27,0.38888888888888884,6.0,dinner,0.5,1,0,0,0,1,0
U04450,Kolkata,occasional,South Indian|Chinese|North Indian,403.53,4,18.2,both,2024-10-30,0.45238095238095233,2.0,breakfast,0.5,0,0,1,0,0,1
U04451,Kolkata,budget,Continental|Desserts|Biryani,307.88,8,2.4,both,2024-05-11,0.0,1.0,breakfast,0.0,1,0,0,0,0,1
U04452,Chennai,budget,Chinese|North Indian|South Indian|Beverages,376.42,11,34.2,non-veg,2025-05-24,0.3333333333333333,1.0,dinner,0.0,1,0,0,0,1,0
U04453,Hyderabad,budget,Italian|South Indian|Beverages,244.36,5,7.5,veg,2024-10-14,0.25,1.0,breakfast,1.0,1,0,0,1,0,0
U04454,Mumbai,premium,Biryani|Fast Food|Chinese|North Indian,765.37,10,0.9,non-veg,2026-01-12,0.5,1.0,breakfast,0.0,0,1,0,0,1,0
U04455,Hyderabad,occasional,Continental|Fast Food,381.9,2,30.2,both,2024-04-11,0.3,0.0,,0.3,0,0,1,0,0,1
U04456,Bangalore,premium,Italian|Beverages|Biryani|Fast Food,683.84,0,23.7,non-veg,2025-10-19,0.3666666666666667,2.0,breakfast,0.5,0,1,0,0,1,0
U04457,Chennai,budget,Chinese|Desserts,218.51,8,1.2,non-veg,2024-10-27,0.43333333333333335,2.0,dinner,0.0,1,0,0,0,1,0
U04458,Bangalore,occasional,Italian|South Indian|Beverages|Chinese,357.82,5,14.1,both,2025-06-04,0.45,2.0,breakfast,1.0,0,0,1,0,0,1
U04459,Pune,budget,Chinese|Desserts|Fast Food,152.04,5,14.6,veg,2024-09-30,0.0,2.0,dinner,1.0,1,0,0,1,0,0
U04460,Mumbai,budget,Street Food|Desserts,180.25,7,6.1,both,2025-05-15,0.13333333333333333,3.0,dinner,0.0,1,0,0,0,0,1
U04461,Hyderabad,premium,Chinese|North Indian,350.3,3,6.0,non-veg,2024-05-02,0.42857142857142855,1.0,dinner,0.0,0,1,0,0,1,0
U04462,Hyderabad,budget,Beverages|Italian,196.86,8,19.1,non-veg,2025-12-31,0.1111111111111111,3.0,lunch,0.0,1,0,0,0,1,0
U04463,Bangalore,budget,Continental|Chinese|Fast Food|Street Food,355.5,10,31.3,both,2025-09-09,0.40535714285714286,4.0,dinner,0.0,1,0,0,0,0,1
U04464,Mumbai,budget,Italian|Chinese,255.42,10,0.6,both,2025-10-11,0.3333333333333333,1.0,dinner,0.0,1,0,0,0,0,1
U04465,Bangalore,budget,Italian|Biryani|Street Food,322.54,7,3.8,both,2026-01-17,0.5,1.0,lunch,0.0,1,0,0,0,0,1
U04466,Mumbai,budget,Fast Food|Italian,418.74,6,1.2,both,2025-09-07,0.0,1.0,lunch,0.0,1,0,0,0,0,1
U04467,Bangalore,occasional,South Indian|Fast Food|Italian|Biryani,407.29,1,4.6,non-veg,2025-12-08,0.3,0.0,,0.3,0,0,1,0,1,0
U04468,Chennai,premium,Beverages|Continental|Chinese,546.33,4,14.0,veg,2025-05-05,0.5888888888888889,3.0,breakfast,0.0,0,1,0,1,0,0
U04469,Hyderabad,premium,Chinese|Biryani|Fast Food|Desserts,573.13,3,3.2,both,2025-09-15,0.7857142857142857,2.0,late_night,0.0,0,1,0,0,0,1
U04470,Delhi,budget,Street Food|Continental,228.53,3,4.6,veg,2025-05-31,0.3,0.0,,0.3,1,0,0,1,0,0
U04471,Pune,occasional,Biryani|Street Food|South Indian,606.94,2,25.7,non-veg,2024-06-02,0.27976190476190477,4.0,dinner,0.5,0,0,1,0,1,0
U04472,Delhi,occasional,North Indian|Fast Food|Beverages|Italian,509.79,1,31.5,non-veg,2025-12-16,0.37857142857142856,3.0,breakfast,0.0,0,0,1,0,1,0
U04473,Hyderabad,occasional,Desserts|Italian|Street Food,511.79,2,14.6,both,2025-06-01,0.3333333333333333,2.0,breakfast,0.0,0,0,1,0,0,1
U04474,Kolkata,premium,Continental|Street Food,566.92,4,9.6,non-veg,2024-11-13,0.5,1.0,lunch,1.0,0,1,0,0,1,0
U04475,Mumbai,budget,Biryani|North Indian,230.45,8,1.2,veg,2025-08-11,0.42666666666666664,5.0,breakfast,0.0,1,0,0,1,0,0
U04476,Mumbai,occasional,Street Food|Fast Food|Desserts,422.76,2,9.6,non-veg,2025-04-21,0.25,1.0,late_night,1.0,0,0,1,0,1,0
U04477,Bangalore,occasional,Biryani|Street Food|Continental|Beverages,508.47,3,14.3,both,2024-08-06,0.4,5.0,lunch,0.0,0,0,1,0,0,1
U04478,Chennai,budget,Street Food|Chinese,182.59,10,6.0,veg,2025-03-05,0.3333333333333333,1.0,dinner,0.0,1,0,0,1,0,0
U04479,Pune,budget,Beverages|Chinese|Desserts,401.92,6,0.6,veg,2025-08-04,0.5,1.0,lunch,1.0,1,0,0,1,0,0
U04480,Bangalore,budget,Street Food|Fast Food|Desserts|Italian,202.32,14,14.1,non-veg,2025-09-21,0.2920634920634921,3.0,dinner,0.0,1,0,0,0,1,0
U04481,Pune,budget,Chinese|Biryani|Fast Food|South Indian,337.49,5,0.7,both,2024-04-15,0.3,0.0,,0.3,1,0,0,0,0,1
U04482,Kolkata,occasional,Biryani|South Indian|Desserts,635.9,4,4.3,veg,2025-08-08,0.4,2.0,breakfast,0.5,0,0,1,1,0,0
U04483,Chennai,premium,Chinese|Continental,544.05,0,13.3,both,2025-02-03,0.5,1.0,snack,1.0,0,1,0,0,0,1
U04484,Bangalore,occasional,Street Food|Chinese,354.14,3,6.4,veg,2025-01-31,0.3333333333333333,2.0,breakfast,0.0,0,0,1,1,0,0
U04485,Pune,premium,Desserts|Chinese|Fast Food|Italian,679.77,3,9.7,veg,2025-08-04,0.6666666666666666,2.0,breakfast,0.0,0,1,0,1,0,0
U04486,Chennai,budget,Italian|Fast Food|Chinese,197.38,9,3.0,veg,2024-04-06,0.2,1.0,dinner,0.0,1,0,0,1,0,0
U04487,Bangalore,budget,Chinese|Continental,313.83,1,0.8,non-veg,2025-05-21,0.16666666666666666,1.0,lunch,1.0,1,0,0,0,1,0
U04488,Mumbai,budget,Fast Food|Chinese,307.03,6,2.4,veg,2024-05-29,0.16666666666666666,1.0,dinner,0.0,1,0,0,1,0,0
U04489,Bangalore,occasional,Continental|Desserts,509.07,0,9.7,veg,2024-12-20,0.16666666666666666,1.0,late_night,1.0,0,0,1,1,0,0
U04490,Delhi,premium,Beverages|North Indian|Chinese|Italian,533.12,3,31.1,both,2024-12-15,0.8333333333333334,1.0,dinner,0.0,0,1,0,0,0,1
U04491,Bangalore,budget,Biryani|North Indian|Continental,260.39,12,28.7,both,2024-11-13,0.14285714285714285,1.0,dinner,0.0,1,0,0,0,0,1
U04492,Delhi,occasional,South Indian|Beverages,457.87,1,1.4,veg,2025-04-11,0.4083333333333333,4.0,snack,0.5,0,0,1,1,0,0
U04493,Pune,budget,North Indian|Italian,260.76,13,2.0,veg,2024-05-08,0.3833333333333333,2.0,dinner,0.0,1,0,0,1,0,0
U04494,Bangalore,occasional,South Indian|Italian,443.61,1,12.9,non-veg,2025-05-21,0.29166666666666663,2.0,breakfast,1.0,0,0,1,0,1,0
U04495,Mumbai,occasional,Street Food|Chinese,132.09,1,11.3,veg,2025-09-12,0.35555555555555557,3.0,dinner,0.3333333333333333,0,0,1,1,0,0
U04496,Delhi,premium,Beverages|South Indian|Street Food,622.15,8,3.6,both,2024-05-31,0.6888888888888888,6.0,breakfast,0.0,0,1,0,0,0,1
U04497,Delhi,budget,North Indian|Continental|Desserts,116.73,15,12.9,both,2026-01-06,0.25,2.0,breakfast,1.0,1,0,0,0,0,1
U04498,Chennai,occasional,Beverages|Continental,471.4,2,8.6,both,2024-03-24,0.3958333333333333,4.0,breakfast,0.0,0,0,1,0,0,1
U04499,Bangalore,occasional,Desserts|Fast Food|Continental,356.18,2,22.2,veg,2025-10-06,0.5,1.0,dinner,0.0,0,0,1,1,0,0
U04500,Pune,premium,Desserts|North Indian|Beverages|Italian,580.15,4,2.9,both,2025-09-17,0.8,1.0,late_night,0.0,0,1,0,0,0,1
U04501,Hyderabad,occasional,Italian|Street Food|Biryani,340.96,0,12.3,veg,2026-01-17,0.5357142857142857,2.0,dinner,0.5,0,0,1,1,0,0
U04502,Bangalore,occasional,Biryani|Italian|Beverages|South Indian,449.22,2,77.5,both,2025-07-07,0.3,0.0,,0.3,0,0,1,0,0,1
U04503,Mumbai,budget,South Indian|Beverages|Desserts,166.17,14,2.1,both,2024-03-24,0.3,0.0,,0.3,1,0,0,0,0,1
U04504,Delhi,occasional,South Indian|Italian,207.51,1,0.3,non-veg,2025-07-09,0.3333333333333333,2.0,breakfast,0.5,0,0,1,0,1,0
U04505,Kolkata,occasional,South Indian|North Indian|Fast Food,519.02,1,35.1,veg,2025-04-13,0.75,1.0,lunch,1.0,0,0,1,1,0,0
U04506,Pune,occasional,Desserts|Fast Food,440.94,1,3.1,non-veg,2025-09-09,0.41428571428571426,2.0,dinner,0.5,0,0,1,0,1,0
U04507,Delhi,occasional,South Indian|Desserts|Biryani|Chinese,388.2,1,1.8,non-veg,2025-04-08,0.43333333333333335,3.0,breakfast,0.3333333333333333,0,0,1,0,1,0
U04508,Bangalore,budget,Italian|Beverages|Chinese|Continental,211.01,8,1.1,both,2024-10-03,0.25,2.0,dinner,0.0,1,0,0,0,0,1
U04509,Pune,budget,Street Food|Biryani|Beverages,103.43,10,44.8,non-veg,2024-11-23,0.27619047619047615,3.0,late_night,0.3333333333333333,1,0,0,0,1,0
U04510,Kolkata,occasional,Desserts|Italian,611.05,3,5.7,non-veg,2025-05-15,0.35,2.0,breakfast,0.5,0,0,1,0,1,0
U04511,Chennai,premium,Chinese|North Indian|Fast Food,584.74,4,17.9,non-veg,2024-11-15,0.6666666666666666,2.0,late_night,0.0,0,1,0,0,1,0
U04512,Kolkata,budget,Beverages|Biryani,307.67,7,0.4,non-veg,2025-02-13,0.24285714285714285,2.0,dinner,0.0,1,0,0,0,1,0
U04513,Bangalore,occasional,Street Food|Beverages|North Indian|Continental,248.49,1,3.5,non-veg,2024-09-08,0.3,0.0,,0.3,0,0,1,0,1,0
U04514,Chennai,budget,Continental|Italian|Chinese|Beverages,321.39,6,2.8,non-veg,2025-07-24,0.3,0.0,,0.3,1,0,0,0,1,0
U04515,Bangalore,budget,Fast Food|Street Food,220.84,6,11.6,veg,2025-06-17,0.16666666666666666,1.0,breakfast,0.0,1,0,0,1,0,0
U04516,Hyderabad,budget,Fast Food|Continental|South Indian,326.61,13,14.1,both,2024-09-06,0.42857142857142855,1.0,dinner,0.0,1,0,0,0,0,1
U04517,Delhi,premium,Fast Food|Biryani,431.16,4,66.7,both,2024-11-15,0.40476190476190477,2.0,lunch,0.5,0,1,0,0,0,1
U04518,Kolkata,budget,Italian|Street Food|Desserts,209.51,6,9.3,veg,2024-06-20,0.0,1.0,late_night,1.0,1,0,0,1,0,0
U04519,Mumbai,premium,Continental|North Indian|Chinese,811.29,2,12.0,veg,2025-01-25,0.3,0.0,,0.3,0,1,0,1,0,0
U04520,Kolkata,premium,Street Food|Biryani|Italian,770.27,3,4.6,non-veg,2025-01-05,0.29166666666666663,2.0,breakfast,0.0,0,1,0,0,1,0
U04521,Kolkata,occasional,Desserts|Street Food,297.45,2,14.9,both,2024-06-25,0.5,2.0,dinner,0.5,0,0,1,0,0,1
U04522,Bangalore,budget,Beverages|Chinese|Italian,166.36,5,2.8,both,2024-08-17,0.2976190476190476,2.0,dinner,0.0,1,0,0,0,0,1
U04523,Hyderabad,occasional,Fast Food|South Indian|North Indian|Beverages,337.72,5,2.6,non-veg,2024-05-28,0.8333333333333334,1.0,breakfast,0.0,0,0,1,0,1,0
U04524,Mumbai,budget,Street Food|Biryani,239.39,12,15.1,non-veg,2024-04-27,0.31865079365079363,6.0,lunch,0.16666666666666666,1,0,0,0,1,0
U04525,Mumbai,premium,Fast Food|Chinese|South Indian,819.8,4,3.6,non-veg,2024-12-23,0.6785714285714286,2.0,lunch,0.0,0,1,0,0,1,0
U04526,Pune,budget,Italian|Biryani|North Indian,286.55,9,3.1,non-veg,2025-12-25,0.5,1.0,dinner,0.0,1,0,0,0,1,0
U04527,Chennai,budget,Beverages|Street Food,330.7,7,2.8,veg,2025-11-09,0.3,0.0,,0.3,1,0,0,1,0,0
U04528,Mumbai,budget,Desserts|North Indian|Fast Food|Italian,307.42,10,2.8,both,2024-04-04,0.2722222222222222,3.0,breakfast,0.0,1,0,0,0,0,1
U04529,Pune,premium,South Indian|Fast Food|Italian,900.56,6,15.1,veg,2024-10-18,0.3,0.0,,0.3,0,1,0,1,0,0
U04530,Chennai,occasional,Fast Food|Continental|Italian|Beverages,491.43,2,3.0,veg,2025-12-06,0.34285714285714286,5.0,late_night,0.4,0,0,1,1,0,0
U04531,Hyderabad,occasional,Desserts|South Indian|Beverages|Continental,514.32,0,10.8,non-veg,2024-03-31,0.375,4.0,breakfast,0.25,0,0,1,0,1,0
U04532,Kolkata,budget,Desserts|Fast Food|Continental,197.36,6,0.5,veg,2024-10-06,0.3,0.0,,0.3,1,0,0,1,0,0
U04533,Delhi,budget,Desserts|Italian|Continental|Fast Food,234.01,4,3.8,non-veg,2025-11-20,0.21875,4.0,lunch,0.5,1,0,0,0,1,0
U04534,Mumbai,budget,Fast Food|South Indian|Biryani|Desserts,201.26,7,2.8,non-veg,2024-08-16,0.2895833333333333,4.0,dinner,0.25,1,0,0,0,1,0
U04535,Pune,budget,Continental|North Indian|Street Food|South Indian,279.38,2,1.8,veg,2024-10-21,0.5714285714285714,1.0,breakfast,0.0,1,0,0,1,0,0
U04536,Hyderabad,budget,Chinese|South Indian|North Indian|Desserts,231.79,3,4.2,both,2024-08-16,0.3,0.0,,0.3,1,0,0,0,0,1
U04537,Mumbai,budget,North Indian|Beverages|Desserts,194.77,7,2.3,both,2026-01-07,0.27777777777777773,3.0,lunch,0.3333333333333333,1,0,0,0,0,1
U04538,Mumbai,premium,Biryani|Desserts,688.25,5,13.1,non-veg,2024-11-15,0.5,2.0,breakfast,0.0,0,1,0,0,1,0
U04539,Bangalore,occasional,North Indian|Italian|Street Food,493.9,0,32.7,veg,2024-10-30,0.3833333333333333,3.0,breakfast,0.3333333333333333,0,0,1,1,0,0
U04540,Mumbai,occasional,Continental|Street Food|Italian,568.47,3,6.3,both,2025-06-25,0.3,0.0,,0.3,0,0,1,0,0,1
U04541,Bangalore,budget,Beverages|Continental|Italian,180.85,9,2.5,non-veg,2026-01-05,0.3125,4.0,breakfast,0.0,1,0,0,0,1,0
U04542,Kolkata,premium,Beverages|South Indian|Chinese,692.75,3,6.4,veg,2025-07-24,0.46428571428571425,3.0,lunch,0.6666666666666666,0,1,0,1,0,0
U04543,Pune,occasional,Desserts|Continental,503.38,1,3.0,non-veg,2024-09-28,0.8,2.0,lunch,0.0,0,0,1,0,1,0
U04544,Chennai,occasional,Fast Food|South Indian|North Indian|Desserts,346.04,1,6.9,non-veg,2024-08-21,0.5276190476190477,5.0,breakfast,0.2,0,0,1,0,1,0
U04545,Hyderabad,occasional,Street Food|Desserts|Biryani|South Indian,313.38,4,0.1,veg,2024-08-31,0.4357142857142857,4.0,breakfast,0.0,0,0,1,1,0,0
U04546,Kolkata,occasional,Continental|North Indian|Desserts,393.84,1,13.4,non-veg,2024-10-02,0.30158730158730157,3.0,breakfast,0.3333333333333333,0,0,1,0,1,0
U04547,Kolkata,budget,Continental|Desserts,386.2,5,30.6,non-veg,2025-07-02,0.3,0.0,,0.3,1,0,0,0,1,0
U04548,Mumbai,premium,Chinese|Street Food|Beverages|Italian,514.46,5,68.3,both,2026-01-03,0.3,0.0,,0.3,0,1,0,0,0,1
U04549,Pune,budget,Biryani|North Indian|Fast Food,177.53,6,4.7,veg,2024-06-22,0.3,0.0,,0.3,1,0,0,1,0,0
U04550,Delhi,budget,South Indian|Beverages,407.47,7,3.3,veg,2025-11-28,0.16666666666666666,1.0,lunch,0.0,1,0,0,1,0,0
U04551,Mumbai,budget,Street Food|Desserts|South Indian|Fast Food,382.81,7,3.7,non-veg,2024-12-12,0.3333333333333333,1.0,breakfast,0.0,1,0,0,0,1,0
U04552,Pune,occasional,Beverages|North Indian|Desserts|Italian,245.61,1,42.0,veg,2025-07-01,0.3253968253968254,3.0,dinner,0.6666666666666666,0,0,1,1,0,0
U04553,Delhi,budget,South Indian|Desserts,234.89,8,2.7,both,2025-08-14,0.24206349206349206,3.0,lunch,0.6666666666666666,1,0,0,0,0,1
U04554,Chennai,budget,North Indian|Beverages|Italian|Desserts,240.91,10,2.7,both,2024-06-12,0.47619047619047616,2.0,breakfast,0.0,1,0,0,0,0,1
U04555,Chennai,budget,Street Food|South Indian,113.24,6,0.3,veg,2024-03-09,0.3833333333333333,2.0,breakfast,0.0,1,0,0,1,0,0
U04556,Chennai,budget,Chinese|Beverages|South Indian|Fast Food,152.72,8,0.1,veg,2025-08-23,0.3333333333333333,2.0,dinner,0.0,1,0,0,1,0,0
U04557,Hyderabad,budget,Biryani|Italian|Street Food|Beverages,406.38,7,27.3,veg,2025-10-27,0.21428571428571427,2.0,dinner,0.5,1,0,0,1,0,0
U04558,Hyderabad,budget,North Indian|Street Food|Desserts|Beverages,273.39,7,30.7,both,2025-03-18,0.30158730158730157,3.0,dinner,0.3333333333333333,1,0,0,0,0,1
U04559,Chennai,budget,Chinese|Desserts|Fast Food,157.02,13,0.1,both,2025-08-19,0.6666666666666666,1.0,lunch,1.0,1,0,0,0,0,1
U04560,Bangalore,budget,Continental|Street Food,224.98,5,10.9,veg,2024-03-18,0.42063492063492064,3.0,late_night,0.3333333333333333,1,0,0,1,0,0
U04561,Delhi,occasional,Italian|Biryani,342.78,8,3.2,both,2025-03-24,0.5,1.0,dinner,0.0,0,0,1,0,0,1
U04562,Pune,occasional,Continental|North Indian|South Indian|Chinese,365.31,2,6.3,both,2025-01-25,0.3682539682539682,3.0,breakfast,1.0,0,0,1,0,0,1
U04563,Kolkata,budget,Continental|Desserts|Beverages|North Indian,228.08,7,19.3,veg,2025-01-03,0.3,0.0,,0.3,1,0,0,1,0,0
U04564,Chennai,occasional,South Indian|Biryani,467.4,1,8.2,veg,2024-07-25,0.5750000000000001,4.0,late_night,0.0,0,0,1,1,0,0
U04565,Hyderabad,budget,North Indian|Biryani,340.39,10,12.8,both,2025-05-08,0.3,0.0,,0.3,1,0,0,0,0,1
U04566,Chennai,budget,Chinese|Fast Food|Italian|Street Food,115.27,5,4.9,veg,2024-08-21,0.0,1.0,late_night,1.0,1,0,0,1,0,0
U04567,Pune,budget,Italian|North Indian|Chinese,324.46,6,4.2,both,2024-03-04,0.20833333333333331,2.0,breakfast,0.5,1,0,0,0,0,1
U04568,Kolkata,occasional,South Indian|Beverages|Continental|Italian,304.97,2,8.4,both,2024-10-02,0.3333333333333333,2.0,dinner,0.5,0,0,1,0,0,1
U04569,Chennai,budget,Desserts|Continental,199.8,12,1.4,both,2024-04-11,0.0,1.0,dinner,0.0,1,0,0,0,0,1
U04570,Mumbai,budget,Italian|South Indian|Biryani|Beverages,160.74,6,3.7,non-veg,2024-08-05,0.375,2.0,dinner,0.5,1,0,0,0,1,0
U04571,Chennai,budget,South Indian|Desserts,306.63,9,9.2,non-veg,2024-04-01,0.5,1.0,lunch,0.0,1,0,0,0,1,0
U04572,Kolkata,budget,Continental|Chinese|South Indian,270.06,7,10.0,veg,2025-02-25,0.25,2.0,late_night,0.0,1,0,0,1,0,0
U04573,Bangalore,premium,Beverages|North Indian,457.0,5,2.5,veg,2025-10-02,0.5761904761904761,5.0,late_night,0.4,0,1,0,1,0,0
U04574,Hyderabad,occasional,Continental|Chinese,570.88,1,1.2,veg,2024-12-01,0.39999999999999997,3.0,dinner,0.0,0,0,1,1,0,0
U04575,Pune,budget,North Indian|Beverages|Continental,100.0,8,2.0,both,2025-07-03,0.4583333333333333,4.0,lunch,0.0,1,0,0,0,0,1
U04576,Bangalore,budget,Street Food|North Indian|South Indian|Italian,244.33,7,7.7,non-veg,2025-08-17,0.35714285714285715,3.0,dinner,0.0,1,0,0,0,1,0
U04577,Hyderabad,occasional,Street Food|Chinese,655.46,3,23.2,both,2024-05-22,0.3,0.0,,0.3,0,0,1,0,0,1
U04578,Hyderabad,occasional,Chinese|Fast Food|Street Food|Desserts,523.58,2,33.9,non-veg,2024-08-06,0.25,2.0,breakfast,0.0,0,0,1,0,1,0
U04579,Mumbai,budget,North Indian|Beverages,226.03,13,16.2,non-veg,2025-08-30,0.37857142857142856,3.0,lunch,0.3333333333333333,1,0,0,0,1,0
U04580,Chennai,budget,Continental|Biryani|Chinese|Street Food,186.77,5,8.0,veg,2024-04-05,0.2888888888888889,3.0,breakfast,0.0,1,0,0,1,0,0
U04581,Hyderabad,budget,Fast Food|South Indian|Street Food|Italian,315.76,8,3.4,veg,2024-07-24,0.3333333333333333,1.0,dinner,0.0,1,0,0,1,0,0
U04582,Bangalore,occasional,Continental|South Indian|Desserts,200.23,4,13.4,veg,2025-10-07,0.3055555555555555,3.0,breakfast,0.0,0,0,1,1,0,0
U04583,Delhi,budget,Desserts|Continental|Chinese,360.18,8,9.1,veg,2026-01-12,0.26666666666666666,2.0,dinner,0.5,1,0,0,1,0,0
U04584,Chennai,budget,Street Food|Chinese,367.21,12,1.6,veg,2026-01-10,0.5,1.0,breakfast,0.0,1,0,0,1,0,0
U04585,Delhi,budget,South Indian|Beverages|North Indian|Biryani,287.12,9,0.2,veg,2025-08-01,0.2976190476190476,2.0,breakfast,0.5,1,0,0,1,0,0
U04586,Hyderabad,occasional,Fast Food|Continental,452.39,3,28.7,veg,2025-04-27,0.25,2.0,dinner,0.0,0,0,1,1,0,0
U04587,Delhi,occasional,Continental|Desserts|Chinese,435.03,1,3.8,non-veg,2024-04-10,0.21428571428571427,3.0,late_night,0.0,0,0,1,0,1,0
U04588,Mumbai,occasional,Street Food|Beverages|North Indian,529.45,5,6.0,veg,2025-11-05,0.5833333333333333,2.0,breakfast,0.0,0,0,1,1,0,0
U04589,Delhi,budget,Fast Food|Chinese,259.77,9,5.3,both,2025-03-28,0.6,1.0,dinner,0.0,1,0,0,0,0,1
U04590,Delhi,budget,Biryani|Italian|Desserts|Fast Food,234.22,8,29.9,veg,2026-01-08,0.4,1.0,dinner,1.0,1,0,0,1,0,0
U04591,Chennai,budget,Chinese|Italian,342.47,6,6.3,veg,2024-10-15,0.0,1.0,snack,1.0,1,0,0,1,0,0
U04592,Mumbai,budget,North Indian|Chinese,262.72,11,2.9,both,2024-07-12,0.75,1.0,breakfast,0.0,1,0,0,0,0,1
U04593,Mumbai,budget,Beverages|Desserts|North Indian|South Indian,129.3,7,7.4,both,2024-05-13,0.375,2.0,dinner,0.5,1,0,0,0,0,1
U04594,Hyderabad,premium,Beverages|North Indian|Chinese|Desserts,396.49,2,4.2,both,2025-04-02,0.4166666666666667,3.0,lunch,0.6666666666666666,0,1,0,0,0,1
U04595,Delhi,budget,Biryani|Chinese|Fast Food,222.24,8,4.3,non-veg,2025-12-15,0.21428571428571427,2.0,breakfast,0.0,1,0,0,0,1,0
U04596,Mumbai,occasional,Italian|Desserts|Fast Food,595.07,3,2.8,non-veg,2024-09-01,0.30952380952380953,2.0,dinner,0.0,0,0,1,0,1,0
U04597,Kolkata,budget,Street Food|Beverages,186.44,6,3.9,non-veg,2025-01-16,1.0,1.0,lunch,0.0,1,0,0,0,1,0
U04598,Kolkata,premium,North Indian|Italian|Desserts,703.17,3,10.7,both,2025-04-24,0.5089285714285714,4.0,late_night,0.5,0,1,0,0,0,1
U04599,Kolkata,premium,Street Food|Chinese|South Indian|Continental,499.36,1,7.9,veg,2024-06-23,0.3,0.0,,0.3,0,1,0,1,0,0
U04600,Hyderabad,occasional,Italian|Street Food|Biryani,323.36,3,33.4,veg,2025-04-19,0.3,0.0,,0.3,0,0,1,1,0,0
U04601,Pune,budget,Desserts|Chinese|Italian,180.05,7,5.3,non-veg,2025-09-19,0.26666666666666666,2.0,breakfast,0.5,1,0,0,0,1,0
U04602,Delhi,budget,North Indian|Desserts|Street Food,356.09,6,0.1,non-veg,2024-10-10,0.22619047619047616,2.0,breakfast,0.0,1,0,0,0,1,0
U04603,Chennai,occasional,Street Food|Desserts|Fast Food|Beverages,209.8,1,19.6,veg,2025-11-13,0.5,1.0,late_night,0.0,0,0,1,1,0,0
U04604,Delhi,budget,Continental|Fast Food|Beverages,131.24,1,20.3,both,2024-03-16,0.16666666666666666,1.0,breakfast,1.0,1,0,0,0,0,1
U04605,Delhi,budget,North Indian|Fast Food,118.57,10,8.8,both,2025-07-21,0.2,1.0,breakfast,0.0,1,0,0,0,0,1
U04606,Chennai,premium,Desserts|Chinese|Street Food|Italian,846.66,2,10.2,veg,2024-06-29,0.8015873015873017,3.0,dinner,0.3333333333333333,0,1,0,1,0,0
U04607,Chennai,premium,North Indian|Desserts,790.01,2,59.2,veg,2024-11-27,0.25,2.0,dinner,0.0,0,1,0,1,0,0
U04608,Hyderabad,occasional,Beverages|Desserts,205.46,1,14.4,both,2025-07-30,0.5059523809523809,4.0,late_night,0.25,0,0,1,0,0,1
U04609,Delhi,occasional,Desserts|Chinese|Italian,415.01,1,5.9,both,2025-06-21,0.5,2.0,breakfast,0.5,0,0,1,0,0,1
U04610,Mumbai,budget,Beverages|Desserts|Continental|Biryani,406.78,3,4.4,non-veg,2024-09-07,0.29365079365079366,3.0,lunch,0.0,1,0,0,0,1,0
U04611,Hyderabad,occasional,Chinese|Biryani|Desserts|North Indian,164.52,2,1.5,both,2025-03-25,0.3571428571428571,2.0,breakfast,1.0,0,0,1,0,0,1
U04612,Bangalore,premium,Fast Food|Street Food,777.61,5,0.8,both,2025-08-04,0.6,3.0,dinner,0.3333333333333333,0,1,0,0,0,1
U04613,Bangalore,budget,Fast Food|Italian|South Indian|Chinese,167.62,8,14.1,veg,2025-07-07,0.39285714285714285,2.0,dinner,0.5,1,0,0,1,0,0
U04614,Chennai,budget,Italian|South Indian|Chinese|Street Food,202.17,7,7.1,both,2024-12-11,0.5714285714285714,1.0,lunch,1.0,1,0,0,0,0,1
U04615,Bangalore,occasional,North Indian|South Indian,532.18,1,14.0,veg,2025-04-06,0.3,0.0,,0.3,0,0,1,1,0,0
U04616,Mumbai,budget,Beverages|Desserts,212.77,12,6.6,both,2025-08-30,0.0,2.0,breakfast,0.5,1,0,0,0,0,1
U04617,Kolkata,budget,South Indian|Fast Food|Italian|Desserts,207.97,9,0.1,non-veg,2025-12-24,0.3,0.0,,0.3,1,0,0,0,1,0
U04618,Kolkata,budget,Continental|South Indian|Italian,190.29,8,1.6,non-veg,2025-03-26,0.16666666666666666,2.0,breakfast,0.5,1,0,0,0,1,0
U04619,Bangalore,premium,Italian|Street Food,573.38,6,5.7,both,2024-06-18,0.8785714285714286,4.0,dinner,0.0,0,1,0,0,0,1
U04620,Hyderabad,budget,Chinese|Street Food|Beverages,186.55,6,3.6,veg,2025-09-14,0.2130952380952381,4.0,lunch,0.0,1,0,0,1,0,0
U04621,Bangalore,budget,Continental|Street Food|Desserts|Biryani,167.1,8,14.4,both,2025-02-26,0.5,1.0,dinner,0.0,1,0,0,0,0,1
U04622,Kolkata,budget,Desserts|Fast Food|Chinese|Biryani,200.21,10,0.3,both,2024-03-15,0.26785714285714285,2.0,dinner,0.5,1,0,0,0,0,1
U04623,Pune,occasional,Fast Food|North Indian,379.83,2,18.5,both,2025-02-24,0.3666666666666667,2.0,breakfast,0.5,0,0,1,0,0,1
U04624,Chennai,occasional,Chinese|North Indian|Continental|South Indian,552.63,3,28.3,non-veg,2025-02-17,0.5833333333333333,2.0,dinner,0.0,0,0,1,0,1,0
U04625,Kolkata,occasional,North Indian|Beverages,431.69,0,19.3,non-veg,2024-11-17,0.35,2.0,dinner,0.0,0,0,1,0,1,0
U04626,Hyderabad,budget,South Indian|Fast Food|Desserts|Continental,201.65,5,1.9,veg,2024-06-24,0.3333333333333333,1.0,snack,0.0,1,0,0,1,0,0
U04627,Kolkata,budget,North Indian|Biryani|Desserts|Fast Food,311.57,8,10.8,both,2025-09-15,0.24285714285714285,4.0,dinner,0.5,1,0,0,0,0,1
U04628,Bangalore,occasional,Beverages|Biryani,225.12,5,16.1,non-veg,2025-05-21,0.25,1.0,breakfast,0.0,0,0,1,0,1,0
U04629,Pune,premium,Beverages|Desserts,642.76,3,6.8,both,2024-12-05,0.75,1.0,breakfast,0.0,0,1,0,0,0,1
U04630,Bangalore,budget,Desserts|Biryani|Beverages|South Indian,309.55,8,3.0,non-veg,2024-03-31,0.3,0.0,,0.3,1,0,0,0,1,0
U04631,Pune,occasional,Fast Food|North Indian|Continental|South Indian,230.74,1,4.2,non-veg,2025-03-19,0.13333333333333333,4.0,breakfast,0.75,0,0,1,0,1,0
U04632,Hyderabad,budget,South Indian|Chinese|Biryani,296.79,8,7.3,veg,2025-06-11,0.34404761904761905,4.0,dinner,0.25,1,0,0,1,0,0
U04633,Bangalore,occasional,Italian|Beverages|Biryani|Desserts,507.1,0,15.3,non-veg,2024-12-09,0.5,1.0,dinner,0.0,0,0,1,0,1,0
U04634,Bangalore,premium,North Indian|Beverages,449.77,4,6.1,veg,2024-09-13,0.48730158730158735,3.0,dinner,0.3333333333333333,0,1,0,1,0,0
U04635,Hyderabad,budget,Chinese|South Indian,219.14,12,12.0,both,2024-09-06,0.3333333333333333,1.0,breakfast,0.0,1,0,0,0,0,1
U04636,Mumbai,premium,Italian|Desserts,495.32,8,2.5,both,2025-10-31,0.719047619047619,5.0,breakfast,0.4,0,1,0,0,0,1
U04637,Kolkata,budget,Chinese|North Indian|Continental|Biryani,220.98,9,4.2,veg,2025-02-20,0.4023809523809524,5.0,dinner,0.2,1,0,0,1,0,0
U04638,Kolkata,premium,Continental|South Indian|Italian|Fast Food,196.48,7,0.9,veg,2024-09-19,0.6666666666666666,1.0,lunch,0.0,0,1,0,1,0,0
U04639,Delhi,budget,Beverages|North Indian,318.25,10,10.2,non-veg,2025-07-17,0.2555555555555556,3.0,breakfast,0.0,1,0,0,0,1,0
U04640,Mumbai,budget,Chinese|Fast Food|Street Food|Continental,350.75,3,16.7,both,2024-10-25,0.2523809523809524,5.0,breakfast,0.2,1,0,0,0,0,1
U04641,Mumbai,budget,Continental|North Indian|Fast Food|Italian,189.65,7,5.3,veg,2024-11-12,0.2,1.0,late_night,1.0,1,0,0,1,0,0
U04642,Bangalore,budget,Street Food|Desserts|Chinese,154.69,8,5.3,non-veg,2025-06-11,0.325,2.0,breakfast,0.0,1,0,0,0,1,0
U04643,Mumbai,budget,North Indian|Beverages,324.53,11,1.5,non-veg,2024-11-30,0.25,2.0,breakfast,0.0,1,0,0,0,1,0
U04644,Mumbai,occasional,Continental|South Indian,579.83,1,14.4,veg,2024-10-02,0.24285714285714285,2.0,breakfast,0.0,0,0,1,1,0,0
U04645,Pune,premium,Street Food|Biryani,756.92,2,12.2,non-veg,2025-10-28,0.3,0.0,,0.3,0,1,0,0,1,0
U04646,Hyderabad,occasional,Italian|Chinese|Biryani|North Indian,150.53,3,63.6,veg,2025-04-28,0.26904761904761904,4.0,lunch,0.0,0,0,1,1,0,0
U04647,Mumbai,premium,Italian|Fast Food|North Indian,532.35,2,0.2,non-veg,2024-05-18,0.6,1.0,dinner,0.0,0,1,0,0,1,0
U04648,Kolkata,premium,Street Food|Biryani,619.94,2,13.0,non-veg,2024-08-24,0.6222222222222222,3.0,breakfast,0.0,0,1,0,0,1,0
U04649,Bangalore,premium,Biryani|Street Food|South Indian,696.24,2,23.9,non-veg,2025-10-22,0.6,1.0,dinner,0.0,0,1,0,0,1,0
U04650,Mumbai,occasional,Fast Food|Continental|Desserts,274.0,2,13.1,non-veg,2024-03-13,0.225,2.0,breakfast,0.5,0,0,1,0,1,0
U04651,Mumbai,premium,Continental|South Indian,562.2,8,7.9,both,2024-12-16,0.6369047619047619,4.0,breakfast,0.5,0,1,0,0,0,1
U04652,Bangalore,premium,Beverages|Continental|North Indian|Street Food,584.0,2,17.3,non-veg,2025-04-11,0.25,1.0,breakfast,0.0,0,1,0,0,1,0
U04653,Bangalore,budget,Italian|North Indian|Fast Food|Chinese,217.98,4,4.1,veg,2025-03-14,0.16666666666666666,1.0,dinner,1.0,1,0,0,1,0,0
U04654,Bangalore,budget,Fast Food|North Indian|Italian|Continental,352.69,7,4.8,non-veg,2024-07-17,0.41666666666666663,2.0,breakfast,0.5,1,0,0,0,1,0
U04655,Delhi,budget,South Indian|Street Food,313.97,10,2.6,both,2026-01-03,0.3,0.0,,0.3,1,0,0,0,0,1
U04656,Pune,occasional,Continental|Desserts,316.84,2,14.7,non-veg,2024-12-20,0.16666666666666666,1.0,breakfast,0.0,0,0,1,0,1,0
U04657,Kolkata,premium,North Indian|Italian,781.74,4,8.2,both,2024-08-19,0.8333333333333334,1.0,snack,0.0,0,1,0,0,0,1
U04658,Mumbai,premium,Street Food|Desserts|Fast Food|Biryani,903.08,4,68.9,veg,2026-01-06,0.3,0.0,,0.3,0,1,0,1,0,0
U04659,Pune,budget,Street Food|Continental|North Indian,260.09,7,2.6,non-veg,2025-08-25,0.1773809523809524,4.0,late_night,0.75,1,0,0,0,1,0
U04660,Hyderabad,budget,Chinese|Biryani|South Indian,100.0,10,9.1,non-veg,2025-01-01,0.20857142857142857,5.0,breakfast,0.4,1,0,0,0,1,0
U04661,Mumbai,occasional,Desserts|Italian|Street Food|Biryani,428.6,3,6.1,both,2025-05-30,0.14285714285714285,4.0,lunch,0.5,0,0,1,0,0,1
U04662,Mumbai,premium,Desserts|Chinese|Italian|North Indian,670.22,5,17.3,non-veg,2025-07-17,0.5,4.0,breakfast,0.5,0,1,0,0,1,0
U04663,Chennai,premium,Fast Food|Continental|North Indian,433.81,7,3.9,veg,2024-08-30,0.5476190476190477,5.0,dinner,0.0,0,1,0,1,0,0
U04664,Chennai,occasional,Desserts|Beverages,411.41,1,17.0,both,2025-12-15,0.17142857142857143,2.0,breakfast,0.5,0,0,1,0,0,1
U04665,Chennai,budget,Continental|Street Food|Beverages|North Indian,376.14,3,0.1,both,2024-05-27,0.08333333333333333,4.0,snack,0.5,1,0,0,0,0,1
U04666,Delhi,budget,South Indian|Continental,132.53,8,0.0,veg,2024-07-23,0.16666666666666666,2.0,breakfast,0.0,1,0,0,1,0,0
U04667,Kolkata,premium,Fast Food|Italian|South Indian|North Indian,737.24,2,9.2,veg,2025-07-07,0.65,2.0,dinner,0.0,0,1,0,1,0,0
U04668,Pune,budget,Desserts|Continental,303.26,8,4.5,non-veg,2025-10-17,0.5666666666666667,2.0,late_night,0.0,1,0,0,0,1,0
U04669,Bangalore,occasional,Street Food|Fast Food|Biryani,444.59,5,1.6,non-veg,2024-07-02,0.25,1.0,breakfast,0.0,0,0,1,0,1,0
U04670,Bangalore,budget,Chinese|Desserts|Italian,200.14,3,9.3,both,2025-07-21,0.5,1.0,snack,0.0,1,0,0,0,0,1
U04671,Pune,budget,South Indian|Desserts,241.46,10,2.7,non-veg,2025-12-25,0.3,0.0,,0.3,1,0,0,0,1,0
U04672,Mumbai,budget,Chinese|Continental|North Indian,401.35,4,19.9,veg,2025-03-12,0.14285714285714285,1.0,lunch,0.0,1,0,0,1,0,0
U04673,Delhi,budget,Beverages|North Indian|Continental|Italian,272.7,7,5.5,non-veg,2025-04-23,0.3333333333333333,3.0,late_night,0.0,1,0,0,0,1,0
U04674,Mumbai,budget,Fast Food|Continental|Beverages|Biryani,316.02,9,0.8,non-veg,2025-11-30,0.5,2.0,late_night,0.0,1,0,0,0,1,0
U04675,Kolkata,premium,Chinese|Italian|South Indian|Street Food,787.06,1,39.1,veg,2025-11-23,0.8,1.0,snack,1.0,0,1,0,1,0,0
U04676,Mumbai,premium,South Indian|Biryani|Italian,752.05,6,3.7,veg,2024-06-16,0.41666666666666663,2.0,breakfast,0.5,0,1,0,1,0,0
U04677,Mumbai,budget,Beverages|Desserts|Street Food,237.88,4,74.3,veg,2025-09-14,0.26857142857142857,5.0,dinner,0.2,1,0,0,1,0,0
U04678,Kolkata,budget,Chinese|Italian|Biryani,317.78,9,2.0,non-veg,2024-06-16,0.23809523809523808,2.0,breakfast,0.5,1,0,0,0,1,0
U04679,Hyderabad,budget,Biryani|Italian,145.71,7,1.4,non-veg,2026-01-14,0.4583333333333333,2.0,late_night,0.0,1,0,0,0,1,0
U04680,Delhi,occasional,Desserts|South Indian|Fast Food|North Indian,393.88,3,16.3,non-veg,2025-09-17,0.4166666666666667,3.0,dinner,0.6666666666666666,0,0,1,0,1,0
U04681,Mumbai,budget,Street Food|Beverages|North Indian,308.96,4,4.7,non-veg,2025-06-20,0.5,1.0,breakfast,0.0,1,0,0,0,1,0
U04682,Hyderabad,budget,Desserts|North Indian|Biryani|Continental,157.43,8,13.2,non-veg,2025-12-05,0.3,0.0,,0.3,1,0,0,0,1,0
U04683,Hyderabad,budget,North Indian|Desserts,177.51,8,0.2,non-veg,2024-12-18,0.2791666666666667,4.0,breakfast,0.5,1,0,0,0,1,0
U04684,Delhi,occasional,North Indian|Biryani|Continental,463.84,0,6.8,veg,2025-09-17,0.3,0.0,,0.3,0,0,1,1,0,0
U04685,Pune,budget,South Indian|Desserts|Fast Food|Street Food,100.0,7,18.6,veg,2026-01-19,0.25,2.0,late_night,0.0,1,0,0,1,0,0
U04686,Chennai,premium,Continental|South Indian|North Indian|Desserts,605.01,9,7.6,non-veg,2025-06-20,0.4361111111111111,3.0,breakfast,0.3333333333333333,0,1,0,0,1,0
U04687,Chennai,budget,Continental|South Indian,357.48,13,13.9,both,2025-08-12,0.35555555555555557,3.0,lunch,0.3333333333333333,1,0,0,0,0,1
U04688,Bangalore,occasional,Italian|North Indian|Chinese|Beverages,185.02,1,10.8,non-veg,2025-09-11,0.2888888888888889,3.0,dinner,0.0,0,0,1,0,1,0
U04689,Bangalore,premium,Fast Food|Biryani|Chinese|Street Food,690.3,2,0.1,non-veg,2025-07-07,0.5888888888888889,3.0,lunch,0.3333333333333333,0,1,0,0,1,0
U04690,Kolkata,occasional,Biryani|Beverages|Continental,580.9,3,46.6,both,2025-06-05,0.3761904761904762,3.0,lunch,0.0,0,0,1,0,0,1
U04691,Kolkata,premium,Continental|Chinese,589.29,3,3.2,veg,2024-12-22,0.5,1.0,late_night,1.0,0,1,0,1,0,0
U04692,Bangalore,budget,Continental|Street Food,194.97,5,5.2,non-veg,2024-11-13,0.5833333333333334,2.0,dinner,1.0,1,0,0,0,1,0
U04693,Bangalore,occasional,Beverages|Biryani,414.82,4,20.2,veg,2024-09-10,0.20833333333333331,2.0,breakfast,0.5,0,0,1,1,0,0
U04694,Mumbai,budget,Biryani|Fast Food|Street Food|Continental,100.0,10,5.4,veg,2024-06-02,0.2888888888888889,3.0,breakfast,0.6666666666666666,1,0,0,1,0,0
U04695,Delhi,premium,Biryani|Fast Food,684.32,3,7.2,non-veg,2024-07-06,0.4904761904761904,5.0,dinner,0.2,0,1,0,0,1,0
U04696,Chennai,budget,Fast Food|Biryani|Italian,235.36,11,0.3,both,2024-08-19,0.375,4.0,lunch,0.0,1,0,0,0,0,1
U04697,Bangalore,budget,Street Food|North Indian,232.9,4,0.8,veg,2024-04-22,0.2976190476190476,2.0,breakfast,0.0,1,0,0,1,0,0
U04698,Chennai,budget,Street Food|Desserts,282.74,8,5.7,non-veg,2025-02-05,0.16666666666666666,1.0,lunch,0.0,1,0,0,0,1,0
U04699,Pune,occasional,Street Food|Italian|Fast Food,436.06,2,17.0,veg,2025-04-13,0.42857142857142855,1.0,snack,0.0,0,0,1,1,0,0
U04700,Kolkata,premium,Desserts|Continental|Chinese,726.27,0,5.2,non-veg,2025-08-09,0.3333333333333333,1.0,dinner,0.0,0,1,0,0,1,0
U04701,Chennai,budget,Biryani|Chinese|South Indian|Italian,268.04,8,9.5,veg,2024-05-06,0.3333333333333333,1.0,dinner,0.0,1,0,0,1,0,0
U04702,Hyderabad,budget,Biryani|Desserts,404.07,7,6.2,both,2025-01-03,0.2708333333333333,4.0,lunch,0.75,1,0,0,0,0,1
U04703,Bangalore,budget,Desserts|South Indian,386.48,7,2.0,non-veg,2024-11-23,0.28690476190476194,3.0,breakfast,0.0,1,0,0,0,1,0
U04704,Kolkata,occasional,Fast Food|Street Food,526.89,2,5.1,veg,2024-11-20,0.6,1.0,dinner,0.0,0,0,1,1,0,0
U04705,Bangalore,premium,North Indian|Fast Food|Beverages,711.56,2,0.3,non-veg,2024-04-12,0.55,2.0,dinner,0.5,0,1,0,0,1,0
U04706,Delhi,occasional,Desserts|North Indian|Chinese,288.05,3,6.2,non-veg,2025-07-10,0.3,0.0,,0.3,0,0,1,0,1,0
U04707,Mumbai,budget,Biryani|Street Food,249.94,7,0.8,non-veg,2025-01-19,0.4444444444444444,3.0,dinner,0.0,1,0,0,0,1,0
U04708,Bangalore,occasional,Biryani|Italian,401.01,3,2.1,both,2024-03-01,0.37936507936507935,6.0,dinner,0.16666666666666666,0,0,1,0,0,1
U04709,Bangalore,premium,Beverages|Italian,784.26,3,19.4,non-veg,2024-03-03,0.5,1.0,breakfast,0.0,0,1,0,0,1,0
U04710,Pune,occasional,South Indian|Desserts|Beverages|Street Food,151.16,2,18.7,non-veg,2025-10-23,0.6,1.0,lunch,1.0,0,0,1,0,1,0
U04711,Mumbai,premium,North Indian|Biryani|Beverages,641.35,6,9.6,non-veg,2024-06-21,0.6190476190476191,2.0,dinner,0.5,0,1,0,0,1,0
U04712,Bangalore,occasional,Chinese|Continental|Fast Food,301.26,2,18.4,non-veg,2025-03-24,0.3,0.0,,0.3,0,0,1,0,1,0
U04713,Bangalore,premium,Italian|Biryani,665.09,3,14.7,veg,2025-03-19,0.5555555555555555,3.0,breakfast,0.3333333333333333,0,1,0,1,0,0
U04714,Hyderabad,occasional,Fast Food|North Indian|Desserts|Chinese,338.0,3,12.0,non-veg,2025-01-18,0.5714285714285714,1.0,breakfast,0.0,0,0,1,0,1,0
U04715,Delhi,budget,Biryani|Beverages,343.15,8,8.2,veg,2024-06-09,0.75,1.0,snack,0.0,1,0,0,1,0,0
U04716,Bangalore,occasional,Beverages|South Indian|Street Food,526.11,3,7.9,non-veg,2024-04-09,0.41666666666666663,2.0,breakfast,0.0,0,0,1,0,1,0
U04717,Chennai,budget,Continental|Street Food|Desserts|Italian,304.1,10,1.4,non-veg,2025-03-26,0.3,0.0,,0.3,1,0,0,0,1,0
U04718,Kolkata,budget,Desserts|Italian|Continental|Chinese,189.91,17,7.3,veg,2024-12-26,0.25,1.0,breakfast,0.0,1,0,0,1,0,0
U04719,Bangalore,occasional,Italian|Continental|Biryani|Beverages,259.51,1,8.9,both,2024-05-16,0.75,1.0,late_night,0.0,0,0,1,0,0,1
U04720,Hyderabad,budget,Street Food|Beverages|Desserts,221.74,8,5.8,both,2024-07-16,0.07142857142857142,4.0,breakfast,0.25,1,0,0,0,0,1
U04721,Bangalore,budget,Beverages|North Indian|Chinese,302.67,8,6.1,veg,2025-05-24,0.3,0.0,,0.3,1,0,0,1,0,0
U04722,Pune,occasional,Beverages|Continental|South Indian|Fast Food,268.32,1,3.1,veg,2025-05-01,0.3333333333333333,1.0,late_night,0.0,0,0,1,1,0,0
U04723,Delhi,budget,South Indian|Chinese,295.07,9,0.2,veg,2025-08-13,0.375,2.0,dinner,0.5,1,0,0,1,0,0
U04724,Bangalore,premium,Biryani|Desserts|Beverages|South Indian,631.29,1,3.5,veg,2025-06-19,0.5595238095238095,3.0,dinner,0.0,0,1,0,1,0,0
U04725,Delhi,occasional,Continental|Beverages,258.69,1,57.9,both,2025-06-24,0.75,1.0,lunch,0.0,0,0,1,0,0,1
U04726,Kolkata,premium,Chinese|Italian|Desserts|Continental,706.0,5,3.3,non-veg,2025-05-07,0.4,1.0,breakfast,1.0,0,1,0,0,1,0
U04727,Bangalore,budget,Street Food|Chinese,155.53,9,3.0,veg,2025-03-04,0.5,1.0,lunch,0.0,1,0,0,1,0,0
U04728,Delhi,budget,Desserts|Beverages,373.69,5,5.7,non-veg,2025-01-07,0.40476190476190477,2.0,lunch,0.5,1,0,0,0,1,0
U04729,Chennai,budget,Chinese|Fast Food|Continental|Italian,242.66,7,1.7,both,2024-09-30,0.3,0.0,,0.3,1,0,0,0,0,1
U04730,Delhi,occasional,Chinese|Italian|Biryani|Beverages,383.91,1,27.2,veg,2025-09-05,0.4833333333333333,4.0,lunch,0.5,0,0,1,1,0,0
U04731,Bangalore,occasional,Italian|Chinese,368.55,2,17.5,veg,2026-01-05,0.3,0.0,,0.3,0,0,1,1,0,0
U04732,Chennai,occasional,Fast Food|North Indian,540.54,1,3.6,both,2025-11-22,0.3,0.0,,0.3,0,0,1,0,0,1
U04733,Hyderabad,budget,Italian|Continental|Chinese|Fast Food,230.54,12,19.6,both,2025-04-17,0.16666666666666666,3.0,dinner,0.3333333333333333,1,0,0,0,0,1
U04734,Mumbai,budget,Italian|Fast Food,271.16,7,4.6,veg,2024-09-08,0.16666666666666666,1.0,snack,0.0,1,0,0,1,0,0
U04735,Pune,premium,Continental|Street Food,522.46,4,32.4,non-veg,2025-08-28,0.5,1.0,breakfast,0.0,0,1,0,0,1,0
U04736,Chennai,budget,Beverages|Biryani,317.03,13,7.8,veg,2025-03-05,0.2833333333333333,2.0,lunch,0.0,1,0,0,1,0,0
U04737,Kolkata,occasional,Biryani|Fast Food,438.63,5,9.7,veg,2025-02-11,0.3444444444444444,3.0,breakfast,0.0,0,0,1,1,0,0
U04738,Delhi,occasional,North Indian|Beverages|Biryani,431.25,1,1.5,non-veg,2024-11-07,0.3277777777777778,3.0,breakfast,0.3333333333333333,0,0,1,0,1,0
U04739,Chennai,budget,Continental|South Indian|Italian|Fast Food,180.52,7,1.1,non-veg,2025-06-15,0.25,1.0,lunch,0.0,1,0,0,0,1,0
U04740,Bangalore,budget,North Indian|Desserts,336.92,6,6.1,veg,2025-04-11,0.0,1.0,dinner,1.0,1,0,0,1,0,0
U04741,Delhi,budget,Chinese|Continental,291.68,10,5.7,both,2024-11-11,0.16666666666666666,2.0,snack,1.0,1,0,0,0,0,1
U04742,Pune,budget,Chinese|Continental|Beverages|Italian,258.24,5,2.3,both,2024-10-06,0.41111111111111115,3.0,breakfast,0.3333333333333333,1,0,0,0,0,1
U04743,Hyderabad,premium,Italian|South Indian,484.8,1,7.4,non-veg,2024-11-29,0.8333333333333334,1.0,lunch,0.0,0,1,0,0,1,0
U04744,Pune,premium,North Indian|Desserts|Street Food|Chinese,772.11,5,6.3,non-veg,2024-09-25,0.4444444444444444,3.0,dinner,0.3333333333333333,0,1,0,0,1,0
U04745,Bangalore,budget,North Indian|Italian|Biryani,308.25,4,13.1,both,2025-12-05,0.25,2.0,dinner,0.0,1,0,0,0,0,1
U04746,Delhi,budget,North Indian|Biryani|Street Food,186.45,2,1.7,both,2025-08-07,0.3277777777777778,3.0,breakfast,0.0,1,0,0,0,0,1
U04747,Chennai,budget,Fast Food|Chinese|Continental|North Indian,309.54,6,4.9,veg,2025-12-20,0.30952380952380953,2.0,lunch,0.0,1,0,0,1,0,0
U04748,Pune,occasional,Fast Food|North Indian|Chinese,420.7,3,19.4,non-veg,2024-09-07,0.2888888888888889,3.0,late_night,1.0,0,0,1,0,1,0
U04749,Mumbai,premium,Desserts|Beverages,625.21,3,7.7,non-veg,2025-01-17,0.75,1.0,late_night,0.0,0,1,0,0,1,0
U04750,Chennai,budget,Desserts|Beverages,200.45,8,5.8,non-veg,2024-11-23,0.3,0.0,,0.3,1,0,0,0,1,0
U04751,Delhi,budget,Continental|North Indian|Desserts,245.66,5,1.7,both,2025-08-17,0.25,2.0,dinner,0.0,1,0,0,0,0,1
U04752,Bangalore,occasional,Italian|Desserts,469.06,2,12.7,veg,2025-07-16,0.6666666666666666,2.0,lunch,0.5,0,0,1,1,0,0
U04753,Kolkata,budget,Biryani|Desserts|Fast Food|Italian,342.83,5,30.4,veg,2025-11-16,0.3,0.0,,0.3,1,0,0,1,0,0
U04754,Mumbai,occasional,Beverages|Fast Food|Biryani|Street Food,211.03,1,15.3,both,2024-09-17,0.5,1.0,snack,1.0,0,0,1,0,0,1
U04755,Pune,budget,Italian|South Indian|Continental|Fast Food,343.75,12,0.8,veg,2024-06-22,0.26666666666666666,2.0,breakfast,0.0,1,0,0,1,0,0
U04756,Pune,budget,Continental|Street Food|Fast Food,234.89,6,12.2,veg,2024-05-25,0.39285714285714285,3.0,late_night,0.3333333333333333,1,0,0,1,0,0
U04757,Kolkata,budget,Fast Food|Street Food,340.4,8,15.3,both,2024-11-16,0.41666666666666663,2.0,dinner,0.0,1,0,0,0,0,1
U04758,Bangalore,occasional,Continental|Biryani|Street Food|North Indian,324.98,2,12.3,non-veg,2025-04-14,0.35714285714285715,3.0,dinner,0.0,0,0,1,0,1,0
U04759,Chennai,premium,Italian|Chinese|Desserts|Beverages,755.04,3,5.6,both,2024-11-07,0.4,1.0,lunch,0.0,0,1,0,0,0,1
U04760,Mumbai,budget,Chinese|Continental,335.91,13,11.3,veg,2025-06-14,0.3392857142857143,2.0,snack,0.0,1,0,0,1,0,0
U04761,Chennai,budget,Desserts|South Indian|Chinese,228.78,14,6.6,both,2025-10-16,0.3,0.0,,0.3,1,0,0,0,0,1
U04762,Delhi,budget,Street Food|Continental|South Indian|Biryani,125.91,12,3.2,both,2025-10-13,0.4166666666666667,3.0,breakfast,0.3333333333333333,1,0,0,0,0,1
U04763,Mumbai,premium,Fast Food|Street Food|Biryani|South Indian,456.42,3,2.3,non-veg,2025-05-15,0.4666666666666666,3.0,breakfast,0.3333333333333333,0,1,0,0,1,0
U04764,Bangalore,budget,South Indian|Chinese,243.79,9,1.7,non-veg,2024-10-23,0.41666666666666663,2.0,dinner,0.5,1,0,0,0,1,0
U04765,Hyderabad,budget,Chinese|Continental|Italian|Desserts,386.52,7,1.8,non-veg,2024-06-01,0.25,1.0,lunch,1.0,1,0,0,0,1,0
U04766,Chennai,occasional,Fast Food|Beverages|Continental|South Indian,513.49,2,12.9,both,2024-04-15,0.5119047619047619,6.0,breakfast,0.5,0,0,1,0,0,1
U04767,Delhi,budget,Desserts|Beverages|Street Food,275.82,6,18.0,both,2025-11-23,0.5178571428571428,4.0,breakfast,0.5,1,0,0,0,0,1
U04768,Kolkata,budget,Street Food|Continental|Chinese|South Indian,252.27,8,2.1,non-veg,2025-07-02,0.16666666666666666,2.0,breakfast,0.5,1,0,0,0,1,0
U04769,Hyderabad,premium,Street Food|Beverages|North Indian|Chinese,698.73,7,1.6,both,2024-03-25,0.5,1.0,lunch,1.0,0,1,0,0,0,1
U04770,Chennai,budget,South Indian|Desserts|North Indian,277.45,8,12.0,both,2024-12-30,0.3333333333333333,2.0,breakfast,0.0,1,0,0,0,0,1
U04771,Pune,budget,Italian|Fast Food,344.65,7,5.6,both,2024-06-17,0.27142857142857146,2.0,dinner,0.0,1,0,0,0,0,1
U04772,Pune,budget,Desserts|Fast Food|Beverages,247.9,10,3.4,both,2024-06-18,0.41547619047619044,4.0,breakfast,0.25,1,0,0,0,0,1
U04773,Chennai,premium,Fast Food|Desserts|North Indian|Street Food,888.46,2,14.6,non-veg,2024-03-03,0.3666666666666667,2.0,dinner,0.5,0,1,0,0,1,0
U04774,Mumbai,occasional,Desserts|Beverages|Fast Food|Street Food,436.42,3,21.2,both,2024-12-27,0.25,2.0,breakfast,0.5,0,0,1,0,0,1
U04775,Delhi,premium,Street Food|Italian|North Indian|Desserts,545.07,1,11.8,both,2024-05-02,0.3,0.0,,0.3,0,1,0,0,0,1
U04776,Kolkata,premium,Chinese|Italian|Desserts,477.88,1,12.1,both,2025-09-27,0.7333333333333334,2.0,late_night,0.5,0,1,0,0,0,1
U04777,Bangalore,occasional,North Indian|Chinese|Desserts|Continental,598.61,1,0.8,veg,2024-12-30,0.47222222222222215,3.0,dinner,0.0,0,0,1,1,0,0
U04778,Hyderabad,budget,North Indian|South Indian,232.48,21,4.6,non-veg,2024-11-25,0.3,0.0,,0.3,1,0,0,0,1,0
U04779,Mumbai,premium,Biryani|Beverages|Desserts,555.42,6,19.2,non-veg,2025-04-18,0.5428571428571428,6.0,dinner,0.6666666666666666,0,1,0,0,1,0
U04780,Mumbai,budget,Street Food|Desserts|Biryani,298.53,10,1.9,both,2025-02-26,0.3333333333333333,1.0,breakfast,0.0,1,0,0,0,0,1
U04781,Kolkata,premium,Beverages|Biryani|South Indian,761.24,2,1.8,veg,2025-08-04,0.6,1.0,snack,1.0,0,1,0,1,0,0
U04782,Mumbai,budget,Desserts|Fast Food|North Indian,221.18,2,2.7,veg,2026-01-20,0.3,0.0,,0.3,1,0,0,1,0,0
U04783,Bangalore,budget,Street Food|Beverages|Biryani,364.87,10,16.6,non-veg,2024-08-12,0.27777777777777773,3.0,lunch,0.3333333333333333,1,0,0,0,1,0
U04784,Kolkata,budget,Street Food|Chinese|Fast Food,291.42,11,13.0,veg,2024-02-28,0.125,2.0,breakfast,0.0,1,0,0,1,0,0
U04785,Bangalore,budget,South Indian|Desserts|Street Food,141.47,10,8.7,non-veg,2025-01-31,0.375,2.0,breakfast,0.5,1,0,0,0,1,0
U04786,Mumbai,occasional,South Indian|Chinese|Street Food,572.86,1,13.5,non-veg,2025-05-10,1.0,1.0,dinner,0.0,0,0,1,0,1,0
U04787,Kolkata,budget,Fast Food|South Indian|Beverages,400.95,8,1.4,both,2025-03-30,0.3,0.0,,0.3,1,0,0,0,0,1
U04788,Bangalore,budget,Italian|Continental,177.8,4,6.6,non-veg,2024-08-04,0.16666666666666666,1.0,dinner,0.0,1,0,0,0,1,0
U04789,Hyderabad,budget,Desserts|North Indian|Italian|Continental,380.52,9,16.9,non-veg,2025-03-08,0.2857142857142857,1.0,dinner,0.0,1,0,0,0,1,0
U04790,Kolkata,premium,North Indian|South Indian|Beverages,556.69,4,8.7,both,2026-01-07,0.75,2.0,lunch,1.0,0,1,0,0,0,1
U04791,Delhi,budget,Italian|North Indian|Fast Food,258.63,12,21.8,non-veg,2025-04-28,0.3482142857142857,4.0,dinner,0.5,1,0,0,0,1,0
U04792,Delhi,occasional,Street Food|Desserts,329.75,0,8.0,both,2025-11-26,0.5535714285714286,2.0,late_night,0.0,0,0,1,0,0,1
U04793,Delhi,occasional,Biryani|North Indian,261.2,2,8.7,non-veg,2024-07-23,0.2222222222222222,3.0,late_night,0.0,0,0,1,0,1,0
U04794,Chennai,budget,Street Food|Italian|North Indian|Fast Food,281.05,7,0.3,veg,2025-04-18,0.3833333333333333,5.0,dinner,0.2,1,0,0,1,0,0
U04795,Pune,budget,Italian|Fast Food,244.26,10,0.0,non-veg,2024-03-14,0.3214285714285714,2.0,dinner,0.0,1,0,0,0,1,0
U04796,Chennai,budget,Continental|Desserts,286.84,7,2.7,both,2024-04-14,0.3113095238095238,4.0,snack,0.5,1,0,0,0,0,1
U04797,Bangalore,budget,Beverages|Continental|Street Food|South Indian,251.85,10,10.9,non-veg,2025-04-23,0.26666666666666666,4.0,dinner,0.25,1,0,0,0,1,0
U04798,Mumbai,budget,Street Food|Fast Food,405.29,7,6.6,non-veg,2025-10-07,0.15476190476190477,2.0,dinner,0.5,1,0,0,0,1,0
U04799,Delhi,premium,Desserts|Fast Food|North Indian,781.24,5,0.8,both,2025-03-28,0.6666666666666666,1.0,snack,0.0,0,1,0,0,0,1
U04800,Mumbai,occasional,Beverages|Italian,415.91,3,10.8,veg,2025-01-30,0.17142857142857143,2.0,breakfast,0.0,0,0,1,1,0,0
U04801,Kolkata,budget,Beverages|Fast Food|North Indian,200.43,7,19.8,non-veg,2024-06-20,0.3,0.0,,0.3,1,0,0,0,1,0
U04802,Mumbai,budget,Italian|Fast Food|North Indian,345.67,4,16.3,veg,2025-02-17,0.17857142857142858,3.0,dinner,0.3333333333333333,1,0,0,1,0,0
U04803,Chennai,budget,Street Food|North Indian|Chinese|Biryani,177.16,12,30.2,veg,2024-11-11,0.41666666666666663,2.0,breakfast,0.5,1,0,0,1,0,0
U04804,Bangalore,budget,Continental|Fast Food,338.92,5,8.4,non-veg,2025-04-26,0.17777777777777778,3.0,lunch,0.0,1,0,0,0,1,0
U04805,Delhi,budget,North Indian|Italian|South Indian|Chinese,154.71,13,2.3,non-veg,2024-08-02,0.6666666666666666,1.0,snack,0.0,1,0,0,0,1,0
U04806,Chennai,budget,Biryani|Street Food,262.72,7,4.0,non-veg,2025-04-15,0.3095238095238095,3.0,lunch,0.0,1,0,0,0,1,0
U04807,Chennai,budget,Beverages|Italian,100.0,3,8.3,non-veg,2025-03-14,0.3,0.0,,0.3,1,0,0,0,1,0
U04808,Delhi,premium,Italian|South Indian,597.82,2,2.1,non-veg,2024-06-29,0.7333333333333334,3.0,lunch,0.0,0,1,0,0,1,0
U04809,Pune,occasional,Beverages|Continental|Fast Food,435.75,3,17.2,both,2024-07-31,0.4,1.0,late_night,0.0,0,0,1,0,0,1
U04810,Hyderabad,budget,Biryani|Continental|South Indian,196.29,7,2.0,veg,2024-03-26,0.35,2.0,lunch,0.0,1,0,0,1,0,0
U04811,Mumbai,occasional,Street Food|Desserts,402.87,0,19.5,both,2025-04-29,0.3333333333333333,1.0,lunch,0.0,0,0,1,0,0,1
U04812,Pune,occasional,Chinese|Italian|North Indian|Fast Food,439.95,3,14.9,both,2024-08-11,0.5,1.0,dinner,0.0,0,0,1,0,0,1
U04813,Kolkata,occasional,Chinese|Biryani|Desserts|Street Food,613.34,1,32.0,non-veg,2024-08-19,0.4,1.0,late_night,0.0,0,0,1,0,1,0
U04814,Kolkata,occasional,South Indian|Desserts|Chinese,467.26,3,42.6,both,2025-05-22,0.21666666666666665,7.0,late_night,0.0,0,0,1,0,0,1
U04815,Pune,premium,Chinese|Desserts,893.8,1,10.8,both,2025-12-27,0.6666666666666666,1.0,breakfast,0.0,0,1,0,0,0,1
U04816,Pune,budget,Biryani|Street Food|Desserts|Continental,100.0,10,21.5,non-veg,2024-04-30,0.14285714285714285,1.0,late_night,0.0,1,0,0,0,1,0
U04817,Kolkata,premium,Chinese|Beverages|Desserts,722.13,4,1.0,non-veg,2024-09-22,0.7366071428571428,4.0,dinner,0.0,0,1,0,0,1,0
U04818,Mumbai,premium,Italian|South Indian|Beverages|Street Food,611.31,4,10.7,non-veg,2026-01-25,0.8333333333333334,1.0,dinner,0.0,0,1,0,0,1,0
U04819,Hyderabad,budget,Chinese|Italian|South Indian,161.79,9,7.4,both,2025-01-12,0.3333333333333333,2.0,dinner,0.0,1,0,0,0,0,1
U04820,Bangalore,budget,South Indian|Beverages|Chinese|Street Food,271.55,3,5.5,veg,2025-08-30,0.3333333333333333,1.0,dinner,0.0,1,0,0,1,0,0
U04821,Hyderabad,premium,Biryani|Fast Food|Desserts,706.17,3,11.4,veg,2024-04-30,0.65,2.0,late_night,0.5,0,1,0,1,0,0
U04822,Chennai,budget,North Indian|Desserts|Chinese|South Indian,269.02,8,11.4,both,2025-09-13,0.3,0.0,,0.3,1,0,0,0,0,1
U04823,Hyderabad,occasional,Chinese|Italian|Beverages|North Indian,152.12,1,0.6,non-veg,2024-10-23,0.16666666666666666,1.0,breakfast,0.0,0,0,1,0,1,0
U04824,Chennai,occasional,Continental|North Indian|Chinese|South Indian,292.78,0,14.1,veg,2025-06-08,0.5,2.0,breakfast,1.0,0,0,1,1,0,0
U04825,Hyderabad,premium,Continental|North Indian|Street Food|Biryani,449.28,2,8.8,both,2024-11-15,0.7095238095238096,4.0,breakfast,0.25,0,1,0,0,0,1
U04826,Mumbai,premium,Street Food|Beverages|North Indian,583.15,11,4.5,both,2024-03-11,0.5,1.0,lunch,0.0,0,1,0,0,0,1
U04827,Chennai,occasional,Beverages|Continental|Biryani,396.56,1,4.0,veg,2025-05-07,0.31666666666666665,3.0,late_night,0.3333333333333333,0,0,1,1,0,0
U04828,Bangalore,occasional,Beverages|Desserts|Continental|Chinese,124.29,3,1.8,both,2025-03-12,0.2357142857142857,4.0,lunch,0.0,0,0,1,0,0,1
U04829,Delhi,occasional,Street Food|South Indian|North Indian|Desserts,452.2,3,16.6,non-veg,2024-10-21,0.5357142857142857,2.0,breakfast,0.5,0,0,1,0,1,0
U04830,Pune,budget,Beverages|Street Food,214.85,3,20.4,non-veg,2025-11-21,0.25,2.0,lunch,0.5,1,0,0,0,1,0
U04831,Mumbai,budget,South Indian|Biryani|Beverages|Fast Food,220.02,2,11.5,both,2025-11-29,0.3,0.0,,0.3,1,0,0,0,0,1
U04832,Chennai,budget,Fast Food|Biryani|Desserts|South Indian,392.58,6,9.2,veg,2024-12-09,0.30000000000000004,2.0,late_night,1.0,1,0,0,1,0,0
U04833,Kolkata,budget,Italian|Street Food|Fast Food|Beverages,264.67,8,2.6,both,2024-08-21,0.4,1.0,dinner,1.0,1,0,0,0,0,1
U04834,Hyderabad,budget,Italian|Street Food|North Indian,322.54,10,3.4,veg,2025-08-21,0.5,2.0,breakfast,0.5,1,0,0,1,0,0
U04835,Bangalore,occasional,Beverages|Desserts|South Indian|Continental,426.46,0,5.9,both,2025-05-29,0.24285714285714285,2.0,breakfast,1.0,0,0,1,0,0,1
U04836,Chennai,budget,South Indian|Chinese|Continental,294.26,8,5.2,non-veg,2024-04-21,0.3214285714285714,2.0,lunch,0.0,1,0,0,0,1,0
U04837,Kolkata,premium,Continental|North Indian|Biryani|Beverages,720.6,3,3.9,both,2025-10-29,0.3,0.0,,0.3,0,1,0,0,0,1
U04838,Chennai,premium,South Indian|Chinese|Desserts|Beverages,714.4,7,15.3,both,2024-03-27,0.3,0.0,,0.3,0,1,0,0,0,1
U04839,Kolkata,occasional,Street Food|Chinese,378.09,3,10.9,both,2025-12-31,0.3,0.0,,0.3,0,0,1,0,0,1
U04840,Pune,occasional,North Indian|Desserts|Street Food,561.98,2,13.3,non-veg,2024-05-27,0.3904761904761904,3.0,dinner,0.3333333333333333,0,0,1,0,1,0
U04841,Bangalore,budget,North Indian|Beverages,313.07,10,27.3,veg,2024-06-06,0.5,1.0,late_night,0.0,1,0,0,1,0,0
U04842,Delhi,budget,Beverages|Chinese,383.66,10,6.8,both,2024-06-03,0.2222222222222222,3.0,dinner,0.3333333333333333,1,0,0,0,0,1
U04843,Chennai,occasional,Desserts|Street Food,450.89,3,5.4,non-veg,2024-05-16,0.375,2.0,dinner,0.0,0,0,1,0,1,0
U04844,Delhi,premium,Fast Food|Street Food,554.1,5,30.1,non-veg,2024-03-20,0.7208333333333333,4.0,lunch,0.25,0,1,0,0,1,0
U04845,Kolkata,budget,Fast Food|Beverages|North Indian,228.64,15,1.0,veg,2025-05-24,0.29166666666666663,4.0,dinner,0.5,1,0,0,1,0,0
U04846,Pune,occasional,North Indian|Desserts|Beverages,218.06,3,20.2,non-veg,2025-02-26,0.25,1.0,dinner,1.0,0,0,1,0,1,0
U04847,Hyderabad,budget,Continental|Desserts|Italian|South Indian,285.06,8,4.9,both,2025-02-15,0.1,2.0,lunch,0.5,1,0,0,0,0,1
U04848,Mumbai,budget,Beverages|North Indian|Continental|Italian,318.76,9,8.3,both,2025-05-31,0.4222222222222222,3.0,breakfast,0.0,1,0,0,0,0,1
U04849,Pune,occasional,Chinese|Italian,427.56,2,40.9,non-veg,2025-10-17,0.25,1.0,lunch,0.0,0,0,1,0,1,0
U04850,Mumbai,budget,Biryani|North Indian|Continental,254.71,2,5.5,both,2024-11-03,0.3,0.0,,0.3,1,0,0,0,0,1
U04851,Pune,budget,Biryani|Chinese,142.98,6,4.3,both,2024-04-08,0.35416666666666663,2.0,dinner,0.5,1,0,0,0,0,1
U04852,Bangalore,occasional,Beverages|Italian|Fast Food|Biryani,423.26,4,16.5,both,2025-04-16,0.5,1.0,dinner,0.0,0,0,1,0,0,1
U04853,Mumbai,budget,Fast Food|Biryani,167.38,9,2.3,non-veg,2024-08-24,0.35555555555555557,3.0,breakfast,0.3333333333333333,1,0,0,0,1,0
U04854,Chennai,occasional,South Indian|Continental,257.08,1,69.0,veg,2025-03-15,0.25,1.0,late_night,0.0,0,0,1,1,0,0
U04855,Bangalore,occasional,Beverages|North Indian|South Indian,408.43,0,16.6,both,2025-08-24,0.5,5.0,breakfast,0.4,0,0,1,0,0,1
U04856,Delhi,budget,Biryani|North Indian|Italian|Beverages,307.75,8,2.7,veg,2024-07-28,0.25,4.0,late_night,0.5,1,0,0,1,0,0
U04857,Hyderabad,occasional,Biryani|Desserts,388.36,1,0.8,non-veg,2024-07-30,0.3,0.0,,0.3,0,0,1,0,1,0
U04858,Chennai,occasional,North Indian|Beverages,406.56,2,18.7,non-veg,2024-10-23,0.3,0.0,,0.3,0,0,1,0,1,0
U04859,Chennai,budget,Street Food|North Indian|Chinese,248.5,8,7.7,non-veg,2025-06-04,0.42777777777777776,6.0,breakfast,0.3333333333333333,1,0,0,0,1,0
U04860,Pune,premium,Fast Food|Biryani|Desserts,597.47,2,1.0,veg,2024-08-21,0.5833333333333333,2.0,breakfast,0.5,0,1,0,1,0,0
U04861,Mumbai,premium,Desserts|Beverages|Fast Food,708.11,0,1.9,both,2026-01-02,0.3,0.0,,0.3,0,1,0,0,0,1
U04862,Kolkata,budget,Desserts|Continental,410.27,12,2.4,both,2025-03-28,0.2333333333333333,3.0,lunch,0.6666666666666666,1,0,0,0,0,1
U04863,Kolkata,budget,South Indian|Desserts,100.0,7,14.3,non-veg,2025-06-18,0.6666666666666666,1.0,snack,0.0,1,0,0,0,1,0
U04864,Delhi,budget,Biryani|Beverages|Italian|Desserts,216.19,9,8.0,both,2024-09-04,0.375,4.0,breakfast,0.0,1,0,0,0,0,1
U04865,Chennai,occasional,Italian|South Indian|Biryani|Fast Food,491.67,5,8.1,both,2024-09-04,0.29047619047619044,5.0,dinner,0.2,0,0,1,0,0,1
U04866,Mumbai,occasional,Chinese|Continental|Beverages,678.24,1,1.6,both,2025-06-02,0.6666666666666666,1.0,lunch,0.0,0,0,1,0,0,1
U04867,Bangalore,budget,Desserts|Street Food|Italian|Biryani,307.44,10,5.3,veg,2025-12-20,0.38888888888888884,3.0,dinner,0.6666666666666666,1,0,0,1,0,0
U04868,Delhi,budget,South Indian|Biryani|Street Food|Beverages,270.97,5,1.1,non-veg,2024-03-21,0.36507936507936506,3.0,lunch,0.3333333333333333,1,0,0,0,1,0
U04869,Mumbai,premium,Chinese|Italian|Street Food|South Indian,395.85,2,2.9,both,2025-03-26,0.8,1.0,dinner,1.0,0,1,0,0,0,1
U04870,Bangalore,budget,Biryani|South Indian|Continental,357.05,4,1.6,both,2024-04-26,0.4,1.0,dinner,1.0,1,0,0,0,0,1
U04871,Pune,occasional,Street Food|Italian|Desserts,310.46,2,10.6,non-veg,2024-12-25,0.5666666666666667,2.0,breakfast,0.0,0,0,1,0,1,0
U04872,Bangalore,premium,Italian|Fast Food|Street Food,722.72,6,22.1,non-veg,2024-12-30,0.6388888888888888,3.0,breakfast,0.3333333333333333,0,1,0,0,1,0
U04873,Kolkata,budget,Fast Food|Desserts|Chinese,287.49,8,3.8,veg,2025-09-24,0.25,4.0,snack,0.25,1,0,0,1,0,0
U04874,Mumbai,budget,Continental|Biryani|Fast Food|Street Food,351.7,5,32.7,veg,2025-11-04,0.3333333333333333,1.0,lunch,0.0,1,0,0,1,0,0
U04875,Pune,premium,Fast Food|South Indian|Desserts,562.74,4,10.4,veg,2025-11-23,0.775,2.0,breakfast,1.0,0,1,0,1,0,0
U04876,Hyderabad,premium,Biryani|North Indian,811.14,2,2.1,veg,2025-08-15,0.41666666666666663,2.0,breakfast,0.5,0,1,0,1,0,0
U04877,Delhi,budget,Street Food|South Indian,218.91,9,12.8,both,2024-12-09,0.25,2.0,breakfast,0.0,1,0,0,0,0,1
U04878,Chennai,occasional,South Indian|Fast Food|Continental|Beverages,312.01,1,1.5,non-veg,2025-03-26,0.16666666666666666,2.0,late_night,0.0,0,0,1,0,1,0
U04879,Kolkata,budget,Beverages|Desserts|North Indian,218.23,13,2.6,non-veg,2024-06-02,0.25,2.0,snack,0.0,1,0,0,0,1,0
U04880,Mumbai,occasional,Italian|Beverages|Street Food|Chinese,475.54,0,17.3,both,2026-01-01,0.42857142857142855,2.0,dinner,0.0,0,0,1,0,0,1
U04881,Pune,occasional,Continental|Chinese,494.98,0,3.9,non-veg,2024-07-28,0.4666666666666666,3.0,dinner,0.0,0,0,1,0,1,0
U04882,Hyderabad,budget,Italian|Continental|North Indian,260.05,7,1.6,veg,2025-08-25,0.0,1.0,lunch,0.0,1,0,0,1,0,0
U04883,Hyderabad,budget,Biryani|North Indian|Desserts|Continental,125.54,5,20.7,non-veg,2025-07-20,0.5,2.0,breakfast,0.0,1,0,0,0,1,0
U04884,Bangalore,budget,Italian|Desserts|Street Food|Continental,290.37,7,12.8,veg,2024-10-14,0.20833333333333331,2.0,breakfast,0.0,1,0,0,1,0,0
U04885,Bangalore,budget,Desserts|Continental|Street Food|Italian,100.0,9,3.3,non-veg,2025-11-09,0.1,2.0,breakfast,0.0,1,0,0,0,1,0
U04886,Bangalore,budget,Biryani|Desserts,103.7,7,1.6,both,2025-05-26,0.42857142857142855,1.0,late_night,1.0,1,0,0,0,0,1
U04887,Mumbai,premium,North Indian|Chinese,822.98,3,24.0,non-veg,2025-09-18,0.5750000000000001,3.0,lunch,0.3333333333333333,0,1,0,0,1,0
U04888,Delhi,premium,Italian|Fast Food|North Indian|Beverages,598.13,7,4.4,both,2025-06-28,0.3,0.0,,0.3,0,1,0,0,0,1
U04889,Pune,occasional,Desserts|Street Food|Italian,383.56,2,30.8,both,2024-11-22,0.3333333333333333,1.0,dinner,0.0,0,0,1,0,0,1
U04890,Hyderabad,occasional,Continental|North Indian|South Indian,454.49,2,48.3,veg,2024-09-29,0.3,0.0,,0.3,0,0,1,1,0,0
U04891,Kolkata,budget,Continental|South Indian|Biryani,395.8,10,0.0,non-veg,2025-08-27,0.3333333333333333,1.0,late_night,1.0,1,0,0,0,1,0
U04892,Pune,budget,Fast Food|Desserts|South Indian,271.2,5,24.8,non-veg,2025-04-22,0.24206349206349206,3.0,lunch,0.6666666666666666,1,0,0,0,1,0
U04893,Mumbai,premium,Continental|Chinese,753.31,3,9.2,both,2025-06-25,0.42857142857142855,1.0,breakfast,0.0,0,1,0,0,0,1
U04894,Delhi,premium,South Indian|Beverages|Fast Food,365.96,2,0.8,veg,2024-12-19,0.3,0.0,,0.3,0,1,0,1,0,0
U04895,Mumbai,budget,Fast Food|Chinese|Desserts,377.89,9,19.7,veg,2025-12-05,0.16666666666666666,1.0,dinner,0.0,1,0,0,1,0,0
U04896,Bangalore,occasional,Desserts|Italian|Beverages|Continental,427.92,2,41.3,non-veg,2025-09-18,0.0,1.0,lunch,1.0,0,0,1,0,1,0
U04897,Hyderabad,budget,South Indian|Biryani,425.49,3,1.0,veg,2024-04-09,0.3,0.0,,0.3,1,0,0,1,0,0
U04898,Hyderabad,budget,Biryani|Continental|Chinese|Street Food,293.47,5,31.5,non-veg,2025-07-24,0.5714285714285714,1.0,dinner,0.0,1,0,0,0,1,0
U04899,Hyderabad,budget,Beverages|Desserts|Fast Food|Street Food,254.57,9,0.6,non-veg,2025-10-25,0.37777777777777777,3.0,breakfast,0.0,1,0,0,0,1,0
U04900,Mumbai,budget,North Indian|Continental|Italian|Desserts,258.76,9,2.7,non-veg,2024-07-16,0.3,0.0,,0.3,1,0,0,0,1,0
U04901,Mumbai,premium,Chinese|Biryani,655.64,7,10.4,both,2025-02-10,0.75,1.0,late_night,0.0,0,1,0,0,0,1
U04902,Bangalore,budget,Italian|Fast Food|Street Food|Biryani,204.52,14,8.1,non-veg,2025-05-11,0.26666666666666666,2.0,dinner,1.0,1,0,0,0,1,0
U04903,Chennai,occasional,Beverages|Chinese|Street Food,359.68,2,61.9,both,2024-07-30,0.4464285714285714,4.0,late_night,0.0,0,0,1,0,0,1
U04904,Chennai,budget,Continental|North Indian,286.74,6,2.8,both,2025-03-26,0.25,1.0,breakfast,0.0,1,0,0,0,0,1
U04905,Hyderabad,occasional,Italian|South Indian,255.38,2,0.7,non-veg,2025-05-14,0.3333333333333333,1.0,breakfast,1.0,0,0,1,0,1,0
U04906,Mumbai,budget,Desserts|South Indian|Biryani,264.84,4,19.4,veg,2024-09-21,0.42857142857142855,1.0,dinner,0.0,1,0,0,1,0,0
U04907,Mumbai,premium,Italian|Chinese|Biryani|North Indian,920.56,2,28.0,non-veg,2025-10-02,0.41111111111111115,3.0,breakfast,0.0,0,1,0,0,1,0
U04908,Mumbai,occasional,Continental|Beverages|Street Food|Fast Food,179.4,3,34.2,veg,2025-03-09,0.39880952380952384,4.0,lunch,0.25,0,0,1,1,0,0
U04909,Delhi,premium,Chinese|North Indian,586.63,6,2.3,non-veg,2025-04-06,0.5793650793650794,3.0,dinner,0.0,0,1,0,0,1,0
U04910,Bangalore,budget,Biryani|Fast Food|Italian|Beverages,342.23,3,4.4,both,2024-09-07,0.27321428571428574,4.0,lunch,0.5,1,0,0,0,0,1
U04911,Pune,budget,Desserts|South Indian|Italian,275.66,2,4.3,non-veg,2025-12-05,0.08333333333333333,2.0,breakfast,0.0,1,0,0,0,1,0
U04912,Pune,premium,Biryani|Street Food|North Indian|Beverages,780.75,3,5.5,veg,2025-10-17,0.6785714285714286,2.0,breakfast,1.0,0,1,0,1,0,0
U04913,Pune,occasional,Street Food|Beverages|Italian|North Indian,436.5,1,7.5,veg,2025-03-14,0.3,0.0,,0.3,0,0,1,1,0,0
U04914,Delhi,occasional,South Indian|Biryani|Continental|North Indian,250.51,2,6.3,both,2025-05-16,0.4,1.0,lunch,0.0,0,0,1,0,0,1
U04915,Delhi,premium,Beverages|Street Food|Desserts,535.97,2,5.7,both,2025-08-06,0.49603174603174605,3.0,breakfast,0.6666666666666666,0,1,0,0,0,1
U04916,Pune,budget,North Indian|Beverages,216.41,10,14.2,both,2024-07-15,0.24285714285714285,2.0,late_night,0.5,1,0,0,0,0,1
U04917,Bangalore,occasional,Beverages|South Indian|North Indian|Fast Food,402.42,0,9.8,veg,2024-03-11,0.5666666666666667,2.0,breakfast,0.0,0,0,1,1,0,0
U04918,Hyderabad,budget,Street Food|Biryani|Desserts|Chinese,258.19,7,12.5,both,2025-09-18,0.21428571428571427,2.0,dinner,0.0,1,0,0,0,0,1
U04919,Mumbai,occasional,North Indian|Desserts|Continental,584.07,1,7.3,non-veg,2025-09-03,0.3,0.0,,0.3,0,0,1,0,1,0
U04920,Kolkata,occasional,Continental|Italian|Street Food,314.07,2,12.6,non-veg,2025-11-15,0.35,2.0,dinner,0.0,0,0,1,0,1,0
U04921,Mumbai,budget,Chinese|Italian|North Indian,115.08,4,11.8,both,2024-12-10,0.3055555555555555,3.0,lunch,0.0,1,0,0,0,0,1
U04922,Bangalore,budget,Chinese|Italian,186.01,5,13.1,non-veg,2025-12-03,0.0,1.0,late_night,1.0,1,0,0,0,1,0
U04923,Delhi,budget,Desserts|Biryani|Street Food|Beverages,250.27,9,3.5,both,2026-01-08,0.25,1.0,dinner,0.0,1,0,0,0,0,1
U04924,Pune,premium,Chinese|Continental|Fast Food,510.61,6,5.0,non-veg,2025-10-22,0.41547619047619044,4.0,breakfast,0.0,0,1,0,0,1,0
U04925,Bangalore,occasional,Chinese|North Indian|Desserts,710.37,4,7.1,non-veg,2024-12-05,0.14285714285714285,1.0,dinner,1.0,0,0,1,0,1,0
U04926,Hyderabad,budget,South Indian|Biryani,131.77,7,5.4,both,2025-11-11,0.2,1.0,dinner,0.0,1,0,0,0,0,1
U04927,Mumbai,budget,Continental|Chinese|North Indian,231.89,8,3.1,non-veg,2025-10-22,0.35,2.0,breakfast,1.0,1,0,0,0,1,0
U04928,Kolkata,occasional,Desserts|Italian|Street Food,360.17,2,9.5,veg,2024-08-14,0.0,1.0,lunch,0.0,0,0,1,1,0,0
U04929,Delhi,premium,Chinese|Continental,515.38,6,0.5,both,2025-04-18,0.6,1.0,dinner,1.0,0,1,0,0,0,1
U04930,Bangalore,occasional,Biryani|Italian,503.19,2,11.5,veg,2024-06-05,0.37333333333333335,5.0,breakfast,0.6,0,0,1,1,0,0
U04931,Delhi,budget,Chinese|North Indian,281.95,9,9.1,veg,2025-01-11,0.18333333333333335,4.0,lunch,0.5,1,0,0,1,0,0
U04932,Hyderabad,premium,North Indian|South Indian,665.07,8,11.1,both,2024-03-19,0.5476190476190476,2.0,breakfast,0.0,0,1,0,0,0,1
U04933,Pune,occasional,North Indian|South Indian|Street Food|Desserts,361.25,1,2.8,non-veg,2025-06-29,0.2,1.0,breakfast,1.0,0,0,1,0,1,0
U04934,Mumbai,occasional,Fast Food|Italian|Street Food|Continental,451.32,3,2.5,veg,2025-10-16,0.375,2.0,breakfast,0.0,0,0,1,1,0,0
U04935,Delhi,premium,Chinese|Biryani,751.99,6,5.7,non-veg,2025-07-26,0.7000000000000001,3.0,breakfast,0.0,0,1,0,0,1,0
U04936,Chennai,budget,South Indian|Italian|Chinese,100.0,13,6.9,non-veg,2025-05-23,0.4017857142857143,4.0,lunch,0.25,1,0,0,0,1,0
U04937,Pune,occasional,Fast Food|Biryani|Desserts|Street Food,433.96,1,18.4,non-veg,2025-04-12,0.41666666666666663,4.0,breakfast,0.5,0,0,1,0,1,0
U04938,Mumbai,occasional,Italian|Fast Food,331.72,2,4.8,both,2025-07-21,0.3,0.0,,0.3,0,0,1,0,0,1
U04939,Chennai,budget,Fast Food|Continental|Beverages,210.11,6,2.6,non-veg,2024-11-15,0.125,2.0,dinner,0.0,1,0,0,0,1,0
U04940,Kolkata,budget,Chinese|Fast Food,263.9,10,14.9,both,2024-06-09,0.0,1.0,lunch,1.0,1,0,0,0,0,1
U04941,Chennai,occasional,Desserts|Italian|Fast Food,419.52,1,11.1,non-veg,2025-08-02,0.5555555555555555,3.0,dinner,0.6666666666666666,0,0,1,0,1,0
U04942,Pune,budget,Continental|Biryani,157.58,5,13.7,veg,2025-05-19,0.3253968253968254,3.0,breakfast,0.0,1,0,0,1,0,0
U04943,Hyderabad,premium,Beverages|Italian|Fast Food,754.12,1,34.4,both,2024-03-21,0.6916666666666667,4.0,breakfast,0.25,0,1,0,0,0,1
U04944,Chennai,budget,Biryani|Chinese|Beverages|Desserts,278.3,7,0.7,non-veg,2025-06-04,0.4,1.0,dinner,1.0,1,0,0,0,1,0
U04945,Mumbai,budget,South Indian|Biryani|Chinese,238.58,10,4.0,non-veg,2024-12-31,0.75,1.0,snack,1.0,1,0,0,0,1,0
U04946,Hyderabad,premium,Biryani|South Indian|Fast Food,791.25,5,10.5,non-veg,2024-09-15,0.7142857142857142,5.0,dinner,0.2,0,1,0,0,1,0
U04947,Kolkata,budget,Chinese|Biryani|Italian,406.9,5,27.4,veg,2024-04-13,0.4666666666666667,2.0,breakfast,0.0,1,0,0,1,0,0
U04948,Chennai,budget,Continental|Desserts,177.39,8,7.7,non-veg,2024-11-27,0.47916666666666663,4.0,dinner,0.25,1,0,0,0,1,0
U04949,Mumbai,budget,Fast Food|Beverages,255.81,11,23.7,both,2025-01-14,0.16666666666666666,2.0,snack,0.5,1,0,0,0,0,1
U04950,Delhi,budget,Desserts|Biryani,293.37,8,0.1,veg,2025-08-17,0.25,2.0,breakfast,0.0,1,0,0,1,0,0
U04951,Mumbai,premium,Fast Food|Desserts|Street Food,570.76,1,22.0,veg,2025-03-08,0.7222222222222223,3.0,dinner,0.3333333333333333,0,1,0,1,0,0
U04952,Pune,budget,Biryani|Italian,241.06,8,5.5,veg,2024-07-02,0.225,2.0,late_night,0.0,1,0,0,1,0,0
U04953,Chennai,budget,Desserts|Chinese|Biryani|Beverages,264.75,12,15.0,both,2025-05-17,0.5833333333333334,4.0,dinner,0.25,1,0,0,0,0,1
U04954,Delhi,budget,Italian|Desserts|Beverages,237.89,5,12.5,veg,2024-05-31,0.4357142857142857,4.0,dinner,0.25,1,0,0,1,0,0
U04955,Delhi,budget,South Indian|Biryani|Beverages,162.76,10,6.6,both,2025-11-05,0.3523809523809524,3.0,dinner,1.0,1,0,0,0,0,1
U04956,Delhi,premium,Beverages|Desserts|Italian|Biryani,620.23,8,7.9,both,2024-04-27,0.14285714285714285,1.0,dinner,0.0,0,1,0,0,0,1
U04957,Chennai,budget,Biryani|Fast Food,231.17,4,14.3,non-veg,2025-06-24,0.5380952380952381,3.0,breakfast,0.6666666666666666,1,0,0,0,1,0
U04958,Pune,occasional,Desserts|Street Food|Biryani,450.87,1,1.1,non-veg,2024-09-02,0.4666666666666667,2.0,late_night,0.0,0,0,1,0,1,0
U04959,Pune,budget,Italian|North Indian|Desserts,207.04,6,4.8,both,2025-10-16,0.27142857142857146,2.0,dinner,0.0,1,0,0,0,0,1
U04960,Hyderabad,occasional,Street Food|Chinese|Fast Food|Beverages,156.22,2,22.0,both,2024-10-03,0.3,0.0,,0.3,0,0,1,0,0,1
U04961,Chennai,budget,Italian|Street Food|South Indian|Continental,298.63,10,19.6,non-veg,2025-10-21,0.35555555555555557,3.0,dinner,0.0,1,0,0,0,1,0
U04962,Mumbai,budget,Street Food|South Indian,285.0,11,7.2,both,2025-10-16,0.11825396825396826,6.0,dinner,0.5,1,0,0,0,0,1
U04963,Hyderabad,premium,Italian|Beverages|South Indian|North Indian,549.3,2,0.3,non-veg,2025-05-22,0.7142857142857143,1.0,breakfast,1.0,0,1,0,0,1,0
U04964,Bangalore,budget,Italian|Beverages|Chinese,389.66,14,10.0,non-veg,2025-01-04,0.3833333333333333,2.0,dinner,0.0,1,0,0,0,1,0
U04965,Bangalore,occasional,Chinese|North Indian|South Indian,362.56,1,0.7,non-veg,2025-04-22,0.8333333333333334,1.0,dinner,1.0,0,0,1,0,1,0
U04966,Chennai,occasional,Desserts|Beverages|North Indian|Fast Food,457.89,2,1.1,both,2025-09-06,0.42857142857142855,1.0,late_night,0.0,0,0,1,0,0,1
U04967,Hyderabad,premium,Fast Food|Italian|South Indian|Beverages,814.6,5,3.5,both,2025-09-24,1.0,1.0,lunch,0.0,0,1,0,0,0,1
U04968,Mumbai,budget,Italian|Fast Food|Beverages,313.54,5,9.2,both,2024-12-17,0.4,1.0,late_night,1.0,1,0,0,0,0,1
U04969,Delhi,budget,Fast Food|Chinese|Street Food,193.34,7,10.4,both,2024-12-26,0.25,2.0,dinner,0.0,1,0,0,0,0,1
U04970,Kolkata,budget,Fast Food|Biryani|Desserts|South Indian,325.22,5,21.3,veg,2025-07-16,0.24642857142857144,4.0,lunch,0.5,1,0,0,1,0,0
U04971,Chennai,occasional,Beverages|Chinese,220.84,2,0.9,non-veg,2024-06-07,0.36111111111111116,3.0,dinner,0.3333333333333333,0,0,1,0,1,0
U04972,Kolkata,budget,Fast Food|North Indian|Italian|Beverages,343.42,5,17.7,non-veg,2024-06-20,0.38095238095238093,3.0,lunch,0.3333333333333333,1,0,0,0,1,0
U04973,Mumbai,budget,South Indian|Continental|Chinese|Biryani,307.78,10,3.7,both,2024-11-30,0.29166666666666663,2.0,late_night,0.5,1,0,0,0,0,1
U04974,Pune,occasional,Fast Food|Beverages|South Indian,372.99,1,6.6,veg,2024-05-02,0.3571428571428571,2.0,lunch,0.0,0,0,1,1,0,0
U04975,Hyderabad,premium,North Indian|Desserts|Italian,659.7,2,33.7,both,2025-06-18,0.5674603174603174,3.0,dinner,0.3333333333333333,0,1,0,0,0,1
U04976,Mumbai,budget,Continental|South Indian,272.66,9,5.7,non-veg,2025-12-25,0.25357142857142856,6.0,dinner,0.3333333333333333,1,0,0,0,1,0
U04977,Bangalore,budget,South Indian|Chinese|Biryani,181.44,7,1.9,veg,2024-06-22,0.5,1.0,snack,0.0,1,0,0,1,0,0
U04978,Bangalore,occasional,Desserts|Italian,416.43,1,0.4,non-veg,2024-06-25,0.5,1.0,breakfast,0.0,0,0,1,0,1,0
U04979,Chennai,premium,Continental|North Indian|South Indian,586.71,4,14.6,both,2025-07-12,0.4,1.0,breakfast,0.0,0,1,0,0,0,1
U04980,Delhi,budget,Fast Food|Continental,355.3,7,0.7,non-veg,2025-06-21,0.16666666666666666,2.0,dinner,0.5,1,0,0,0,1,0
U04981,Hyderabad,budget,Desserts|Beverages|Italian|Biryani,251.2,8,10.9,both,2025-04-22,0.42857142857142855,1.0,snack,0.0,1,0,0,0,0,1
U04982,Chennai,occasional,Fast Food|North Indian,195.93,2,0.6,non-veg,2024-06-30,0.25,1.0,late_night,0.0,0,0,1,0,1,0
U04983,Chennai,occasional,Fast Food|South Indian|North Indian|Beverages,278.02,1,8.9,veg,2024-11-09,0.2583333333333333,4.0,breakfast,0.75,0,0,1,1,0,0
U04984,Hyderabad,budget,Italian|North Indian|South Indian|Chinese,337.53,8,1.7,veg,2024-07-19,0.3,0.0,,0.3,1,0,0,1,0,0
U04985,Bangalore,budget,Desserts|North Indian,171.36,10,7.1,veg,2025-04-13,0.2,1.0,dinner,0.0,1,0,0,1,0,0
U04986,Chennai,budget,Continental|South Indian|North Indian|Beverages,283.04,6,1.1,veg,2025-03-14,0.2888888888888889,3.0,breakfast,0.0,1,0,0,1,0,0
U04987,Pune,premium,North Indian|Chinese,255.14,2,4.7,both,2024-08-03,0.6066666666666667,5.0,breakfast,0.0,0,1,0,0,0,1
U04988,Chennai,premium,Desserts|South Indian|Continental,576.85,6,1.4,non-veg,2024-07-19,0.6412698412698413,6.0,dinner,0.16666666666666666,0,1,0,0,1,0
U04989,Bangalore,premium,South Indian|North Indian|Italian|Chinese,812.07,3,2.6,non-veg,2025-09-02,0.875,2.0,breakfast,0.0,0,1,0,0,1,0
U04990,Bangalore,occasional,Fast Food|Street Food,538.68,3,8.2,veg,2025-02-24,0.5,1.0,dinner,0.0,0,0,1,1,0,0
U04991,Mumbai,premium,Fast Food|Chinese|North Indian|South Indian,885.33,2,20.4,veg,2025-03-07,0.575,4.0,dinner,0.25,0,1,0,1,0,0
U04992,Delhi,occasional,Desserts|North Indian,521.33,1,1.6,non-veg,2024-09-25,0.14285714285714285,1.0,lunch,0.0,0,0,1,0,1,0
U04993,Chennai,occasional,South Indian|Beverages|Continental|Street Food,589.65,2,1.6,veg,2024-07-20,0.5,1.0,snack,0.0,0,0,1,1,0,0
U04994,Hyderabad,budget,South Indian|Biryani,322.25,6,0.7,veg,2024-09-22,0.14285714285714285,2.0,breakfast,1.0,1,0,0,1,0,0
U04995,Bangalore,premium,South Indian|Beverages|Continental|Street Food,725.06,6,3.5,non-veg,2025-09-11,0.3,0.0,,0.3,0,1,0,0,1,0
U04996,Kolkata,budget,South Indian|Fast Food|North Indian|Continental,232.9,11,55.7,veg,2025-03-23,0.5,1.0,dinner,0.0,1,0,0,1,0,0
U04997,Hyderabad,occasional,North Indian|Chinese|South Indian|Street Food,502.61,2,6.2,non-veg,2025-10-25,0.3,0.0,,0.3,0,0,1,0,1,0
U04998,Bangalore,premium,Street Food|Beverages,771.74,3,26.8,veg,2024-04-20,0.5238095238095238,2.0,breakfast,0.0,0,1,0,1,0,0
U04999,Mumbai,occasional,Chinese|Beverages|South Indian,716.12,3,1.4,veg,2024-05-15,0.33888888888888885,6.0,dinner,0.3333333333333333,0,0,1,1,0,0
U05000,Delhi,occasional,Beverages|Street Food|Biryani,423.25,2,7.5,both,2024-09-12,0.25,1.0,snack,0.0,0,0,1,0,0,1
